metadata_version,metadata_file,fingerprint_width,feature_selection_method,hamming_cluster_count,ngram_size,min_block_frequency,max_block_frequency,table_name,column_name,bit_index,ngram,ngrams,alias_count,block_presence_count,total_block_count,block_frequency
0,block_infix_fingerprint_v000.json,8,local_split_entropy_equivalence_classes,154,4,0.0,0.1,title,title,0, '10,"["" '10""]",1,15,155,0.0967741935483871
0,block_infix_fingerprint_v000.json,8,local_split_entropy_equivalence_classes,154,4,0.0,0.1,title,title,1, 10/,"["" 10/""]",1,15,155,0.0967741935483871
0,block_infix_fingerprint_v000.json,8,local_split_entropy_equivalence_classes,154,4,0.0,0.1,title,title,2, 320,"["" 320""]",1,15,155,0.0967741935483871
0,block_infix_fingerprint_v000.json,8,local_split_entropy_equivalence_classes,154,4,0.0,0.1,title,title,3, faj,"["" faj""]",1,15,155,0.0967741935483871
0,block_infix_fingerprint_v000.json,8,local_split_entropy_equivalence_classes,154,4,0.0,0.1,title,title,4,amwe,"[""amwe""]",1,15,155,0.0967741935483871
0,block_infix_fingerprint_v000.json,8,local_split_entropy_equivalence_classes,154,4,0.0,0.1,title,title,5,"afe,","[""afe,""]",1,15,155,0.0967741935483871
0,block_infix_fingerprint_v000.json,8,local_split_entropy_equivalence_classes,154,4,0.0,0.1,title,title,6,ildy,"[""ildy""]",1,14,155,0.09032258064516129
0,block_infix_fingerprint_v000.json,8,local_split_entropy_equivalence_classes,154,4,0.0,0.1,title,title,7,rke',"[""rke'""]",1,15,155,0.0967741935483871
1,block_infix_fingerprint_v001.json,16,local_split_entropy_equivalence_classes,154,4,0.0,0.1,title,title,0, '10,"["" '10""]",1,15,155,0.0967741935483871
1,block_infix_fingerprint_v001.json,16,local_split_entropy_equivalence_classes,154,4,0.0,0.1,title,title,1, 10/,"["" 10/""]",1,15,155,0.0967741935483871
1,block_infix_fingerprint_v001.json,16,local_split_entropy_equivalence_classes,154,4,0.0,0.1,title,title,2, 320,"["" 320""]",1,15,155,0.0967741935483871
1,block_infix_fingerprint_v001.json,16,local_split_entropy_equivalence_classes,154,4,0.0,0.1,title,title,3, faj,"["" faj""]",1,15,155,0.0967741935483871
1,block_infix_fingerprint_v001.json,16,local_split_entropy_equivalence_classes,154,4,0.0,0.1,title,title,4,amwe,"[""amwe""]",1,15,155,0.0967741935483871
1,block_infix_fingerprint_v001.json,16,local_split_entropy_equivalence_classes,154,4,0.0,0.1,title,title,5,"afe,","[""afe,""]",1,15,155,0.0967741935483871
1,block_infix_fingerprint_v001.json,16,local_split_entropy_equivalence_classes,154,4,0.0,0.1,title,title,6,ildy,"[""ildy""]",1,14,155,0.09032258064516129
1,block_infix_fingerprint_v001.json,16,local_split_entropy_equivalence_classes,154,4,0.0,0.1,title,title,7,rke',"[""rke'""]",1,15,155,0.0967741935483871
1,block_infix_fingerprint_v001.json,16,local_split_entropy_equivalence_classes,154,4,0.0,0.1,title,title,8, 7 a,"["" 7 a""]",1,13,155,0.08387096774193549
1,block_infix_fingerprint_v001.json,16,local_split_entropy_equivalence_classes,154,4,0.0,0.1,title,title,9,glun,"[""glun""]",1,14,155,0.09032258064516129
1,block_infix_fingerprint_v001.json,16,local_split_entropy_equivalence_classes,154,4,0.0,0.1,title,title,10,lijm,"[""lijm""]",1,12,155,0.07741935483870968
1,block_infix_fingerprint_v001.json,16,local_split_entropy_equivalence_classes,154,4,0.0,0.1,title,title,11, 287,"["" 287""]",1,10,155,0.06451612903225806
1,block_infix_fingerprint_v001.json,16,local_split_entropy_equivalence_classes,154,4,0.0,0.1,title,title,12,00 u,"[""00 u""]",1,15,155,0.0967741935483871
1,block_infix_fingerprint_v001.json,16,local_split_entropy_equivalence_classes,154,4,0.0,0.1,title,title,13,...k,"[""...k""]",1,13,155,0.08387096774193549
1,block_infix_fingerprint_v001.json,16,local_split_entropy_equivalence_classes,154,4,0.0,0.1,title,title,14,?! t,"[""?! t""]",1,14,155,0.09032258064516129
1,block_infix_fingerprint_v001.json,16,local_split_entropy_equivalence_classes,154,4,0.0,0.1,title,title,15,cozi,"[""cozi""]",1,15,155,0.0967741935483871
2,block_infix_fingerprint_v002.json,32,local_split_entropy_equivalence_classes,154,4,0.0,0.1,title,title,0, '10,"["" '10""]",1,15,155,0.0967741935483871
2,block_infix_fingerprint_v002.json,32,local_split_entropy_equivalence_classes,154,4,0.0,0.1,title,title,1, 10/,"["" 10/""]",1,15,155,0.0967741935483871
2,block_infix_fingerprint_v002.json,32,local_split_entropy_equivalence_classes,154,4,0.0,0.1,title,title,2, 320,"["" 320""]",1,15,155,0.0967741935483871
2,block_infix_fingerprint_v002.json,32,local_split_entropy_equivalence_classes,154,4,0.0,0.1,title,title,3, faj,"["" faj""]",1,15,155,0.0967741935483871
2,block_infix_fingerprint_v002.json,32,local_split_entropy_equivalence_classes,154,4,0.0,0.1,title,title,4,amwe,"[""amwe""]",1,15,155,0.0967741935483871
2,block_infix_fingerprint_v002.json,32,local_split_entropy_equivalence_classes,154,4,0.0,0.1,title,title,5,"afe,","[""afe,""]",1,15,155,0.0967741935483871
2,block_infix_fingerprint_v002.json,32,local_split_entropy_equivalence_classes,154,4,0.0,0.1,title,title,6,ildy,"[""ildy""]",1,14,155,0.09032258064516129
2,block_infix_fingerprint_v002.json,32,local_split_entropy_equivalence_classes,154,4,0.0,0.1,title,title,7,rke',"[""rke'""]",1,15,155,0.0967741935483871
2,block_infix_fingerprint_v002.json,32,local_split_entropy_equivalence_classes,154,4,0.0,0.1,title,title,8, 7 a,"["" 7 a""]",1,13,155,0.08387096774193549
2,block_infix_fingerprint_v002.json,32,local_split_entropy_equivalence_classes,154,4,0.0,0.1,title,title,9,glun,"[""glun""]",1,14,155,0.09032258064516129
2,block_infix_fingerprint_v002.json,32,local_split_entropy_equivalence_classes,154,4,0.0,0.1,title,title,10,lijm,"[""lijm""]",1,12,155,0.07741935483870968
2,block_infix_fingerprint_v002.json,32,local_split_entropy_equivalence_classes,154,4,0.0,0.1,title,title,11, 287,"["" 287""]",1,10,155,0.06451612903225806
2,block_infix_fingerprint_v002.json,32,local_split_entropy_equivalence_classes,154,4,0.0,0.1,title,title,12,00 u,"[""00 u""]",1,15,155,0.0967741935483871
2,block_infix_fingerprint_v002.json,32,local_split_entropy_equivalence_classes,154,4,0.0,0.1,title,title,13,...k,"[""...k""]",1,13,155,0.08387096774193549
2,block_infix_fingerprint_v002.json,32,local_split_entropy_equivalence_classes,154,4,0.0,0.1,title,title,14,?! t,"[""?! t""]",1,14,155,0.09032258064516129
2,block_infix_fingerprint_v002.json,32,local_split_entropy_equivalence_classes,154,4,0.0,0.1,title,title,15,cozi,"[""cozi""]",1,15,155,0.0967741935483871
2,block_infix_fingerprint_v002.json,32,local_split_entropy_equivalence_classes,154,4,0.0,0.1,title,title,16,eh' ,"[""eh' ""]",1,12,155,0.07741935483870968
2,block_infix_fingerprint_v002.json,32,local_split_entropy_equivalence_classes,154,4,0.0,0.1,title,title,17,o/lo,"[""o/lo""]",1,13,155,0.08387096774193549
2,block_infix_fingerprint_v002.json,32,local_split_entropy_equivalence_classes,154,4,0.0,0.1,title,title,18, $40,"["" $40""]",1,14,155,0.09032258064516129
2,block_infix_fingerprint_v002.json,32,local_split_entropy_equivalence_classes,154,4,0.0,0.1,title,title,19, adn,"["" adn""]",1,14,155,0.09032258064516129
2,block_infix_fingerprint_v002.json,32,local_split_entropy_equivalence_classes,154,4,0.0,0.1,title,title,20, eom,"["" eom""]",1,12,155,0.07741935483870968
2,block_infix_fingerprint_v002.json,32,local_split_entropy_equivalence_classes,154,4,0.0,0.1,title,title,21, (ce,"["" (ce""]",1,8,155,0.05161290322580645
2,block_infix_fingerprint_v002.json,32,local_split_entropy_equivalence_classes,154,4,0.0,0.1,title,title,22, + f,"["" + f""]",1,11,155,0.07096774193548387
2,block_infix_fingerprint_v002.json,32,local_split_entropy_equivalence_classes,154,4,0.0,0.1,title,title,23, caw,"["" caw""]",1,7,155,0.04516129032258064
2,block_infix_fingerprint_v002.json,32,local_split_entropy_equivalence_classes,154,4,0.0,0.1,title,title,24,-jam,"[""-jam""]",1,13,155,0.08387096774193549
2,block_infix_fingerprint_v002.json,32,local_split_entropy_equivalence_classes,154,4,0.0,0.1,title,title,25, 'mu,"["" 'mu""]",1,13,155,0.08387096774193549
2,block_infix_fingerprint_v002.json,32,local_split_entropy_equivalence_classes,154,4,0.0,0.1,title,title,26, (my,"["" (my""]",1,13,155,0.08387096774193549
2,block_infix_fingerprint_v002.json,32,local_split_entropy_equivalence_classes,154,4,0.0,0.1,title,title,27, - 8,"["" - 8""]",1,14,155,0.09032258064516129
2,block_infix_fingerprint_v002.json,32,local_split_entropy_equivalence_classes,154,4,0.0,0.1,title,title,28," ""st","["" \""st""]",1,5,155,0.03225806451612903
2,block_infix_fingerprint_v002.json,32,local_split_entropy_equivalence_classes,154,4,0.0,0.1,title,title,29, #4 ,"["" #4 ""]",1,12,155,0.07741935483870968
2,block_infix_fingerprint_v002.json,32,local_split_entropy_equivalence_classes,154,4,0.0,0.1,title,title,30, '82,"["" '82""]",1,11,155,0.07096774193548387
2,block_infix_fingerprint_v002.json,32,local_split_entropy_equivalence_classes,154,4,0.0,0.1,title,title,31, 'at,"["" 'at""]",1,13,155,0.08387096774193549
3,block_infix_fingerprint_v003.json,64,local_split_entropy_equivalence_classes,154,4,0.0,0.1,title,title,0, '10,"["" '10""]",1,15,155,0.0967741935483871
3,block_infix_fingerprint_v003.json,64,local_split_entropy_equivalence_classes,154,4,0.0,0.1,title,title,1, 10/,"["" 10/""]",1,15,155,0.0967741935483871
3,block_infix_fingerprint_v003.json,64,local_split_entropy_equivalence_classes,154,4,0.0,0.1,title,title,2, 320,"["" 320""]",1,15,155,0.0967741935483871
3,block_infix_fingerprint_v003.json,64,local_split_entropy_equivalence_classes,154,4,0.0,0.1,title,title,3, faj,"["" faj""]",1,15,155,0.0967741935483871
3,block_infix_fingerprint_v003.json,64,local_split_entropy_equivalence_classes,154,4,0.0,0.1,title,title,4,amwe,"[""amwe""]",1,15,155,0.0967741935483871
3,block_infix_fingerprint_v003.json,64,local_split_entropy_equivalence_classes,154,4,0.0,0.1,title,title,5,"afe,","[""afe,""]",1,15,155,0.0967741935483871
3,block_infix_fingerprint_v003.json,64,local_split_entropy_equivalence_classes,154,4,0.0,0.1,title,title,6,ildy,"[""ildy""]",1,14,155,0.09032258064516129
3,block_infix_fingerprint_v003.json,64,local_split_entropy_equivalence_classes,154,4,0.0,0.1,title,title,7,rke',"[""rke'""]",1,15,155,0.0967741935483871
3,block_infix_fingerprint_v003.json,64,local_split_entropy_equivalence_classes,154,4,0.0,0.1,title,title,8, 7 a,"["" 7 a""]",1,13,155,0.08387096774193549
3,block_infix_fingerprint_v003.json,64,local_split_entropy_equivalence_classes,154,4,0.0,0.1,title,title,9,glun,"[""glun""]",1,14,155,0.09032258064516129
3,block_infix_fingerprint_v003.json,64,local_split_entropy_equivalence_classes,154,4,0.0,0.1,title,title,10,lijm,"[""lijm""]",1,12,155,0.07741935483870968
3,block_infix_fingerprint_v003.json,64,local_split_entropy_equivalence_classes,154,4,0.0,0.1,title,title,11, 287,"["" 287""]",1,10,155,0.06451612903225806
3,block_infix_fingerprint_v003.json,64,local_split_entropy_equivalence_classes,154,4,0.0,0.1,title,title,12,00 u,"[""00 u""]",1,15,155,0.0967741935483871
3,block_infix_fingerprint_v003.json,64,local_split_entropy_equivalence_classes,154,4,0.0,0.1,title,title,13,...k,"[""...k""]",1,13,155,0.08387096774193549
3,block_infix_fingerprint_v003.json,64,local_split_entropy_equivalence_classes,154,4,0.0,0.1,title,title,14,?! t,"[""?! t""]",1,14,155,0.09032258064516129
3,block_infix_fingerprint_v003.json,64,local_split_entropy_equivalence_classes,154,4,0.0,0.1,title,title,15,cozi,"[""cozi""]",1,15,155,0.0967741935483871
3,block_infix_fingerprint_v003.json,64,local_split_entropy_equivalence_classes,154,4,0.0,0.1,title,title,16,eh' ,"[""eh' ""]",1,12,155,0.07741935483870968
3,block_infix_fingerprint_v003.json,64,local_split_entropy_equivalence_classes,154,4,0.0,0.1,title,title,17,o/lo,"[""o/lo""]",1,13,155,0.08387096774193549
3,block_infix_fingerprint_v003.json,64,local_split_entropy_equivalence_classes,154,4,0.0,0.1,title,title,18, $40,"["" $40""]",1,14,155,0.09032258064516129
3,block_infix_fingerprint_v003.json,64,local_split_entropy_equivalence_classes,154,4,0.0,0.1,title,title,19, adn,"["" adn""]",1,14,155,0.09032258064516129
3,block_infix_fingerprint_v003.json,64,local_split_entropy_equivalence_classes,154,4,0.0,0.1,title,title,20, eom,"["" eom""]",1,12,155,0.07741935483870968
3,block_infix_fingerprint_v003.json,64,local_split_entropy_equivalence_classes,154,4,0.0,0.1,title,title,21, (ce,"["" (ce""]",1,8,155,0.05161290322580645
3,block_infix_fingerprint_v003.json,64,local_split_entropy_equivalence_classes,154,4,0.0,0.1,title,title,22, + f,"["" + f""]",1,11,155,0.07096774193548387
3,block_infix_fingerprint_v003.json,64,local_split_entropy_equivalence_classes,154,4,0.0,0.1,title,title,23, caw,"["" caw""]",1,7,155,0.04516129032258064
3,block_infix_fingerprint_v003.json,64,local_split_entropy_equivalence_classes,154,4,0.0,0.1,title,title,24,-jam,"[""-jam""]",1,13,155,0.08387096774193549
3,block_infix_fingerprint_v003.json,64,local_split_entropy_equivalence_classes,154,4,0.0,0.1,title,title,25, 'mu,"["" 'mu""]",1,13,155,0.08387096774193549
3,block_infix_fingerprint_v003.json,64,local_split_entropy_equivalence_classes,154,4,0.0,0.1,title,title,26, (my,"["" (my""]",1,13,155,0.08387096774193549
3,block_infix_fingerprint_v003.json,64,local_split_entropy_equivalence_classes,154,4,0.0,0.1,title,title,27, - 8,"["" - 8""]",1,14,155,0.09032258064516129
3,block_infix_fingerprint_v003.json,64,local_split_entropy_equivalence_classes,154,4,0.0,0.1,title,title,28," ""st","["" \""st""]",1,5,155,0.03225806451612903
3,block_infix_fingerprint_v003.json,64,local_split_entropy_equivalence_classes,154,4,0.0,0.1,title,title,29, #4 ,"["" #4 ""]",1,12,155,0.07741935483870968
3,block_infix_fingerprint_v003.json,64,local_split_entropy_equivalence_classes,154,4,0.0,0.1,title,title,30, '82,"["" '82""]",1,11,155,0.07096774193548387
3,block_infix_fingerprint_v003.json,64,local_split_entropy_equivalence_classes,154,4,0.0,0.1,title,title,31, 'at,"["" 'at""]",1,13,155,0.08387096774193549
3,block_infix_fingerprint_v003.json,64,local_split_entropy_equivalence_classes,154,4,0.0,0.1,title,title,32, (2/,"["" (2/""]",1,12,155,0.07741935483870968
3,block_infix_fingerprint_v003.json,64,local_split_entropy_equivalence_classes,154,4,0.0,0.1,title,title,33, 003,"["" 003""]",1,9,155,0.05806451612903226
3,block_infix_fingerprint_v003.json,64,local_split_entropy_equivalence_classes,154,4,0.0,0.1,title,title,34, 009,"["" 009""]",1,14,155,0.09032258064516129
3,block_infix_fingerprint_v003.json,64,local_split_entropy_equivalence_classes,154,4,0.0,0.1,title,title,35, 01/,"["" 01/""]",1,5,155,0.03225806451612903
3,block_infix_fingerprint_v003.json,64,local_split_entropy_equivalence_classes,154,4,0.0,0.1,title,title,36," ""th","["" \""th""]",1,14,155,0.09032258064516129
3,block_infix_fingerprint_v003.json,64,local_split_entropy_equivalence_classes,154,4,0.0,0.1,title,title,37, #60,"["" #60""]",1,10,155,0.06451612903225806
3,block_infix_fingerprint_v003.json,64,local_split_entropy_equivalence_classes,154,4,0.0,0.1,title,title,38, (a),"["" (a)""]",1,8,155,0.05161290322580645
3,block_infix_fingerprint_v003.json,64,local_split_entropy_equivalence_classes,154,4,0.0,0.1,title,title,39, (ap,"["" (ap""]",1,13,155,0.08387096774193549
3,block_infix_fingerprint_v003.json,64,local_split_entropy_equivalence_classes,154,4,0.0,0.1,title,title,40," ""sp","["" \""sp"", ""tux ""]",2,2,155,0.012903225806451613
3,block_infix_fingerprint_v003.json,64,local_split_entropy_equivalence_classes,154,4,0.0,0.1,title,title,41, #40,"["" #40""]",1,13,155,0.08387096774193549
3,block_infix_fingerprint_v003.json,64,local_split_entropy_equivalence_classes,154,4,0.0,0.1,title,title,42, #5 ,"["" #5 ""]",1,11,155,0.07096774193548387
3,block_infix_fingerprint_v003.json,64,local_split_entropy_equivalence_classes,154,4,0.0,0.1,title,title,43, #56,"["" #56""]",1,8,155,0.05161290322580645
3,block_infix_fingerprint_v003.json,64,local_split_entropy_equivalence_classes,154,4,0.0,0.1,title,title,44, '12,"["" '12""]",1,10,155,0.06451612903225806
3,block_infix_fingerprint_v003.json,64,local_split_entropy_equivalence_classes,154,4,0.0,0.1,title,title,45, '30,"["" '30""]",1,7,155,0.04516129032258064
3,block_infix_fingerprint_v003.json,64,local_split_entropy_equivalence_classes,154,4,0.0,0.1,title,title,46, 'gh,"["" 'gh""]",1,10,155,0.06451612903225806
3,block_infix_fingerprint_v003.json,64,local_split_entropy_equivalence_classes,154,4,0.0,0.1,title,title,47, #$*,"["" #$*"", ""db s"", ""mo!:"", ""sol/""]",4,2,155,0.012903225806451613
3,block_infix_fingerprint_v003.json,64,local_split_entropy_equivalence_classes,154,4,0.0,0.1,title,title,48, #00,"["" #00""]",1,14,155,0.09032258064516129
3,block_infix_fingerprint_v003.json,64,local_split_entropy_equivalence_classes,154,4,0.0,0.1,title,title,49, #01,"["" #01""]",1,8,155,0.05161290322580645
3,block_infix_fingerprint_v003.json,64,local_split_entropy_equivalence_classes,154,4,0.0,0.1,title,title,50, #1-,"["" #1-""]",1,10,155,0.06451612903225806
3,block_infix_fingerprint_v003.json,64,local_split_entropy_equivalence_classes,154,4,0.0,0.1,title,title,51, #32,"["" #32""]",1,13,155,0.08387096774193549
3,block_infix_fingerprint_v003.json,64,local_split_entropy_equivalence_classes,154,4,0.0,0.1,title,title,52, #4),"["" #4)""]",1,3,155,0.01935483870967742
3,block_infix_fingerprint_v003.json,64,local_split_entropy_equivalence_classes,154,4,0.0,0.1,title,title,53, #44,"["" #44""]",1,12,155,0.07741935483870968
3,block_infix_fingerprint_v003.json,64,local_split_entropy_equivalence_classes,154,4,0.0,0.1,title,title,54, #46,"["" #46""]",1,12,155,0.07741935483870968
3,block_infix_fingerprint_v003.json,64,local_split_entropy_equivalence_classes,154,4,0.0,0.1,title,title,55, #47,"["" #47""]",1,12,155,0.07741935483870968
3,block_infix_fingerprint_v003.json,64,local_split_entropy_equivalence_classes,154,4,0.0,0.1,title,title,56, #6 ,"["" #6 ""]",1,7,155,0.04516129032258064
3,block_infix_fingerprint_v003.json,64,local_split_entropy_equivalence_classes,154,4,0.0,0.1,title,title,57, #65,"["" #65""]",1,8,155,0.05161290322580645
3,block_infix_fingerprint_v003.json,64,local_split_entropy_equivalence_classes,154,4,0.0,0.1,title,title,58, $we,"["" $we"", ""ayk "", ""lga?"", ""nutj"", ""s $w"", ""utjo""]",6,2,155,0.012903225806451613
3,block_infix_fingerprint_v003.json,64,local_split_entropy_equivalence_classes,154,4,0.0,0.1,title,title,59, '24,"["" '24""]",1,7,155,0.04516129032258064
3,block_infix_fingerprint_v003.json,64,local_split_entropy_equivalence_classes,154,4,0.0,0.1,title,title,60, '73,"["" '73""]",1,9,155,0.05806451612903226
3,block_infix_fingerprint_v003.json,64,local_split_entropy_equivalence_classes,154,4,0.0,0.1,title,title,61, 'd',"["" 'd'""]",1,14,155,0.09032258064516129
3,block_infix_fingerprint_v003.json,64,local_split_entropy_equivalence_classes,154,4,0.0,0.1,title,title,62, 'e ,"["" 'e ""]",1,11,155,0.07096774193548387
3,block_infix_fingerprint_v003.json,64,local_split_entropy_equivalence_classes,154,4,0.0,0.1,title,title,63, 'gi,"["" 'gi""]",1,12,155,0.07741935483870968
4,block_infix_fingerprint_v004.json,128,local_split_entropy_equivalence_classes,154,4,0.0,0.1,title,title,0, '10,"["" '10""]",1,15,155,0.0967741935483871
4,block_infix_fingerprint_v004.json,128,local_split_entropy_equivalence_classes,154,4,0.0,0.1,title,title,1, 10/,"["" 10/""]",1,15,155,0.0967741935483871
4,block_infix_fingerprint_v004.json,128,local_split_entropy_equivalence_classes,154,4,0.0,0.1,title,title,2, 320,"["" 320""]",1,15,155,0.0967741935483871
4,block_infix_fingerprint_v004.json,128,local_split_entropy_equivalence_classes,154,4,0.0,0.1,title,title,3, faj,"["" faj""]",1,15,155,0.0967741935483871
4,block_infix_fingerprint_v004.json,128,local_split_entropy_equivalence_classes,154,4,0.0,0.1,title,title,4,amwe,"[""amwe""]",1,15,155,0.0967741935483871
4,block_infix_fingerprint_v004.json,128,local_split_entropy_equivalence_classes,154,4,0.0,0.1,title,title,5,"afe,","[""afe,""]",1,15,155,0.0967741935483871
4,block_infix_fingerprint_v004.json,128,local_split_entropy_equivalence_classes,154,4,0.0,0.1,title,title,6,ildy,"[""ildy""]",1,14,155,0.09032258064516129
4,block_infix_fingerprint_v004.json,128,local_split_entropy_equivalence_classes,154,4,0.0,0.1,title,title,7,rke',"[""rke'""]",1,15,155,0.0967741935483871
4,block_infix_fingerprint_v004.json,128,local_split_entropy_equivalence_classes,154,4,0.0,0.1,title,title,8, 7 a,"["" 7 a""]",1,13,155,0.08387096774193549
4,block_infix_fingerprint_v004.json,128,local_split_entropy_equivalence_classes,154,4,0.0,0.1,title,title,9,glun,"[""glun""]",1,14,155,0.09032258064516129
4,block_infix_fingerprint_v004.json,128,local_split_entropy_equivalence_classes,154,4,0.0,0.1,title,title,10,lijm,"[""lijm""]",1,12,155,0.07741935483870968
4,block_infix_fingerprint_v004.json,128,local_split_entropy_equivalence_classes,154,4,0.0,0.1,title,title,11, 287,"["" 287""]",1,10,155,0.06451612903225806
4,block_infix_fingerprint_v004.json,128,local_split_entropy_equivalence_classes,154,4,0.0,0.1,title,title,12,00 u,"[""00 u""]",1,15,155,0.0967741935483871
4,block_infix_fingerprint_v004.json,128,local_split_entropy_equivalence_classes,154,4,0.0,0.1,title,title,13,...k,"[""...k""]",1,13,155,0.08387096774193549
4,block_infix_fingerprint_v004.json,128,local_split_entropy_equivalence_classes,154,4,0.0,0.1,title,title,14,?! t,"[""?! t""]",1,14,155,0.09032258064516129
4,block_infix_fingerprint_v004.json,128,local_split_entropy_equivalence_classes,154,4,0.0,0.1,title,title,15,cozi,"[""cozi""]",1,15,155,0.0967741935483871
4,block_infix_fingerprint_v004.json,128,local_split_entropy_equivalence_classes,154,4,0.0,0.1,title,title,16,eh' ,"[""eh' ""]",1,12,155,0.07741935483870968
4,block_infix_fingerprint_v004.json,128,local_split_entropy_equivalence_classes,154,4,0.0,0.1,title,title,17,o/lo,"[""o/lo""]",1,13,155,0.08387096774193549
4,block_infix_fingerprint_v004.json,128,local_split_entropy_equivalence_classes,154,4,0.0,0.1,title,title,18, $40,"["" $40""]",1,14,155,0.09032258064516129
4,block_infix_fingerprint_v004.json,128,local_split_entropy_equivalence_classes,154,4,0.0,0.1,title,title,19, adn,"["" adn""]",1,14,155,0.09032258064516129
4,block_infix_fingerprint_v004.json,128,local_split_entropy_equivalence_classes,154,4,0.0,0.1,title,title,20, eom,"["" eom""]",1,12,155,0.07741935483870968
4,block_infix_fingerprint_v004.json,128,local_split_entropy_equivalence_classes,154,4,0.0,0.1,title,title,21, (ce,"["" (ce""]",1,8,155,0.05161290322580645
4,block_infix_fingerprint_v004.json,128,local_split_entropy_equivalence_classes,154,4,0.0,0.1,title,title,22, + f,"["" + f""]",1,11,155,0.07096774193548387
4,block_infix_fingerprint_v004.json,128,local_split_entropy_equivalence_classes,154,4,0.0,0.1,title,title,23, caw,"["" caw""]",1,7,155,0.04516129032258064
4,block_infix_fingerprint_v004.json,128,local_split_entropy_equivalence_classes,154,4,0.0,0.1,title,title,24,-jam,"[""-jam""]",1,13,155,0.08387096774193549
4,block_infix_fingerprint_v004.json,128,local_split_entropy_equivalence_classes,154,4,0.0,0.1,title,title,25, 'mu,"["" 'mu""]",1,13,155,0.08387096774193549
4,block_infix_fingerprint_v004.json,128,local_split_entropy_equivalence_classes,154,4,0.0,0.1,title,title,26, (my,"["" (my""]",1,13,155,0.08387096774193549
4,block_infix_fingerprint_v004.json,128,local_split_entropy_equivalence_classes,154,4,0.0,0.1,title,title,27, - 8,"["" - 8""]",1,14,155,0.09032258064516129
4,block_infix_fingerprint_v004.json,128,local_split_entropy_equivalence_classes,154,4,0.0,0.1,title,title,28," ""st","["" \""st""]",1,5,155,0.03225806451612903
4,block_infix_fingerprint_v004.json,128,local_split_entropy_equivalence_classes,154,4,0.0,0.1,title,title,29, #4 ,"["" #4 ""]",1,12,155,0.07741935483870968
4,block_infix_fingerprint_v004.json,128,local_split_entropy_equivalence_classes,154,4,0.0,0.1,title,title,30, '82,"["" '82""]",1,11,155,0.07096774193548387
4,block_infix_fingerprint_v004.json,128,local_split_entropy_equivalence_classes,154,4,0.0,0.1,title,title,31, 'at,"["" 'at""]",1,13,155,0.08387096774193549
4,block_infix_fingerprint_v004.json,128,local_split_entropy_equivalence_classes,154,4,0.0,0.1,title,title,32, (2/,"["" (2/""]",1,12,155,0.07741935483870968
4,block_infix_fingerprint_v004.json,128,local_split_entropy_equivalence_classes,154,4,0.0,0.1,title,title,33, 003,"["" 003""]",1,9,155,0.05806451612903226
4,block_infix_fingerprint_v004.json,128,local_split_entropy_equivalence_classes,154,4,0.0,0.1,title,title,34, 009,"["" 009""]",1,14,155,0.09032258064516129
4,block_infix_fingerprint_v004.json,128,local_split_entropy_equivalence_classes,154,4,0.0,0.1,title,title,35, 01/,"["" 01/""]",1,5,155,0.03225806451612903
4,block_infix_fingerprint_v004.json,128,local_split_entropy_equivalence_classes,154,4,0.0,0.1,title,title,36," ""th","["" \""th""]",1,14,155,0.09032258064516129
4,block_infix_fingerprint_v004.json,128,local_split_entropy_equivalence_classes,154,4,0.0,0.1,title,title,37, #60,"["" #60""]",1,10,155,0.06451612903225806
4,block_infix_fingerprint_v004.json,128,local_split_entropy_equivalence_classes,154,4,0.0,0.1,title,title,38, (a),"["" (a)""]",1,8,155,0.05161290322580645
4,block_infix_fingerprint_v004.json,128,local_split_entropy_equivalence_classes,154,4,0.0,0.1,title,title,39, (ap,"["" (ap""]",1,13,155,0.08387096774193549
4,block_infix_fingerprint_v004.json,128,local_split_entropy_equivalence_classes,154,4,0.0,0.1,title,title,40," ""sp","["" \""sp"", ""tux ""]",2,2,155,0.012903225806451613
4,block_infix_fingerprint_v004.json,128,local_split_entropy_equivalence_classes,154,4,0.0,0.1,title,title,41, #40,"["" #40""]",1,13,155,0.08387096774193549
4,block_infix_fingerprint_v004.json,128,local_split_entropy_equivalence_classes,154,4,0.0,0.1,title,title,42, #5 ,"["" #5 ""]",1,11,155,0.07096774193548387
4,block_infix_fingerprint_v004.json,128,local_split_entropy_equivalence_classes,154,4,0.0,0.1,title,title,43, #56,"["" #56""]",1,8,155,0.05161290322580645
4,block_infix_fingerprint_v004.json,128,local_split_entropy_equivalence_classes,154,4,0.0,0.1,title,title,44, '12,"["" '12""]",1,10,155,0.06451612903225806
4,block_infix_fingerprint_v004.json,128,local_split_entropy_equivalence_classes,154,4,0.0,0.1,title,title,45, '30,"["" '30""]",1,7,155,0.04516129032258064
4,block_infix_fingerprint_v004.json,128,local_split_entropy_equivalence_classes,154,4,0.0,0.1,title,title,46, 'gh,"["" 'gh""]",1,10,155,0.06451612903225806
4,block_infix_fingerprint_v004.json,128,local_split_entropy_equivalence_classes,154,4,0.0,0.1,title,title,47, #$*,"["" #$*"", ""db s"", ""mo!:"", ""sol/""]",4,2,155,0.012903225806451613
4,block_infix_fingerprint_v004.json,128,local_split_entropy_equivalence_classes,154,4,0.0,0.1,title,title,48, #00,"["" #00""]",1,14,155,0.09032258064516129
4,block_infix_fingerprint_v004.json,128,local_split_entropy_equivalence_classes,154,4,0.0,0.1,title,title,49, #01,"["" #01""]",1,8,155,0.05161290322580645
4,block_infix_fingerprint_v004.json,128,local_split_entropy_equivalence_classes,154,4,0.0,0.1,title,title,50, #1-,"["" #1-""]",1,10,155,0.06451612903225806
4,block_infix_fingerprint_v004.json,128,local_split_entropy_equivalence_classes,154,4,0.0,0.1,title,title,51, #32,"["" #32""]",1,13,155,0.08387096774193549
4,block_infix_fingerprint_v004.json,128,local_split_entropy_equivalence_classes,154,4,0.0,0.1,title,title,52, #4),"["" #4)""]",1,3,155,0.01935483870967742
4,block_infix_fingerprint_v004.json,128,local_split_entropy_equivalence_classes,154,4,0.0,0.1,title,title,53, #44,"["" #44""]",1,12,155,0.07741935483870968
4,block_infix_fingerprint_v004.json,128,local_split_entropy_equivalence_classes,154,4,0.0,0.1,title,title,54, #46,"["" #46""]",1,12,155,0.07741935483870968
4,block_infix_fingerprint_v004.json,128,local_split_entropy_equivalence_classes,154,4,0.0,0.1,title,title,55, #47,"["" #47""]",1,12,155,0.07741935483870968
4,block_infix_fingerprint_v004.json,128,local_split_entropy_equivalence_classes,154,4,0.0,0.1,title,title,56, #6 ,"["" #6 ""]",1,7,155,0.04516129032258064
4,block_infix_fingerprint_v004.json,128,local_split_entropy_equivalence_classes,154,4,0.0,0.1,title,title,57, #65,"["" #65""]",1,8,155,0.05161290322580645
4,block_infix_fingerprint_v004.json,128,local_split_entropy_equivalence_classes,154,4,0.0,0.1,title,title,58, $we,"["" $we"", ""ayk "", ""lga?"", ""nutj"", ""s $w"", ""utjo""]",6,2,155,0.012903225806451613
4,block_infix_fingerprint_v004.json,128,local_split_entropy_equivalence_classes,154,4,0.0,0.1,title,title,59, '24,"["" '24""]",1,7,155,0.04516129032258064
4,block_infix_fingerprint_v004.json,128,local_split_entropy_equivalence_classes,154,4,0.0,0.1,title,title,60, '73,"["" '73""]",1,9,155,0.05806451612903226
4,block_infix_fingerprint_v004.json,128,local_split_entropy_equivalence_classes,154,4,0.0,0.1,title,title,61, 'd',"["" 'd'""]",1,14,155,0.09032258064516129
4,block_infix_fingerprint_v004.json,128,local_split_entropy_equivalence_classes,154,4,0.0,0.1,title,title,62, 'e ,"["" 'e ""]",1,11,155,0.07096774193548387
4,block_infix_fingerprint_v004.json,128,local_split_entropy_equivalence_classes,154,4,0.0,0.1,title,title,63, 'gi,"["" 'gi""]",1,12,155,0.07741935483870968
4,block_infix_fingerprint_v004.json,128,local_split_entropy_equivalence_classes,154,4,0.0,0.1,title,title,64, 'ic,"["" 'ic""]",1,11,155,0.07096774193548387
4,block_infix_fingerprint_v004.json,128,local_split_entropy_equivalence_classes,154,4,0.0,0.1,title,title,65,  sy,"[""  sy"", ""#112"", ""g e-"", ""hun)"", ""k! q"", ""lmob"", ""mfeb"", ""tzu/""]",8,2,155,0.012903225806451613
4,block_infix_fingerprint_v004.json,128,local_split_entropy_equivalence_classes,154,4,0.0,0.1,title,title,66, ! o,"["" ! o"", "" 'j'"", "" 8-j"", "" d/j"", "" edt"", "" f-l"", "" hdn"", "" jlo"", "" k11"", "" kt "", "" o.w"", "" qpr"", "" vj'"", "" x/l"", "" xps"", ""!/tv"", ""#fml"", ""$avi"", ""& '8"", ""& 'r"", ""' 4-"", ""'-re"", ""'fao"", ""'huc"", ""'j' "", ""(p.m"", ""(unl"", ""(x)i"", "")ist"", ""*n m"", ""--wh"", ""-08b"", ""-e/c"", ""-fek"", ""-l-p"", ""-ova"", ""./fo"", ""./li"", "".t.p"", "".w.l"", ""/'ps"", ""/1/2"", ""/c'm"", ""/ezr"", ""/foy"", ""/ibs"", ""/jls"", ""/lsu"", ""/unj"", ""/xti"", ""01's"", ""1's!"", ""1/ep"", ""100a"", ""101'"", ""101a"", ""103a"", ""103b"", ""106a"", ""109a"", ""115a"", ""118a"", ""122b"", ""124b"", ""135t"", ""2(x)"", ""210'"", ""251 "", ""2d h"", ""2xl/"", ""3th/"", ""4/05"", ""44 y"", ""5/1/"", ""500?"", ""78-t"", ""8-ju"", ""8th?"", ""= mu"", ""@ss "", ""a/ls"", ""a398"", ""actz"", ""art\"""", ""ba-3"", ""bad@"", ""bbq-"", ""bc &"", ""bdei"", ""bq-s"", ""c xm"", ""cc g"", ""ch $"", ""cki/"", ""cmun"", ""cne/"", ""cpap"", ""ctzo"", ""cyry"", ""d d*"", ""d! e"", ""d/jl"", ""d/xt"", ""d@ss"", ""dkim"", ""drri"", ""dz j"", ""e hd"", ""e k1"", ""e-t,"", ""e/ez"", ""e/ow"", ""ea/w"", ""ed/x"", ""elu'"", ""erp!"", ""ew !"", ""ex/y"", ""ey:p"", ""f jy"", ""f-ov"", ""f/of"", ""faol"", ""fc q"", ""fo'-"", ""fth/"", ""g/ey"", ""gg/j"", ""h $a"", ""h bd"", ""hev?"", ""himf"", ""hit?"", ""hmm "", ""hr/t"", ""hy-f"", ""i./f"", ""il/v"", ""imfe"", ""imvi"", ""iq l"", ""is!/"", ""iz/m"", ""j' f"", ""j-mo"", ""jicl"", ""jr/o"", ""jyne"", ""k d/"", ""k ib"", ""k' &"", ""k/'p"", ""kb b"", ""ky 5"", ""l ft"", ""l/ib"", ""l/ll"", ""l/os"", ""lfak"", ""lk' "", ""lozt"", ""lys."", ""m 6t"", ""mct "", ""mmsd"", ""my-m"", ""my.c"", ""n-z "", ""n140"", ""ngrw"", ""ni/r"", ""ns--"", ""nwc'"", ""o'-r"", ""owuk"", ""p 06"", ""pax!"", ""pocy"", ""q-st"", ""r-os"", ""r/om"", ""rdki"", ""rdu'"", ""rjic"", ""roz/"", ""rrfu"", ""rvy'"", ""rwif"", ""s x/"", ""s--w"", ""s-e/"", ""sal)"", ""sco?"", ""sef/"", ""sk-k"", ""t 5/"", ""t qp"", ""tapd"", ""tawm"", ""tei'"", ""towu"", ""u.o."", ""uadc"", ""ue/j"", ""ulux"", ""un14"", ""urhm"", ""us/1"", ""v if"", ""vj's"", ""vonv"", ""w ! "", ""w ug"", ""wc's"", ""wniu"", ""woah"", ""ww f"", ""wye:"", ""x bf"", ""x)is"", ""x/yo"", ""xber"", ""xl/o"", ""xon?"", ""xps/"", ""y 8t"", ""y hm"", ""y:pa"", ""yelc"", ""yfug"", ""yk/'"", ""yryx"", ""zik'"", ""zmop"", ""zyk/"", ""zzyn""]",236,1,155,0.0064516129032258064
4,block_infix_fingerprint_v004.json,128,local_split_entropy_equivalence_classes,154,4,0.0,0.1,title,title,67, !@#,"["" !@#"", "" 'ig"", "" -el"", "" 0 2"", "" 19d"", "" 32)"", "" 3dn"", "" 3so"", "" 40g"", "" 5-i"", "" 5-j"", "" 57)"", "" 5:2"", "" 70m"", "" 75!"", "" 8 8"", "" [oo"", "" b.g"", "" b.t"", "" bo,"", "" c4 "", "" dj-"", "" ea'"", "" eu)"", "" f'i"", "" fmi"", "" h i"", "" hma"", "" img"", "" msa"", "" ngw"", "" o10"", "" p-n"", "" p90"", "" pr'"", "" qvr"", "" scz"", "" t-e"", "" uaw"", "" uz."", "" vbs"", "" xv-"", "" z.k"", "" {pa"", ""! (j"", ""!@#$"", ""# 15"", ""#$%^"", ""#$in"", ""$ da"", ""$$'$"", ""$%^&"", ""$'$ "", ""$ing"", ""% 70"", ""%^&*"", ""&*!i"", ""&chl"", ""&dau"", ""'$ d"", ""'-ie"", ""'apc"", ""'kak"", ""'mib"", ""'no?"", ""'o a"", ""'sbu"", ""'wip"", ""'zah"", ""(4):"", ""(abu"", ""(d) "", ""(e a"", ""(hab"", ""(hyd"", ""(jon"", ""(nat"", ""(o u"", ""(sua"", "") i "", "") ve"", "", o-"", "",9 o"", ""-008"", ""-009"", ""-047"", ""-3 ("", ""-ail"", ""-bi,"", ""-dhi"", ""-fua"", ""-ig?"", ""-ii "", ""-iim"", ""-n b"", ""-ppe"", ""-se)"", ""-u-t"", ""-ume"", ""-vec"", ""-vya"", ""-weo"", ""-xvi"", "". '0"", "". gq"", "". h "", "". tn"", "".-ni"", "".2 4"", "".30."", "".fiv"", "".i-l"", "".i.-"", "".ted"", "".two"", "".z: "", ""/suf"", ""0 eo"", ""0% 7"", ""017 "", ""028:"", ""03 v"", ""057a"", ""0:28"", ""0:54"", ""0boy"", ""0gye"", ""1 'c"", ""1,55"", ""17,9"", ""19de"", ""1o a"", ""2 4x"", ""250b"", ""2:36"", ""2k10"", ""2k13"", ""2ohh"", ""2one"", ""3 (1"", ""3 km"", ""3-to"", ""33-2"", ""36am"", ""3dna"", ""3s f"", ""3s: "", ""40gy"", ""47, "", ""5-96"", ""5-ig"", ""50bo"", ""54,5"", ""57ad"", ""58:1"", ""5:22"", ""7 0 "", ""7 cu"", ""7, y"", ""7,9 "", ""70mm"", ""8 8 "", ""8) m"", ""8:17"", ""9 ku"", ""9 o1"", ""9 ob"", ""920!"", ""947,"", ""95-2"", ""95-9"", ""999?"", "": 5-"", "": rc"", "":17,"", "":36a"", "":54,"", "":fut"", ""; ru"", ""@ br"", ""@#$%"", ""@#$i"", ""[dis"", ""[ooc"", ""^&*!"", ""a&ch"", ""a) s"", ""a.z:"", ""aa ("", ""aazj"", ""ac(h"", ""aczc"", ""adi$"", ""ah; "", ""aiks"", ""ajpr"", ""ajsu"", ""ak #"", ""amnu"", ""anmm"", ""aoos"", ""aot?"", ""aseq"", ""at-y"", ""atjh"", ""augo"", ""aurn"", ""av-o"", ""avbr"", ""awza"", ""axhu"", ""ay40"", ""ayju"", ""aym "", ""azdg"", ""a~jo"", ""b 3'"", ""b hy"", ""b'on"", ""baey"", ""bfus"", ""bjal"", ""bk: "", ""bom'"", ""bown"", ""brii"", ""bslu"", ""c(hy"", ""c-at"", ""c-il"", ""c212"", ""c4 p"", ""c5: "", ""c[di"", ""ce !"", ""cef-"", ""chht"", ""cimd"", ""cneb"", ""czce"", ""czez"", ""d 3-"", ""d vb"", ""d-sy"", ""davb"", ""day4"", ""ddiv"", ""di$e"", ""dj-s"", ""do'a"", ""duvn"", ""duzo"", ""dwo."", ""dyah"", ""e !@"", ""e c4"", ""e p:"", ""e vk"", ""e'ho"", ""e-pp"", ""e.tw"", ""ec-i"", ""ed +"", ""ef 0"", ""ef-k"", ""egdj"", ""eghd"", ""egts"", ""ei!."", ""eilr"", ""eji,"", ""eji?"", ""ek '"", ""ekdy"", ""enyf"", ""eohu"", ""eosf"", ""er {"", ""erfc"", ""erm)"", ""ers&"", ""ervc"", ""erxo"", ""esml"", ""etns"", ""etoq"", ""etz-"", ""eusj"", ""ewdz"", ""exge"", ""ext2"", ""eyih"", ""ezhp"", ""ezi:"", ""e} s"", ""f 4t"", ""f 64"", ""f'in"", ""f@#$"", ""fay:"", ""fbus"", ""feei"", ""ffca"", ""figt"", ""fmil"", ""fos,"", ""fteo"", ""ftor"", ""fzil"", ""g cv"", ""g-or"", ""gak'"", ""gan;"", ""gga."", ""ggud"", ""ghi,"", ""gin("", ""gioo"", ""gna?"", ""goeh"", ""grex"", ""gthy"", ""gtri"", ""gyio"", ""h 66"", ""h p-"", ""h yy"", ""h'ol"", ""h. 4"", ""ha&c"", ""hah,"", ""hbaa"", ""hbii"", ""hdey"", ""hey;"", ""hhta"", ""himr"", ""hoap"", ""hof,"", ""hoi'"", ""hr- "", ""hrgi"", ""htuk"", ""huh,"", ""huk-"", ""hyah"", ""hybs"", ""i nk"", ""i'cl"", ""i-xv"", ""i.-n"", ""ibt!"", ""ie 0"", ""iekz"", ""iewd"", ""ifo)"", ""ig #"", ""iice"", ""iimb"", ""ilfb"", ""ilfz"", ""ilkt"", ""ilt)"", ""ilwi"", ""ing2"", ""ioe "", ""iqev"", ""ist]"", ""isye"", ""itj "", ""itls"", ""iu 1"", ""iv ("", ""ivso"", ""ivuc"", ""ivy!"", ""ivza"", ""ix-3"", ""iya~"", ""iyny"", ""izzn"", ""j lj"", ""j yo"", ""jots"", ""jozy"", ""jpre"", ""jsul"", ""jtot"", ""juaz"", ""kdil"", ""kel."", ""khbi"", ""kkym"", ""kluf"", ""km.6"", ""koc "", ""kod:"", ""kt- "", ""ktoa"", ""ktod"", ""kuac"", ""kumv"", ""kylu"", ""kzaa"", ""l 5-"", ""l'-i"", ""l-dh"", ""l.2 "", ""lacv"", ""lao,"", ""lbwi"", ""leiz"", ""lfbu"", ""lhoi"", ""ljod"", ""ll'-"", ""lmeh"", ""loiy"", ""lpa:"", ""lput"", ""lteo"", ""ly~t"", ""lzno"", ""m 4d"", ""m xm"", ""m'sb"", ""m.66"", ""masg"", ""maxh"", ""mbk:"", ""mc i"", ""mc5:"", ""mcci"", ""mcid"", ""mdi?"", ""mdoe"", ""mduk"", ""medc"", ""memr"", ""mexm"", ""mezs"", ""mfic"", ""mia-"", ""mivz"", ""mjit"", ""mjmw"", ""mk u"", ""mklo"", ""mkuz"", ""mni'"", ""moft"", ""mokp"", ""mom2"", ""momj"", ""mor("", ""moxo"", ""mpd "", ""mpix"", ""mr.i"", ""mra:"", ""msef"", ""mstk"", ""mtmo"", ""mu 3"", ""muax"", ""mugc"", ""muph"", ""muxe"", ""muyy"", ""muz)"", ""mxpw"", ""myct"", ""mzes"", ""n e3"", ""n p9"", ""n s&"", ""n'dj"", ""n'ka"", ""n'oa"", ""n-id"", ""n-ii"", ""n-od"", ""n.l."", ""n58:"", ""nabj"", ""nawz"", ""nayj"", ""nb -"", ""ncah"", ""ne2o"", ""nfa:"", ""nfft"", ""ngoy"", ""nixx"", ""nmma"", ""nno'"", ""nogn"", ""noou"", ""npt:"", ""npti"", ""nsb "", ""ntph"", ""numy"", ""nus)"", ""nuyr"", ""nx 2"", ""nx 3"", ""nxl "", ""o 4o"", ""o 5o"", ""o$$'"", ""o.fi"", ""o10:"", ""oab:"", ""oas,"", ""obfu"", ""oc 0"", ""ocik"", ""oda;"", ""oesb"", ""offc"", ""ogr:"", ""ohm:"", ""oi'c"", ""oiim"", ""oirl"", ""ojiv"", ""omji"", ""onkf"", ""onpt"", ""onuf"", ""ooan"", ""ooc]"", ""ooun"", ""oqee"", ""or(d"", ""os!)"", ""osc["", ""ose8"", ""oshw"", ""ot2:"", ""ovif"", ""ovsy"", ""owl."", ""ozfe"", ""p ua"", ""p-04"", ""p.1."", ""p903"", ""pab:"", ""pac("", ""pah;"", ""pamn"", ""paot"", ""papk"", ""pau:"", ""pauf"", ""pcaz"", ""pep:"", ""ph 1"", ""plao"", ""pnav"", ""pnun"", ""pptu"", ""pr' "", ""psec"", ""ptsy"", ""pym "", ""qvri"", ""r 56"", ""r mk"", ""r t'"", ""r {p"", ""r(d)"", ""r.i-"", ""r.te"", ""r3s:"", ""ragy"", ""rarw"", ""rav-"", ""re-z"", ""re} "", ""rfct"", ""ricz"", ""riic"", ""rluq"", ""rm) "", ""rmkl"", ""rn 9"", ""rojm"", ""rs&d"", ""rsu."", ""rt +"", ""rthg"", ""rvci"", ""rvje"", ""rxor"", ""ryz "", ""s [h"", ""s jm"", ""s&da"", ""s) n"", ""s.aa"", ""sb b"", ""sc[d"", ""scze"", ""sec-"", ""smlu"", ""snmo"", ""sopg"", ""sozr"", ""ss 0"", ""ss.a"", ""st:f"", ""stlf"", ""stsv"", ""su.c"", ""syem"", ""syrm"", ""syzi"", ""t -e"", ""t 5p"", ""t qv"", ""t-yi"", ""t:fu"", ""tapn"", ""tgau"", ""th?'"", ""tha&"", ""tidg"", ""tiey"", ""tj y"", ""tjae"", ""tjha"", ""tjoy"", ""tlfe"", ""tloy"", ""tlst"", ""tngi"", ""tni,"", ""toqe"", ""tv2:"", ""tzuv"", ""u 1,"", ""u 1o"", ""u l."", ""u yg"", ""uaw-"", ""uaxi"", ""uazn"", ""ujae"", ""uk-f"", ""ukhb"", ""uks'"", ""uksn"", ""ul 9"", ""uly~"", ""upnu"", ""upy!"", ""ure}"", ""usnm"", ""ut-g"", ""uti?"", ""uva!"", ""uvny"", ""uyrk"", ""uyyi"", ""uzez"", ""uzh)"", ""v (d"", ""v 1s"", ""v-xv"", ""v20:"", ""v2: "", ""vafy"", ""vai?"", ""vbru"", ""vchy"", ""veih"", ""vez)"", ""vi-x"", ""vidv"", ""vifu"", ""vkhe"", ""vlo:"", ""vmaj"", ""voas"", ""vp 2"", ""vrao"", ""vriv"", ""vsac"", ""vsop"", ""vyu,"", ""vza "", ""w-fo"", ""wie)"", ""wlus"", ""wo. "", ""wo.f"", ""wyto"", ""wzad"", ""x 4."", ""x-3 "", ""xges"", ""xi'n"", ""xivi"", ""xpx:"", ""xt21"", ""xtiz"", ""xv-x"", ""xvi-"", ""y 7)"", ""y 97"", ""y d-"", ""y f@"", ""y-vy"", ""y40:"", ""y; a"", ""yaay"", ""yalw"", ""yar!"", ""yauh"", ""yaun"", ""ya~j"", ""yc21"", ""ycii"", ""yd j"", ""ye-p"", ""yeuh"", ""yhno"", ""yihi"", ""yjud"", ""yluo"", ""ymiy"", ""yte?"", ""yyig"", ""yyun"", ""yzit"", ""y~ti"", ""z xp"", ""z zg"", ""z-eu"", ""zdge"", ""zek)"", ""zez-"", ""zfer"", ""zh -"", ""zh e"", ""zhpl"", ""zifu"", ""zil)"", ""zki:"", ""zod,"", ""zoir"", ""zom,"", ""zreu"", ""zukr"", ""zzre"", ""{pas"", ""} si"", ""~jou"", ""~tic""]",762,1,155,0.0064516129032258064
4,block_infix_fingerprint_v004.json,128,local_split_entropy_equivalence_classes,154,4,0.0,0.1,title,title,68," ""a ","["" \""a ""]",1,4,155,0.025806451612903226
4,block_infix_fingerprint_v004.json,128,local_split_entropy_equivalence_classes,154,4,0.0,0.1,title,title,69," ""al","["" \""al"", "" #3-"", "" $11"", "" (ij"", "" 2+3"", "" 33."", "" 4sc"", "" 61,"", "" 69."", "" 89."", "" 93."", "" c-t"", "" cbn"", "" ckh"", "" en)"", "" gax"", "" h.:"", "" j 3"", "" k/r"", "" l m"", "" lfn"", "" lms"", "" lsm"", "" ntz"", "" o(h"", "" omt"", "" q&q"", "" sds"", "" u/t"", "" z'h"", "" ~ k"", ""! fj"", ""! vm"", ""\""all"", ""#208"", ""#3-4"", ""#5/s"", ""$1.2"", ""$115"", ""$55 "", ""$: t"", ""% az"", ""% to"", ""'/'j"", ""'?: "", ""'beg"", ""'kri"", ""'m q"", ""'wre"", ""(cil"", ""(ede"", ""(huu"", ""(ijm"", ""(oud"", ""(rab"", ""(vee"", "") ky"", ""+4 -"", ""+4/n"", "", iy"", ""-82)"", ""-atc"", ""-cke"", ""-eta"", ""-ofe"", ""-pu-"", ""-u t"", ""-voo"", ""-yo-"", ""-zea"", ""-zo "", "". cd"", "". lf"", ""./ag"", ""./in"", ""./je"", "".5 u"", "".: 4"", "".g t"", "".j t"", "".mal"", "".ov."", "".z.a"", ""/'bu"", ""/'ja"", ""/'pr"", ""/'sp"", ""/70 "", ""/ag "", ""/bbc"", ""/dye"", ""/hez"", ""/jeo"", ""/moi"", ""/mpd"", ""/o'l"", ""/puu"", ""/raq"", ""/rza"", ""/suv"", ""/wyc"", ""0-be"", ""0. w"", ""0/fr"", ""006,"", ""018 "", ""0tan"", ""0x r"", ""1/co"", ""13-s"", ""15/a"", ""2+4 "", ""2-ba"", ""2.g "", ""2/su"", ""20/f"", ""20ta"", ""24ch"", ""2boy"", ""2coo"", ""2rsl"", ""3-99"", ""3-sa"", ""33/s"", ""37 h"", ""3sg:"", ""4-a2"", ""4.5 "", ""4/ni"", ""42/a"", ""4ch:"", ""4sch"", ""5 (2"", ""5 um"", ""5-72"", ""5/an"", ""5/st"", ""53 w"", ""55-7"", ""5i p"", ""6. i"", ""604 "", ""69-8"", ""70-l"", ""74 p"", ""74.5"", ""793-"", ""8 ve"", ""85 d"", ""89.0"", ""93-9"", ""94 o"", ""950:"", ""9am "", ""; ga"", ""?/dn"", ""?/fl"", ""?/op"", ""?/wy"", ""@ ai"", ""@ pr"", ""@get"", ""a 2+"", ""a x."", ""a.s:"", ""a201"", ""aal)"", ""adbc"", ""aehk"", ""af1 "", ""afhv"", ""ah-b"", ""aq/g"", ""arrd"", ""atn:"", ""ax-l"", ""b' u"", ""b.j "", ""b@ge"", ""bbqu"", ""bcok"", ""be/i"", ""bio?"", ""bn r"", ""bqui"", ""byg "", ""c (v"", ""c-be"", ""c-u "", ""c: $"", ""cadp"", ""cdu-"", ""ce'/"", ""cety"", ""ceze"", ""ck'/"", ""ckek"", ""conp"", ""ct/y"", ""cu q"", ""d kg"", ""d$: "", ""d-aj"", ""d/ze"", ""dat-"", ""dewu"", ""dmx,"", ""dr z"", ""dwez"", ""dyce"", ""e'/m"", ""e's/"", ""e/70"", ""e/l'"", ""e/ub"", ""e; g"", ""ea20"", ""eer$"", ""efew"", ""ehyg"", ""er'/"", ""erlr"", ""ev'd"", ""ew/b"", ""ewul"", ""ez/'"", ""f \""a"", ""f gb"", ""f z'"", ""f/as"", ""f/si"", ""f1 ("", ""fe/i"", ""fhv:"", ""fo/i"", ""fsri"", ""g $3"", ""g/dv"", ""g/u2"", ""gaii"", ""gaxx"", ""gb b"", ""gcso"", ""gg u"", ""gowy"", ""grul"", ""gul/"", ""h, '"", ""h/ab"", ""h/iv"", ""h/rz"", ""hact"", ""hi/c"", ""hlda"", ""hlsm"", ""hngg"", ""hos/"", ""hs-g"", ""huaw"", ""huhg"", ""hv: "", ""i-ck"", ""i/ii"", ""i/mp"", ""ia/v"", ""id$:"", ""iirk"", ""ijmu"", ""ik'?"", ""il/y"", ""ily\"""", ""ilzz"", ""im/y"", ""im?/"", ""in'r"", ""in/'"", ""irtv"", ""itpl"", ""iu/b"", ""iusb"", ""ivow"", ""iy's"", ""jmui"", ""k'/'"", ""k.t."", ""k: 8"", ""kce,"", ""kcud"", ""kife"", ""kku."", ""ko-l"", ""ktu:"", ""l.ov"", ""limc"", ""lm/m"", ""lm/v"", ""lso?"", ""ltef"", ""ltpe"", ""lve/"", ""lzze"", ""m 73"", ""m/o'"", ""m/yi"", ""m?/t"", ""mlio"", ""mm/o"", ""mpd/"", ""mugy"", ""n ls"", ""n nn"", ""n!/d"", ""n'?:"", ""n- b"", ""n/'b"", ""n/uf"", ""nbso"", ""nhy "", ""nnhy"", ""nozb"", ""nysc"", ""nz/i"", ""o ck"", ""o(h)"", ""oarz"", ""obco"", ""od/z"", ""of/c"", ""ofsg"", ""ohld"", ""ohyg"", ""opd-"", ""or',"", ""orcl"", ""os-4"", ""ougs"", ""ov.e"", ""oxaw"", ""p #7"", ""p106"", ""pa-h"", ""pai?"", ""pd z"", ""pd-l"", ""pd/v"", ""pekn"", ""pet?"", ""pfah"", ""polb"", ""q, j"", ""q/gu"", ""r n-"", ""r'/'"", ""r: ."", ""rac-"", ""ragc"", ""rck/"", ""rea2"", ""rgg "", ""rgh."", ""rgo?"", ""rgt?"", ""rhuu"", ""ril?"", ""rlao"", ""rlra"", ""rnbs"", ""rnke"", ""rnpo"", ""ro?/"", ""rolw"", ""rrde"", ""rrfi"", ""rrt,"", ""rslv"", ""ru/r"", ""rufl"", ""ruiw"", ""rukf"", ""s o("", ""s sd"", ""s./j"", ""s/dn"", ""s?/o"", ""sdsu"", ""sekc"", ""siy'"", ""sizw"", ""sk/c"", ""slvj"", ""snoz"", ""sytn"", ""syu,"", ""taed"", ""taeh"", ""td b"", ""tevk"", ""tiu/"", ""tne!"", ""toxa"", ""tvah"", ""txad"", ""tys/"", ""u dc"", ""u q&"", ""u?/f"", ""uawe"", ""ufe)"", ""ufsr"", ""ug-c"", ""ukfi"", ""uw ("", ""vaez"", ""ve/7"", ""w 'm"", ""w/bu"", ""wd/'"", ""wei/"", ""wek:"", ""wry:"", ""x u "", ""x-ay"", ""x-et"", ""xad:"", ""xawa"", ""xidr"", ""xn s"", ""xumz"", ""y 1d"", ""y cb"", ""y's-"", ""y-kl"", ""y/dy"", ""y/yi"", ""yggl"", ""yl/w"", ""yrdw"", ""yreq"", ""ys!/"", ""ytsp"", ""z q,"", ""z/'s"", ""z/im"", ""za-g"", ""zcan"", ""zeeg"", ""zlul"", ""zsok"", ""zuai"", ""zwe "", ""zzaf"", ""zzke"", ""zzov"", ""~ ke""]",454,1,155,0.0064516129032258064
4,block_infix_fingerprint_v004.json,128,local_split_entropy_equivalence_classes,154,4,0.0,0.1,title,title,70," ""am","["" \""am"", "" \""ho"", "" & $"", "" ' s"", "" 'n-"", "" dfw"", "" fkm"", "" fx-"", "" hsb"", "" j.g"", "" kns"", "" nch"", "" vrk"", "" xti"", "" yzm"", ""!/ap"", ""!/dr"", ""!/po"", ""\"" li"", ""\"" qu"", ""\""a l"", ""\""am "", ""\""how"", ""# wo"", ""& $1"", ""& 80"", ""&t g"", ""'/he"", ""'65-"", ""'n-w"", ""'ny "", ""(s.o"", ""*n s"", ""*s, "", "", fk"", "",403"", ""-'95"", ""-in."", ""-urd"", "". 1?"", "". g,"", ""., g"", "".---"", ""..--"", ""...-"", "".g.,"", "".t -"", "".tun"", ""/.50"", ""/50g"", ""/a.c"", ""/ahj"", ""/at&"", ""/eac"", ""/huf"", ""/iph"", ""/kud"", ""/ohl"", ""/sko"", ""/tj "", ""/ubi"", ""0! a"", ""0+ b"", ""00! "", ""0g m"", ""1 as"", ""1/mu"", ""100b"", ""106b"", ""109b"", ""110a"", ""112b"", ""113b"", ""115?"", ""117a"", ""120b"", ""125a"", ""18-m"", ""28/o"", ""29-a"", ""2ry7"", ""30s,"", ""3d &"", ""4 er"", ""459-"", ""4gol"", ""4x2r"", ""5-'9"", ""5-ap"", ""50g "", ""59-s"", ""65-'"", ""7 ze"", ""7, i"", ""713,"", ""75 1"", ""8/oc"", ""892k"", ""894x"", ""895k"", ""9-au"", ""9-si"", ""94x2"", "": 62"", ""?\"" q"", ""@tri"", ""[web"", ""a*s,"", ""a- p"", ""ahg "", ""ahiz"", ""aidt"", ""ak/."", ""al?\"""", ""ao/u"", ""ap'm"", ""aq m"", ""ash4"", ""ast("", ""auk/"", ""b/lu"", ""beea"", ""bniz"", ""botv"", ""c pt"", ""c/50"", ""casf"", ""cch,"", ""cgib"", ""ckns"", ""cnn'"", ""coxt"", ""ct/1"", ""d 'y"", ""d hq"", ""d) b"", ""d-ke"", ""dka'"", ""dryr"", ""e \""a"", ""e \""h"", ""e yz"", ""ee):"", ""eirt"", ""enk,"", ""epp/"", ""er ["", ""f/gu"", ""foe-"", ""fx-a"", ""g's?"", ""g.tu"", ""g2bk"", ""gfyr"", ""gh. "", ""gi/k"", ""glc?"", ""glof"", ""gyg2"", ""gyms"", ""h/dj"", ""h/i'"", ""h/od"", ""h/rh"", ""h4go"", ""hg #"", ""hgro"", ""hm e"", ""hrvo"", ""ic/5"", ""il/5"", ""ist\"""", ""j.g."", ""k/.5"", ""k/tj"", ""kns "", ""ko/g"", ""lah?"", ""lahg"", ""lc c"", ""lib?"", ""lsh,"", ""lth)"", ""m df"", ""m!/p"", ""mdri"", ""mgyg"", ""mib:"", ""mpca"", ""n) l"", ""n/a."", ""n2 s"", ""nao/"", ""ngfy"", ""nj r"", ""nk/y"", ""nnd,"", ""nnnd"", ""numd"", ""o'fr"", ""o/kr"", ""oct/"", ""oe-w"", ""ogh-"", ""ol/o"", ""omgy"", ""on'd"", ""ou?\"""", ""p'm?"", ""p/gr"", ""pcam"", ""pd's"", ""porh"", ""pp y"", ""pp/r"", ""psig"", ""qi i"", ""r [w"", ""ra- "", ""raf'"", ""ragf"", ""rb/l"", ""reg-"", ""rj's"", ""ry71"", ""s/ah"", ""s4 s"", ""sap/"", ""sh4g"", ""so/n"", ""squy"", ""sso/"", ""st\"" "", ""sy/o"", ""t x."", ""t\"" l"", ""t/us"", ""td x"", ""te \"""", ""tvrs"", ""u?\"" "", ""u?/r"", ""ud/p"", ""uk/a"", ""uts."", ""vig/"", ""vma'"", ""voot"", ""vrkl"", ""w 3-"", ""wagb"", ""wi v"", ""wk/t"", ""x. h"", ""x2ry"", ""xlei"", ""xs a"", ""y @t"", ""y z-"", ""y' k"", ""y/ir"", ""y713"", ""yg2b"", ""yhrv"", ""yko'"", ""ypd'"", ""z: \"""", ""zco/"", ""zcob"", ""zcow""]",270,1,155,0.0064516129032258064
4,block_infix_fingerprint_v004.json,128,local_split_entropy_equivalence_classes,154,4,0.0,0.1,title,title,71," ""ar","["" \""ar"", "" 'bf"", "" 'oo"", "" (2v"", "" -'r"", "" 1-s"", "" 9.e"", "" @ 5"", "" e63"", "" f43"", "" fcx"", "" gl "", "" i't"", "" js "", "" lhi"", "" lx "", "" m-c"", "" m80"", "" no4"", "" sc "", "" sx-"", "" u-m"", "" urx"", "" xl7"", "" z.a"", "" zl1"", ""! oc"", ""\""are"", ""%:n "", ""& fb"", ""& rj"", ""'nbu"", ""'oo'"", ""'rif"", ""'th "", ""'urs"", ""(2v2"", ""(loc"", ""(nai"", ""(rol"", ""(yog"", "")/di"", "")mem"", ""*a*v"", ""*v*e"", "", jb"", "",' l"", "",147"", "",279"", "",568"", ""- p3"", ""-'re"", ""-, i"", ""--, "", ""---,"", ""-124"", ""-4 s"", ""-64,"", ""-fiy"", ""-ke,"", ""-kje"", ""-m. "", ""-msh"", ""-phy"", ""-ror"", ""-srb"", ""-urg"", ""-vip"", "". wt"", "".-22"", "".a.j"", "".b.."", "".ko."", "".nov"", "".s.0"", "".suk"", "".tak"", ""/co2"", ""/edn"", ""/eld"", ""/ouc"", ""/pje"", ""/urt"", ""/v f"", ""/vou"", ""0%:n"", ""0/bu"", ""00%:"", ""06-b"", ""06-v"", ""07! "", ""0pm "", ""1-m."", ""147,"", ""279 "", ""2co3"", ""3s t"", ""4, y"", ""447:"", ""47,5"", ""5.dr"", ""568,"", ""6-vi"", ""64, "", ""68,2"", ""7! m"", ""7,56"", ""8,27"", ""848-"", ""8ter"", ""?. p"", ""?/af"", ""@ 5."", ""a g7"", ""a p3"", ""a!/d"", ""a*v*"", ""a.ko"", ""a/cs"", ""a64!"", ""a64?"", ""a? b"", ""aa/y"", ""abc3"", ""ae'd"", ""afok"", ""ag-m"", ""ai1 "", ""am?:"", ""ap)/"", ""appm"", ""arrl"", ""aru2"", ""avy."", ""axme"", ""ay :"", ""azi!"", ""b! m"", ""b-tv"", ""b.. "", ""bbef"", ""bg f"", ""biib"", ""blk."", ""bln1"", ""bwe,"", ""c*a*"", ""c/fa"", ""c/pj"", ""c3 h"", ""cgc "", ""ciit"", ""co'."", ""co3 "", ""cs-c"", ""csia"", ""cu-p"", ""cui-"", ""cx c"", ""cy!?"", ""d 9."", ""d g-"", ""d zm"", ""d-kj"", ""d-nu"", ""d24:"", ""dag-"", ""dai1"", ""dd-k"", ""ddjo"", ""dekb"", ""dj z"", ""dr.n"", ""dry-"", ""dtop"", ""dzot"", ""e u2"", ""e z."", ""e-sr"", ""e-tz"", ""e-ur"", ""e/td"", ""e63 "", ""edix"", ""eg-w"", ""evup"", ""f m8"", ""f430"", ""fae'"", ""faes"", ""fbot"", ""fcx "", ""fjaa"", ""fli,"", ""fob "", ""ftys"", ""fucs"", ""fum-"", ""g/v "", ""gc b"", ""geps"", ""ggi'"", ""ggte"", ""gkoy"", ""gl c"", ""goys"", ""gshj"", ""h -'"", ""h kw"", ""h!/e"", ""h, 4"", ""hdou"", ""hgov"", ""hh a"", ""hhn "", ""hmof"", ""htuy"", ""htv:"", ""huav"", ""i f4"", ""i k'"", ""i sx"", ""i'th"", ""i1 y"", ""i?/r"", ""ie.'"", ""ieo "", ""ikby"", ""ikhj"", ""ikks"", ""irk1"", ""is)m"", ""ito+"", ""ixau"", ""j z-"", ""j'ab"", ""ja.k"", ""ja/c"", ""jb b"", ""jb l"", ""jb w"", ""jezo"", ""jodj"", ""k-ol"", ""k13 "", ""k8te"", ""kapg"", ""kba "", ""kbyr"", ""keyd"", ""kiz."", ""kka."", ""kkso"", ""ko.j"", ""ko/v"", ""koz "", ""kszt"", ""kvli"", ""ky!)"", ""ky/u"", ""l cd"", ""laf/"", ""lfja"", ""lhiy"", ""ln11"", ""lvob"", ""lx 5"", ""m ms"", ""m'il"", ""maau"", ""mbln"", ""mdoo"", ""medm"", ""mhtv"", ""miic"", ""mli'"", ""mocs"", ""moe-"", ""msg,"", ""muvh"", ""mvs "", ""n jb"", ""n s7"", ""n'ah"", ""n11 "", ""n2 a"", ""n2 o"", ""nac/"", ""nd24"", ""ne'!"", ""no65"", ""no74"", ""no78"", ""no80"", ""no86"", ""no92"", ""no95"", ""no97"", ""nx/l"", ""o'n."", ""o.su"", ""o127"", ""o137"", ""o138"", ""o143"", ""o144"", ""o163"", ""o176"", ""o180"", ""o189"", ""o2 p"", ""o224"", ""o237"", ""o243"", ""o253"", ""o254"", ""o257"", ""o261"", ""o263"", ""o265"", ""o270"", ""o273"", ""o274"", ""o275"", ""o283"", ""o3 n"", ""oddj"", ""oga)"", ""ogh/"", ""oi?/"", ""okvl"", ""ooo-"", ""orl'"", ""ot 0"", ""otuc"", ""ov-1"", ""ovy!"", ""ow +"", ""p)/d"", ""p3 o"", ""pjol"", ""pn l"", ""pod,"", ""por!"", ""pun."", ""pypl"", ""r j'"", ""r.no"", ""rahh"", ""rd-n"", ""re?\"""", ""rk13"", ""rkjo"", ""rky?"", ""rmca"", ""ru)!"", ""ru21"", ""rxen"", ""ry-r"", ""s lx"", ""s q'"", ""s'nb"", ""s'on"", ""s)me"", ""s-aa"", ""s.03"", ""s/td"", ""sc 5"", ""scgc"", ""se @"", ""se,'"", ""sg, "", ""sk8t"", ""sm/k"", ""spyp"", ""ss- "", ""su \"""", ""suak"", ""suv/"", ""sx-4"", ""t b:"", ""t-64"", ""t.-2"", ""takc"", ""td m"", ""teof"", ""tf v"", ""tho?"", ""tkuk"", ""to.s"", ""toa'"", ""toa/"", ""tryr"", ""ts'o"", ""u \""a"", ""u u."", ""u-ms"", ""u210"", ""ug-v"", ""ugau"", ""ui!?"", ""ui-c"", ""und2"", ""uobl"", ""uozy"", ""upfi"", ""urrm"", ""urxe"", ""uscg"", ""uv/c"", ""uvha"", ""v-12"", ""v/cr"", ""vilq"", ""vupp"", ""w + "", ""w 1-"", ""w.mi"", ""w/i "", ""wfic"", ""whyr"", ""wk/n"", ""wuhn"", ""x 57"", ""x-27"", ""xau "", ""xmen"", ""xyca"", ""y -1"", ""y :)"", ""y!/r"", ""y-ru"", ""y-t "", ""ydom"", ""yggh"", ""yip/"", ""yitk"", ""yleu"", ""yuht"", ""yz f"", ""z e6"", ""z uk"", ""z'we"", ""z. v"", ""z/ha"", ""z06-"", ""z: 9"", ""zaa/"", ""zag,"", ""zaor"", ""zda3"", ""zda5"", ""zeco"", ""zogm"", ""zue'"", ""zuly""]",456,1,155,0.0064516129032258064
4,block_infix_fingerprint_v004.json,128,local_split_entropy_equivalence_classes,154,4,0.0,0.1,title,title,72," ""ba","["" \""ba"", "" (c."", "" 1-p"", "" 2 2"", "" 5 2"", "" 6/d"", "" 6in"", "" ?ue"", "" crl"", "" dj/"", "" f13"", "" fe("", "" g-b"", "" m78"", "" nkv"", "" p2 "", "" r1-"", "" skp"", "" x9 "", "" xk8"", "" zew"", ""! #1"", ""! id"", ""! oz"", ""!/m "", ""\"" bi"", ""\""bal"", ""#565"", ""& nc"", ""& xa"", ""' 4i"", ""'erz"", ""'et'"", ""'glu"", ""'ju "", ""'naj"", ""'pom"", ""'u c"", ""'xtr"", ""'z u"", ""(19."", ""(773"", ""(?)m"", ""(c.e"", ""(evi"", ""(hen"", ""(kem"", ""(pes"", ""(rhe"", ""(syl"", ""(tok"", ""(zam"", "")mal"", "", s,"", ""- 2:"", ""-4-g"", ""-aue"", ""-o. "", ""-olt"", ""-uut"", ""-v '"", "".! -"", "".-o."", "".-pa"", "".get"", "".pe "", "".v.l"", ""/als"", ""/lyt"", ""/m i"", ""/mcs"", ""/mo'"", ""/o'd"", ""/spu"", ""/tae"", ""/voc"", ""/zay"", ""0 'g"", ""0 05"", ""0/18"", ""1+99"", ""1-po"", ""1/49"", ""10 0"", ""146/"", ""15 0"", ""15-g"", ""2 t2"", ""2-y "", ""2/au"", ""2/no"", ""27/1"", ""3) p"", ""3rs/"", ""4/a "", ""4/au"", ""46/l"", ""4inc"", ""5 06"", ""5 20"", ""5-gr"", ""5.5!"", ""51/4"", ""565 "", ""576 "", ""58kg"", ""6/de"", ""6/ly"", ""6inc"", ""7 i "", ""73) "", ""78 ("", ""8 (b"", ""8kgm"", ""9/27"", ""960,"", ""97 4"", "": pm"", ""; ka"", ""= si"", ""?)ma"", ""?ues"", ""a a4"", ""a' 4"", ""adax"", ""adl/"", ""aiup"", ""aivc"", ""al'b"", ""albn"", ""alzr"", ""astz"", ""at'z"", ""att;"", ""awff"", ""b-sm"", ""b-vi"", ""bkuv"", ""bnac"", ""bnaj"", ""br54"", ""broq"", ""brru"", ""bs/u"", ""bsbr"", ""bsby"", ""bsvr"", ""byzn"", ""c-kl"", ""canm"", ""chux"", ""cic,"", ""cox'"", ""cq a"", ""crlj"", ""cseb"", ""d ?u"", ""d- o"", ""datv"", ""dh 7"", ""dj/c"", ""dlo:"", ""dmom"", ""dnj "", ""do'u"", ""dovc"", ""dr.b"", ""dtto"", ""e tb"", ""e(?)"", ""e6 c"", ""ea ="", ""ecq:"", ""edtt"", ""enxi"", ""ep) "", ""et.n"", ""euf'"", ""eun'"", ""evyb"", ""ex2k"", ""exuh"", ""exyc"", ""eyo."", ""f mp"", ""f sj"", ""f17 "", ""fe(?"", ""fedm"", ""few!"", ""fref"", ""g vp"", ""g/vo"", ""gix "", ""h/o'"", ""h1 1"", ""hafm"", ""hdh "", ""henx"", ""hi/e"", ""hm!!"", ""hny:"", ""hsac"", ""ht ."", ""hy/o"", ""hza "", ""hzer"", ""i r1"", ""i. x"", ""i/ou"", ""ibev"", ""ibsv"", ""ien\"""", ""ihof"", ""ijsa"", ""ikez"", ""iorp"", ""itvl"", ""iwee"", ""ixmi"", ""j ui"", ""j/ca"", ""jajl"", ""je/g"", ""ji-n"", ""ji/o"", ""jkel"", ""jrt "", ""jsaa"", ""jz-t"", ""k jd"", ""k-o!"", ""k-v "", ""k.-o"", ""k/x "", ""kajf"", ""kaw?"", ""kgms"", ""klja"", ""kohd"", ""kvd "", ""ky-d"", ""l 05"", ""l 5."", ""l!? "", ""l'bo"", ""lbna"", ""lcis"", ""lke!"", ""lohw"", ""lua!"", ""lvss"", ""ly-i"", ""lynp"", ""lzru"", ""m 2x"", ""m 6i"", ""m bc"", ""m m7"", ""m78 "", ""mcem"", ""me?."", ""mk-v"", ""mmez"", ""mpyl"", ""mtv!"", ""mw3'"", ""n\"" b"", ""n'ju"", ""n,10"", ""n-4-"", ""nceg"", ""nd ?"", ""nev?"", ""nk/x"", ""nkvd"", ""nn.,"", ""nphe"", ""nri)"", ""ns/q"", ""nyry"", ""nzri"", ""o 8."", ""o iq"", ""o/wr"", ""of!!"", ""ohm!"", ""ojta"", ""onu."", ""osu."", ""oxx."", ""oys-"", ""oz +"", ""p) d"", ""p2 &"", ""pke'"", ""q: 2"", ""qilb"", ""r dl"", ""r jk"", ""r..p"", ""r.bu"", ""r1 v"", ""r1-g"", ""r549"", ""r; k"", ""rb/m"", ""re6 "", ""rfi,"", ""rfio"", ""rhuk"", ""rii!"", ""rn-4"", ""roo."", ""rsu!"", ""rsye"", ""rveo"", ""rzh "", ""s p2"", ""s/uf"", ""sbae"", ""sebh"", ""secq"", ""sek?"", ""sixm"", ""skp "", ""ssbl"", ""svrg"", ""sylc"", ""sytl"", ""sytu"", ""szoc"", ""t.-p"", ""t; p"", ""t? l"", ""tb t"", ""tisv"", ""tje/"", ""tog,"", ""togk"", ""tssu"", ""tts?"", ""tuf1"", ""tv-9"", ""tvle"", ""tzo?"", ""u8 o"", ""ub-v"", ""udgr"", ""uf17"", ""uhci"", ""uhdo"", ""uieu"", ""ultm"", ""ume)"", ""unsg"", ""urrg"", ""v 'k"", ""v cv"", ""v-ak"", ""v-uu"", ""v.l."", ""v2/n"", ""v3 k"", ""vd -"", ""vdu "", ""veor"", ""vgam"", ""vi-k"", ""vre/"", ""vrga"", ""vrgn"", ""vssi"", ""vujo"", ""vums"", ""vy/l"", ""w (z"", ""w3's"", ""w817"", ""wakf"", ""wawf"", ""wfa "", ""wfel"", ""wffa"", ""whdh"", ""whre"", ""whyn"", ""wiaa"", ""wiis"", ""wil!"", ""wjrt"", ""wjz-"", ""wloi"", ""wmac"", ""wynf"", ""x (g"", ""x uf"", ""x.ki"", ""x9 f"", ""xe-w"", ""xuhc"", ""xx.k"", ""y 4/"", ""y nk"", ""y' ("", ""yby:"", ""ybys"", ""yc 5"", ""yd'b"", ""yj r"", ""yjo "", ""ylca"", ""yldr"", ""ynfo"", ""ynk "", ""ynph"", ""yp -"", ""ys-a"", ""yum."", ""z ye"", ""zda:"", ""ze!'"", ""zewn"", ""zh b"", ""zio-"", ""znys"", ""zocs"", ""zruf"", ""zziw""]",429,1,155,0.0064516129032258064
4,block_infix_fingerprint_v004.json,128,local_split_entropy_equivalence_classes,154,4,0.0,0.1,title,title,73," ""be","["" \""be""]",1,2,155,0.012903225806451613
4,block_infix_fingerprint_v004.json,128,local_split_entropy_equivalence_classes,154,4,0.0,0.1,title,title,74," ""co","["" \""co"", "" 579"", "" 665"", ""py!?"", ""x bb""]",5,2,155,0.012903225806451613
4,block_infix_fingerprint_v004.json,128,local_split_entropy_equivalence_classes,154,4,0.0,0.1,title,title,75," ""da","["" \""da"", "" 'zs"", "" (fy"", "" (kh"", "" 5 0"", "" 5/a"", "" 6 0"", "" 6/l"", "" 92f"", "" 9mm"", "" a31"", "" ea?"", "" i-p"", "" m62"", "" ne."", "" q43"", "" v**"", "" v-6"", "" vt "", "" vyg"", "" xb:"", ""!/vi"", ""\"" di"", ""\""dai"", ""#omm"", ""%! p"", ""& bg"", ""& u."", ""&w m"", ""'d q"", ""'r d"", ""'zsu"", ""(20."", ""(300"", ""(305"", ""(480"", ""(fyf"", ""(gil"", ""(gom"", ""(kha"", "") ji"", ""**i."", ""*h/t"", ""*k y"", ""++ p"", "", gv"", "", ys"", ""- 1:"", ""-adm"", ""-ay!"", ""-ay."", ""-da!"", ""-ik:"", ""-tv2"", ""-tv3"", ""-u-u"", ""-vaf"", ""-zeb"", "".-bo"", "".c.?"", ""//yo"", ""/aux"", ""/m*a"", ""/nyp"", ""/orr"", ""/sul"", ""/ufc"", ""/vcr"", ""0%! "", ""0) j"", ""0/m*"", ""0/pa"", ""00/s"", ""06/d"", ""10%!"", ""10/m"", ""10/p"", ""16 0"", ""17 0"", ""19/1"", ""2 06"", ""2 hj"", ""206/"", ""210/"", ""22 0"", ""227 "", ""23) "", ""24/1"", ""29 0"", ""3! r"", ""3) g"", ""3-ay"", ""4 ss"", ""400/"", ""5) p"", ""5. r"", ""5/12"", ""5/au"", ""574 "", ""6 05"", ""6/di"", ""6/le"", ""8/02"", ""80) "", ""9 07"", ""9-3 "", ""9/pa"", ""92fs"", "": vt"", ""?! l"", ""a 9m"", ""a rk"", ""a++ "", ""a310"", ""abce"", ""accs"", ""adfy"", ""adn "", ""aftt"", ""ambp"", ""ameq"", ""anjk"", ""atco"", ""auwz"", ""av' "", ""azto"", ""b//y"", ""bcee"", ""bfk "", ""bigw"", ""blyl"", ""bpad"", ""buz,"", ""bwoh"", ""bz n"", ""c hl"", ""c pp"", ""c/i "", ""caek"", ""ccok"", ""ccsa"", ""ceck"", ""cgol"", ""cic!"", ""cki!"", ""clo'"", ""cna'"", ""cr r"", ""cul/"", ""cwee"", ""d 3!"", ""d rp"", ""d zb"", ""d' &"", ""d-ei"", ""datn"", ""dduc"", ""de!/"", ""dfys"", ""dn n"", ""dny:"", ""do'?"", ""drtv"", ""dvd?"", ""dyik"", ""dyjk"", ""dze."", ""dzzz"", ""e 5'"", ""e q4"", ""ea?!"", ""ebdr"", ""ef ."", ""egej"", ""egi,"", ""eiwp"", ""ejlv"", ""eke."", ""en(n"", ""epvr"", ""erfz"", ""est_"", ""esyg"", ""euwk"", ""ezi?"", ""f) r"", ""f/go"", ""fa! "", ""fc's"", ""fdre"", ""fdza"", ""ffs!"", ""fikp"", ""fk u"", ""fsb "", ""ftte"", ""fubi"", ""fuic"", ""fy? "", ""geav"", ""geje"", ""gerq"", ""ghip"", ""gig:"", ""gnox"", ""gouh"", ""gsdy"", ""gtav"", ""guzv"", ""h-il"", ""haa?"", ""hahd"", ""hcor"", ""higp"", ""hkuv"", ""hl/b"", ""hls,"", ""hmip"", ""hmom"", ""hto-"", ""hwyt"", ""hyyt"", ""i v*"", ""i- &"", ""ialw"", ""id-h"", ""ieyr"", ""ifa!"", ""indq"", ""intp"", ""ippd"", ""ivi'"", ""iwie"", ""iwpo"", ""iz/f"", ""j dn"", ""jamr"", ""jlve"", ""jn 2"", ""jnru"", ""jon?"", ""jozd"", ""juot"", ""k b."", ""k-cs"", ""k-ik"", ""kajl"", ""kd j"", ""kll "", ""km k"", ""kx w"", ""kyc-"", ""l $t"", ""l 4t"", ""l v-"", ""l?/d"", ""lajn"", ""lcay"", ""lebw"", ""lf/g"", ""lfbl"", ""ll $"", ""lluy"", ""lox!"", ""lozr"", ""lscl"", ""lsy'"", ""m1 g"", ""m32 "", ""m629"", ""mbpa"", ""mc u"", ""mief"", ""mlaz"", ""mmyg"", ""mo/j"", ""mra)"", ""mtel"", ""mtui"", ""mygo"", ""myu!"", ""myy!"", ""mz p"", ""mz/w"", ""n xb"", ""n!/v"", ""n/ny"", ""ndzz"", ""nesj"", ""nizn"", ""njko"", ""nli-"", ""nn/o"", ""nyim"", ""o 4'"", ""o-od"", ""o/mr"", ""oa z"", ""oap'"", ""oatr"", ""obu'"", ""ocu'"", ""odsn"", ""oemt"", ""oho."", ""oi- "", ""okyk"", ""omuy"", ""ooi-"", ""opys"", ""otlz"", ""otzw"", ""owyo"", ""oyre"", ""p/ug"", ""pdro"", ""piey"", ""prci"", ""prye"", ""pto:"", ""puv "", ""pv e"", ""pz d"", ""q43 "", ""r\"" d"", ""r-lu"", ""r-s:"", ""rgfr"", ""rm/r"", ""rnuk"", ""rs-o"", ""rtew"", ""rye!"", ""s*h/"", ""s.g."", ""s/cj"", ""sb c"", ""sf -"", ""shyt"", ""sib:"", ""sl f"", ""sm/v"", ""sp h"", ""st_w"", ""suov"", ""svus"", ""syg?"", ""szpl"", ""t 6/"", ""t.s:"", ""t/oh"", ""t/uf"", ""t_wo"", ""te),"", ""tge,"", ""tlys"", ""tlz "", ""tmuk"", ""topb"", ""tujk"", ""tuzm"", ""tuzv"", ""tv/v"", ""tv27"", ""tv3'"", ""tvra"", ""tvww"", ""txar"", ""u' o"", ""u-up"", ""ua &"", ""uafr"", ""ub//"", ""ubii"", ""ud/n"", ""uddr"", ""udi!"", ""uen)"", ""uev "", ""uf 4"", ""ufc'"", ""ugsg"", ""ui/n"", ""un-1"", ""unz?"", ""urgf"", ""uwko"", ""uwze"", ""uzvo"", ""v 3."", ""v bb"", ""v' l"", ""v' o"", ""v***"", ""v-ab"", ""v-gl"", ""v-va"", ""v-ve"", ""v/vc"", ""v2 h"", ""v27 "", ""v3's"", ""vafl"", ""vca,"", ""veiw"", ""vihn"", ""viwu"", ""vjia"", ""vjoz"", ""vnij"", ""votk"", ""voyr"", ""vrda"", ""vuju"", ""vwww"", ""vygu"", ""w-pa"", ""w-tv"", ""w.-b"", ""w.bl"", ""w/pu"", ""wagv"", ""wah2"", ""wbz "", ""weec"", ""wen("", ""wfsb"", ""wk e"", ""wkom"", ""wkyc"", ""won!"", ""wwat"", ""wyou"", ""wyta"", ""wzee"", ""xav'"", ""xnay"", ""xnig"", ""y 5/"", ""yar?"", ""ybub"", ""yc 4"", ""yc-t"", ""yc/h"", ""yckm"", ""yfe)"", ""yjko"", ""ykl "", ""ykll"", ""ymik"", ""ywna"", ""z/er"", ""z/ri"", ""zas'"", ""zec,"", ""zec."", ""zi?!"", ""zig'"", ""zm z"", ""zou?"", ""zsup"", ""zviw"", ""zvjo"", ""zykr"", ""zz/k"", ""zz/r"", ""zzz/""]",467,1,155,0.0064516129032258064
4,block_infix_fingerprint_v004.json,128,local_split_entropy_equivalence_classes,154,4,0.0,0.1,title,title,76," ""ez","["" \""ez"", ""\"" zu"", ""\""ez\"""", ""9. r"", ""afp:"", ""c \""e"", ""ez\"" "", ""iks!"", ""s?/e"", ""z\"" z""]",10,2,155,0.012903225806451613
4,block_infix_fingerprint_v004.json,128,local_split_entropy_equivalence_classes,154,4,0.0,0.1,title,title,77," ""go","["" \""go"", "" \""ky"", "" \""ra"", "" 'yi"", "" (x)"", "" -na"", "" -ua"", "" 5/m"", "" 50v"", "" a1c"", "" btr"", "" fkk"", "" g/m"", "" hda"", "" icp"", "" lfr"", "" m5 "", "" nvi"", "" opz"", "" pz "", "" sc-"", "" v/c"", "" xba"", "" ~ d"", ""! (k"", ""! hd"", ""! if"", ""! io"", ""!kyo"", ""!que"", ""\"" na"", ""\"": h"", ""\""gom"", ""\""kyl"", ""\""rak"", ""#3 h"", ""#goo"", ""#rob"", ""& 08"", ""&m/q"", ""&p p"", ""'/my"", ""'afy"", ""'buo"", ""'e j"", ""'gak"", ""'jia"", ""'sba"", ""'yin"", ""(26f"", ""(26h"", ""(aji"", ""(ove"", ""(yar"", "",99%"", ""- fd"", ""- fk"", ""-5 i"", ""-aav"", ""-atz"", ""-baq"", ""-dc "", ""-dn1"", ""-gy-"", ""-id "", ""-mop"", ""-uab"", ""-vg1"", ""-wg "", ""-wm."", ""-y t"", ""-yll"", "".goe"", "".j.t"", ""/007"", ""/14 "", ""/98'"", ""/ams"", ""/cep"", ""/d. "", ""/epm"", ""/f.u"", ""/g-u"", ""/koh"", ""/lex"", ""/mc "", ""/nen"", ""/o.c"", ""/pcu"", ""/s&m"", ""/syb"", ""/v a"", ""07 &"", ""1 pz"", ""129/"", ""13/d"", ""1c/s"", ""26f)"", ""26h)"", ""29/k"", ""2a: "", ""45-n"", ""52 g"", ""6f) "", ""710 "", ""8'/m"", ""9, j"", ""9/ka"", ""98'/"", ""99,9"", ""?/ga"", ""?/ok"", ""@ ce"", ""@mur"", ""@sie"", ""a\"" n"", ""a\"": "", ""a- j"", ""a-sm"", ""a. @"", ""a1c/"", ""a; l"", ""a?/d"", ""a?/o"", ""aaio"", ""aaoh"", ""adzt"", ""aerc"", ""afeb"", ""aji)"", ""alf!"", ""alpf"", ""an2g"", ""anll"", ""aohk"", ""at \"""", ""au/v"", ""auao"", ""aw/a"", ""aw/l"", ""b! i"", ""b-aq"", ""b-gy"", ""b? ("", ""baqa"", ""bi/o"", ""bis("", ""bopa"", ""bs @"", ""bs/i"", ""bs? "", ""bud!"", ""byoy"", ""c zv"", ""c-sp"", ""can2"", ""ch-5"", ""cicr"", ""cklt"", ""ckx-"", ""crao"", ""cta?"", ""ctge"", ""cu/w"", ""d hw"", ""d/10"", ""d/ia"", ""dby:"", ""dex/"", ""di/t"", ""dn10"", ""dpa!"", ""dzi."", ""e lf"", ""e m5"", ""e'sb"", ""e/00"", ""ebsb"", ""eckx"", ""egsy"", ""ei ."", ""ei!k"", ""ei/b"", ""ejuh"", ""emwi"", ""emyr"", ""ennn"", ""eod,"", ""epuk"", ""es'r"", ""ewoc"", ""ewpa"", ""ewuf"", ""ex/e"", ""f) w"", ""feak"", ""fgus"", ""fi ("", ""fkk "", ""fs/b"", ""fs/n"", ""fu/z"", ""g a/"", ""g-os"", ""g/o."", ""g10 "", ""gab,"", ""gab:"", ""gdo,"", ""ge ~"", ""ge-j"", ""gic-"", ""gju,"", ""gjuk"", ""gruu"", ""gs q"", ""gsts"", ""gsy,"", ""gukb"", ""gysl"", ""h ds"", ""h'on"", ""h-5 "", ""h-ty"", ""h/ms"", ""ha\"":"", ""hdak"", ""hexc"", ""hflu"", ""hgiv"", ""hrt-"", ""hwre"", ""hylp"", ""i -n"", ""i!ky"", ""i'sa"", ""i-ur"", ""iba)"", ""icpo"", ""idbj"", ""if/p"", ""ihi/"", ""ihn,"", ""ii/k"", ""ijdc"", ""iktr"", ""imh/"", ""ioih"", ""isys"", ""iv?/"", ""j hi"", ""ja/m"", ""jahv"", ""jdca"", ""jnam"", ""jo/9"", ""js -"", ""ju/l"", ""jukl"", ""jymy"", ""k 2n"", ""k' n"", ""k-ze"", ""k/f."", ""k3 k"", ""kay-"", ""kfax"", ""kh-m"", ""klti"", ""koo/"", ""ksep"", ""kx-n"", ""ky ~"", ""kycr"", ""l-id"", ""ld/1"", ""le/0"", ""lf/n"", ""lla\"""", ""lm/n"", ""lme@"", ""ln?!"", ""lpyr"", ""ltyr"", ""luoj"", ""lusr"", ""lv z"", ""lvo'"", ""ly?."", ""m gs"", ""m nv"", ""m p&"", ""m- b"", ""m/qu"", ""m5 b"", ""me@m"", ""mh/t"", ""ms/v"", ""my-y"", ""my/v"", ""n \""g"", ""n -u"", ""n bt"", ""n g/"", ""n-tt"", ""n/pc"", ""n104"", ""n?!!"", ""nd-z"", ""ndz!"", ""ne'l"", ""nlls"", ""nluj"", ""nnni"", ""nsa\"""", ""o/98"", ""ob-g"", ""obs."", ""oft!"", ""oild"", ""oju/"", ""omup"", ""on-3"", ""op.3"", ""opze"", ""os?:"", ""ouud"", ""p lt"", ""p' k"", ""p-77"", ""pcu/"", ""pftp"", ""pis:"", ""pls "", ""poht"", ""pouu"", ""pp/m"", ""ppt."", ""ppu/"", ""psek"", ""pt/i"", ""pu/r"", ""pymi"", ""pz s"", ""qnd "", ""qrda"", ""r-dn"", ""r/gw"", ""r2 c"", ""rb/b"", ""rbop"", ""rg! "", ""rgd "", ""rha\"""", ""rhej"", ""rkls"", ""rn/k"", ""rp-7"", ""rppo"", ""rpuo"", ""rqrd"", ""rr/m"", ""ruk!"", ""ruzc"", ""ryeh"", ""s&m/"", ""s/14"", ""s/ok"", ""s@si"", ""sa\"" "", ""sb-1"", ""sbb "", ""sbe!"", ""sfax"", ""shdt"", ""sivy"", ""six!"", ""sk/l"", ""smoj"", ""so/m"", ""sod'"", ""sspc"", ""ssu:"", ""str-"", ""stu-"", ""su/j"", ""syss"", ""t \""r"", ""t-ob"", ""temw"", ""tje-"", ""tr-d"", ""tu-m"", ""tv-q"", ""tzco"", ""tzme"", ""tzo'"", ""u 08"", ""u/le"", ""u/ve"", ""u/zu"", ""uabh"", ""uasu"", ""uf?!"", ""ufgu"", ""uhef"", ""uhn/"", ""uk-3"", ""ul-i"", ""uoss"", ""upaw"", ""upls"", ""uvoa"", ""uze,"", ""v-qu"", ""v?/t"", ""ve-z"", ""vg10"", ""vifs"", ""vl-v"", ""vsat"", ""vunm"", ""vyzr"", ""w ew"", ""w/as"", ""w/s&"", ""we/e"", ""wg -"", ""whob"", ""wm.."", ""wpac"", ""wpop"", ""wu 0"", ""wutp"", ""x-vg"", ""xba "", ""xin,"", ""xrp-"", ""y ls"", ""y v/"", ""y-iv"", ""y-yl"", ""y/g-"", ""y?.."", ""ya- "", ""yeh!"", ""yisy"", ""yk e"", ""yll-"", ""ymy-"", ""yrei"", ""yt &"", ""yulr"", ""yzra"", ""z/ke"", ""zcaf"", ""zey'"", ""zi. "", ""zkom"", ""zu-h"", ""zy!!"", ""~ de"", ""~ li""]",463,1,155,0.0064516129032258064
4,block_infix_fingerprint_v004.json,128,local_split_entropy_equivalence_classes,154,4,0.0,0.1,title,title,78," ""lo","["" \""lo"", "" $it"", "" (5 "", "" (ik"", "" (n'"", "" 29k"", "" 40m"", "" drg"", "" e50"", "" f/j"", "" fst"", "" fw-"", "" ht-"", "" jpn"", "" mt:"", "" nnj"", "" oi,"", "" qog"", "" qzx"", "" smp"", "" ssg"", "" su'"", "" uvl"", "" xl-"", ""! (z"", ""! 6 "", ""! sy"", ""!w v"", ""\"" je"", ""\""hol"", ""\""los"", ""\""mrs"", ""#1 t"", ""#4 t"", ""#fav"", ""#new"", ""$1,2"", ""$ity"", ""&ger"", ""' yu"", ""'74 "", ""'aun"", ""'cul"", ""'en'"", ""'kud"", ""'nee"", ""'nez"", ""'vem"", ""'wu "", ""'zou"", ""(5 d"", ""(av "", ""(bok"", ""(co-"", ""(ikr"", ""(kon"", ""(mok"", ""(n'a"", "") ii"", "")/z-"", ""): \"""", ""- (p"", ""-174"", ""-86a"", ""-ct6"", ""-d i"", ""-dui"", ""-ed)"", ""-ex,"", ""-hii"", ""-igu"", ""-jad"", ""-jic"", ""-n10"", ""-sof"", ""-stz"", ""-ui-"", ""-yst"", "". fw"", ""..ev"", ""./le"", ""./ri"", "".71 "", "".eve"", "".j:t"", "".lo "", ""/4 b"", ""/axi"", ""/g-m"", ""/imi"", ""/ire"", ""/jt "", ""/kly"", ""/nir"", ""/nud"", ""/oas"", ""/ooz"", ""/pys"", ""/ry "", ""/uba"", ""/yue"", ""/z-l"", ""1 (5"", ""1 um"", ""2-ya"", ""4 e "", ""40mm"", ""564-"", ""660 "", ""6a v"", ""71 ("", ""72-j"", ""7yr "", ""8, s"", ""837-"", ""86a "", "": xu"", ""? sm"", ""?/yo"", ""?/yu"", ""_gre"", ""a's?"", ""a'tr"", ""a-ig"", ""a-ys"", ""a/yv"", ""a?/y"", ""agwh"", ""ah/c"", ""aku)"", ""aky/"", ""alx "", ""ammp"", ""aoop"", ""aoqi"", ""arvz"", ""as)/"", ""aslb"", ""auwg"", ""auyo"", ""axay"", ""axx/"", ""b (w"", ""b 42"", ""b ue"", ""bc/c"", ""biv/"", ""bnec"", ""c 'n"", ""ce'a"", ""ceej"", ""ciff"", ""citc"", ""cjuk"", ""co/x"", ""ct66"", ""cyjk"", ""d 2,"", ""d bf"", ""d hc"", ""d_gr"", ""dauy"", ""dbeg"", ""dd-s"", ""djiz"", ""drgn"", ""e f/"", ""e/py"", ""e500"", ""eci-"", ""eci/"", ""ecju"", ""edvr"", ""eegw"", ""eg?!"", ""emdv"", ""er(l"", ""eulc"", ""ewgo"", ""ex/g"", ""ey\"" "", ""ey/3"", ""ezz!"", ""f/jt"", ""f:uk"", ""falx"", ""fays"", ""fbaa"", ""fdag"", ""fin)"", ""fket"", ""ftnu"", ""fw-1"", ""fy/i"", ""g/cy"", ""g/k "", ""ge-c"", ""gg/d"", ""ggea"", ""gkau"", ""gwa,"", ""gwha"", ""gy/d"", ""h \""m"", ""h fs"", ""h g "", ""h! x"", ""h'bu"", ""h'ko"", ""h/of"", ""h/t."", ""haox"", ""hc o"", ""hey\"""", ""ho/i"", ""hotv"", ""hr-u"", ""hu' "", ""huvo"", ""i e5"", ""i!/p"", ""i)! "", ""iaoq"", ""idko"", ""iejl"", ""ijyy"", ""ilyj"", ""im/p"", ""iru)"", ""iu/j"", ""ivce"", ""iwi-"", ""izzq"", ""j:ta"", ""jdt "", ""jezk"", ""jt l"", ""jyy "", ""k $i"", ""k): "", ""kf s"", ""kliq"", ""kndr"", ""koam"", ""koc,"", ""kra)"", ""kun/"", ""l' v"", ""lc/e"", ""lg c"", ""lgow"", ""lha."", ""liu/"", ""llzy"", ""lmoz"", ""ln ="", ""lo/e"", ""lroe"", ""lsyy"", ""lvok"", ""lx c"", ""lzyx"", ""m! 6"", ""m!/z"", ""m1 b"", ""mdve"", ""mecj"", ""mi)!"", ""mmps"", ""mn q"", ""moaa"", ""mp-n"", ""mtok"", ""mur/"", ""my-d"", ""n&ge"", ""n*st"", ""n/oo"", ""n/ub"", ""n100"", ""n: 9"", ""naz,"", ""naz/"", ""nexs"", ""nfuu"", ""ngvr"", ""nkhn"", ""nlex"", ""nn-l"", ""nu?!"", ""o c2"", ""o qo"", ""o, ."", ""o.j:"", ""o/ig"", ""o/kz"", ""o? c"", ""od_g"", ""oehd"", ""og!!"", ""oh/m"", ""oh/p"", ""oi @"", ""oieu"", ""okk'"", ""on&g"", ""on*s"", ""oon*"", ""ooog"", ""opyh"", ""orbb"", ""ot-n"", ""owmi"", ""ozu-"", ""p sj"", ""p-n1"", ""p47 "", ""pa/w"", ""pav:"", ""pgar"", ""pkad"", ""pkou"", ""potm"", ""ppo?"", ""prsa"", ""ptfa"", ""puao"", ""purw"", ""pyhy"", ""pysc"", ""q-le"", ""qoga"", ""qpr "", ""r' y"", ""r/kl"", ""r/u2"", ""rbbi"", ""rei)"", ""rex?"", ""rfda"", ""rfke"", ""rjec"", ""rk $"", ""rkym"", ""rn!?"", ""rprs"", ""rr/j"", ""rs/4"", ""ruih"", ""rukw"", ""rvzi"", ""rx1!"", ""ryed"", ""rypy"", ""rz-4"", ""s k "", ""s!w "", ""s)/z"", ""s/4 "", ""s/g-"", ""s/j."", ""s/k "", ""san@"", ""sayg"", ""sctw"", ""sdju"", ""sf:u"", ""sh'b"", ""sh'k"", ""sieq"", ""slbe"", ""sm/s"", ""smo-"", ""smp-"", ""son&"", ""ss't"", ""sum4"", ""syty"", ""szoh"", ""t cn"", ""t qz"", ""t!/o"", ""t-ct"", ""t660"", ""tahc"", ""tkyc"", ""tlc/"", ""tou'"", ""trtu"", ""ts!w"", ""tubt"", ""tuf "", ""tvii"", ""tykt"", ""u 48"", ""u jp"", ""u o."", ""uaoo"", ""ub/k"", ""uca."", ""uf &"", ""ugaj"", ""uidv"", ""uk):"", ""uk-m"", ""ukwe"", ""um41"", ""ur/z"", ""urfd"", ""urfk"", ""usdj"", ""uszl"", ""uwgo"", ""uwpa"", ""uy/d"", ""uy/w"", ""v8 b"", ""v8 i"", ""va/r"", ""vaij"", ""vdog"", ""vehm"", ""vf m"", ""vi q"", ""vzil"", ""w ht"", ""w-19"", ""was)"", ""wgoa"", ""wgom"", ""wie!"", ""wmin"", ""wn/q"", ""woe?"", ""wth,"", ""wult"", ""x/cl"", ""x/gl"", ""xals"", ""xaya"", ""xcqu"", ""xenr"", ""xl l"", ""xl-5"", ""xso "", ""xt-c"", ""xta,"", ""xx/c"", ""y\"" j"", ""y/3-"", ""y/kl"", ""y/oa"", ""ya 8"", ""yd/b"", ""yjka"", ""ylsy"", ""yo'v"", ""ys/y"", ""yskj"", ""ysoh"", ""yz/m"", ""z-4?"", ""z-ex"", ""z-lo"", ""zaiz"", ""zko'"", ""zmid"", ""zouo"", ""zzqu""]",469,1,155,0.0064516129032258064
4,block_infix_fingerprint_v004.json,128,local_split_entropy_equivalence_classes,154,4,0.0,0.1,title,title,79," ""ot","["" \""ot"", "" ~gr"", ""!/zo"", ""\""oth"", ""/30-"", ""67.3"", ""7 it"", ""9.0 "", ""az. "", ""en)/"", ""g!/z"", ""ii-o"", ""ine\"""", ""lso:"", ""n kc"", ""n)/a"", ""o ~g"", ""w x "", ""waz.""]",19,2,155,0.012903225806451613
4,block_infix_fingerprint_v004.json,128,local_split_entropy_equivalence_classes,154,4,0.0,0.1,title,title,80," ""re","["" \""re""]",1,4,155,0.025806451612903226
4,block_infix_fingerprint_v004.json,128,local_split_entropy_equivalence_classes,154,4,0.0,0.1,title,title,81," ""sk","["" \""sk"", "" $9,"", "" 'ms"", "" 17'"", "" 5e "", "" bh "", "" kng"", "" l''"", "" l-f"", "" ntv"", "" qse"", "" sg "", "" smq"", "" uu "", "" wm?"", "" ysp"", ""! av"", ""!/gu"", ""!/ik"", ""\"" mc"", ""\""ske"", ""#175"", ""#176"", ""#202"", ""#209"", ""#213"", ""#215"", ""#218"", ""#221"", ""#245"", ""#246"", ""#265"", ""#281"", ""#286"", ""#288"", ""#291"", ""#302"", ""#308"", ""#310"", ""#329"", ""#331"", ""#335"", ""#351"", ""#352"", ""#363"", ""#370"", ""#373"", ""#376"", ""#378"", ""#380"", ""#398"", ""#4 d"", ""#403"", ""#404"", ""#408"", ""#426"", ""#444"", ""#456"", ""#459"", ""#460"", ""#462"", ""#474"", ""#477"", ""#480"", ""#487"", ""#493"", ""#504"", ""#507"", ""#508"", ""#512"", ""#513"", ""#524"", ""#530"", ""#531"", ""#543"", ""#555"", ""#61 "", ""#73 "", ""#846"", ""#847"", ""#849"", ""#850"", ""#861"", ""#870"", ""#872"", ""#887"", ""#889"", ""#891"", ""#914"", ""#917"", ""#920"", ""#924"", ""#926"", ""#928"", ""#946"", ""#947"", ""#950"", ""#954"", ""#955"", ""#959"", ""#963"", ""#965"", ""#974"", ""#983"", ""#985"", ""#987"", ""#990"", ""#991"", ""#992"", ""$9,0"", ""&lui"", ""''un"", ""'-mo"", ""'aiu"", ""'ket"", ""'ms "", ""'nra"", ""(c)i"", ""(dil"", ""(iz "", ""(wre"", "")ity"", ""* no"", ""*pun"", "", iu"", ""-9 g"", ""-bav"", ""-chl"", ""-esu"", ""-lil"", ""-zut"", "". hj"", ""..do"", ""..fe"", "".1-m"", "".do "", "".fei"", "".koc"", ""/aw "", ""/drg"", ""/pek"", ""/urk"", ""/xol"", ""08 #"", ""1 je"", ""1-1:"", ""166 "", ""168 "", ""17! "", ""175 "", ""1bc:"", ""1th,"", ""2) g"", ""211s"", ""25 x"", ""265 "", ""286 "", ""2ouc"", ""319 "", ""31bc"", ""331b"", ""352 "", ""373 "", ""376 "", ""378 "", ""403 "", ""408 "", ""437 "", ""474 "", ""477 "", ""493 "", ""5 xx"", ""5-so"", ""513 "", ""524 "", ""531 "", ""543 "", ""5e b"", ""7! p"", ""8 #1"", ""8 dr"", ""847 "", ""870 "", ""872 "", ""872-"", "": $9"", ""?' q"", ""a 3r"", ""a-pf"", ""a? v"", ""aalj"", ""ac-s"", ""acfi"", ""am \"""", ""ammv"", ""andq"", ""aplm"", ""arpn"", ""aspn"", ""at*o"", ""at?'"", ""aual"", ""auzz"", ""axls"", ""b (c"", ""b 37"", ""b! n"", ""b'ar"", ""b/dr"", ""bfol"", ""bh -"", ""big)"", ""bkul"", ""bnap"", ""bogb"", ""bui-"", ""c)it"", ""c/aw"", ""cfic"", ""coeq"", ""cokk"", ""cooy"", ""cq 3"", ""cu/t"", ""d/ s"", ""d/xo"", ""dc g"", ""dei-"", ""dil!"", ""dio\"""", ""dizg"", ""drga"", ""dswu"", ""dtin"", ""dy-h"", ""dy-p"", ""e* n"", ""eacn"", ""ed/q"", ""edfr"", ""egg)"", ""egn!"", ""egt:"", ""ehyt"", ""eifc"", ""eiig"", ""emdn"", ""er(c"", ""er3'"", ""ervm"", ""et'n"", ""eun:"", ""eur*"", ""f 31"", ""f! e"", ""f-or"", ""f/ar"", ""f/se"", ""fhoe"", ""fk/t"", ""ft-p"", ""g cn"", ""g'ne"", ""g) s"", ""ga) "", ""gd u"", ""gja:"", ""gopf"", ""h2ou"", ""hble"", ""hi/z"", ""hil!"", ""hin3"", ""hlui"", ""hnfe"", ""ho-z"", ""hreg"", ""htod"", ""huhk"", ""hupb"", ""i qs"", ""i tn"", ""i!/g"", ""ie'?"", ""ifab"", ""ifch"", ""ig) "", ""ijva"", ""im-z"", ""in3!"", ""inzy"", ""io&l"", ""irsg"", ""is/3"", ""iy &"", ""iyao"", ""jnra"", ""juf,"", ""k fy"", ""k-hy"", ""k4 u"", ""kgiv"", ""khup"", ""ksse"", ""ku/u"", ""l''u"", ""l/wr"", ""lchb"", ""ldaf"", ""lfft"", ""lg m"", ""li/k"", ""lpem"", ""lpsh"", ""lrag"", ""m \""s"", ""m uu"", ""m-zu"", ""mat*"", ""mcly"", ""metg"", ""mon*"", ""mplh"", ""mqh "", ""mtsa"", ""mtsh"", ""musy"", ""n!/i"", ""n'n "", ""n3!!"", ""nce("", ""ncex"", ""nd/ "", ""ndtz"", ""nk-k"", ""nn! "", ""npa:"", ""nskg"", ""nt-u"", ""o wg"", ""o&lu"", ""o/ic"", ""oe?/"", ""oedf"", ""oepj"", ""oequ"", ""oiks"", ""oitz"", ""olkc"", ""omy-"", ""on*o"", ""ooys"", ""op'd"", ""op- "", ""op-w"", ""oppk"", ""org'"", ""orvr"", ""otl "", ""ove*"", ""oxne"", ""oxyr"", ""p k-"", ""p- &"", ""pacf"", ""pah?"", ""pbom"", ""pe-n"", ""per3"", ""phui"", ""pkna"", ""plma"", ""ppkn"", ""priw"", ""ps-s"", ""py/y"", ""pye "", ""q 37"", ""qh z"", ""qsel"", ""r 5t"", ""r fb"", ""r(c)"", ""r-10"", ""r-12"", ""r/ak"", ""r2 p"", ""rd/x"", ""rg'n"", ""rhuf"", ""riln"", ""rpne"", ""rsgu"", ""rt'?"", ""rtkr"", ""rup-"", ""ruzd"", ""rvma"", ""rvra"", ""ryfs"", ""rz-j"", ""s cv"", ""s'-m"", ""s'nr"", ""s- h"", ""s-61"", ""scu/"", ""sdub"", ""senq"", ""sg i"", ""sguy"", ""skgi"", ""smqh"", ""snuc"", ""spna"", ""subk"", ""syu?"", ""t*ol"", ""t.1:"", ""tdij"", ""tf k"", ""tli/"", ""tliq"", ""toxn"", ""ts-6"", ""tykr"", ""uagr"", ""ug/w"", ""uga)"", ""ulf!"", ""um-w"", ""up-b"", ""upf!"", ""uub!"", ""uwfo"", ""v'sc"", ""vc k"", ""ve* "", ""vem-"", ""ver("", ""vet)"", ""vmam"", ""vs/t"", ""vui,"", ""w (m"", ""w, '"", ""wir-"", ""wirz"", ""wjub"", ""wn'n"", ""wysh"", ""x-um"", ""xls "", ""xuss"", ""xyrh"", ""y -v"", ""y dm"", ""y u-"", ""y\"" m"", ""y/ul"", ""ydoc"", ""yfsa"", ""yk m"", ""ykoc"", ""yo/w"", ""yr b"", ""yrhi"", ""yso "", ""yu? "", ""z-je"", ""zcui"", ""zdne"", ""zmo-"", ""zt '"", ""zteb"", ""zweh""]",476,1,155,0.0064516129032258064
4,block_infix_fingerprint_v004.json,128,local_split_entropy_equivalence_classes,154,4,0.0,0.1,title,title,82," ""wi","["" \""wi"", ""ffa'"", ""gy-w"", ""s s2""]",4,2,155,0.012903225806451613
4,block_infix_fingerprint_v004.json,128,local_split_entropy_equivalence_classes,154,4,0.0,0.1,title,title,83, # 2,"["" # 2""]",1,7,155,0.04516129032258064
4,block_infix_fingerprint_v004.json,128,local_split_entropy_equivalence_classes,154,4,0.0,0.1,title,title,84, # 5,"["" # 5""]",1,3,155,0.01935483870967742
4,block_infix_fingerprint_v004.json,128,local_split_entropy_equivalence_classes,154,4,0.0,0.1,title,title,85, #&%,"["" #&%"", "" 'v "", "" ('t"", "" (*a"", "" 078"", "" 085"", "" 10f"", "" 3wa"", "" 7 5"", "" 8ft"", "" afx"", "" b-6"", "" cko"", "" d'q"", "" e.h"", "" emz"", "" ev'"", "" iad"", "" id4"", "" io."", "" ioh"", "" je-"", "" jo."", "" kvl"", "" l't"", "" li:"", "" lo?"", "" lve"", "" mdb"", "" mgw"", "" nhp"", "" nzh"", "" o-e"", "" os?"", "" pve"", "" qou"", "" sdr"", "" sm:"", "" tk-"", "" uau"", "" ubc"", "" uvc"", "" v'e"", "" x10"", "" y.r"", "" zn."", ""!jab"", ""#&%#"", ""$15 "", ""& n."", ""& ox"", ""& zn"", ""' 90"", ""' sf"", ""'10'"", ""'70:"", ""'a 2"", ""'ai."", ""'cks"", ""'fad"", ""'iva"", ""'mpo"", ""'nse"", ""'o e"", ""'pis"", ""'reh"", ""'ryb"", ""'se'"", ""'smo"", ""('th"", ""(*a "", ""(ad "", ""(bom"", ""(d)r"", ""(dag"", ""(gy)"", ""(het"", ""(o)o"", ""(pak"", ""): r"", "")ara"", "")evi"", "")od+"", "")rai"", ""*a c"", ""+ 12"", ""+ 18"", ""+ 24"", ""+ 29"", ""+ 33"", ""+(d)"", ""+lie"", ""-421"", ""-74)"", ""-8 ("", ""-afa"", ""-ako"", ""-bne"", ""-etm"", ""-fug"", ""-jej"", ""-qun"", ""-t: "", ""-vad"", ""-wo "", ""-z l"", "". 'r"", "".02."", "".11-"", "".5.n"", "".b.)"", "".kno"", "".n.1"", "".our"", "".v.f"", ""/hrw"", ""/lax"", ""/twa"", ""0 13"", ""0 16"", ""0 17"", ""0 22"", ""0.7."", ""000a"", ""00ad"", ""02.2"", ""078:"", ""1 ('"", ""10ft"", ""2) m"", ""2-33"", ""2-sa"", ""29-2"", ""2oh "", ""2shh"", ""3 aq"", ""3-51"", ""32-3"", ""33-5"", ""3d-u"", ""4 ei"", ""40 5"", ""40 7"", ""4lov"", ""5. y"", ""5.n."", ""51:3"", ""5th'"", ""6): "", ""6, u"", ""60.."", ""606:"", ""7 50"", ""73 ("", ""86-2"", ""86.1"", ""87.0"", ""8ft "", ""957."", ""96):"", ""986."", "": 3,"", "": ld"", "": q'"", "":198"", "":33-"", ""? jk"", ""@ ba"", ""@mid"", ""_equ"", ""`m j"", ""a pv"", ""a'ju"", ""a? w"", ""aayv"", ""acip"", ""ack3"", ""adu-"", ""aehw"", ""aemc"", ""aewe"", ""aexa"", ""afxe"", ""agg:"", ""aiiu"", ""ajre"", ""ak.c"", ""akk'"", ""albd"", ""alvd"", ""an:1"", ""ap'o"", ""api."", ""arcm"", ""arjj"", ""artq"", ""ate*"", ""ath_"", ""au2 "", ""aul+"", ""aups"", ""awji"", ""awmp"", ""ayns"", ""b mn"", ""b x-"", ""b'se"", ""b'si"", ""b'un"", ""b-23"", ""ba-v"", ""baqs"", ""bay)"", ""bbuh"", ""be.c"", ""bex:"", ""bieo"", ""bpfl"", ""c. y"", ""ccuf"", ""ck3d"", ""cm 2"", ""cmod"", ""cumo"", ""d 8-"", ""d)ev"", ""d)ra"", ""d+(d"", ""d4 i"", ""da-w"", ""db x"", ""ddut"", ""ddwy"", ""dhyr"", ""dj -"", ""dko?"", ""dmod"", ""dn 2"", ""dn r"", ""dni)"", ""do.d"", ""dom@"", ""dsax"", ""dtfi"", ""dtsj"", ""du-e"", ""duwr"", ""dwyd"", ""dyty"", ""e #&"", ""e jl"", ""e'iv"", ""e'of"", ""e* ("", ""e-t:"", ""e.dk"", ""e.in"", ""e; r"", ""eaap"", ""ee) "", ""eeum"", ""ehax"", ""eip "", ""ejpe"", ""ejts"", ""ekk-"", ""emd:"", ""emt?"", ""emtm"", ""endd"", ""epix"", ""epzi"", ""er4l"", ""erkb"", ""ers2"", ""et_x"", ""ev'r"", ""eweo"", ""exwr"", ""eya/"", ""ezyo"", ""f? y"", ""fae:"", ""faho"", ""fe!!"", ""fix!"", ""fk/h"", ""flep"", ""fogn"", ""fox1"", ""fru?"", ""fsi:"", ""fsk "", ""ft-a"", ""ftf:"", ""fudu"", ""fukr"", ""fun2"", ""fxen"", ""fyn'"", ""g'ol"", ""g(o)"", ""g) p"", ""g-yi"", ""g@me"", ""gadm"", ""gagc"", ""gajr"", ""gaoo"", ""gavu"", ""gbff"", ""ge':"", ""geej"", ""geh,"", ""geju"", ""gekh"", ""geo."", ""gex:"", ""gezh"", ""ggem"", ""ggik"", ""ghdr"", ""ghfa"", ""ghmk"", ""gipu"", ""glo*"", ""gmaj"", ""gmuh"", ""gocm"", ""goec"", ""gojr"", ""gp w"", ""gp50"", ""gpia"", ""gq j"", ""grdi"", ""grp "", ""gshy"", ""gsig"", ""gtd:"", ""gtr2"", ""gtu "", ""guhu"", ""gwla"", ""gwu'"", ""gxak"", ""gy)a"", ""gyea"", ""gymt"", ""gyub"", ""h'ra"", ""h.5."", ""h2no"", ""h420"", ""h: x"", ""h_eq"", ""ha'j"", ""haex"", ""haqz"", ""hawm"", ""haz:"", ""hb c"", ""hcw:"", ""hd u"", ""hdeh"", ""hepz"", ""hexw"", ""hezy"", ""hga "", ""hi!j"", ""hiiu"", ""hkq "", ""hlu "", ""hmku"", ""hoai"", ""hoys"", ""hpw "", ""hruw"", ""hrw/"", ""htef"", ""htkl"", ""hub-"", ""hucl"", ""hugm"", ""huii"", ""huog"", ""hy 9"", ""hyaz"", ""hyty"", ""i a!"", ""i jd"", ""i!ja"", ""i'mp"", ""i-94"", ""i-bn"", ""i.me"", ""i.wi"", ""i; o"", ""i`m "", ""iad'"", ""ian3"", ""iarb"", ""iavn"", ""ic +"", ""id4 "", ""ie @"", ""iey "", ""ifa'"", ""ihm:"", ""ihrl"", ""iiui"", ""iium"", ""ijsg"", ""ik-f"", ""ikdu"", ""ini;"", ""iouh"", ""ippw"", ""ir-g"", ""ir.c"", ""irc:"", ""irs."", ""ive0"", ""ivm "", ""iwid"", ""iwr:"", ""ix x"", ""ixja"", ""izvl"", ""j'in"", ""jad,"", ""jajs"", ""jamj"", ""jawl"", ""je-w"", ""jeej"", ""jeu-"", ""jf d"", ""jfet"", ""ji-j"", ""jifi"", ""jke,"", ""jnti"", ""jolm"", ""jpev"", ""jsah"", ""jsge"", ""jtsu"", ""juuo"", ""k t4"", ""k-16"", ""k-ts"", ""k/hr"", ""k3d-"", ""ka'o"", ""kao)"", ""kduk"", ""kem!"", ""kgyi"", ""kh-b"", ""kiap"", ""kijn"", ""kiz:"", ""kje)"", ""kk'd"", ""kk-l"", ""kn' "", ""knej"", ""kokm"", ""kpaa"", ""kq i"", ""kruj"", ""l! 5"", ""l! 6"", ""l! 9"", ""l'ah"", ""l'ck"", ""l'to"", ""l+li"", ""l-ob"", ""l. &"", ""l.kn"", ""lamz"", ""lbdr"", ""ldu?"", ""le-2"", ""lel'"", ""let;"", ""let_"", ""lfta"", ""lgwu"", ""lin;"", ""lirh"", ""ljke"", ""ll'c"", ""ll.k"", ""lmex"", ""lmi:"", ""lo*r"", ""lov."", ""lt-r"", ""luhh"", ""lvde"", ""lz 5"", ""m .4"", ""m@mi"", ""ma',"", ""mel."", ""mfam"", ""mipi"", ""mnoc"", ""mo-j"", ""mo@l"", ""mog."", ""moi-"", ""moyt"", ""mp 5"", ""mp 6"", ""mrab"", ""mtme"", ""n 8f"", ""n a*"", ""n(d)"", ""n.1."", ""n2sh"", ""n:19"", ""nafy"", ""ne.d"", ""nejp"", ""ngbj"", ""nggs"", ""ngxa"", ""ni; "", ""nis;"", ""nivm"", ""nkza"", ""nokm"", ""nolm"", ""nryv"", ""nvut"", ""nyki"", ""nyv "", ""nze'"", ""nzhd"", ""nzvo"", ""o)od"", ""o*ri"", ""o@lv"", ""ob'a"", ""oc 6"", ""ocme"", ""od+("", ""oeal"", ""oeb:"", ""oetn"", ""ofeg"", ""oinp"", ""ojiw"", ""okgi"", ""okh-"", ""okm "", ""om@m"", ""omo@"", ""oog:"", ""oshr"", ""osjo"", ""osks"", ""oup;"", ""ow.y"", ""ox11"", ""oxx'"", ""p ul"", ""p'oc"", ""p506"", ""pahr"", ""pap'"", ""phy!"", ""pm 4"", ""ppwo"", ""ppy)"", ""pvel"", ""pw o"", ""q vi"", ""qsha"", ""quns"", ""qzaa"", ""r 9."", ""r'ns"", ""r(gy"", ""r4lo"", ""rabp"", ""rasd"", ""rau2"", ""rcmo"", ""rd')"", ""rdke"", ""rdkn"", ""rdyi"", ""rdyr"", ""re.i"", ""rehz"", ""rekg"", ""rg?:"", ""ri*a"", ""rjit"", ""rjja"", ""rke!"", ""rkn'"", ""rrf:"", ""rs.o"", ""rsah"", ""rtqu"", ""ruwo"", ""rw/l"", ""rz-l"", ""s' 5"", ""s.ou"", ""s? r"", ""sdef"", ""sdij"", ""sh42"", ""shkq"", ""so-t"", ""sok?"", ""sriw"", ""ssyu"", ""sugs"", ""suu:"", ""t 8)"", ""t/ii"", ""t?!."", ""ta-i"", ""tam)"", ""td. "", ""te* "", ""tek'"", ""ter4"", ""tgea"", ""tgor"", ""th_e"", ""thih"", ""tk-4"", ""tr2:"", ""ttoe"", ""tyln"", ""tz 8"", ""tzt)"", ""u f:"", ""u hw"", ""u uo"", ""ub'u"", ""ubcp"", ""uc p"", ""uckj"", ""ughd"", ""ughf"", ""uhe."", ""uiii"", ""ujif"", ""uka."", ""ukjo"", ""ukk'"", ""uksd"", ""ukye"", ""ul+l"", ""uldd"", ""ulll"", ""un(d"", ""un-y"", ""un2s"", ""uoge"", ""uoi,"", ""uosu"", ""uoza"", ""upiv"", ""urgz"", ""us ."", ""uuh "", ""uuok"", ""uw n"", ""uyz "", ""v zv"", ""v'ec"", ""v'ry"", ""vaot"", ""ve09"", ""vehu"", ""vgyu"", ""vi/a"", ""vm n"", ""vnsh"", ""vunz"", ""vuut"", ""w. 2"", ""w.yo"", ""weod"", ""wg 2"", ""widj"", ""wiiv"", ""wixi"", ""wmps"", ""wnej"", ""wnwo"", ""wrab"", ""wydi"", ""wz 6"", ""x x1"", ""x! t"", ""x11 "", ""xcat"", ""xen:"", ""xitr"", ""xjan"", ""xwre"", ""xxur"", ""y 05"", ""y bk"", ""y ds"", ""y tk"", ""y z:"", ""y) n"", ""y)ar"", ""y-cu"", ""y.s."", ""yao!"", ""ybo'"", ""ydio"", ""yefr"", ""yime"", ""yl 2"", ""ylni"", ""ymta"", ""yok:"", ""yrav"", ""yrva"", ""yshr"", ""yub'"", ""yueo"", ""yugm"", ""yv -"", ""yv i"", ""yzok"", ""z 3w"", ""z 6 "", ""z 64"", ""z 88"", ""z o'"", ""z-e?"", ""z-ku"", ""zer("", ""zgon"", ""zhoj"", ""zi ."", ""zivv"", ""zo +"", ""zomn"", ""zt) "", ""ztam"", ""zyfa"", ""zza.""]",760,1,155,0.0064516129032258064
4,block_infix_fingerprint_v004.json,128,local_split_entropy_equivalence_classes,154,4,0.0,0.1,title,title,86, #03,"["" #03"", ""ebs?"", ""nr: "", ""t.la""]",4,2,155,0.012903225806451613
4,block_infix_fingerprint_v004.json,128,local_split_entropy_equivalence_classes,154,4,0.0,0.1,title,title,87, #09,"["" #09""]",1,3,155,0.01935483870967742
4,block_infix_fingerprint_v004.json,128,local_split_entropy_equivalence_classes,154,4,0.0,0.1,title,title,88,  br,"[""  br"", "" 0-5"", "" 16'"", "" 2-6"", "" 21?"", "" 53,"", "" 5:e"", "" bgm"", "" czi"", "" d u"", "" d''"", "" d-i"", "" dfb"", "" esd"", "" g'h"", "" i-7"", "" ie!"", "" m r"", "" nw "", "" oc:"", "" ps!"", "" r e"", "" sh#"", ""! dy"", ""! kv"", ""!!? "", ""!/en"", ""#118"", ""#119"", ""#155"", ""#189"", ""#203"", ""#212"", ""#214"", ""#229"", ""#235"", ""#252"", ""#253"", ""#260"", ""#280"", ""#282"", ""#287"", ""#289"", ""#292"", ""#299"", ""#301"", ""#304"", ""#318"", ""#328"", ""#330"", ""#332"", ""#345"", ""#353"", ""#364"", ""#367"", ""#368"", ""#375"", ""#379"", ""#381"", ""#387"", ""#390"", ""#409"", ""#418"", ""#433"", ""#441"", ""#445"", ""#447"", ""#483"", ""#486"", ""#492"", ""#496"", ""#497"", ""#499"", ""#509"", ""#516"", ""#520"", ""#528"", ""#535"", ""#541"", ""#547"", ""#548"", ""#551"", ""#553"", ""#848"", ""#854"", ""#856"", ""#863"", ""#868"", ""#877"", ""#890"", ""#895"", ""#897"", ""#898"", ""#90 "", ""#903"", ""#910"", ""#911"", ""#912"", ""#913"", ""#919"", ""#921"", ""#925"", ""#942"", ""#943"", ""#944"", ""#96 "", ""#973"", ""#982"", ""#t t"", ""& gn"", ""& ok"", ""&c p"", ""''em"", ""'61/"", ""'fus"", ""'jup"", ""'or'"", ""(gua"", ""(h)a"", ""(t)i"", "")aus"", "")iss"", ""*fig"", "", e!"", ""- 'v"", ""-4 d"", ""-9 q"", ""-eki"", ""-f a"", ""-iq/"", ""-nyt"", ""-oxi"", ""..tv"", "".28:"", "".jin"", "".pop"", ""/'ti"", ""/*fi"", ""/10-"", ""/bop"", ""/cei"", ""/dac"", ""/ied"", ""/jis"", ""/mya"", ""/pte"", ""/t.r"", ""0 xs"", ""0-5 "", ""00 x"", ""00x "", ""010'"", ""05 i"", ""0x f"", ""1) g"", ""1/01"", ""1/do"", ""100g"", ""100x"", ""11/d"", ""16' "", ""189 "", ""1:08"", ""2-ny"", ""252 "", ""260 "", ""280,"", ""282 "", ""292 "", ""304 "", ""367 "", ""368 "", ""379 "", ""390 "", ""4 is"", ""409 "", ""41 '"", ""424 "", ""433 "", ""445 "", ""46 g"", ""483 "", ""488 "", ""496 "", ""497 "", ""5' n"", ""509 "", ""50:5"", ""535 "", ""541 "", ""547 "", ""553 "", ""5:e "", ""6' w"", ""61/o"", ""64 i"", ""70 k"", ""78 u"", ""8 sn"", "": 54"", "":e k"", ""? & "", ""? mr"", ""?' g"", ""?/ov"", ""a d:"", ""aa-d"", ""aal!"", ""ad 0"", ""ad'a"", ""adci"", ""afzo"", ""aiod"", ""an3'"", ""auws"", ""bchl"", ""bdo'"", ""bgm "", ""bor."", ""bozl"", ""bse-"", ""c*ol"", ""c-wr"", ""ca/e"", ""camf"", ""cioj"", ""ck!'"", ""ckhi"", ""cs/n"", ""cue)"", ""czif"", ""d 05"", ""d''e"", ""d'fu"", ""d.de"", ""d/up"", ""d23'"", ""da!/"", ""dadc"", ""dbuy"", ""dcip"", ""df-s"", ""doh!"", ""dr.j"", ""dr0n"", ""dr2-"", ""ds?!"", ""dubw"", ""duid"", ""duzh"", ""dv p"", ""dye!"", ""e&c "", ""e- &"", ""e/mm"", ""e/pt"", ""ec*o"", ""eddr"", ""eg ."", ""eid-"", ""ejdm"", ""ejsm"", ""em?'"", ""eooh"", ""ep/9"", ""ep/k"", ""epsg"", ""euor"", ""ewtv"", ""ex!/"", ""ez-o"", ""f rr"", ""f-fo"", ""f-so"", ""f/'t"", ""f?' "", ""fan3"", ""fde'"", ""ff/'"", ""fgep"", ""fhua"", ""foy,"", ""ftlm"", ""fup?"", ""g  b"", ""g'ha"", ""gm o"", ""h 'a"", ""h#t "", ""h)au"", ""h-tr"", ""h/nu"", ""hkot"", ""hl '"", ""hl-v"", ""hny-"", ""ho?!"", ""hrth"", ""htpi"", ""hy '"", ""i+ j"", ""i-70"", ""i-iq"", ""i/ie"", ""i/ob"", ""i/um"", ""if?'"", ""ijp/"", ""ikh:"", ""il ."", ""ilgh"", ""ili+"", ""innw"", ""inqt"", ""ip/l"", ""iq/p"", ""irfe"", ""ixbr"", ""ixim"", ""jaxe"", ""jkto"", ""jlsk"", ""jp/p"", ""js 2"", ""jsmu"", ""kotf"", ""ku'b"", ""kuhg"", ""l -r"", ""l 0-"", ""l 2-"", ""li+ "", ""lig'"", ""lip."", ""llck"", ""lmli"", ""lsva"", ""lytv"", ""lzuc"", ""m k3"", ""md k"", ""me/1"", ""mim!"", ""mlia"", ""mn!!"", ""mpmo"", ""n-ek"", ""n.de"", ""n/*f"", ""n3's"", ""nah."", ""nec*"", ""neuo"", ""ng  "", ""nmij"", ""nqta"", ""nw w"", ""nyu/"", ""o 4,"", ""o rx"", ""o!!?"", ""o-ox"", ""o/om"", ""oagg"", ""oam?"", ""obly"", ""ocst"", ""oe?!"", ""oekz"", ""ohl!"", ""oja?"", ""olml"", ""opth"", ""or*o"", ""oth)"", ""ow-k"", ""p/91"", ""p/k-"", ""pabz"", ""pcw "", ""pf-f"", ""pi-d"", ""po'b"", ""psog"", ""ptfi"", ""q/pr"", ""qta "", ""r-27"", ""r.ji"", ""r0ne"", ""r2-n"", ""rd-t"", ""rd.d"", ""rez)"", ""rfup"", ""rilg"", ""rixb"", ""ro'?"", ""rr/n"", ""rstg"", ""rulp"", ""rygn"", ""rz-d"", ""rz-h"", ""rzkr"", ""s df"", ""s!/e"", ""s!/o"", ""s/rh"", ""sacj"", ""sc 4"", ""sh#t"", ""sho*"", ""sly-"", ""ssth"", ""sy/w"", ""syu!"", ""t 2c"", ""t)is"", ""t/k-"", ""t/m."", ""t/o."", ""t/ts"", ""tad?"", ""tb's"", ""tfui"", ""tkip"", ""tlc,"", ""toag"", ""tor*"", ""touo"", ""ttdi"", ""tzso"", ""u!/i"", ""u's/"", ""u/d2"", ""ufsb"", ""uord"", ""uttd"", ""uyl "", ""v-id"", ""vad,"", ""vem,"", ""voph"", ""w vr"", ""w-ku"", ""w.mo"", ""wn/*"", ""ww t"", ""x!/n"", ""xa q"", ""xbru"", ""xt-a"", ""y 78"", ""y? &"", ""ya/m"", ""ygim"", ""ympr"", ""yo/f"", ""yu/d"", ""z-do"", ""z-hi"", ""z-om"", ""zit/"", ""zsoh"", ""zudr"", ""zvia"", ""zymp"", ""zzhi""]",469,1,155,0.0064516129032258064
4,block_infix_fingerprint_v004.json,128,local_split_entropy_equivalence_classes,154,4,0.0,0.1,title,title,89, ! t,"["" ! t"", "" #6/"", "" #9-"", "" (oh"", "" 0 f"", "" 10r"", "" 2)/"", "" 4 +"", "" 4k,"", "" 5-k"", "" 8.6"", "" 9/k"", "" as?"", "" brc"", "" c &"", "" e/p"", "" h l"", "" hx3"", "" iea"", "" m40"", "" mi/"", "" n.z"", "" nv'"", "" oup"", "" p/j"", "" pff"", "" pkk"", "" ps1"", "" qau"", "" rvc"", "" rzi"", "" sk1"", "" tx3"", "" wgv"", "" wx3"", "" yme"", "" ~ t"", ""! e?"", ""! xo"", ""!/yo"", ""!?/b"", ""!?/f"", ""!?/h"", ""#6/v"", ""#655"", ""#669"", ""#9-1"", ""$ ba"", ""$$ b"", ""$70 "", ""& kw"", ""& ub"", ""' h2"", ""' oe"", ""'dim"", ""'hyo"", ""'in:"", ""'lym"", ""'tij"", ""'v'/"", ""(fug"", ""(nyu"", ""(oht"", ""(sno"", ""*tty"", "", 4k"", "", hx"", "", tz"", ""- #6"", ""- pd"", ""-140"", ""-7 a"", ""-??)"", ""-od "", ""-siu"", "". 7g"", ""../d"", ""./ge"", "".eli"", "".nor"", "".pai"", ""/ac/"", ""/aeg"", ""/d-n"", ""/d.a"", ""/ebb"", ""/elt"", ""/heg"", ""/ibf"", ""/ju "", ""/kot"", ""/lo-"", ""/nep"", ""/orn"", ""/pbb"", ""/s.o"", ""/sp "", ""/tuv"", ""/twd"", ""/vig"", ""0-cr"", ""10rb"", ""12-?"", ""14-a"", ""2)/s"", ""2-??"", ""34 y"", ""340-"", ""35 n"", ""4 + "", ""4k a"", ""4k, "", ""5-ki"", ""5ift"", ""6/12"", ""6/ve"", ""669 "", ""69-2"", ""8 tv"", ""9-1/"", ""9/k "", "": xp"", ""?? t"", ""@ wi"", ""_aba"", ""_roy"", ""a !!"", ""a z,"", ""a-ov"", ""a/jm"", ""a/pb"", ""a/wb"", ""aa-g"", ""aac!"", ""aasv"", ""ac! "", ""ae!/"", ""ak/e"", ""aks."", ""akt."", ""amhn"", ""ampj"", ""amub"", ""ao/v"", ""ao?!"", ""aqun"", ""asuz"", ""asyj"", ""atsj"", ""auod"", ""awi/"", ""ax/j"", ""azpe"", ""b/sm"", ""ba/w"", ""bc/i"", ""bcd."", ""bd j"", ""bdit"", ""bh h"", ""bi/g"", ""bosr"", ""box."", ""bs-r"", ""bslk"", ""bur!"", ""c/bl"", ""c/ib"", ""ca/v"", ""casd"", ""cd.."", ""cek/"", ""cjim"", ""cm k"", ""coo'"", ""ctau"", ""cusq"", ""d's/"", ""d_ab"", ""d_ro"", ""da-p"", ""ddco"", ""ddfa"", ""ddyj"", ""deuu"", ""di/n"", ""dil'"", ""dkuc"", ""dobk"", ""dpyr"", ""dso/"", ""dupm"", ""e a5"", ""e m4"", ""e p/"", ""e!/k"", ""e'un"", ""e-15"", ""eb/t"", ""ebso"", ""eefh"", ""egd "", ""egl "", ""ei-u"", ""ejlr"", ""ejwo"", ""eorw"", ""erz)"", ""euup"", ""ewcl"", ""ewem"", ""ex-7"", ""ez/y"", ""ezuw"", ""f 2!"", ""f x9"", ""f/av"", ""f/rh"", ""f4u "", ""fboe"", ""fc &"", ""fdge"", ""feep"", ""ffta"", ""fpfe"", ""fs/g"", ""ftsi"", ""ftt."", ""fyes"", ""fzuh"", ""gaif"", ""gaoh"", ""gcol"", ""gd s"", ""gdli"", ""gedm"", ""gjum"", ""gl s"", ""go/k"", ""gse?"", ""gumf"", ""gv s"", ""gyml"", ""gzus"", ""h*tt"", ""hihy"", ""hoav"", ""ht ~"", ""hujh"", ""hwum"", ""hx30"", ""i), "", ""i/at"", ""i/gu"", ""i; n"", ""ibeb"", ""ibsl"", ""icnj"", ""iee?"", ""iekb"", ""ijfb"", ""iji)"", ""ilzw"", ""imo)"", ""in!:"", ""iyeb"", ""izzt"", ""j av"", ""j e-"", ""j, g"", ""jazp"", ""jfbo"", ""jhiy"", ""ji? "", ""jij!"", ""jlre"", ""jna!"", ""jopp"", ""jr/f"", ""juam"", ""jyyt"", ""k 4k"", ""k a$"", ""k/yv"", ""k2 p"", ""kah:"", ""kbak"", ""kiuu"", ""kna."", ""knix"", ""ksgr"", ""ktv/"", ""ku !"", ""kua,"", ""l bf"", ""l j,"", ""l/i,"", ""l/zi"", ""ldeh"", ""ldpy"", ""lgse"", ""lhuj"", ""liih"", ""ljap"", ""lk'i"", ""lmdi"", ""lo-k"", ""lov/"", ""lpme"", ""lref"", ""luv,"", ""luvd"", ""lv p"", ""m #6"", ""m-41"", ""m10 "", ""m40 "", ""mao/"", ""mawg"", ""mjub"", ""mnf "", ""moeh"", ""mubl"", ""n pk"", ""n-et"", ""n/b."", ""n/d-"", ""n/kc"", ""n/u2"", ""nbi/"", ""nbyu"", ""nea?"", ""nf d"", ""ng'?"", ""ngii"", ""ngzu"", ""ni),"", ""nirl"", ""nk-1"", ""nkeo"", ""nkoz"", ""noal"", ""nse8"", ""nt??"", ""nv' "", ""nwab"", ""o 4x"", ""o/ae"", ""o? 2"", ""od_a"", ""od_r"", ""oddc"", ""odyf"", ""oehe"", ""oex "", ""ofdg"", ""ohe,"", ""okcl"", ""olmd"", ""os/g"", ""oui'"", ""ouid"", ""ov/s"", ""oxo:"", ""pa?!"", ""pds "", ""pfft"", ""pkk-"", ""pmig"", ""pomt"", ""pov?"", ""ps1 "", ""psaa"", ""psra"", ""pytu"", ""q wh"", ""qauo"", ""r-dr"", ""rab)"", ""rfo'"", ""riib"", ""rpsr"", ""rr/h"", ""rsap"", ""rsuv"", ""rt/y"", ""rtkl"", ""rufp"", ""rx10"", ""ry ~"", ""s rp"", ""s ym"", ""s'ok"", ""s.el"", ""s/kz"", ""s/s."", ""s1 g"", ""sat-"", ""sbd "", ""sdod"", ""se/5"", ""sf-t"", ""sfav"", ""sjol"", ""sk 9"", ""sktv"", ""slka"", ""smo/"", ""so/p"", ""sp j"", ""srys"", ""stjy"", ""su./"", ""sukb"", ""suo)"", ""syit"", ""t wg"", ""t wx"", ""t ~ "", ""t-f4"", ""t/eb"", ""t20:"", ""ta !"", ""tf, "", ""thmn"", ""thwu"", ""tii,"", ""tinr"", ""tj r"", ""tjyl"", ""tny/"", ""tt/v"", ""tuys"", ""tviu"", ""twdy"", ""tx30"", ""tyib"", ""typr"", ""tzu,"", ""u ! "", ""u uj"", ""u!/y"", ""u./h"", ""ufpf"", ""ugdl"", ""ugsd"", ""ugu)"", ""ulmb"", ""um-4"", ""usgl"", ""utuy"", ""uu &"", ""uvdi"", ""uvix"", ""uwve"", ""ux/s"", ""uysi"", ""v' b"", ""v'/a"", ""v/mo"", ""v/sv"", ""var."", ""vc s"", ""vcrs"", ""ve-1"", ""vio."", ""viut"", ""vm v"", ""vrsu"", ""vs.e"", ""vu j"", ""vuhi"", ""w pc"", ""w pf"", ""w z8"", ""wba/"", ""wcle"", ""wgv "", ""wi/r"", ""wtf,"", ""wver"", ""wx30"", ""x-35"", ""x-7 "", ""x/su"", ""x300"", ""xa j"", ""xabr"", ""xabu"", ""xo u"", ""xo:)"", ""xx/b"", ""y a9"", ""y?/u"", ""ya 9"", ""yf 2"", ""ymej"", ""ymle"", ""ys/q"", ""yst!"", ""ysyv"", ""yte/"", ""ytuo"", ""yues"", ""yze/"", ""z ry"", ""z, 4"", ""z/d."", ""z/ye"", ""zolk"", ""zper"", ""zra?"", ""ztay"", ""zuwi"", ""zy x"", ""zzum"", ""~ la"", ""~ tr""]",518,1,155,0.0064516129032258064
4,block_infix_fingerprint_v004.json,128,local_split_entropy_equivalence_classes,154,4,0.0,0.1,title,title,90, !!!,"["" !!!"", "" '15"", "" - $"", "" 21h"", "" 3d."", "" 41?"", "" 6,5"", "" 8'4"", "" [bi"", "" a't"", "" cja"", "" d12"", "" e '"", "" esn"", "" icu"", "" if,"", "" iia"", "" jj'"", "" l.m"", "" llp"", "" n 4"", "" n 6"", "" n 8"", "" nxh"", "" ocl"", "" rrp"", "" vdb"", "" wc:"", "" x20"", ""#$*!"", ""#*%e"", ""#180"", ""#3 n"", ""$*! "", ""'22 "", ""'43 "", ""'ku "", ""'n't"", ""'nov"", ""'pee"", ""'t 2"", ""'t 7"", ""(a n"", ""(a)m"", ""(doe"", ""(e n"", ""(fus"", ""(he)"", ""(r) "", ""(tap"", "")art"", "")mor"", "")nib"", ""*! d"", ""*%ed"", "", 3!"", "", rn"", "",5 r"", ""- $5"", ""- (t"", ""- 35"", ""-- j"", ""---?"", ""-5-2"", ""-864"", ""-@#*"", ""-ebi"", ""-gly"", ""-gwy"", ""-kgb"", ""-kke"", ""-po "", ""-pyt"", ""-syl"", ""-vst"", ""-wyd"", ""-yvo"", ""-zaa"", "". !!"", "". jf"", "". oy"", "".. !"", "".fur"", "".me."", "".mob"", "".re."", "".s.."", "".sor"", "".woh"", ""/113"", ""/heu"", ""/hie"", ""/m f"", ""/ucc"", ""2 '1"", ""2 oo"", ""203:"", ""22 '"", ""3 '2"", ""355:"", ""358:"", ""361:"", ""3max"", ""5 uo"", ""6,5 "", ""64-2"", ""7nin"", ""8'47"", ""821 "", ""864:"", ""942."", ""992?"", "": d1"", "": m*"", "":003"", ""; 3 "", ""@#*%"", ""@men"", ""[bil"", ""_427"", ""a nb"", ""a$: "", ""a'to"", ""a)mo"", ""a-vs"", ""a/uc"", ""absv"", ""af-o"", ""ahh:"", ""ahhs"", ""ahht"", ""aj 9"", ""ajh "", ""alvy"", ""an'w"", ""an-v"", ""apny"", ""as_4"", ""aua,"", ""auah"", ""awy."", ""b! c"", ""b? a"", ""bat."", ""bawh"", ""be'm"", ""bgas"", ""br d"", ""buxb"", ""c '0"", ""c 38"", ""c 94"", ""c 95"", ""c 96"", ""c 97"", ""c-py"", ""caaa"", ""cce$"", ""ce$s"", ""cgog"", ""chn!"", ""cjas"", ""ckik"", ""cpro"", ""csva"", ""ct!:"", ""d '?"", ""d (#"", ""d g7"", ""d p "", ""d rr"", ""d vk"", ""den]"", ""dfos"", ""dhyo"", ""dl r"", ""dmuk"", ""dmy'"", ""drua"", ""ds)."", ""dsno"", ""dub?"", ""dyaa"", ""dyok"", ""dzhb"", ""e y2"", ""e)ar"", ""e-@#"", ""e7ni"", ""e:00"", ""e? 5"", ""e? 6"", ""e? 7"", ""eak)"", ""ee7n"", ""egt?"", ""egvu"", ""eho!"", ""eioe"", ""ejo-"", ""eki2"", ""el.m"", ""el_0"", ""elb,"", ""em; "", ""eno)"", ""eny!"", ""ep07"", ""est~"", ""et'k"", ""euad"", ""ewmi"", ""ezwo"", ""f 33"", ""f 3c"", ""fa-i"", ""fadg"", ""fct:"", ""fe-y"", ""fodo"", ""fs 6"", ""fto?"", ""g hd"", ""g s/"", ""g44:"", ""gaap"", ""gby?"", ""geue"", ""gixe"", ""gly,"", ""gps?"", ""gveg"", ""gzez"", ""h-wy"", ""hah'"", ""hdoj"", ""he)a"", ""hfe-"", ""hfeh"", ""hgip"", ""hhoy"", ""hk v"", ""hle:"", ""hr3e"", ""hsot"", ""hupl"", ""hy q"", ""i 6,"", ""i cj"", ""i e,"", ""i-kk"", ""i2 -"", ""iahu"", ""ias_"", ""icpr"", ""idsn"", ""idy/"", ""ieom"", ""ijgz"", ""ijod"", ""imb."", ""inqi"", ""iol@"", ""ir ["", ""ir.1"", ""isqv"", ""ita$"", ""itrv"", ""iuaq"", ""iuuu"", ""izez"", ""iztl"", ""j 99"", ""jahh"", ""jce "", ""jf g"", ""jgze"", ""jjhu"", ""jr 2"", ""jwaa"", ""k's,"", ""k025"", ""kg 9"", ""kg u"", ""khso"", ""ki2 "", ""kme-"", ""kooy"", ""kr e"", ""ksov"", ""l'si"", ""l.mo"", ""lb, "", ""le:0"", ""led5"", ""lem;"", ""lev."", ""lizt"", ""lki!"", ""lmc "", ""lmu."", ""lnuk"", ""lsle"", ""lum."", ""lva!"", ""lybn"", ""m cn"", ""m cv"", ""m jy"", ""m'ex"", ""m-kg"", ""may?"", ""me-@"", ""mfi "", ""mgid"", ""mjum"", ""mo!!"", ""mok?"", ""mpf:"", ""ms-p"", ""mshc"", ""mukb"", ""mv 6"", ""n 7a"", ""n.fu"", ""n; 3"", ""n? 4"", ""nc '"", ""ncsv"", ""ne.n"", ""nelp"", ""nes$"", ""ng44"", ""ngyb"", ""nh a"", ""njax"", ""nkfy"", ""nkym"", ""nmaf"", ""nolf"", ""nty1"", ""nu-s"", ""numj"", ""nxhe"", ""ny.h"", ""nyfo"", ""o-eb"", ""o-oa"", ""o-os"", ""o.so"", ""o3ma"", ""oaas"", ""oapw"", ""odi?"", ""odmu"", ""ombw"", ""ooym"", ""op) "", ""opiz"", ""opp."", ""orfn"", ""orp!"", ""osru"", ""otef"", ""oxdo"", ""oxx?"", ""p 'l"", ""p 4x"", ""p uw"", ""p) f"", ""p07 "", ""paoh"", ""peu."", ""pho?"", ""pi-g"", ""pnoy"", ""powl"", ""pp. "", ""psag"", ""pu 5"", ""pyry"", ""q1-4"", ""qipr"", ""qnar"", ""qvil"", ""r [b"", ""r dx"", ""r) u"", ""r-mc"", ""r.1."", ""raf-"", ""rafc"", ""rdi)"", ""rdi?"", ""ree7"", ""rfa-"", ""rfna"", ""rgsa"", ""rkss"", ""rnc "", ""rnu-"", ""rooa"", ""rrp "", ""rshp"", ""rt-8"", ""rtgy"", ""rub,"", ""ruuz"", ""rvo'"", ""rvvi"", ""rygv"", ""rzzo"", ""s 8'"", ""s'n'"", ""s). "", ""s? u"", ""s_42"", ""siua"", ""sk-o"", ""sotl"", ""sqvi"", ""st-1"", ""st~b"", ""suod"", ""suzk"", ""t jj"", ""t q'"", ""t): "", ""t-8:"", ""t-yv"", ""t.wo"", ""ta$:"", ""ta/e"", ""tat;"", ""tbe'"", ""ten@"", ""tgys"", ""thez"", ""ti 5"", ""tk02"", ""tkyr"", ""tlmc"", ""tnn'"", ""tokm"", ""tosq"", ""toxd"", ""tr(a"", ""trne"", ""trvv"", ""ts'n"", ""tt):"", ""ttew"", ""ttv:"", ""tu(a"", ""tuzp"", ""tv8 "", ""tvap"", ""tvif"", ""tvof"", ""tvtt"", ""ty12"", ""tyfe"", ""t~bo"", ""u #8"", ""u(a)"", ""u-16"", ""u-86"", ""u.h."", ""u/k-"", ""u701"", ""ub? "", ""udy;"", ""ue(r"", ""ue-v"", ""ujjh"", ""umgi"", ""un.f"", ""uqna"", ""urng"", ""utt)"", ""uum)"", ""uurn"", ""uuul"", ""uuzu"", ""uxau"", ""uxbu"", ""uyay"", ""uydc"", ""uyui"", ""uzke"", ""uzoe"", ""uzpr"", ""uzvi"", ""v-di"", ""v-fe"", ""v-jo"", ""v-ju"", ""v615"", ""v8 m"", ""va'y"", ""vaac"", ""vai!"", ""vamh"", ""vdb "", ""vdl "", ""vel_"", ""viff"", ""vifr"", ""viuu"", ""vivs"", ""vloc"", ""vmv "", ""vo3m"", ""vock"", ""vofo"", ""vtr "", ""vtto"", ""vue-"", ""vur,"", ""vyki"", ""vzlo"", ""w e "", ""w ry"", ""w-rh"", ""wa 9"", ""wa.r"", ""wae?"", ""waok"", ""wc-p"", ""wd &"", ""wdec"", ""we ("", ""wes-"", ""winm"", ""wo-o"", ""wy. "", ""wyde"", ""x-14"", ""x20 "", ""x4 w"", ""xaua"", ""xdol"", ""xen!"", ""xhet"", ""xl o"", ""xor:"", ""xotx"", ""y.hu"", ""yce?"", ""ydco"", ""yfop"", ""yirt"", ""ykru"", ""yksa"", ""yloz"", ""ynca"", ""yo.s"", ""yryz"", ""yvep"", ""zapn"", ""zear"", ""zeh,"", ""zolv"", ""zos-"", ""ztse"", ""ztyk"", ""zvut"", ""zyly"", ""~bou""]",569,1,155,0.0064516129032258064
4,block_infix_fingerprint_v004.json,128,local_split_entropy_equivalence_classes,154,4,0.0,0.1,title,title,91, !/n,"["" !/n"", "" '27"", "" (6 "", "" -a-"", "" 0.6"", "" 30%"", "" 4tv"", "" a4 "", "" ak "", "" b'w"", "" c70"", "" cg:"", "" cpm"", "" e/o"", "" eju"", "" ezk"", "" g6 "", "" ilx"", "" kux"", "" m@d"", "" q p"", "" tl."", "" uim"", "" uy "", "" v.d"", "" wjm"", "" ysm"", ""! !/"", ""! (6"", ""! 9/"", ""!?/o"", ""\"" (p"", ""# 24"", ""$75,"", ""& ej"", ""&mis"", ""'27 "", ""'eyr"", ""'jaz"", ""'jet"", ""'pa "", ""'r, "", ""'re!"", ""'tog"", ""'up/"", ""(146"", ""(2)!"", ""(6 i"", ""(tws"", ""(yay"", "")! j"", ""***a"", ""*ass"", ""*h o"", ""- ow"", ""- p2"", ""- zh"", ""-90s"", ""-a- "", ""-ify"", ""-q m"", ""-wiz"", "". ds"", "".mur"", "".sip"", ""/ cr"", ""/160"", ""/a-2"", ""/ac-"", ""/c-1"", ""/hii"", ""/ho "", ""/ilt"", ""/ofu"", ""/oyu"", ""/suu"", ""/td'"", ""/tsa"", ""/uhr"", ""/usm"", ""/wwe"", ""/zel"", ""0's/"", ""0-br"", ""0.6 "", ""011!"", ""08! "", ""0s-9"", ""1! m"", ""1/mo"", ""11! "", ""14,0"", ""16k "", ""2)! "", ""3-f?"", ""34 w"", ""35is"", ""4,05"", ""46),"", ""51 t"", ""55-s"", ""580s"", ""6), "", ""634 "", ""6k s"", ""736 "", ""7:53"", ""8 gx"", ""8 yr"", ""8! m"", ""8, '"", ""8/sp"", ""80s-"", ""853-"", ""855-"", "":tim"", ""?/oy"", ""a m9"", ""a'r,"", ""a- d"", ""a-22"", ""a/16"", ""a/il"", ""a/of"", ""a/ts"", ""a/uh"", ""a4 s"", ""a4or"", ""abgw"", ""abiw"", ""ac-4"", ""agiw"", ""agy!"", ""amwl"", ""an'm"", ""an?."", ""aoz/"", ""asz:"", ""au '"", ""avlb"", ""ayln"", ""azoj"", ""b'wa"", ""b-q "", ""b/fu"", ""b/go"", ""b/na"", ""b4 1"", ""beg:"", ""bepr"", ""bg v"", ""bgwo"", ""biee"", ""byxi"", ""c g6"", ""c-th"", ""c/ne"", ""cg: "", ""chn "", ""cs q"", ""d cg"", ""da!\"""", ""ddiu"", ""decs"", ""di 9"", ""di/b"", ""diei"", ""dj v"", ""dl 2"", ""dt-b"", ""dub/"", ""dyns"", ""dzii"", ""e -d"", ""e e/"", ""e gx"", ""e/s."", ""e:li"", ""ehie"", ""em?!"", ""epme"", ""er&m"", ""er**"", ""errf"", ""esu)"", ""eta4"", ""ewts"", ""eyve"", ""f b'"", ""f fy"", ""f m@"", ""f/vi"", ""fae,"", ""faeg"", ""ffr "", ""fr 2"", ""ft q"", ""g c "", ""g qt"", ""g-wi"", ""g6 c"", ""g???"", ""geyv"", ""gfu,"", ""gifg"", ""girf"", ""gpop"", ""gsgj"", ""gt50"", ""gudf"", ""h ns"", ""h-uh"", ""h/sk"", ""hda?"", ""her*"", ""hlao"", ""hm ("", ""ho/a"", ""hoyh"", ""hs-i"", ""hsst"", ""i nd"", ""i q5"", ""iaor"", ""id. "", ""ijms"", ""ikbu"", ""ipuj"", ""irnu"", ""is.s"", ""it'd"", ""ivi/"", ""ivky"", ""ivl "", ""izvr"", ""jat/"", ""jmor"", ""jms "", ""jp p"", ""js/n"", ""k 'h"", ""k -a"", ""k/ww"", ""ka'r"", ""kkec"", ""kod!"", ""kro/"", ""krs!"", ""kswi"", ""kul?"", ""kux "", ""l:-)"", ""la/u"", ""lb/f"", ""ldji"", ""lf/v"", ""ln.."", ""lr i"", ""ltyl"", ""lydv"", ""lzet"", ""m-es"", ""m8/s"", ""mamw"", ""maoy"", ""mb/g"", ""mb/h"", ""me:l"", ""mfi:"", ""mj: "", ""mug,"", ""muwi"", ""mwf "", ""mwla"", ""mxg "", ""n! !"", ""n!?/"", ""n' ."", ""n'id"", ""n'ma"", ""n2 d"", ""n: \"""", ""nal4"", ""ndsn"", ""nepm"", ""niop"", ""nnop"", ""no55"", ""no56"", ""no58"", ""no63"", ""no69"", ""no73"", ""no81"", ""no83"", ""no90"", ""no94"", ""nu/p"", ""nuh-"", ""nuhn"", ""nuk!"", ""ny?)"", ""nyvt"", ""o c7"", ""o uy"", ""o.8,"", ""o100"", ""o102"", ""o125"", ""o129"", ""o132"", ""o133"", ""o148"", ""o158"", ""o159"", ""o162"", ""o165"", ""o169"", ""o174"", ""o182"", ""o185"", ""o194"", ""o196"", ""o197"", ""o200"", ""o202"", ""o209"", ""o226"", ""o235"", ""o242"", ""o246"", ""o256"", ""o281"", ""oaia"", ""ob 6"", ""oem:"", ""ojs/"", ""ol:-"", ""opu'"", ""or-k"", ""or/q"", ""otzg"", ""owsa"", ""ox/l"", ""oxo!"", ""oye'"", ""oyhe"", ""pa/1"", ""pam?"", ""pmes"", ""po/a"", ""po? "", ""ps's"", ""pum,"", ""qo: "", ""r wj"", ""r\"" ("", ""r&mi"", ""r' n"", ""r***"", ""r-ui"", ""r/18"", ""rlsk"", ""rma)"", ""rmza"", ""rnu/"", ""ro/y"", ""rsvr"", ""rubw"", ""s! 9"", ""s'up"", ""s) -"", ""s-90"", ""s-if"", ""s/1s"", ""s/bg"", ""s/c-"", ""s2 f"", ""s:ti"", ""sfob"", ""sg p"", ""smc "", ""sps "", ""sqo:"", ""ss:t"", ""sut/"", ""t wt"", ""t-ds"", ""t/aq"", ""t500"", ""ta/w"", ""ta4o"", ""ter&"", ""tgie"", ""tha)"", ""ti/h"", ""tkev"", ""tou?"", ""twss"", ""tyy-"", ""tzgu"", ""u) s"", ""ubgr"", ""uey/"", ""uh-u"", ""uji'"", ""ur-u"", ""uraq"", ""va/i"", ""va/t"", ""vi/o"", ""vio?"", ""vl i"", ""vlb/"", ""vrnu"", ""vrtn"", ""w' g"", ""w' i"", ""w-ap"", ""w-ex"", ""w.mu"", ""w/ c"", ""wdre"", ""wij?"", ""ws-r"", ""wss)"", ""xei?"", ""xg b"", ""xin-"", ""xinn"", ""xm8/"", ""xnif"", ""xoad"", ""y 'o"", ""y) 2"", ""yag,"", ""yda/"", ""ydve"", ""yecs"", ""ylty"", ""yno?"", ""ynt'"", ""yok."", ""ytyl"", ""yvta"", ""yy-p"", ""z c-"", ""z' '"", ""z-90"", ""zaap"", ""zi-d"", ""ziit"", ""znor"", ""znyj"", ""zs-l"", ""zuzo"", ""zzaa""]",457,1,155,0.0064516129032258064
4,block_infix_fingerprint_v004.json,128,local_split_entropy_equivalence_classes,154,4,0.0,0.1,title,title,92," "" d","["" \"" d"", "" 'vy"", "" (85"", "" (pq"", "" -sp"", "" 047"", "" 5-8"", "" 59e"", "" @. "", "" a5 "", "" af!"", "" ecz"", "" f9:"", "" lcs"", "" mgb"", "" myw"", "" nc/"", "" rfr"", "" vp'"", "" xjl"", ""!/le"", ""!? ("", ""\""miy"", ""# eq"", ""$ eq"", ""$1.7"", ""'cab"", ""'t! "", ""'vyz"", ""(2 e"", ""(85)"", ""(low"", ""(noa"", ""(pqp"", "",2 p"", ""-97q"", ""-l-i"", ""-puw"", ""-raa"", ""-rez"", ""-rox"", ""-u-d"", ""-uee"", ""-y/t"", ""..sh"", "".0t "", "".5/d"", "".75 "", ""/297"", ""/amn"", ""/azu"", ""/dmi"", ""/ild"", ""/m-u"", ""/nu "", ""/t-t"", ""0-97"", ""0-bi"", ""0-pi"", ""0/ni"", ""00/n"", ""005,"", ""0t t"", ""1/dr"", ""15/9"", ""2 (v"", ""2 aq"", ""2.0t"", ""245i"", ""296/"", ""2rau"", ""2th:"", ""3.5/"", ""325:"", ""47)!"", ""5 2."", ""5, c"", ""5/99"", ""5/do"", ""50-p"", ""535i"", ""59er"", ""7)!!"", ""7q-u"", ""96/2"", ""97q-"", ""9er "", "": (j"", "": f9"", ""?/m-"", ""@. k"", ""a t1"", ""a!/l"", ""a-2/"", ""a5 2"", ""aca?"", ""adt!"", ""aii)"", ""alfz"", ""aly."", ""an15"", ""aopp"", ""apu2"", ""arf,"", ""arvh"", ""avnu"", ""awey"", ""awsb"", ""b4 a"", ""bbyl"", ""bir:"", ""bn c"", ""bsze"", ""by? "", ""byls"", ""c \""m"", ""c gm"", ""c n "", ""c s'"", ""cavn"", ""cca?"", ""cd c"", ""cfac"", ""cfiz"", ""cge "", ""cjat"", ""cpac"", ""cpic"", ""cs!!"", ""csub"", ""ct!?"", ""ct/r"", ""cubc"", ""cuz?"", ""d yl"", ""d-fu"", ""d/ot"", ""ddra"", ""dihi"", ""dojd"", ""e k,"", ""e'pe"", ""eacj"", ""ealr"", ""edyb"", ""ee'p"", ""egke"", ""eh/j"", ""ehlf"", ""ep/q"", ""epcu"", ""epym"", ""er2n"", ""ev-l"", ""ew'd"", ""eygo"", ""ez/q"", ""f (s"", ""f dv"", ""f/pi"", ""f9:1"", ""fil,"", ""fl -"", ""for)"", ""fotf"", ""fr: "", ""frab"", ""fu/h"", ""fzev"", ""g ae"", ""g lt"", ""g-sl"", ""g/ph"", ""g37 "", ""gafr"", ""gda!"", ""gee,"", ""gghi"", ""ggy)"", ""go \"""", ""gsof"", ""gt5 "", ""gy) "", ""gymb"", ""h -d"", ""h fc"", ""h tl"", ""h/t-"", ""h: ("", ""hev-"", ""hivc"", ""hnbl"", ""hnt!"", ""hsup"", ""ht?:"", ""hte-"", ""i/ya"", ""ia)!"", ""ibi)"", ""icfa"", ""icpi"", ""ie/y"", ""ijkm"", ""ilk!"", ""ilzg"", ""ir-y"", ""isry"", ""iuon"", ""ivi?"", ""iz! "", ""j (t"", ""j-si"", ""jay!"", ""jesf"", ""jfre"", ""jit?"", ""jizn"", ""jjer"", ""jkma"", ""jl s"", ""k) i"", ""k)' "", ""k-yu"", ""k/ia"", ""kdel"", ""ker2"", ""kobz"", ""kpo/"", ""kt 9"", ""ktko"", ""kul."", ""l ms"", ""l- n"", ""l/dm"", ""l/ov"", ""l? f"", ""lc's"", ""ld?/"", ""leh/"", ""lehl"", ""lfyo"", ""lfze"", ""lk!?"", ""lls\"""", ""lopv"", ""lpu "", ""lrya"", ""lubw"", ""lv v"", ""lz' "", ""lzo,"", ""m) -"", ""m/ai"", ""m109"", ""m110"", ""m112"", ""m113"", ""m6 t"", ""m6 w"", ""mdih"", ""mgbe"", ""mlf "", ""moo,"", ""mop-"", ""mvli"", ""mygr"", ""mzhi"", ""n\"" s"", ""n'ob"", ""n/il"", ""nc 4"", ""nc/c"", ""nck)"", ""ne-0"", ""ni/d"", ""nicf"", ""nicj"", ""nk)'"", ""no.e"", ""nuf?"", ""nuq "", ""nymt"", ""nyop"", ""o \"" "", ""o (8"", ""o rf"", ""o-ut"", ""o.es"", ""ocu?"", ""oef,"", ""of/p"", ""oggh"", ""oj ("", ""ojje"", ""omvl"", ""onn'"", ""onx,"", ""opqu"", ""oq o"", ""ou-d"", ""ouo!"", ""ov/z"", ""ovuc"", ""ox/e"", ""p nc"", ""p./r"", ""p/qu"", ""paw!"", ""paw/"", ""pc t"", ""pep-"", ""pf c"", ""pfth"", ""pm s"", ""po/j"", ""poef"", ""popq"", ""pqp "", ""pqui"", ""psbt"", ""q-bo"", ""q-ue"", ""qi ("", ""qp 0"", ""qw b"", ""qw p"", ""r!!?"", ""r' &"", ""r, $"", ""r-t-"", ""r-wu"", ""r-y/"", ""r2ni"", ""ran1"", ""rffm"", ""rfl "", ""rfr:"", ""rlfa"", ""rlz'"", ""rntw"", ""rp-d"", ""rspc"", ""rth8"", ""ruad"", ""rvhe"", ""s-ol"", ""s/az"", ""saa."", ""satp"", ""sbt "", ""scok"", ""seue"", ""siu?"", ""sk!!"", ""slyt"", ""sryo"", ""svu'"", ""t lc"", ""t100"", ""t5 s"", ""tdio"", ""tes7"", ""tfou"", ""th88"", ""tlc'"", ""tp s"", ""ts-f"", ""ts.t"", ""tz'd"", ""tz--"", ""tzec"", ""tzz!"", ""u-je"", ""u/hu"", ""ucnu"", ""ufub"", ""ukhg"", ""umzh"", ""unxp"", ""uq i"", ""utzn"", ""v/ze"", ""vchh"", ""vhet"", ""vnie"", ""vow?"", ""w 'd"", ""w 53"", ""w ft"", ""w wu"", ""w/bo"", ""w/kn"", ""wayt"", ""wezo"", ""wna'"", ""wnte"", ""wodc"", ""wp i"", ""wuep"", ""x vj"", ""x/em"", ""xjl "", ""xsop"", ""xubi"", ""y @."", ""y cw"", ""y-2 "", ""yba'"", ""ybe-"", ""yeb "", ""ylsm"", ""ym!!"", ""yov/"", ""yph "", ""ypuk"", ""yrii"", ""yuk-"", ""yumz"", ""ywod"", ""yx v"", ""z! s"", ""z'd!"", ""z--a"", ""z/qu"", ""zezw"", ""zin!"", ""zki/"", ""zo/e"", ""zpfl"", ""zz!!""]",430,1,155,0.0064516129032258064
4,block_infix_fingerprint_v004.json,128,local_split_entropy_equivalence_classes,154,4,0.0,0.1,title,title,93," ""..","["" \"".."", "" 'y "", "" -op"", "" 11*"", "" 12b"", "" 2.p"", "" 3.t"", "" 30e"", "" 53o"", "" 86>"", "" [ro"", "" a18"", "" a94"", "" afh"", "" awu"", "" cne"", "" e 8"", "" e.k"", "" esv"", "" f 2"", "" gfu"", "" h-i"", "" kix"", "" lji"", "" nlq"", "" o.-"", "" qbe"", "" qel"", "" qvc"", "" s'w"", "" si)"", "" su$"", "" tvd"", "" v49"", "" vuv"", "" wg."", "" x +"", "" xaj"", "" ydm"", "" z 9"", "" z-3"", ""! 35"", ""! 4."", ""!' i"", ""\"" ci"", ""\""..."", ""$exo"", ""& 92"", ""& dp"", ""& fj"", ""&cce"", ""&jan"", ""' '0"", ""'72 "", ""'anz"", ""'otr"", ""'rau"", ""'roe"", ""'tyl"", ""(& m"", ""(bun"", ""(dob"", ""(e)n"", ""(sco"", "")it("", ""* cu"", ""* ma"", ""* ob"", ""*lin"", ""+ ew"", "", qe"", ""- 1,"", ""- 9."", ""-2-a"", ""-adi"", ""-anu"", ""-eeu"", ""-erm"", ""-hi-"", ""-huz"", ""-i-g"", ""-je?"", ""-l.-"", ""-ofw"", ""-pei"", ""-v s"", ""-wip"", "". '8"", "". -o"", "". 76"", "". f "", "".\"" c"", "".+u."", "".-l."", "".-li"", "".-vr"", "".che"", "".d.1"", "".q.-"", "".s.\"""", "".u ("", "".uno"", ""/5. "", ""0-ig"", ""06 ("", ""1 : "", ""1 ul"", ""1* m"", ""1. w"", ""1/fa"", ""11 %"", ""11 :"", ""11* "", ""157:"", ""17er"", ""1a j"", ""2-af"", ""2.p."", ""25,1"", ""2spe"", ""3.te"", ""30er"", ""37 a"", ""3o d"", ""451,"", ""5 ls"", ""5,17"", ""53o "", ""6 (p"", ""6>98"", ""7. g"", ""7er "", ""8* c"", ""851 "", ""86>9"", ""8ht "", ""906-"", ""91 &"", ""983:"", "": \""."", ""; il"", ""? ea"", ""@ gf"", ""[roy"", ""a [r"", ""a dd"", ""a qv"", ""a367"", ""a; i"", ""aaky"", ""ac 0"", ""aca]"", ""ad'j"", ""ad*l"", ""afho"", ""afiu"", ""afme"", ""agyl"", ""ahnm"", ""ajr "", ""akvo"", ""al',"", ""am.1"", ""am99"", ""ams1"", ""amt,"", ""an&c"", ""aodt"", ""aonj"", ""aqri"", ""arhm"", ""aso)"", ""awua"", ""bh, "", ""birq"", ""bivl"", ""bkra"", ""blba"", ""byyt"", ""c' b"", ""c-37"", ""ca ["", ""caty"", ""cavd"", ""ccop"", ""cg f"", ""cilk"", ""ck&j"", ""cmp "", ""cnec"", ""cri."", ""ctej"", ""cu-c"", ""cunq"", ""cy.g"", ""cytr"", ""d gj"", ""d!' "", ""d*li"", ""d.18"", ""dam9"", ""dan&"", ""dasw"", ""dcmp"", ""de ."", ""dig'"", ""dio1"", ""dk p"", ""dlt'"", ""dmyg"", ""dmz,"", ""do.c"", ""dokf"", ""dolh"", ""dozn"", ""dprk"", ""dr.g"", ""dro?"", ""drzt"", ""dskd"", ""dugy"", ""dukb"", ""durj"", ""duwl"", ""dx13"", ""dy):"", ""e)ne"", ""e-wg"", ""e.+u"", ""e.mo"", ""e.q."", ""e.un"", ""e01:"", ""ead*"", ""eafm"", ""easf"", ""ebyy"", ""ecu-"", ""ed.o"", ""edgu"", ""eeaz"", ""eeek"", ""eeuu"", ""efpe"", ""egsd"", ""ehii"", ""ehm-"", ""ehnf"", ""ehnm"", ""ei8h"", ""eilz"", ""eipl"", ""ej's"", ""ejsr"", ""ekaf"", ""ekk!"", ""eks'"", ""elvj"", ""emss"", ""emup"", ""ene("", ""enhv"", ""epr:"", ""erbk"", ""esew"", ""ew(h"", ""ewax"", ""ez 8"", ""ezz,"", ""f26:"", ""fad'"", ""fal-"", ""fap "", ""fcg "", ""fda:"", ""fdtv"", ""fecs"", ""fed."", ""fedj"", ""feka"", ""feks"", ""femc"", ""ffsj"", ""fhol"", ""fisp"", ""fme:"", ""fnac"", ""fomm"", ""fooe"", ""foq:"", ""fpeu"", ""fra?"", ""fsju"", ""fskl"", ""ftto"", ""fyfo"", ""fyke"", ""fynd"", ""fyus"", ""g s'"", ""g' l"", ""g, 4"", ""g-v "", ""gasr"", ""gbin"", ""gchy"", ""gdga"", ""geip"", ""gh-n"", ""gi'r"", ""gitz"", ""gjog"", ""gmik"", ""go.d"", ""gowk"", ""h 06"", ""horq"", ""hpok"", ""hq y"", ""hrju"", ""hru;"", ""hsor"", ""htyr"", ""hveh"", ""hwy:"", ""i fn"", ""i. 9"", ""i8ht"", ""ialp"", ""icax"", ""ick&"", ""idn "", ""ijsw"", ""ikgw"", ""ilbh"", ""ilck"", ""in/5"", ""inn)"", ""io1 "", ""ioe:"", ""ioy "", ""ip.t"", ""iryf"", ""izcu"", ""izdz"", ""izkr"", ""j cy"", ""j qb"", ""j us"", ""jdt."", ""ji-u"", ""jit-"", ""jsri"", ""jssa"", ""jswi"", ""judl"", ""k dn"", ""k nl"", ""k v2"", ""k&ja"", ""k- s"", ""k. '"", ""kahj"", ""kauc"", ""kbib"", ""kdis"", ""ke01"", ""kefu"", ""kfa "", ""kgem"", ""khiu"", ""khly"", ""kidh"", ""kix?"", ""kjin"", ""kjit"", ""kl z"", ""kok'"", ""kol."", ""kozr"", ""ksi."", ""l 4)"", ""l', "", ""l'ri"", ""l.-v"", ""l.65"", ""l.69"", ""l.71"", ""lba!"", ""lbhe"", ""lbyl"", ""lcea"", ""lcod"", ""ldjo"", ""lfyk"", ""li ?"", ""ll'r"", ""llfy"", ""lm(k"", ""ls-v"", ""lsoz"", ""ltao"", ""lvjs"", ""lyyg"", ""m 98"", ""m a4"", ""m gm"", ""m(kn"", ""m. 7"", ""m.1:"", ""m2sp"", ""m999"", ""mau:"", ""mbh,"", ""mdic"", ""mkod"", ""mm '"", ""mmu:"", ""mni."", ""mr.p"", ""ms19"", ""mvog"", ""mz, "", ""mzio"", ""n&cc"", ""n.u "", ""n/5."", ""nau:"", ""nbju"", ""nc 1"", ""nef."", ""nhve"", ""nodp"", ""nok:"", ""np-9"", ""nt'r"", ""nt(e"", ""nudf"", ""nydj"", ""nzay"", ""o hj"", ""o'om"", ""o.-l"", ""o1 q"", ""oa 6"", ""oblb"", ""oby)"", ""odpf"", ""om2s"", ""omhn"", ""onyd"", ""oom3"", ""opa;"", ""oq: "", ""org-"", ""osbr"", ""oukm"", ""ova1"", ""owr "", ""p.tv"", ""pa; "", ""pn g"", ""pos)"", ""pp w"", ""prk:"", ""ptda"", ""ptla"", ""puhl"", ""pv15"", ""q ya"", ""q. -"", ""q.-l"", ""qber"", ""qelq"", ""qria"", ""r 2k"", ""r a9"", ""r.pr"", ""rav."", ""rbkr"", ""rd!'"", ""rda-"", ""rdo)"", ""rdu?"", ""re!)"", ""rebz"", ""rfui"", ""rivm"", ""rkgr"", ""rmdi"", ""rmvo"", ""rnoh"", ""rrox"", ""ru; "", ""rwul"", ""ryes"", ""rzaj"", ""s'we"", ""s-vm"", ""s.\"" "", ""s199"", ""sasm"", ""sbyf"", ""sez,"", ""skdi"", ""skuw"", ""slof"", ""sng "", ""spi."", ""su$e"", ""svys"", ""swrn"", ""t e'"", ""t g "", ""t np"", ""t'ri"", ""t) e"", ""tdar"", ""tgoc"", ""thsw"", ""tikw"", ""tjih"", ""tnaz"", ""tre("", ""tsng"", ""tvd "", ""ty-l"", ""tz-d"", ""tz-k"", ""u 80"", ""u zt"", ""u$ex"", ""u-2-"", ""uci!"", ""udvu"", ""ue.u"", ""uez."", ""uftt"", ""uha)"", ""uikr"", ""ujog"", ""uke0"", ""upsd"", ""uptd"", ""urmd"", ""urmv"", ""uskn"", ""utkh"", ""utsn"", ""uvuz"", ""uwke"", ""uwlo"", ""uzea"", ""v152"", ""v493"", ""vamk"", ""vc h"", ""vd ("", ""vdar"", ""vm k"", ""w 80"", ""w(h)"", ""waxa"", ""wlop"", ""wm 1"", ""wm t"", ""wr p"", ""wrna"", ""wuaj"", ""wunk"", ""x-ab"", ""x. m"", ""x130"", ""xajc"", ""xefl"", ""xiv."", ""xo r"", ""xusb"", ""y): "", ""y.go"", ""yasp"", ""ydji"", ""ydmy"", ""yetv"", ""yew("", ""yidn"", ""yk p"", ""ynsm"", ""yo'o"", ""yofi"", ""yp t"", ""yptl"", ""yrl:"", ""yryg"", ""yut/"", ""yveb"", ""yyge"", ""z 83"", ""z-di"", ""zbad"", ""zcub"", ""zdur"", ""zdze"", ""zm b"", ""znag"", ""zutc"", ""zwi "", ""zwoc"", ""zy 9"", ""zzmu""]",610,1,155,0.0064516129032258064
4,block_infix_fingerprint_v004.json,128,local_split_entropy_equivalence_classes,154,4,0.0,0.1,title,title,94," ""@""","["" \""@\"""", "" (ub"", "" 0-2"", "" 3/6"", "" 3p "", "" 3xt"", "" 7-g"", "" c@f"", "" cbt"", "" e/b"", "" e35"", "" eu/"", "" iu,"", "" mpg"", "" ohb"", "" ohd"", "" os-"", "" pu'"", "" s-w"", "" sw3"", "" wi,"", "" ~da"", ""! s "", ""!/mu"", ""!er!"", ""#@!e"", ""& 34"", ""' og"", ""'/pu"", ""'eko"", ""'huw"", ""'s-k"", ""'s/u"", ""'uwa"", ""(ade"", ""(adv"", ""(paw"", ""(ubc"", ""(wra"", ""(xbo"", ""(yel"", "")pus"", ""*4*2"", ""+dos"", "", 5:"", ""- t-"", ""--ac"", ""--vo"", ""-3-h"", ""-foz"", ""-g a"", ""-j s"", ""-x w"", ""-yo'"", ""/itt"", ""/j.b"", ""/lok"", ""/myt"", ""/wav"", ""/yng"", ""0! s"", ""0pt."", ""130t"", ""19-n"", ""289a"", ""3 (w"", ""3/6 "", ""319:"", ""33 &"", ""37xs"", ""3p &"", ""4 my"", ""520-"", ""59 t"", ""67 h"", ""7-g "", ""; pl"", ""= ar"", ""= ii"", ""?? o"", ""@!er"", ""a-iw"", ""aa)!"", ""adwh"", ""aey?"", ""afmy"", ""ahrv"", ""aki~"", ""am/r"", ""ar(l"", ""aw--"", ""awdl"", ""awhu"", ""b/la"", ""bc) "", ""beai"", ""bi-z"", ""bswo"", ""but/"", ""c-ad"", ""c3 g"", ""c@fe"", ""cbt "", ""cfc "", ""coqt"", ""cs/v"", ""culc"", ""cyfa"", ""d a&"", ""d???"", ""daof"", ""dawd"", ""ddaz"", ""degv"", ""df 1"", ""dos+"", ""dwhe"", ""e (#"", ""e 3p"", ""e 3x"", ""e)pu"", ""e350"", ""eeou"", ""egy?"", ""ejuw"", ""el \"""", ""erfy"", ""eslt"", ""eszh"", ""eu/s"", ""evse"", ""eykl"", ""ezmu"", ""f#@!"", ""fmyc"", ""foxl"", ""fozu"", ""fpal"", ""fs/o"", ""ftoc"", ""fyij"", ""g!/t"", ""g37x"", ""gdy!"", ""ge-r"", ""gihe"", ""giut"", ""gn?/"", ""gneb"", ""ha/p"", ""hawg"", ""hn/w"", ""ho-v"", ""ho/y"", ""hrve"", ""htkr"", ""i 8p"", ""icup"", ""ifsc"", ""in1 "", ""injz"", ""ir +"", ""ir-x"", ""isc4"", ""iyht"", ""iyu'"", ""izu)"", ""jajn"", ""ji/p"", ""joow"", ""jr b"", ""jtob"", ""k nz"", ""ka ="", ""keew"", ""keyk"", ""kezm"", ""kt q"", ""l \""@"", ""lbs!"", ""lex."", ""lrud"", ""ltka"", ""ly--"", ""m t-"", ""mez."", ""mlaj"", ""mliv"", ""msmo"", ""mvc3"", ""mvp'"", ""n1 a"", ""naoe"", ""njzz"", ""nk-f"", ""ns;g"", ""nygy"", ""nymb"", ""o/ly"", ""o/yn"", ""ombf"", ""oqto"", ""orlw"", ""os+d"", ""ow $"", ""p!/w"", ""p-2-"", ""p/ov"", ""p; s"", ""pawh"", ""pczy"", ""piox"", ""pkyl"", ""plze"", ""pma "", ""px-d"", ""qtob"", ""r 7-"", ""r f#"", ""r pm"", ""rce;"", ""rdzy"", ""rfyi"", ""rg 4"", ""rlwa"", ""roh'"", ""rtzs"", ""ru ="", ""ru?'"", ""s pm"", ""s+do"", ""s-kn"", ""sg v"", ""sin1"", ""slte"", ""sok-"", ""srba"", ""sssw"", ""sz #"", ""t c@"", ""t*4*"", ""t-j "", ""t7: "", ""t; g"", ""t; s"", ""tc i"", ""tiih"", ""tivc"", ""tiyh"", ""tozn"", ""u'uw"", ""u) w"", ""u. o"", ""ubc)"", ""ubu,"", ""ui/a"", ""up-2"", ""vc3 "", ""vp's"", ""w $1"", ""w--a"", ""w/ep"", ""waa)"", ""wdle"", ""whus"", ""x/wh"", ""xtaf"", ""xxa "", ""y eo"", ""y nf"", ""y--v"", ""y/ap"", ""y?!)"", ""ygye"", ""ymbu"", ""ysir"", ""yszn"", ""yui'"", ""yuu."", ""zmuv"", ""znyk"", ""zs d"", ""zu) "", ""zzs "", ""~dai""]",285,1,155,0.0064516129032258064
4,block_infix_fingerprint_v004.json,128,local_split_entropy_equivalence_classes,154,4,0.0,0.1,title,title,95," ""af","["" \""af"", "" \""i'"", "" 37e"", "" 7ev"", "" as-"", "" ddt"", "" dk "", "" frl"", "" i.h"", "" ihl"", "" lpi"", "" pr-"", "" wrc"", ""! 31"", ""\""afr"", ""\""i'm"", ""#17/"", ""&zet"", ""'/ae"", ""'/ex"", ""'/sl"", ""'62 "", ""'enz"", ""'mez"", ""'vul"", ""(ava"", ""(dog"", ""(vic"", "", \""a"", ""--16"", ""--ma"", ""-evn"", ""-gle"", ""-ied"", ""-ja,"", ""-luf"", ""-n-a"", "".sup"", "".wee"", "".x.g"", ""//au"", ""/ail"", ""/kae"", ""/nop"", ""/syk"", ""/tik"", ""05- "", ""105-"", ""17/l"", ""2-bo"", ""3ami"", ""5- p"", ""7/lu"", ""74 v"", ""808 "", ""? as"", ""a!?:"", ""a-aw"", ""a-tv"", ""a2ni"", ""ac-n"", ""addn"", ""afhe"", ""agt-"", ""aioa"", ""aj/t"", ""ajso"", ""aloq"", ""aocz"", ""axhj"", ""b-ty"", ""ba2n"", ""bbso"", ""bbsy"", ""bc 4"", ""bc5 "", ""betn"", ""biak"", ""bsy'"", ""bwen"", ""by!?"", ""c 07"", ""c-mu"", ""c/ti"", ""c5 f"", ""c? -"", ""cavy"", ""ciky"", ""clix"", ""d \""i"", ""d'za"", ""d/ec"", ""d/eg"", ""d/ft"", ""da-h"", ""ddef"", ""ddne"", ""decz"", ""dje&"", ""dk o"", ""dosm"", ""e&ze"", ""e'm "", ""e-!!"", ""e.su"", ""e/'l"", ""eanq"", ""edzk"", ""eefz"", ""efz "", ""egdh"", ""eim'"", ""eprz"", ""erfk"", ""exmi"", ""ey!!"", ""fazh"", ""fbi."", ""fe'?"", ""fe.s"", ""fhen"", ""fkat"", ""frli"", ""futv"", ""fz i"", ""g dk"", ""g hr"", ""g/ka"", ""g/ze"", ""gbis"", ""gekg"", ""ggih"", ""gt-g"", ""gurc"", ""gyaf"", ""gyo,"", ""hhha"", ""hs/a"", ""hui!"", ""hybt"", ""i/eg"", ""i/ev"", ""ic 0"", ""id'z"", ""ielj"", ""ik/r"", ""il/u"", ""iq ("", ""ir/'"", ""j. u"", ""j/tr"", ""jak/"", ""jc p"", ""jcia"", ""je&z"", ""jsov"", ""jyoz"", ""jyrs"", ""kazj"", ""kci?"", ""kgew"", ""kjup"", ""kseh"", ""ksiq"", ""ktao"", ""kue."", ""kyd "", ""l/oc"", ""laxh"", ""lc? "", ""lckr"", ""ld50"", ""ldyg"", ""lgev"", ""lgoh"", ""lltj"", ""lof,"", ""loqn"", ""lry?"", ""lt/f"", ""m 7t"", ""m uj"", ""mb48"", ""mcth"", ""mnlo"", ""mok!"", ""mpeh"", ""myuz"", ""n!!:"", ""n--1"", ""n-bb"", ""n//a"", ""nba2"", ""nbc5"", ""ne-!"", ""nhle"", ""nilb"", ""nivh"", ""nl s"", ""nlmc"", ""nmb4"", ""nonh"", ""nruu"", ""nsij"", ""nt--"", ""nv r"", ""nzx1"", ""o's!"", ""o.1,"", ""o; l"", ""oah?"", ""oh'o"", ""oh/s"", ""ohyn"", ""oig,"", ""ol-q"", ""olvr"", ""omnl"", ""on//"", ""onhl"", ""oqn "", ""orh,"", ""orxi"", ""orz'"", ""otpl"", ""oty."", ""ouhf"", ""owdu"", ""ozi?"", ""p/oz"", ""pa? "", ""pacd"", ""pe/'"", ""plc?"", ""po/i"", ""pol!"", ""pp n"", ""ppto"", ""pr-g"", ""pueh"", ""q (c"", ""q (d"", ""q (w"", ""q ve"", ""qimu"", ""qn i"", ""r cf"", ""r/'l"", ""rafh"", ""rc-t"", ""rei/"", ""rlaz"", ""rm/h"", ""rmow"", ""rndu"", ""rsks"", ""rt.m"", ""ruhg"", ""ruwi"", ""rys,"", ""rzt'"", ""s zt"", ""s'/s"", ""s'wu"", ""s/cp"", ""sa't"", ""sooh"", ""sprv"", ""suu-"", ""suv:"", ""t--m"", ""t.mu"", ""tb l"", ""teu,"", ""tlli"", ""tsbl"", ""u 1%"", ""u 51"", ""u/ak"", ""ua-s"", ""ue/'"", ""uehs"", ""uhfa"", ""uht."", ""uosk"", ""uwi "", ""ve'e"", ""vher"", ""viaq"", ""vimb"", ""vmez"", ""vne-"", ""vyci"", ""vymr"", ""w/et"", ""waxt"", ""wduh"", ""wgur"", ""wi 1"", ""wir,"", ""wl k"", ""wlle"", ""wpiv"", ""wrc-"", ""wsen"", ""wsna"", ""wswi"", ""wt/t"", ""wths"", ""wtom"", ""wysy"", ""x.g."", ""x: 3"", ""x: 6"", ""xhja"", ""xlug"", ""xrom"", ""y) l"", ""y?/j"", ""ybte"", ""yd/a"", ""yni,"", ""ynoa"", ""ypka"", ""ysyp"", ""yx k"", ""yzwa"", ""zao:"", ""zetj"", ""zlyh"", ""zt' "", ""zx10"", ""zysm""]",333,1,155,0.0064516129032258064
4,block_infix_fingerprint_v004.json,128,local_split_entropy_equivalence_classes,154,4,0.0,0.1,title,title,96," ""b-","["" \""b-"", "" #3)"", "" '3d"", "" 03,"", "" 4:1"", "" 88/"", "" al?"", "" aop"", "" c-x"", "" eap"", "" i 9"", "" i/m"", "" lvo"", "" q.i"", "" qld"", "" ri-"", "" sx4"", "" t&t"", "" xfr"", "" yda"", ""\""b-l"", ""#ppd"", ""#ppi"", ""% sc"", ""& bm"", ""& cc"", ""& r&"", ""&b i"", ""&t f"", ""'3d'"", ""'am!"", ""'cak"", ""'guc"", ""'udd"", ""'y f"", ""'zab"", ""(pip"", ""(was"", ""(yab"", ""+ ho"", ""+cat"", "",15:"", ""-221"", ""-jwe"", ""-l h"", ""-p c"", ""-peb"", ""-upe"", ""-w-w"", ""-x v"", ""-x75"", ""-xer"", "".2.9"", "".9.3"", "".?/a"", ""/527"", ""/694"", ""/awf"", ""/ca "", ""/de-"", ""/iza"", ""/kop"", ""/lid"", ""/nuk"", ""/t.h"", ""/te "", ""/xab"", ""/z i"", ""0,15"", ""01/a"", ""014?"", ""024:"", ""025:"", ""0th:"", ""1/ac"", ""2.9."", ""22/m"", ""26/5"", ""299/"", ""3 03"", ""35-y"", ""3d' "", ""50li"", ""526/"", ""570-"", ""5:05"", ""6/52"", ""693/"", ""7/bu"", ""70-3"", ""750l"", ""80,1"", ""9.2."", ""93/6"", ""99/3"", "": m "", "": tg"", ""= yi"", ""? ru"", ""?/am"", ""?/jo"", ""a b7"", ""a!/r"", ""a) f"", ""a-oh"", ""a? r"", ""abhl"", ""ac!!"", ""ac/a"", ""adwu"", ""adxs"", ""an \"""", ""aonl"", ""aopu"", ""arxs"", ""awk-"", ""ay-2"", ""b-lu"", ""basw"", ""bayc"", ""be 5"", ""beod"", ""bhlo"", ""bjas"", ""blz "", ""c-x7"", ""c. '"", ""c/bu"", ""ca-o"", ""cef!"", ""chs-"", ""ci 5"", ""ck?/"", ""cksq"", ""coy/"", ""cuz/"", ""d 1&"", ""d 9t"", ""d m6"", ""d- d"", ""d/j."", ""da'n"", ""ddfe"", ""df u"", ""diz?"", ""djip"", ""dkip"", ""dsab"", ""dxsp"", ""dyro"", ""e ql"", ""e) &"", ""e/xa"", ""e421"", ""eesj"", ""eg+c"", ""egpu"", ""egqu"", ""eijn"", ""emyl"", ""eno7"", ""enoz"", ""eo-y"", ""eodv"", ""eorp"", ""ewyp"", ""f-xe"", ""fay,"", ""ffo:"", ""fmaa"", ""fy-l"", ""g 4?"", ""g+ca"", ""gacj"", ""gah!"", ""gap!"", ""gog:"", ""gpuz"", ""gquo"", ""gy-h"", ""h?/r"", ""hlsw"", ""howu"", ""hs-o"", ""hum-"", ""hus'"", ""hvus"", ""i 44"", ""i 9."", ""i s4"", ""i-08"", ""ialh"", ""ie ="", ""iear"", ""iegq"", ""ijfk"", ""ijfm"", ""imyj"", ""irx "", ""itxa"", ""ivui"", ""ix/v"", ""ixif"", ""ixua"", ""j fu"", ""j gq"", ""jfko"", ""jfma"", ""jgon"", ""jm a"", ""jops"", ""jt's"", ""jweo"", ""k sx"", ""k-ju"", ""k-w-"", ""k/aa"", ""k/og"", ""k?/j"", ""ka) "", ""kda "", ""ki-0"", ""kiea"", ""kigm"", ""kjea"", ""krk-"", ""ks) "", ""kspf"", ""ksy'"", ""ktaf"", ""kua!"", ""l cg"", ""l-sn"", ""l/x-"", ""legp"", ""lerx"", ""leyk"", ""lrac"", ""luhl"", ""luv\"""", ""m pb"", ""m-p "", ""m111"", ""m114"", ""m6 s"", ""makj"", ""mb-p"", ""ms- "", ""mu/s"", ""mun?"", ""my-u"", ""myj "", ""mys."", ""n (y"", ""n 2j"", ""n i/"", ""n pd"", ""n!/e"", ""n'ta"", ""n)!!"", ""ndzk"", ""ne/x"", ""ne?."", ""nma?"", ""nml "", ""nn)!"", ""np d"", ""nui:"", ""nv a"", ""nxol"", ""nzl "", ""o cv"", ""o i,"", ""o's."", ""o-jw"", ""o/iz"", ""o/t."", ""o77/"", ""o? x"", ""ob!?"", ""of/j"", ""og/i"", ""ogoz"", ""oh' "", ""ohnr"", ""ombn"", ""org?"", ""osnc"", ""oupm"", ""ov-p"", ""owuh"", ""pam!"", ""pcov"", ""pd? "", ""pdf "", ""peg+"", ""pi!?"", ""pi-k"", ""pjap"", ""ppdu"", ""psce"", ""psi?"", ""puzl"", ""px r"", ""q ja"", ""qd: "", ""qixu"", ""qld "", ""qubo"", ""r 5?"", ""r t,"", ""r.p:"", ""rakf"", ""rja!"", ""rk-v"", ""rl/x"", ""rlsi"", ""ro/e"", ""rp/h"", ""rsh)"", ""rubf"", ""rwez"", ""rx k"", ""s'wi"", ""s- g"", ""s/91"", ""s/z "", ""sasr"", ""saw."", ""seec"", ""seo/"", ""sew?"", ""sh)!"", ""slo/"", ""snci"", ""ss/9"", ""stmy"", ""t ao"", ""t xy"", ""t, 5"", ""tdep"", ""tg -"", ""tijf"", ""titw"", ""tl d"", ""to!:"", ""tomj"", ""trl:"", ""txal"", ""tyhl"", ""tz/r"", ""uarx"", ""uavo"", ""ubnj"", ""uezu"", ""uhs "", ""uitx"", ""ujne"", ""ul/o"", ""umu-"", ""upt,"", ""urt."", ""uv\"" "", ""v\"" t"", ""ve-2"", ""vehn"", ""virb"", ""vp ("", ""vp w"", ""vshy"", ""vusv"", ""vvah"", ""vyag"", ""w! k"", ""w-ab"", ""w-w-"", ""w/aw"", ""w/le"", ""wbug"", ""we/b"", ""weo-"", ""wk-t"", ""wts,"", ""wuhs"", ""x6 m"", ""x75 "", ""xoli"", ""xuve"", ""y &t"", ""y) i"", ""y)!!"", ""y? ("", ""ya!/"", ""yay-"", ""ybe:"", ""ycov"", ""ye/b"", ""yem,"", ""yev'"", ""yj f"", ""ym!:"", ""zasw"", ""zl j"", ""zonp"", ""zood""]",405,1,155,0.0064516129032258064
4,block_infix_fingerprint_v004.json,128,local_split_entropy_equivalence_classes,154,4,0.0,0.1,title,title,97," ""bi","["" \""bi"", "" (29"", "" 1.6"", "" 1/o"", "" 3/w"", "" 34/"", "" 47/"", "" 48."", "" 54."", "" 7-d"", "" 85."", "" 9am"", "" az,"", "" b10"", "" cd:"", "" ckm"", "" e?'"", "" ei?"", "" ej."", "" g'l"", "" ikj"", "" it\"""", "" ktm"", "" op/"", "" otn"", "" p**"", "" zgl"", ""\"" vi"", ""\""bir"", ""\""i d"", ""#000"", ""#1/2"", ""#rea"", ""$ in"", ""$40k"", ""& b-"", ""& io"", ""& jf"", ""&b t"", ""&d d"", ""' 65"", ""'/ci"", ""'68e"", ""'en/"", ""'in/"", ""'syt"", ""'tje"", ""(29/"", ""(ech"", ""***y"", ""*kur"", ""*maz"", "", jj"", ""- gm"", ""- p."", ""-, g"", ""-8-9"", ""-ai-"", ""-ick"", ""-q h"", ""-rui"", "". 2f"", "".- 5"", ""./ad"", ""./wa"", "".? c"", "".erb"", "".g.f"", "".o.x"", ""//ro"", ""/30)"", ""/8 1"", ""/ar1"", ""/bem"", ""/c&d"", ""/cil"", ""/eu-"", ""/ms-"", ""/s/c"", ""/u.n"", ""/vip"", ""/vow"", ""0-ro"", ""03 y"", ""07 z"", ""1- e"", ""1- h"", ""10s:"", ""11/t"", ""13wh"", ""155:"", ""19:z"", ""1n1/"", ""1stl"", ""2,30"", ""2,50"", ""2- g"", ""20/4"", ""22,3"", ""24se"", ""25/b"", ""25/c"", ""25/w"", ""29/3"", ""2dtv"", ""2gs "", ""3/wh"", ""33/t"", ""34/w"", ""3:57"", ""3e v"", ""3wha"", ""4 'w"", ""40-r"", ""47/w"", ""4sev"", ""4w 2"", ""5 ko"", ""5/bu"", ""5/wh"", ""67 u"", ""7 ug"", ""7 zg"", ""7-8-"", ""7/wh"", ""8 lg"", ""8-9 "", ""8. u"", ""80-y"", ""8er'"", ""910s"", ""9:ze"", "":zeh"", ""; kr"", ""? s "", ""_str"", ""a 3/"", ""a*ma"", ""a/py"", ""acfr"", ""ack$"", ""ae? "", ""aesq"", ""ahe,"", ""ai/y"", ""ak'n"", ""amvs"", ""ani*"", ""ap-n"", ""ar10"", ""at_s"", ""aupf"", ""auul"", ""aw'?"", ""axep"", ""axut"", ""b bb"", ""b109"", ""baup"", ""bc-s"", ""bfl8"", ""biih"", ""bj c"", ""bpl "", ""bt/c"", ""byxa"", ""c&d "", ""c'sy"", ""ca/g"", ""cbas"", ""cd:n"", ""cfre"", ""ch@n"", ""ck$ "", ""cud-"", ""cz '"", ""d 7-"", ""d'mi"", ""d'tj"", ""d, $"", ""d-, "", ""d-50"", ""d/ae"", ""d/ci"", ""d:n?"", ""dd q"", ""deiu"", ""dfeh"", ""dfje"", ""dp -"", ""dt 4"", ""dteb"", ""dtis"", ""dubn"", ""duzl"", ""dys/"", ""e; n"", ""eeb'"", ""eeem"", ""efva"", ""ehn?"", ""eipf"", ""eiul"", ""eji!"", ""elfz"", ""elv,"", ""euza"", ""evuu"", ""ewyl"", ""eyns"", ""f \""i"", ""f 77"", ""f-za"", ""f/sk"", ""fbur"", ""fcz "", ""fkae"", ""fl8:"", ""flaz"", ""fsn-"", ""fvan"", ""fzij"", ""ga #"", ""gae?"", ""gd/p"", ""ggo!"", ""ggo,"", ""gh/n"", ""gnu'"", ""gnu,"", ""gs/8"", ""gtod"", ""gtsp"", ""h g'"", ""h gn"", ""h kk"", ""h/dh"", ""h/yi"", ""h@n-"", ""hat_"", ""hkow"", ""hlmu"", ""hst/"", ""huqi"", ""hy/f"", ""hy?/"", ""i ck"", ""i*ku"", ""i-q "", ""i/tk"", ""iadd"", ""ibwu"", ""ifma"", ""igsp"", ""ijl)"", ""insn"", ""ipva"", ""iyu,"", ""j ej"", ""j vl"", ""jben"", ""jdi "", ""ji-q"", ""jj h"", ""juv-"", ""jyo-"", ""k 2-"", ""k$ i"", ""k//r"", ""ka/c"", ""kdat"", ""kfsn"", ""kgab"", ""ki-v"", ""kje,"", ""kt/a"", ""ktsk"", ""kvip"", ""ky-i"", ""l 9t"", ""l = "", ""l fd"", ""l/e-"", ""l8: "", ""la) "", ""ld-,"", ""leee"", ""lefv"", ""lf-z"", ""lgy!"", ""liip"", ""ll ="", ""lme/"", ""logz"", ""lv, "", ""m'd "", ""m-c@"", ""m.- "", ""mamc"", ""maoc"", ""men\"""", ""meu."", ""mled"", ""mo'/"", ""mowm"", ""msge"", ""mydo"", ""n\"" v"", ""n/ak"", ""n/lb"", ""n1/t"", ""ndfj"", ""nevv"", ""ni*k"", ""nlob"", ""nooj"", ""npo/"", ""nu'i"", ""nxt "", ""nz- "", ""o vj"", ""o! 1"", ""o!/h"", ""o'/w"", ""o..?"", ""o.x."", ""o/s/"", ""oatw"", ""ojee"", ""org)"", ""os-i"", ""oxec"", ""oye/"", ""p vp"", ""p***"", ""pfbu"", ""ph q"", ""pl o"", ""ps? "", ""pudy"", ""pusy"", ""pvap"", ""quo'"", ""r zk"", ""r./w"", ""r/dv"", ""r/ep"", ""r; j"", ""r?/r"", ""rgeq"", ""ri15"", ""riq:"", ""rlby"", ""rm/j"", ""rrkl"", ""rs-8"", ""s \""b"", ""s nx"", ""s' 6"", ""s-80"", ""s/8 "", ""s/c&"", ""s; k"", ""sch@"", ""sku,"", ""sm/d"", ""smow"", ""sn-t"", ""sopt"", ""std/"", ""sus)"", ""t 2!"", ""t 9a"", ""t p*"", ""t-ic"", ""t-o/"", ""t/dc"", ""t/dv"", ""t/iv"", ""t/mc"", ""t: 9"", ""t_st"", ""tag)"", ""td/b"", ""tejb"", ""trs-"", ""tt/w"", ""ttpo"", ""tx-p"", ""tysu"", ""u./m"", ""u/ms"", ""ucav"", ""uco?"", ""uctl"", ""ud-c"", ""ugts"", ""uibl"", ""umpn"", ""unn;"", ""upfb"", ""uri1"", ""utsg"", ""uv-a"", ""v 9 "", ""v k "", ""vajb"", ""vd't"", ""vd-k"", ""vd-r"", ""vi w"", ""vipv"", ""vlca"", ""vr j"", ""vzte"", ""w ok"", ""w qa"", ""w/ko"", ""wbfl"", ""wd-5"", ""wke'"", ""wn-n"", ""woc "", ""xam'"", ""xepe"", ""y 'e"", ""y cd"", ""y qa"", ""y-ev"", ""y/b."", ""y/lb"", ""y?/b"", ""ycys"", ""ydiy"", ""ymp?"", ""yn?!"", ""ysui"", ""z '0"", ""z g."", ""z- u"", ""z/ge"", ""zax "", ""zbum"", ""ze-s"", ""zglo"", ""zijl"", ""zugb""]",447,1,155,0.0064516129032258064
4,block_infix_fingerprint_v004.json,128,local_split_entropy_equivalence_classes,154,4,0.0,0.1,title,title,98," ""bo","["" \""bo"", "" \""i\"""", "" $la"", "" 1%/"", "" 19e"", "" 4- "", "" 5-p"", "" 8/2"", "" dwl"", "" fa?"", "" g.h"", "" glw"", "" i/b"", "" k.n"", "" nkl"", "" oim"", "" q.u"", "" ra/"", "" s.n"", "" swm"", "" wi:"", "" wnd"", ""\"" - "", ""\""bon"", ""\""i\"" "", ""\""mik"", ""#179"", ""#560"", ""$lap"", ""%/th"", ""' if"", ""'/sp"", ""'apu"", ""'ebu"", ""'gee"", ""(asm"", ""(sun"", ""*tfl"", "",008"", ""-116"", ""-23 "", ""-e.y"", ""-f.o"", ""-kuo"", ""-ouf"", ""-p.a"", ""-rck"", ""-s.h"", ""-sey"", ""-szi"", ""-t/c"", ""-upg"", ""-yoj"", "".-e."", "".-u."", ""../1"", ""./13"", ""./cu"", "".a.."", "".e.g"", "".i.x"", "".k.-"", "".s y"", ""/\""mi"", ""/29/"", ""/2nd"", ""/e3 "", ""/git"", ""/neb"", ""/rbd"", ""/sfi"", ""025?"", ""07/o"", ""09 1"", ""1%/t"", ""1-ok"", ""116!"", ""16 &"", ""2. 2"", ""23 #"", ""27/0"", ""2a c"", ""3 h2"", ""38 h"", ""4- w"", ""401:"", ""5 u."", ""5-pi"", ""650t"", ""6673"", ""6676"", ""6694"", ""6703"", ""6706"", ""6711"", ""6714"", ""6720"", ""6756"", ""6777"", ""6780"", ""6796"", ""6803"", ""6806"", ""6811"", ""6827"", ""6870"", ""6915"", ""6928"", ""6977"", ""7/ou"", ""7/sp"", ""7092"", ""7094"", ""7098"", ""7102"", ""7104"", ""7109"", ""7131"", ""7132"", ""7153"", ""7181"", ""7201"", ""7208"", ""7217"", ""7228"", ""7245"", ""7253"", ""7303"", ""7322"", ""7328"", ""7334"", ""7368"", ""7385"", ""7395"", ""7423"", ""7430"", ""7464"", ""7473"", ""7477"", ""7479"", ""7480"", ""7492"", ""7512"", ""7515"", ""7523"", ""7525"", ""7531"", ""7548"", ""7551"", ""7567"", ""7578"", ""7581"", ""7599"", ""7608"", ""7626"", ""7638"", ""7642"", ""7648"", ""7667"", ""7674"", ""7678"", ""7683"", ""7690"", ""7695"", ""8:35"", ""8:52"", ""9 oi"", "": q."", "":38 "", ""@ ol"", ""[wed"", ""a/sf"", ""aa/s"", ""aacc"", ""aatb"", ""acck"", ""acuk"", ""adrf"", ""aebn"", ""aj/b"", ""anx/"", ""arl2"", ""at @"", ""av/d"", ""b-em"", ""b/au"", ""b/te"", ""bd/j"", ""bdaq"", ""bi/j"", ""bsio"", ""c/ge"", ""cckk"", ""celp"", ""cf-r"", ""ckkk"", ""ckl-"", ""clek"", ""cloq"", ""ctyv"", ""cuka"", ""cwan"", ""d'we"", ""d./d"", ""d/ry"", ""drfi"", ""dwlf"", ""e-e3"", ""e.-s"", ""e/\""m"", ""e/2n"", ""eagg"", ""edgs"", ""egbr"", ""eh-s"", ""ei-e"", ""etdr"", ""f-rc"", ""f-ru"", ""flo-"", ""fuig"", ""g (e"", ""g-ku"", ""g/rb"", ""glws"", ""gokr"", ""gowg"", ""gs] "", ""h 6 "", ""h rs"", ""h*tf"", ""hoc."", ""hopm"", ""i\"" i"", ""i-15"", ""i-ei"", ""i-sz"", ""i.x."", ""i/e3"", ""i/kn"", ""idr "", ""il'o"", ""immw"", ""ip/r"", ""ipt."", ""ispm"", ""izoa"", ""izuz"", ""j/bl"", ""jmou"", ""jnr."", ""jo/y"", ""jr/y"", ""jyuj"", ""k.-e"", ""k./o"", ""k.n."", ""kh &"", ""kl-k"", ""kl-s"", ""ks/q"", ""kydo"", ""kyhi"", ""l b,"", ""lao."", ""lebd"", ""lf-j"", ""lmck"", ""lwss"", ""m zb"", ""m/i."", ""mb/t"", ""mhub"", ""mme/"", ""mmhu"", ""mmwo"", ""mv d"", ""n 1%"", ""n wt"", ""n'/s"", ""n-y-"", ""naj'"", ""ndt)"", ""nef'"", ""neib"", ""ng?\"""", ""ngs]"", ""nir."", ""nkl-"", ""nkyd"", ""nkyh"", ""ny\"" "", ""ny) "", ""o \""i"", ""ob/a"", ""oe/w"", ""onwr"", ""ony\"""", ""ox/v"", ""oyge"", ""p 3r"", ""p 5-"", ""p.-p"", ""p24 "", ""p3 h"", ""ph/f"", ""pkyn"", ""pto!"", ""pweg"", ""py $"", ""qwee"", ""r 5/"", ""r 8/"", ""r.s "", ""rbd/"", ""rbo/"", ""s] k"", ""sh/z"", ""sos/"", ""spmo"", ""sqwe"", ""swma"", ""szi-"", ""t @ "", ""t cg"", ""t cv"", ""t'ol"", ""t.-f"", ""te/\"""", ""te??"", ""toyg"", ""ttco"", ""tyvo"", ""ua-f"", ""udsv"", ""ufs!"", ""ugi."", ""uhej"", ""uheu"", ""uie."", ""w.-u"", ""w/gs"", ""wndl"", ""wssa"", ""x dy"", ""x-23"", ""xben"", ""y $l"", ""y 4-"", ""y jn"", ""y\"" -"", ""y\"" i"", ""y/ll"", ""yeh-"", ""yhig"", ""ykeo"", ""ymir"", ""yn/s"", ""ys-h"", ""yse?"", ""za-a"", ""zas/"", ""zob "", ""zonh"", ""zuze""]",365,1,155,0.0064516129032258064
4,block_infix_fingerprint_v004.json,128,local_split_entropy_equivalence_classes,154,4,0.0,0.1,title,title,99," ""br","["" \""br"", "" \""ov"", "" \""ro"", "" (k."", "" (lc"", "" (ws"", "" -'a"", "" 1 \"""", "" 1? "", "" 2-m"", "" 82a"", "" a5/"", "" agc"", "" axx"", "" c**"", "" db9"", "" dsa"", "" ghl"", "" kk2"", "" ksm"", "" m35"", "" mi)"", "" nt "", "" q7 "", "" r8 "", "" s80"", "" scw"", "" v2 "", "" w/o"", "" xc7"", "" xlr"", ""!!/m"", ""!/by"", ""\"" pa"", ""\"" sy"", ""\""bra"", ""\""ove"", ""\""rou"", ""'!/a"", ""'9' "", ""'duo"", ""'jon"", ""'o, "", ""'reu"", ""'t/m"", ""(1)!"", ""(2.9"", ""(3)!"", ""(gus"", ""(hes"", ""(k.u"", ""(lao"", ""(lca"", ""(ws)"", "") lu"", "")! a"", "")! g"", "")/u."", "")pop"", ""*'s "", ""**'s"", ""***'"", "", 93"", ""-'a "", ""---g"", ""--gi"", ""-5 v"", ""-9 r"", ""-c d"", ""-en,"", ""-hok"", ""-hvi"", ""-koe"", ""-tum"", ""-v c"", ""-vu?"", ""-y-n"", ""./ju"", "".0 w"", "".9 p"", "".abo"", "".k.)"", ""/999"", ""/dje"", ""/gi "", ""/gss"", ""/omp"", ""/op "", ""/tua"", ""/uje"", ""/wot"", ""/xm-"", ""02-g"", ""1 \""r"", ""1)! "", ""1? t"", ""2' 2"", ""2-go"", ""2-mo"", ""2.9 "", ""3)! "", ""3as "", ""3dd "", ""4.02"", ""4.dr"", ""402-"", ""45am"", ""49 t"", ""5 vs"", ""5/s5"", ""59 p"", ""6 pm"", ""7 td"", ""82a1"", ""84.0"", "": (y"", "": 4e"", "":45a"", ""?) g"", ""a'um"", ""a/td"", ""a5/s"", ""aayk"", ""abt-"", ""ac)/"", ""ag?/"", ""ahst"", ""ai/g"", ""aiaw"", ""aig-"", ""an--"", ""an/9"", ""asp/"", ""at'p"", ""autg"", ""ave\"""", ""aveo"", ""axxe"", ""b! g"", ""b/cr"", ""bbs-"", ""bg a"", ""bt-d"", ""bzza"", ""c lt"", ""c xl"", ""c)/u"", ""c***"", ""c/dj"", ""c/gs"", ""cac)"", ""cch/"", ""chh!"", ""cinm"", ""cl-c"", ""ct \"""", ""cto!"", ""d \""b"", ""d)po"", ""d-hv"", ""d-iv"", ""d/cs"", ""dd +"", ""dtv'"", ""duo'"", ""e a4"", ""e4 n"", ""eayo"", ""ecuj"", ""eg@h"", ""ely\"""", ""ep-r"", ""erkg"", ""ethf"", ""etz."", ""eual"", ""euz?"", ""eyoz"", ""ez '"", ""f (2"", ""f/sc"", ""f1 t"", ""f3 w"", ""ffij"", ""fibu"", ""fifn"", ""fol,"", ""fonf"", ""fpap"", ""fs/d"", ""ftkr"", ""fu-s"", ""fu/k"", ""g (k"", ""g-uk"", ""g-y-"", ""g/ci"", ""g@ho"", ""gaag"", ""gca:"", ""goa'"", ""gpof"", ""gviz"", ""gyp-"", ""h/ug"", ""ha'u"", ""hewd"", ""himz"", ""hne:"", ""hnlo"", ""hoew"", ""hra/"", ""hukb"", ""hvep"", ""hz p"", ""i ff"", ""i m3"", ""i q7"", ""i'is"", ""id-j"", ""idsy"", ""iehb"", ""ietp"", ""ig-y"", ""ill\"""", ""ioa/"", ""iobb"", ""ioi/"", ""iovc"", ""ip/g"", ""ipve"", ""iq/g"", ""iso!"", ""iu-f"", ""j-c "", ""jaol"", ""jb k"", ""jj &"", ""jm t"", ""k! j"", ""kal/"", ""kc: "", ""ks/x"", ""l 02"", ""l-lu"", ""lbaj"", ""lipv"", ""lizq"", ""lkru"", ""ll\"" "", ""lr-v"", ""lruv"", ""lte)"", ""m!/h"", ""m-29"", ""m2a "", ""m35h"", ""mb! "", ""mcmb"", ""md-v"", ""mei."", ""metm"", ""mff:"", ""mfx "", ""miee"", ""mii!"", ""mkc:"", ""mlb'"", ""mmma"", ""mmrf"", ""mo/o"", ""mob'"", ""mp3a"", ""mrf "", ""msf "", ""mtvr"", ""mudw"", ""muv-"", ""myie"", ""n'!/"", ""n---"", ""n/99"", ""nd)p"", ""ndi?"", ""nek'"", ""no52"", ""no61"", ""no62"", ""no76"", ""no79"", ""no82"", ""no84"", ""nob/"", ""nve,"", ""nyi!"", ""nyui"", ""o -'"", ""o q7"", ""o s8"", ""o!!/"", ""o'o,"", ""o130"", ""o131"", ""o140"", ""o142"", ""o145"", ""o147"", ""o153"", ""o154"", ""o166"", ""o172"", ""o173"", ""o178"", ""o179"", ""o188"", ""o191"", ""o192"", ""o214"", ""o216"", ""o217"", ""o218"", ""o219"", ""o220"", ""o222"", ""o225"", ""o227"", ""o231"", ""o244"", ""o249"", ""o252"", ""o264"", ""o267"", ""o271"", ""o284"", ""o286"", ""ob/e"", ""ochf"", ""od?:"", ""odgu"", ""odzu"", ""ofoz"", ""oi/o"", ""oifi"", ""om-g"", ""ond\"""", ""onkk"", ""oofk"", ""ore4"", ""os 0"", ""os?\"""", ""ouje"", ""ovu!"", ""ox/c"", ""ozev"", ""p-ts"", ""p.s:"", ""p/ed"", ""p3as"", ""ponh"", ""psty"", ""pym'"", ""q/ge"", ""q7 t"", ""qiub"", ""r nt"", ""r-aw"", ""r/uj"", ""rbi-"", ""rcuj"", ""re4 "", ""reg@"", ""reyb"", ""rgto"", ""riov"", ""rlol"", ""rm-g"", ""rrax"", ""rs./"", ""rvy/"", ""rwek"", ""rx &"", ""rx 4"", ""ryl/"", ""s a/"", ""s c6"", ""s kf"", ""s./l"", ""sbaj"", ""scwa"", ""si/o"", ""sid-"", ""siu-"", ""sp/l"", ""szth"", ""t \""o"", ""t'po"", ""t./b"", ""td g"", ""tki."", ""tlij"", ""tok/"", ""ts x"", ""tu-v"", ""tugk"", ""tz. "", ""u f3"", ""u-vu"", ""u? a"", ""ubo-"", ""ued?"", ""uhl!"", ""unnk"", ""uv-l"", ""v f1"", ""v2 r"", ""vod:"", ""vos?"", ""w/na"", ""wdir"", ""wged"", ""wjm "", ""wk/y"", ""x/cr"", ""xc 2"", ""xc70"", ""xlr-"", ""xm-2"", ""xorz"", ""xrev"", ""y jb"", ""y\"" s"", ""y?/f"", ""ybde"", ""yedr"", ""yl/k"", ""ymcm"", ""yoe!"", ""yp-t"", ""z. t"", ""zavc"", ""zexi""]",441,1,155,0.0064516129032258064
4,block_infix_fingerprint_v004.json,128,local_split_entropy_equivalence_classes,154,4,0.0,0.1,title,title,100," ""ca","["" \""ca"", ""\""can"", ""'boc"", ""'kum"", ""mouw"", ""wsfl""]",6,2,155,0.012903225806451613
4,block_infix_fingerprint_v004.json,128,local_split_entropy_equivalence_classes,154,4,0.0,0.1,title,title,101," ""ch","["" \""ch"", "") ke"", ""ofib"", ""sdug""]",4,2,155,0.012903225806451613
4,block_infix_fingerprint_v004.json,128,local_split_entropy_equivalence_classes,154,4,0.0,0.1,title,title,102," ""de","["" \""de"", ""(lem"", ""t fb""]",3,2,155,0.012903225806451613
4,block_infix_fingerprint_v004.json,128,local_split_entropy_equivalence_classes,154,4,0.0,0.1,title,title,103," ""dr","["" \""dr"", "" 1-t"", "" 3/p"", "" 33e"", "" 3p!"", "" @ll"", "" eyg"", "" gnb"", "" lq "", "" m'q"", "" m.,"", "" sqa"", "" tvp"", "" v' "", "" v/i"", "" vtt"", "" wti"", "" x'e"", ""!)/c"", ""\""dri"", ""\""we'"", ""#029"", ""#602"", ""' wt"", ""'ael"", ""'inj"", ""'khr"", ""'oni"", ""'quv"", ""(19)"", ""(lob"", "")/co"", ""*sid"", ""+ es"", ""+ ra"", "", 3p"", "", g'"", ""- bm"", ""- x'"", ""-aaw"", ""-edw"", ""-f l"", ""-t/d"", ""-uri"", "".a/f"", "".ri "", ""/ab/"", ""/abl"", ""/aua"", ""/du "", ""/fuk"", ""/gef"", ""/gly"", ""/gub"", ""/iba"", ""/iud"", ""/m 5"", ""/unv"", ""/uro"", ""/zdf"", ""0 'n"", ""1-te"", ""28em"", ""3/gi"", ""3/pa"", ""36e "", ""6/ni"", ""69 t"", ""6e c"", ""? ij"", ""?/my"", ""?/ts"", ""@llu"", ""a 6e"", ""a'ae"", ""a.ri"", ""a.ti"", ""a/ip"", ""a/iu"", ""a?/l"", ""aas'"", ""aeug"", ""ag2o"", ""agiv"", ""ahu!"", ""ajfk"", ""aoa "", ""au/u"", ""auae"", ""avcn"", ""b/pi"", ""baoa"", ""be $"", ""bht "", ""bnab"", ""bog-"", ""bol/"", ""c 3-"", ""c om"", ""c/sh"", ""c/st"", ""c/ta"", ""cc-m"", ""ccoa"", ""cecy"", ""ceth"", ""ci/c"", ""ci/t"", ""cish"", ""ckki"", ""coa'"", ""cocq"", ""creq"", ""cubl"", ""d lk"", ""d!/r"", ""d\"" ("", ""d-ie"", ""davc"", ""dej/"", ""df f"", ""ditm"", ""dke/"", ""doep"", ""du-m"", ""e lq"", ""edu-"", ""effh"", ""eg/d"", ""ej/r"", ""em +"", ""enkb"", ""enu/"", ""epe/"", ""erdp"", ""es.b"", ""esc/"", ""ew/i"", ""ew/v"", ""eygl"", ""fajf"", ""fd v"", ""fe/u"", ""ffhe"", ""fhet"", ""fiud"", ""fmr "", ""fon'"", ""fseh"", ""ftsn"", ""fu.t"", ""fyda"", ""fyr-"", ""g v3"", ""g' u"", ""g-oa"", ""g/ov"", ""gazn"", ""gfej"", ""gg/b"", ""gluu"", ""goaj"", ""guo:"", ""gw 1"", ""h v4"", ""h v5"", ""h!/d"", ""h?/s"", ""hea/"", ""hecl"", ""heje"", ""hiaj"", ""hj-t"", ""hn/z"", ""hryp"", ""humv"", ""hyu-"", ""i 62"", ""i tx"", ""i. 3"", ""i/ay"", ""ieib"", ""iho'"", ""ihtm"", ""iji?"", ""imix"", ""ind\"""", ""ip!/"", ""isp/"", ""iudv"", ""j-tv"", ""j/ro"", ""ja/s"", ""jetw"", ""jeub"", ""jfku"", ""jo? "", ""k wl"", ""kb h"", ""kbeh"", ""kbik"", ""kcci"", ""kg n"", ""khj-"", ""ksl "", ""ksuj"", ""ksyj"", ""kti?"", ""kvsn"", ""l\"" a"", ""la.t"", ""lba/"", ""le.t"", ""lef-"", ""lga-"", ""lkl!"", ""lkpi"", ""lo/p"", ""lp/g"", ""lpdi"", ""lq 1"", ""lr10"", ""lu/e"", ""lz-k"", ""lzje"", ""m v3"", ""m'qu"", ""m/gl"", ""m/pl"", ""mabw"", ""maxt"", ""mgob"", ""mh s"", ""mhug"", ""minp"", ""ml-9"", ""mo +"", ""mpih"", ""mu!?"", ""n lk"", ""n'u "", ""n/zd"", ""ncyk"", ""nl o"", ""nn-a"", ""nodc"", ""nofj"", ""nop'"", ""nu/w"", ""nucs"", ""nwho"", ""nydu"", ""o?/m"", ""oa q"", ""oelz"", ""ofje"", ""oiir"", ""olr1"", ""olzj"", ""oogw"", ""oprt"", ""osix"", ""ot \"""", ""oul\"""", ""owlt"", ""p (w"", ""p/ip"", ""pdie"", ""peue"", ""pfhu"", ""plib"", ""ppaf"", ""prta"", ""qaud"", ""quve"", ""r, #"", ""r/dy"", ""r/op"", ""rgoc"", ""ruh/"", ""s @l"", ""s s1"", ""s-ph"", ""s.be"", ""si/e"", ""sixa"", ""soct"", ""sok/"", ""sp/j"", ""spix"", ""sqau"", ""sseq"", ""sua!"", ""t.a/"", ""t/dw"", ""ta.r"", ""ta/i"", ""tem-"", ""tkdn"", ""tuct"", ""txap"", ""txit"", ""tz/u"", ""u.ta"", ""u/ex"", ""uaeu"", ""ucc-"", ""uckv"", ""ud/j"", ""uf/b"", ""ufse"", ""uh/a"", ""ujo?"", ""ul\"" "", ""ulpd"", ""uosm"", ""usu?"", ""uuju"", ""uxid"", ""uy/u"", ""v 04"", ""v 06"", ""v v3"", ""v/ib"", ""va/n"", ""vcna"", ""vsn "", ""w-ur"", ""w/ve"", ""wed\"""", ""weeh"", ""wes,"", ""winr"", ""wlto"", ""wshw"", ""wtih"", ""x'ed"", ""x/l'"", ""x/pi"", ""xar-"", ""xie-"", ""y bd"", ""ybht"", ""yen!"", ""yogf"", ""yr-t"", ""z g:"", ""z/ur"", ""z/ve"", ""zboc"", ""zoo)"", ""zwo,""]",352,1,155,0.0064516129032258064
4,block_infix_fingerprint_v004.json,128,local_split_entropy_equivalence_classes,154,4,0.0,0.1,title,title,104," ""eg","["" \""eg"", "" #1_"", "" 'nt"", "" + ("", "" -wf"", "" .89"", "" 0 n"", "" 0.4"", "" 070"", "" 1/j"", "" 15a"", "" 2/9"", "" 2ts"", "" 5,3"", "" 60m"", "" 91'"", "" : i"", "" [me"", "" aj:"", "" am3"", "" b'u"", "" bjs"", "" cni"", "" cpl"", "" dj."", "" dsi"", "" e!?"", "" ghj"", "" h-e"", "" hu'"", "" i-4"", "" kr3"", "" kv "", "" nly"", "" oaj"", "" pp:"", "" psu"", "" qap"", "" t-a"", "" uhi"", "" uzv"", "" v.3"", "" vwx"", "" wbh"", ""! ae"", ""! az"", ""! vw"", ""!1 ("", ""\""egg"", ""####"", ""#1_l"", ""#79:"", ""#bca"", ""#fil"", ""#omn"", ""#pos"", ""#qui"", ""#sav"", ""#ven"", ""$5.1"", ""$mon"", ""% en"", ""% il"", ""% ji"", ""% si"", ""% va"", ""'-ag"", ""'-ou"", ""'17'"", ""'28-"", ""': 3"", ""'a':"", ""'aio"", ""'c.s"", ""'e 1"", ""'enk"", ""'hic"", ""'huf"", ""'ike"", ""'k'n"", ""'nti"", ""'nur"", ""'pim"", ""'puc"", ""'tai"", ""'tsl"", ""'yun"", ""(a.s"", ""(alg"", ""(bag"", ""(bew"", ""(ego"", ""(ges"", ""(im)"", ""(nam"", ""(pli"", ""(tek"", "") + "", "")-po"", "")dea"", "")hei"", "")lea"", "")typ"", "")vei"", ""*h':"", ""*mei"", ""*tee"", ""+ (a"", ""+ sl"", "", --"", "", 8,"", "",213"", "",332"", "",7 y"", ""- (u"", ""- 97"", ""- z "", ""-'ku"", ""-08:"", ""-1=2"", ""-304"", ""-4 x"", ""-45,"", ""-475"", ""-69-"", ""-76d"", ""-as'"", ""-azr"", ""-b h"", ""-b. "", ""-e -"", ""-iz'"", ""-k.o"", ""-ke'"", ""-yhd"", ""-zhi"", "". : "", "".' m"", "".' r"", "".-b."", ""...7"", ""..7,"", ""..fi"", ""..se"", ""..zh"", ""./g."", "".084"", "".1 w"", "".15/"", "".3.0"", "".5 d"", "".5.5"", "".8.5"", "".86:"", "".9 f"", "".: 2"", "".: q"", "".a z"", "".a.0"", "".bar"", "".be "", "".dot"", "".e n"", "".eba"", "".erw"", "".fir"", "".i d"", "".i v"", "".m: "", "".nac"", "".nij"", "".qua"", "".rem"", "".rep"", "".se "", "".sol"", "".sui"", "".van"", "".y d"", "".zu "", ""//ze"", ""/03:"", ""/2 c"", ""/2ba"", ""/3 t"", ""/57:"", ""/69:"", ""/7 -"", ""/78:"", ""/85:"", ""/96 "", ""/g.p"", ""/hr."", ""/inp"", ""/p4x"", ""/um "", ""0 (t"", ""0 b'"", ""0 ez"", ""0 gp"", ""0 n'"", ""0 nl"", ""0 ua"", ""0 wr"", ""0 za"", ""0!1 "", ""0% e"", ""0+10"", ""0,7 "", ""0-an"", ""0-ci"", ""0-ya"", ""0/96"", ""0/ci"", ""00/c"", ""010n"", ""02 h"", ""03 o"", ""04.8"", ""047:"", ""05'0"", ""05.."", ""05h4"", ""066 "", ""070:"", ""074 "", ""07:0"", ""093:"", ""0:0 "", ""0:4 "", ""0:96"", ""1 (l"", ""1 (z"", ""1 ci"", ""1 kh"", ""1 km"", ""1 r+"", ""1 wb"", ""1'e "", ""1, v"", ""1,33"", ""1-69"", ""1-87"", ""1-96"", ""1-ic"", ""1-k."", ""1/03"", ""1/57"", ""1/je"", ""10:9"", ""10ny"", ""11'e"", ""12in"", ""13 1"", ""13:1"", ""13hr"", ""14-5"", ""14-e"", ""14-n"", ""14h0"", ""15/h"", ""15:1"", ""15a "", ""17''"", ""17-3"", ""17/6"", ""179t"", ""181."", ""182."", ""183."", ""190."", ""192:"", ""194."", ""19os"", ""19xx"", ""1:32"", ""1=2:"", ""1>19"", ""1_lo"", ""1c4,"", ""1h92"", ""1i m"", ""1min"", ""2 oc"", ""2 ps"", ""2 uo"", ""2) s"", ""2, z"", ""2-1="", ""2-ok"", ""2.. "", ""2/09"", ""2/23"", ""2/50"", ""206."", ""21-8"", ""213,"", ""214-"", ""21>1"", ""23/6"", ""23:5"", ""24's"", ""24,2"", ""24k "", ""25' "", ""25-e"", ""26 c"", ""26 w"", ""273d"", ""28 k"", ""28-a"", ""287t"", ""2=5="", ""2b b"", ""2bat"", ""2bed"", ""2inu"", ""2k n"", ""2ob "", ""2p2r"", ""2tsu"", ""3 (p"", ""3 2 "", ""3 ag"", ""3 ee"", ""3 kg"", ""3 sb"", ""3 sl"", ""3'17"", ""3.. "", ""30 1"", ""30-b"", ""301,"", ""31 c"", ""32 p"", ""32 t"", ""332 "", ""33e "", ""35, "", ""36 f"", ""36 i"", ""362:"", ""37/7"", ""38,5"", ""38ne"", ""3d 1"", ""3ein"", ""3fou"", ""3g ("", ""3g -"", ""3hrs"", ""3oha"", ""3r1c"", ""3rs "", ""3s3:"", ""3tar"", ""4 3 "", ""4 dj"", ""4 dn"", ""4 ly"", ""4 pf"", ""4 ru"", ""4###"", ""4' i"", ""4, m"", ""4,21"", ""4-50"", ""4-7:"", ""4-cy"", ""4-si"", ""4/85"", ""40-c"", ""401-"", ""409."", ""41 b"", ""41 e"", ""41-6"", ""44, "", ""44/8"", ""457m"", ""46 u"", ""462."", ""466."", ""49 e"", ""49 i"", ""490a"", ""494#"", ""4a4f"", ""4c m"", ""4clo"", ""4e g"", ""4glo"", ""4h05"", ""4k g"", ""4nin"", ""4wol"", ""4xl/"", ""5 (m"", ""5 dr"", ""5 iu"", ""5 zi"", ""5' s"", ""5'01"", ""5,30"", ""5-e "", ""5.5."", ""5/95"", ""5/hr"", ""50/9"", ""506a"", ""514-"", ""51mi"", ""525'"", ""53 p"", ""54 e"", ""541-"", ""55/9"", ""57mm"", ""5a p"", ""5doc"", ""5eye"", ""5h42"", ""5ob "", ""5poi"", ""5wom"", ""5x p"", ""5x5,"", ""6 (b"", ""6 aa"", ""6 ad"", ""6 ot"", ""6 sn"", ""6 ww"", ""6-76"", ""606 "", ""60ml"", ""61 d"", ""633 "", ""65 s"", ""65do"", ""68 o"", ""69 h"", ""69-9"", ""6=0 "", ""6b: "", ""7 10"", ""7 23"", ""7 30"", ""7 31"", ""7 39"", ""7 41"", ""7 66"", ""7 ke"", ""7 kr"", ""7 og"", ""7 ww"", ""7 ya"", ""7 yp"", ""7, 8"", ""7, h"", ""7.8."", ""7/78"", ""700%"", ""72 r"", ""72/5"", ""730-"", ""74 j"", ""74 k"", ""749 "", ""75 r"", ""76 r"", ""76dd"", ""77 6"", ""77bo"", ""7:07"", ""7:13"", ""7:23"", ""7:50"", ""7boa"", ""7mm "", ""7na:"", ""8 hz"", ""8 sx"", ""8, u"", ""81 h"", ""81 l"", ""81 o"", ""818 "", ""82 k"", ""83 o"", ""831,"", ""84 k"", ""84c "", ""89 r"", ""89+1"", ""895 "", ""8new"", ""9 11"", ""9 a."", ""9 fm"", ""9 gl"", ""9 le"", ""9 m2"", ""9% w"", ""9.08"", ""9.9 "", ""90 0"", ""90am"", ""92-o"", ""921>"", ""93 y"", ""94 d"", ""94##"", ""944,"", ""947:"", ""95 ("", ""97.4"", ""99 k"", ""9:25"", ""9:54"", ""9o e"", ""9os "", ""9xx:"", "": 2t"", "": zd"", "":0 ("", "":05'"", "":07:"", "":16-"", "":25."", "":30h"", "":4 ("", "":59:"", "":96:"", ""<3 m"", ""= 13"", ""= on"", ""= pe"", ""=0 h"", ""=2: "", ""=5=1"", "">198"", "">>dr"", "">dre"", ""? j'"", ""?/wu"", ""?anx"", ""?e?a"", ""[mei"", ""] da"", ""] ge"", ""] vo"", ""]hab"", ""]mai"", ""]mem"", ""_lou"", ""_vie"", ""a '2"", ""a 5,"", ""a c!"", ""a w/"", ""a)ty"", ""a*te"", ""a-'k"", ""a-yh"", ""a-zh"", ""a.' "", ""a.-b"", ""a./g"", ""a.08"", ""a.m:"", ""a3ta"", ""a40 "", ""a9 -"", ""aaav"", ""aalh"", ""aawi"", ""aazm"", ""abf-"", ""abxa"", ""af'i"", ""agnh"", ""ah-p"", ""ai?/"", ""aid;"", ""aitb"", ""ajiz"", ""akkj"", ""akt-"", ""alc2"", ""alt_"", ""ao-i"", ""apfl"", ""ar(e"", ""ara;"", ""as)-"", ""auww"", ""ay.n"", ""ayif"", ""azsd"", ""b.c:"", ""baor"", ""baxu"", ""bcfi"", ""bdu "", ""becl"", ""bexo"", ""bf-m"", ""bgar"", ""bheo"", ""bui'"", ""bur?"", ""bxan"", ""bzzy"", ""c4, "", ""ca-w"", ""ceig"", ""celk"", ""cfil"", ""cic?"", ""ciuk"", ""ckku"", ""coxl"", ""cpl."", ""curh"", ""d 0 "", ""d'ip"", ""d) 2"", ""d-ir"", ""d/2b"", ""datb"", ""dbam"", ""ddo'"", ""dewb"", ""deyd"", ""df-f"", ""df-w"", ""df.r"", ""dip'"", ""dj. "", ""dnek"", ""doym"", ""drbz"", ""dsym"", ""dto "", ""dtpl"", ""duh?"", ""dusg"", ""dz/a"", ""dzub"", ""e) +"", ""e-b "", ""e. #"", ""e?an"", ""e]ha"", ""e]ma"", ""e]me"", ""eal;"", ""ean)"", ""ebcf"", ""ebex"", ""egg\"""", ""ei ["", ""eig]"", ""el!:"", ""epej"", ""er00"", ""er83"", ""ermt"", ""euim"", ""eut:"", ""ezro"", ""f) l"", ""f.re"", ""faty"", ""fes)"", ""fm c"", ""fnd "", ""fsfe"", ""g -w"", ""g\"" o"", ""g) b"", ""g] v"", ""gacs"", ""gam:"", ""gg\"" "", ""gnhe"", ""gnik"", ""go':"", ""gs-l"", ""gtve"", ""gyi-"", ""h 62"", ""h b,"", ""h'n."", ""h-na"", ""h..!"", ""hcok"", ""hdrb"", ""heai"", ""her0"", ""hhob"", ""hi/i"", ""hivb"", ""hl-s"", ""hle'"", ""i [m"", ""i! v"", ""i!' "", ""i-47"", ""i-kh"", ""i/fx"", ""i?/g"", ""iauw"", ""icoz"", ""ier@"", ""ig] "", ""igtv"", ""iha'"", ""iiet"", ""ijdb"", ""ijej"", ""ijno"", ""ik'a"", ""ikk-"", ""im) "", ""imt!"", ""imug"", ""imyz"", ""iop "", ""ipnj"", ""irwn"", ""is':"", ""itox"", ""ium5"", ""iv/l"", ""ivba"", ""ivbh"", ""ivme"", ""iy: "", ""iyyo"", ""iz'a"", ""j hl"", ""j im"", ""j. :"", ""ja-'"", ""jdbo"", ""jei-"", ""jejt"", ""jlod"", ""josr"", ""jsbe"", ""ju' "", ""k'ai"", ""k, -"", ""k//z"", ""ka-z"", ""kdia"", ""kisg"", ""kiy:"", ""kk-z"", ""kkja"", ""kksi"", ""knyo"", ""kr3w"", ""kt-s"", ""kukr"", ""kv p"", ""l'le"", ""laf?"", ""lbev"", ""lc2:"", ""lcaj"", ""lemc"", ""ler8"", ""li!."", ""lk!'"", ""lpib"", ""lr m"", ""lt-s"", ""lt_v"", ""ltsn"", ""lu 5"", ""lytj"", ""lyzk"", ""m i-"", ""m sf"", ""m) p"", ""m-ot"", ""m2 p"", ""m3r1"", ""m50a"", ""mak."", ""mcic"", ""mg r"", ""mkoz"", ""mlxv"", ""mn k"", ""mokn"", ""mugt"", ""mumr"", ""muom"", ""mz 6"", ""n 94"", ""n m)"", ""n)he"", ""n)ve"", ""na!'"", ""nbao"", ""ney$"", ""nfto"", ""nhig"", ""nhiy"", ""nnfl"", ""nog."", ""nos1"", ""nsh:"", ""ntdi"", ""ntmn"", ""ntyb"", ""nuak"", ""nx ("", ""nyze"", ""nz-j"", ""o bf"", ""o tn"", ""o-ul"", ""o.3)"", ""o: 9"", ""oaos"", ""ocui"", ""odz/"", ""oejo"", ""ohl-"", ""ojtu"", ""okks"", ""oobg"", ""or ."", ""orc'"", ""os1)"", ""ot'-"", ""ou-v"", ""ou/r"", ""ounl"", ""ow 0"", ""owtd"", ""ox/i"", ""oxo,"", ""oytt"", ""ozej"", ""ozsz"", ""ozuj"", ""p 'j"", ""p 08"", ""p'ed"", ""p4xl"", ""pau."", ""pnja"", ""pntm"", ""pp'e"", ""ppnt"", ""pt.5"", ""qabo"", ""qapi"", ""r #0"", ""r .8"", ""r(ed"", ""r(gl"", ""r-rd"", ""r/p4"", ""r00?"", ""r1c4"", ""r83!"", ""ra'y"", ""ralw"", ""rcca"", ""re]h"", ""rgap"", ""rkju"", ""rmt!"", ""rokf"", ""rs-e"", ""rwnu"", ""rwyr"", ""rzaq"", ""s \""e"", ""s)-p"", ""s)le"", ""s.s)"", ""s10 "", ""sa!'"", ""saa'"", ""sab'"", ""sdob"", ""sel)"", ""sgaz"", ""sgiz"", ""si!'"", ""sne!"", ""stm-"", ""sua'"", ""t s1"", ""t'-a"", ""t'-o"", ""t.5a"", ""t.su"", ""t_vi"", ""tbak"", ""tf n"", ""tirw"", ""tj p"", ""tm-t"", ""tmto"", ""toe)"", ""towt"", ""ts \"""", ""tsmy"", ""tzua"", ""u n-"", ""u pp"", ""u' y"", ""u-i:"", ""u-vo"", ""ualh"", ""uarv"", ""uaws"", ""ubzz"", ""uce;"", ""ufsf"", ""uicu"", ""uixu"", ""uk '"", ""ulwh"", ""um50"", ""umup"", ""un)d"", ""un)v"", ""unuo"", ""ur/u"", ""uu' "", ""uza)"", ""uzvr"", ""v'ts"", ""v.3."", ""v/lo"", ""v] d"", ""v] g"", ""v] k"", ""vbaj"", ""vbha"", ""vd h"", ""vebc"", ""vg o"", ""vie4"", ""vie5"", ""vliy"", ""vo/h"", ""vou'"", ""vudd"", ""w 0."", ""wbht"", ""wd v"", ""wf p"", ""wnu'"", ""wotd"", ""wowo"", ""wrem"", ""wros"", ""wstm"", ""wtc:"", ""wtdi"", ""wubz"", ""wvli"", ""wwi'"", ""x/in"", ""x5, "", ""xan'"", ""xe-b"", ""xext"", ""xhdr"", ""xia."", ""xkai"", ""xl/l"", ""xtyn"", ""xunh"", ""xusv"", ""y' 2"", ""y' e"", ""yaez"", ""yalj"", ""ybio"", ""ye-v"", ""yf a"", ""yg i"", ""yg s"", ""yodi"", ""yol!"", ""yp-b"", ""ys's"", ""ytje"", ""yutb"", ""yzka"", ""yzoj"", ""z 38"", ""z 39"", ""z eq"", ""z'ag"", ""z-jo"", ""zapx"", ""zazv"", ""zdim"", ""zivb"", ""zix "", ""zrin"", ""zsdo"", ""ztob"", ""zvam""]",1017,1,155,0.0064516129032258064
4,block_infix_fingerprint_v004.json,128,local_split_entropy_equivalence_classes,154,4,0.0,0.1,title,title,105," ""ex","["" \""ex"", "".d t"", ""d/sk"", ""hlud"", ""o.d "", ""tuup""]",6,2,155,0.012903225806451613
4,block_infix_fingerprint_v004.json,128,local_split_entropy_equivalence_classes,154,4,0.0,0.1,title,title,106," ""f""","["" \""f\"""", "" $ g"", "" 'fd"", "" (11"", "" 12g"", "" 28'"", "" 3/2"", "" 4&5"", "" 69e"", "" 75)"", "" aex"", "" b.2"", "" d17"", "" dwu"", "" dyg"", "" egd"", "" f'k"", "" g.t"", "" gfy"", "" ifr"", "" ijj"", "" im."", "" kr."", "" l-e"", "" m/s"", "" msv"", "" pi."", "" rsi"", "" swk"", "" ta:"", "" uix"", "" v'c"", "" vlc"", "" w &"", "" wca"", "" wpl"", "" zsy"", ""!: z"", ""\"" ou"", ""\""f\"" "", ""$ gr"", ""& az"", ""' u."", ""'27'"", ""'73!"", ""'8 l"", ""'a-c"", ""'abc"", ""'bba"", ""'bic"", ""'blh"", ""'edm"", ""'eso"", ""'fd3"", ""'ime"", ""'irl"", ""'je'"", ""'kha"", ""'pah"", ""'y '"", ""(11/"", ""(164"", ""(pio"", ""(r)s"", ""(rue"", ""(why"", ""): e"", ""): i"", "")ses"", ""- ej"", ""- kd"", ""- rs"", ""-'er"", ""-308"", ""-7 -"", ""-an,"", ""-biq"", ""-elj"", ""-fa "", ""-h h"", ""-izo"", ""-jii"", ""-meh"", ""-roz"", "". #7"", "". rz"", "". z "", "".!: "", ""..!:"", "".fuc"", "".hon"", "".obe"", "".rr:"", ""/95 "", ""/lkp"", ""/s f"", ""0 m "", ""0e r"", ""1 ii"", ""1. i"", ""12gw"", ""18-n"", ""199x"", ""2 'r"", ""27''"", ""28'2"", ""2gwa"", ""3 + "", ""317e"", ""33 +"", ""3e j"", ""3s21"", ""4 (w"", ""4 fp"", ""4 kh"", ""4m: "", ""5 er"", ""5 if"", ""50e "", ""6 ed"", ""640-"", ""65 l"", ""69 #"", ""69em"", ""7 em"", ""7.5."", ""7/95"", ""70-2"", ""7e p"", ""8 lu"", ""8 m/"", ""8'27"", ""8, q"", ""83 f"", ""860-"", ""9,8 "", ""9-1 "", ""98 j"", "": gf"", ""; le"", ""a -t"", ""a d1"", ""a'ra"", ""a-ef"", ""a-oc"", ""a.rr"", ""aa.r"", ""ac-u"", ""accy"", ""addk"", ""adhm"", ""adn,"", ""ae-z"", ""aext"", ""afhi"", ""afo)"", ""aft)"", ""ahaq"", ""ahfi"", ""ajhl"", ""akkp"", ""al-7"", ""amn:"", ""anqe"", ""aoco"", ""aosk"", ""arb,"", ""awgn"", ""axee"", ""b 'h"", ""b 34"", ""b dl"", ""b-ac"", ""bady"", ""bawt"", ""bey."", ""bfia"", ""bohg"", ""bryi"", ""bt. "", ""bucj"", ""but'"", ""c! j"", ""c(s)"", ""c-un"", ""c-zm"", ""cgah"", ""cit@"", ""civy"", ""ckyz"", ""cocy"", ""coj "", ""cq o"", ""d 9,"", ""d lg"", ""d'a-"", ""ddka"", ""ddo?"", ""dezm"", ""de~d"", ""diiv"", ""dlae"", ""domv"", ""dsia"", ""dua:"", ""duiw"", ""dve!"", ""dwud"", ""dygr"", ""e \""f"", ""e $ "", ""e 6'"", ""e gb"", ""e(le"", ""e-h "", ""e.ho"", ""ec! "", ""ecys"", ""ed!."", ""efok"", ""egdi"", ""eia?"", ""eiut"", ""ejm "", ""ekhl"", ""ektd"", ""emch"", ""epbe"", ""epiq"", ""eqma"", ""era("", ""esi)"", ""eu(r"", ""euz-"", ""eviq"", ""ext)"", ""exxc"", ""eya-"", ""ez'b"", ""e~da"", ""f\"" o"", ""f'ka"", ""fadh"", ""fd3'"", ""fea."", ""ffyv"", ""fhid"", ""fim:"", ""finm"", ""fok'"", ""fsty"", ""fu-a"", ""fu-i"", ""furz"", ""g b:"", ""g vg"", ""ga ."", ""gcra"", ""gdr "", ""gemh"", ""gic("", ""gitk"", ""gja,"", ""gkiy"", ""gkyo"", ""gmax"", ""gnsg"", ""go3 "", ""gro)"", ""gueb"", ""guo!"", ""h ug"", ""hemc"", ""heqm"", ""hidm"", ""hiey"", ""hioz"", ""hpe "", ""hrtm"", ""ht!:"", ""hth,"", ""hti?"", ""hu 7"", ""huov"", ""hwiz"", ""hzin"", ""i h-"", ""i qy"", ""ib '"", ""ibe."", ""ic(s"", ""ic-z"", ""ick;"", ""id 8"", ""idoa"", ""iduv"", ""ieph"", ""ieye"", ""ifi?"", ""ifst"", ""ijkp"", ""impw"", ""ior;"", ""ipec"", ""itpf"", ""iu-c"", ""iuyu"", ""ixci"", ""j nj"", ""jasb"", ""jegk"", ""jff "", ""jhli"", ""jidu"", ""jil-"", ""jirj"", ""jiuy"", ""jkpl"", ""jm i"", ""joeu"", ""jogb"", ""jokb"", ""jowj"", ""jp i"", ""jrho"", ""jsve"", ""jual"", ""judr"", ""juk-"", ""jumy"", ""jv: "", ""jwol"", ""k 4&"", ""k/or"", ""k2 ("", ""k3 b"", ""k3s2"", ""k; p"", ""kagb"", ""kaoj"", ""kas-"", ""kemr"", ""kepb"", ""kghz"", ""kimj"", ""kip!"", ""kivf"", ""kjv:"", ""kk ("", ""kkpp"", ""kl 7"", ""klu-"", ""ko'a"", ""kokv"", ""komr"", ""kp g"", ""kppu"", ""kr. "", ""krzn"", ""ks-d"", ""kt!!"", ""ktd "", ""ktdi"", ""ktse"", ""kuib"", ""kutj"", ""kuug"", ""kuxa"", ""ky 9"", ""kyzi"", ""kz9 "", ""l 2o"", ""l 7/"", ""l k'"", ""l'kh"", ""l-7 "", ""l.a!"", ""l.aa"", ""l.j."", ""la-3"", ""laiq"", ""lakp"", ""lbu "", ""lcav"", ""lchl"", ""ler7"", ""leu("", ""lgim"", ""lhus"", ""lirf"", ""lkic"", ""ll.a"", ""lo'h"", ""logc"", ""lqin"", ""ltmi"", ""lu'b"", ""lu-m"", ""luah"", ""luxm"", ""lwy "", ""ly +"", ""lya!"", ""lykl"", ""lyvy"", ""lzoj"", ""m 3/"", ""m iw"", ""m'po"", ""m's:"", ""m. 0"", ""m4m:"", ""mabk"", ""meud"", ""mexc"", ""mivl"", ""mmfr"", ""moyi"", ""mp'e"", ""mr.f"", ""msv "", ""muly"", ""mval"", ""n #0"", ""n p1"", ""na ."", ""nde~"", ""nivk"", ""nkiz"", ""nlur"", ""npli"", ""nus1"", ""nuu,"", ""nvex"", ""nys;"", ""nzav"", ""o'o:"", ""o/lk"", ""o3 w"", ""o?!."", ""obbr"", ""ocay"", ""ody;"", ""ogcr"", ""ohig"", ""ohrh"", ""oizk"", ""oja)"", ""oky."", ""olsf"", ""op #"", ""opui"", ""oq n"", ""oudq"", ""oui!"", ""ouqs"", ""ouun"", ""ox-f"", ""oyud"", ""oz j"", ""pbau"", ""pben"", ""pbil"", ""pe't"", ""pel!"", ""phaw"", ""pizd"", ""pjas"", ""pkiy"", ""pol?"", ""ppbi"", ""q d'"", ""qa f"", ""qabd"", ""qina"", ""qish"", ""qmas"", ""qraf"", ""qsor"", ""r .4"", ""r vj"", ""r)se"", ""r.fu"", ""r.ob"", ""ra(t"", ""rakd"", ""rc k"", ""rey;"", ""rgac"", ""rjir"", ""rtls"", ""ruuu"", ""ryaj"", ""rynq"", ""rzvi"", ""s tl"", ""s zv"", ""s219"", ""sd '"", ""sek."", ""sewu"", ""sh/y"", ""shju"", ""shvu"", ""sihk"", ""sijw"", ""sje."", ""sl i"", ""soh "", ""srel"", ""sui)"", ""sv a"", ""swkh"", ""sygm"", ""sz. "", ""sztn"", ""tafh"", ""tatw"", ""tbyu"", ""td 2"", ""tjut"", ""tof,"", ""tryb"", ""ts-n"", ""tsi'"", ""tu-s"", ""tz x"", ""tzud"", ""u 'v"", ""u iw"", ""u o:"", ""u wc"", ""u'bb"", ""u(r)"", ""u-ag"", ""u-iz"", ""uasf"", ""ucoj"", ""udqu"", ""udr."", ""ufok"", ""ug-g"", ""ugiv"", ""ugof"", ""uhu-"", ""uihk"", ""uir)"", ""uiwe"", ""uk-u"", ""ulqi"", ""une)"", ""uo 2"", ""uqet"", ""uqso"", ""ur.o"", ""urc "", ""urnj"", ""ursm"", ""uryc"", ""urzv"", ""usnt"", ""ut-k"", ""utce"", ""utn,"", ""uxfe"", ""uyo:"", ""v'ca"", ""v. y"", ""vaky"", ""ve(l"", ""ve.h"", ""vebz"", ""veef"", ""vex-"", ""vir:"", ""vnid"", ""vopu"", ""vouq"", ""vsfl"", ""vshj"", ""vssl"", ""vuro"", ""vya'"", ""w: z"", ""waio"", ""wcal"", ""wdyl"", ""wgno"", ""why)"", ""wkht"", ""wmor"", ""wu-s"", ""wudz"", ""wyzy"", ""x-sq"", ""xcia"", ""xcio"", ""xees"", ""xfer"", ""xv g"", ""xvi,"", ""xxcu"", ""y x'"", ""y! 5"", ""y! 6"", ""y-su"", ""yaj "", ""yakc"", ""yawl"", ""ybec"", ""yepp"", ""yfem"", ""ygou"", ""yikc"", ""yim,"", ""yji "", ""yky-"", ""yn-f"", ""ynqu"", ""yok)"", ""youu"", ""yov,"", ""ysek"", ""yueb"", ""yv b"", ""yvyt"", ""yzyn"", ""z9 -"", ""zaps"", ""zat."", ""zes."", ""zgry"", ""zi-i"", ""znyo"", ""zojm"", ""zsyg"", ""ztne"", ""zud "", ""zuht"", ""zvak"", ""~dal""]",641,1,155,0.0064516129032258064
4,block_infix_fingerprint_v004.json,128,local_split_entropy_equivalence_classes,154,4,0.0,0.1,title,title,107," ""fi","["" \""fi"", "" \""qu"", "" 'wl"", "" 92,"", "" a3z"", "" dx8"", "" e.x"", "" e20"", "" ewb"", "" f@c"", "" flw"", "" hgh"", "" hlm"", "" i-1"", "" kft"", "" rfc"", "" rfi"", "" w/k"", "" xaf"", "" xb-"", "" xc:"", ""!\"" o"", ""\""fin"", ""\""qua"", ""#006"", ""#54:"", ""#73:"", ""' nc"", ""'au-"", ""'cad"", ""'hoy"", ""'igr"", ""'wlb"", ""(p)f"", ""(sav"", "")fun"", "")lik"", ""-678"", ""-erz"", ""-te!"", "".-gi"", ""..we"", "".1' "", "".2 -"", "".tru"", "".wei"", "".x.c"", ""/a.b"", ""/m 1"", ""/zez"", ""0 hl"", ""0/el"", ""00/e"", ""00?/"", ""0?/s"", ""0hro"", ""1 mm"", ""1' v"", ""1.3:"", ""10hr"", ""1x04"", ""3hab"", ""4.3:"", ""40 z"", ""450:"", ""49 y"", ""5 ip"", ""5.2:"", ""51 j"", ""56 l"", ""6.1:"", ""6x01"", ""717:"", ""800?"", "": g4"", ""a kf"", ""a- i"", ""a-er"", ""ag-q"", ""agfl"", ""alh "", ""aoh/"", ""ap.c"", ""au/w"", ""awds"", ""b-67"", ""b. q"", ""bdat"", ""behj"", ""bfug"", ""biov"", ""btw "", ""bynu"", ""chp "", ""clij"", ""co 0"", ""d 2x"", ""dc j"", ""dehv"", ""djug"", ""dun!"", ""dx8:"", ""e 5)"", ""e 6-"", ""e t1"", ""e-wm"", ""e.d!"", ""ea-u"", ""eao/"", ""ebuo"", ""eewr"", ""efga"", ""ehva"", ""eli)"", ""emyn"", ""epaq"", ""etc:"", ""ew/p"", ""exw "", ""ezo!"", ""ezuo"", ""f \""q"", ""f rf"", ""f-ke"", ""f@ce"", ""fab5"", ""faym"", ""ffs'"", ""fid,"", ""fla5"", ""flbo"", ""flw "", ""fou?"", ""ft- "", ""g 1s"", ""g!\"" "", ""gkch"", ""glur"", ""gs-q"", ""gy/q"", ""h1 v"", ""hlm "", ""hn-l"", ""hp 1"", ""hr-h"", ""i-10"", ""ijmp"", ""iksu"", ""iouf"", ""izsn"", ""jaj,"", ""jan?"", ""jmpo"", ""jun,"", ""kchp"", ""kft."", ""ktfi"", ""l r-"", ""la5h"", ""lao/"", ""lbo,"", ""lbob"", ""leg?"", ""lh p"", ""lme!"", ""ln?/"", ""lw o"", ""lw t"", ""m dx"", ""m/ep"", ""mtsc"", ""murx"", ""muuh"", ""n wd"", ""nbo)"", ""neu:"", ""ng!\"""", ""ngi?"", ""nsv:"", ""nt'c"", ""nx?/"", ""nyiz"", ""o f@"", ""o.-g"", ""ock\"""", ""oe/r"", ""ohlv"", ""oom)"", ""ops\"""", ""os& "", ""ouao"", ""oujn"", ""oxem"", ""oxyd"", ""oyd-"", ""p)fu"", ""p3x "", ""pbj "", ""pf!:"", ""pflb"", ""pift"", ""pinq"", ""pp-s"", ""ppsk"", ""pr21"", ""pryt"", ""r 7s"", ""r bz"", ""r hg"", ""r'sh"", ""r211"", ""r3ha"", ""rey?"", ""rgs!"", ""rha,"", ""riu,"", ""ros&"", ""rvsa"", ""rxai"", ""s& o"", ""s/a."", ""ssfr"", ""sv: "", ""szro"", ""t xc"", ""t- l"", ""t.1'"", ""t.2 "", ""tg 1"", ""ti/z"", ""tlaq"", ""tocz"", ""tse!"", ""tw i"", ""uaou"", ""uclo"", ""udfi"", ""uhh."", ""urxt"", ""uuhh"", ""vosn"", ""w xt"", ""w1 m"", ""wap."", ""wdsl"", ""wlba"", ""x01:"", ""xb-6"", ""xemi"", ""xpr2"", ""xw x"", ""xxi,"", ""xyda"", ""y \""f"", ""y a'"", ""y xb"", ""ydab"", ""ye/w"", ""yenr"", ""yezt"", ""yizs"", ""yks,"", ""yss/"", ""yuu?"", ""z-ti"", ""zec?"", ""zsni"", ""zuoj"", ""zwat""]",269,1,155,0.0064516129032258064
4,block_infix_fingerprint_v004.json,128,local_split_entropy_equivalence_classes,154,4,0.0,0.1,title,title,108," ""gi","["" \""gi"", "" (__"", "" 1-k"", "" 12+"", "" 51,"", "" 99'"", "" [86"", "" [99"", "" [ab"", "" [ag"", "" [be"", "" [da"", "" [fl"", "" [ha"", "" [hu"", "" [in"", "" [ki"", "" [lo"", "" [ma"", "" [on"", "" [pu"", "" [si"", "" [sp"", "" [st"", "" [ta"", "" [to"", "" [tr"", "" [up"", "" a.]"", "" cp2"", "" f-0"", "" gge"", "" hsh"", "" q h"", "" ujj"", "" up]"", ""! [c"", ""! [g"", ""! [p"", ""\""gir"", ""$ on"", ""'$ o"", ""'] m"", ""'kao"", ""'rez"", ""(__)"", ""(ish"", ""*rec"", "", 99"", ""-j5/"", ""-mu-"", ""-no!"", ""-xy "", "". [g"", "". [k"", "". [t"", "".dou"", "".moo"", ""/43 "", ""/9-d"", ""0b56"", ""0t25"", ""1, w"", ""1:13"", ""1b78"", ""1c97"", ""2/43"", ""2w56"", ""3: ["", ""3:36"", ""42/4"", ""5/9-"", ""563 "", ""7 id"", ""784 "", ""7p46"", ""7r49"", ""7r51"", ""8h46"", ""8s51"", ""8w50"", ""9 is"", ""9 ok"", ""9's "", ""9, y"", ""9-do"", ""92 j"", ""99's"", ""9: ["", "": [8"", "": [9"", "": [a"", "": [b"", "": [c"", "": [d"", "": [f"", "": [g"", "": [h"", "": [i"", "": [l"", "": [m"", "": [n"", "": [o"", "": [r"", "": [s"", "": [u"", "": [w"", "": uh"", "": uj"", ""[ do"", ""[86 "", ""[99 "", ""[abo"", ""[age"", ""[bef"", ""[cha"", ""[che"", ""[dan"", ""[fli"", ""[gas"", ""[goe"", ""[hav"", ""[hun"", ""[in "", ""[is "", ""[kis"", ""[loo"", ""[max"", ""[now"", ""[on "", ""[pos"", ""[pul"", ""[pus"", ""[rea"", ""[sie"", ""[spe"", ""[sti"", ""[tam"", ""[tas"", ""[to "", ""[tra"", ""[ups"", ""[wea"", ""] bu"", ""] di"", ""] ha"", ""] he"", ""] hm"", ""] i "", ""] i'"", ""] is"", ""] ma"", ""] no"", ""] oh"", ""] oo"", ""] po"", ""] th"", ""] wh"", ""] yo"", ""_) c"", ""__) "", ""a 2)"", ""a] d"", ""a] w"", ""aeud"", ""aft]"", ""ah. "", ""ail]"", ""ajfa"", ""al] "", ""amrs"", ""ase]"", ""ata]"", ""aw-y"", ""ax? "", ""b563"", ""b784"", ""b] w"", ""baip"", ""bomy"", ""c-48"", ""c972"", ""cdet"", ""ce] "", ""ced]"", ""cigd"", ""cz 1"", ""czba"", ""d] y"", ""dhtr"", ""dt! "", ""duzb"", ""e *r"", ""e ->"", ""e' y"", ""e'] "", ""e'fa"", ""e. '"", ""e. ["", ""e] b"", ""e] m"", ""e] o"", ""e] t"", ""e] w"", ""e] y"", ""ecde"", ""ed] "", ""eduq"", ""ehm,"", ""el] "", ""ely]"", ""eog-"", ""es] "", ""et] "", ""etvu"", ""eutj"", ""evov"", ""ey] "", ""f.p:"", ""fag."", ""fit]"", ""fsgr"", ""ft] "", ""g(is"", ""gbuh"", ""gdem"", ""gla!"", ""grr-"", ""gvaz"", ""gzol"", ""h-a "", ""h462"", ""h? y"", ""h] m"", ""ha'r"", ""hik."", ""hmm!"", ""hom,"", ""hot]"", ""hsna"", ""hyvy"", ""iaod"", ""ic-4"", ""ice]"", ""ick]"", ""iczb"", ""ie] "", ""il] "", ""iqan"", ""it'$"", ""it] "", ""iuyi"", ""j5/9"", ""jaud"", ""je-g"", ""jfa!"", ""jkt,"", ""jynj"", ""k 'b"", ""k, 2"", ""k. ["", ""k? i"", ""ko 6"", ""ks] "", ""kusw"", ""l. ["", ""l. y"", ""l? ("", ""l] m"", ""l] n"", ""l] p"", ""labm"", ""le] "", ""ley]"", ""lfaa"", ""ljyn"", ""lodj"", ""ltd,"", ""lub]"", ""lumt"", ""ly] "", ""lzsa"", ""m hs"", ""max."", ""mhwa"", ""mie]"", ""mizl"", ""mlu "", ""mmme"", ""mojh"", ""mokj"", ""mrse"", ""myn'"", ""n: ["", ""n] h"", ""n] o"", ""nd ]"", ""ne] "", ""nes]"", ""nfui"", ""ng(i"", ""ng*."", ""nks]"", ""nny]"", ""ny] "", ""o! ["", ""o: ["", ""obip"", ""oe 5"", ""ofl "", ""ojho"", ""ol-n"", ""ole]"", ""omhw"", ""omlj"", ""on] "", ""one]"", ""oth]"", ""ove]"", ""ox-u"", ""p468"", ""p] n"", ""p] w"", ""p] y"", ""ps] "", ""qiuy"", ""r-j5"", ""r492"", ""r518"", ""ral]"", ""rd?!"", ""re *"", ""rgts"", ""rilc"", ""rox-"", ""rr-r"", ""rsfl"", ""ry?)"", ""rza?"", ""s \""g"", ""s (7"", ""s! ["", ""s.mo"", ""s510"", ""s] h"", ""s] i"", ""s] o"", ""sa] "", ""se] "", ""set]"", ""sevk"", ""sid:"", ""sku."", ""sly]"", ""sps]"", ""sujs"", ""t255"", ""t] h"", ""t] i"", ""t] m"", ""t] t"", ""ta] "", ""te']"", ""th] "", ""thi?"", ""u i."", ""ub] "", ""uh? "", ""uhuh"", ""um'c"", ""ung("", ""up] "", ""usa]"", ""uyap"", ""ve'f"", ""ve] "", ""vegf"", ""vket"", ""vlll"", ""vo!!"", ""w (_"", ""w.do"", ""w1 a"", ""w2 r"", ""w504"", ""w561"", ""w562"", ""wajs"", ""wf g"", ""wo'm"", ""wofl"", ""wolw"", ""ww.d"", ""wzw:"", ""x 85"", ""x! ["", ""x-25"", ""x-uv"", ""x-xy"", ""x? o"", ""xahh"", ""xemo"", ""xexe"", ""xma:"", ""xofr"", ""xpw "", ""xua'"", ""xvll"", ""xx-r"", ""xx-x"", ""y2 t"", ""y] i"", ""y] m"", ""y] o"", ""yedd"", ""yieu"", ""yli."", ""ynja"", ""yosl"", ""yrmw"", ""yu-l"", ""yuxw"", ""yvy,"", ""yydo"", ""z (z"", ""z-da"", ""zaac"", ""zah-"", ""zaoy"", ""zavy"", ""zboh"", ""zda,"", ""zeb:"", ""zel]"", ""zhyv"", ""zivx"", ""zjoe"", ""zk: "", ""zog'"", ""zolw""]",440,1,155,0.0064516129032258064
4,block_infix_fingerprint_v004.json,128,local_split_entropy_equivalence_classes,154,4,0.0,0.1,title,title,109," ""hi","["" \""hi"", "" $13"", "" $4."", "" 'x "", "" (bb"", "" (gy"", "" (nm"", "" (tn"", "" 1+1"", "" 13p"", "" 2/k"", "" 5/6"", "" 9-b"", "" 9-g"", "" 9-k"", "" bd7"", "" cx5"", "" d-o"", "" dws"", "" ed;"", "" g'm"", "" h w"", "" ke!"", "" lcb"", "" ls4"", "" m k"", "" q k"", "" t u"", "" yii"", ""! q "", ""! z "", ""!/gr"", ""\""hi\"""", ""#3 t"", ""$130"", ""& 06"", ""'; m"", ""'kif"", ""'s/a"", ""'uh/"", ""'x f"", ""(bbv"", ""(cop"", ""(gye"", ""(net"", ""(nm)"", ""(tn)"", ""(v1."", ""), o"", "")tus"", "")~!!"", "", 'k"", "", ck"", ""- 5/"", ""- m'"", ""-20-"", ""-555"", ""-ak "", ""-caw"", ""-d'u"", ""-d/m"", ""-hey"", ""-ihm"", ""-l a"", ""-v e"", ""-ve-"", ""-wro"", ""-yol"", "".01)"", ""/3 o"", ""/9.9"", ""/abi"", ""/ahh"", ""/anv"", ""/b.g"", ""/c+c"", ""/e.g"", ""/gad"", ""/mdl"", ""/ome"", ""/puc"", ""/sqo"", ""/t.j"", ""0 (c"", ""01):"", ""05 &"", ""0s. "", ""1 9-"", ""1-55"", ""11 9"", ""130,"", ""13pt"", ""2/e."", ""2/ki"", ""3pt "", ""4. -"", ""40s."", ""42/e"", ""43:1"", ""475:"", ""5 mr"", ""5-ve"", ""5/6 "", ""55-v"", ""6, v"", ""60-4"", ""68.9"", ""9 ds"", ""9-bu"", ""9-by"", ""9-ga"", ""; pi"", ""; te"", ""?!/t"", ""?/hu"", ""?/ip"", ""@ gw"", ""@tti"", ""a g'"", ""a)~!"", ""aa)~"", ""aa-j"", ""aa/d"", ""aag!"", ""adt."", ""af/o"", ""agzu"", ""aje."", ""amd "", ""aou/"", ""apsj"", ""aqq "", ""ark2"", ""awio"", ""axl,"", ""b dj"", ""b/ch"", ""b?/h"", ""baa)"", ""bbv)"", ""bik/"", ""biz?"", ""c-ca"", ""c/ke"", ""cawf"", ""caww"", ""cm u"", ""cte/"", ""d 9p"", ""d) f"", ""d./m"", ""d; r"", ""dde-"", ""dds;"", ""deii"", ""devn"", ""dey/"", ""dkee"", ""dr.d"", ""ds/9"", ""dwsa"", ""e $t"", ""e 7d"", ""e 8,"", ""e lc"", ""e ue"", ""e)tu"", ""e-d'"", ""e/ t"", ""eahc"", ""eaue"", ""eee-"", ""eef."", ""efuj"", ""egu,"", ""eke?"", ""em'h"", ""eniw"", ""ens;"", ""eu!?"", ""evnt"", ""f./s"", ""f/dr"", ""fpau"", ""fu. "", ""g hn"", ""g j,"", ""g'ma"", ""g-d/"", ""g; '"", ""ggpi"", ""gozb"", ""gpir"", ""gtsb"", ""gzuc"", ""h s,"", ""h; p"", ""hcim"", ""hdej"", ""hm.."", ""hn.c"", ""hnif"", ""hou)"", ""hyly"", ""i\"" s"", ""i-lh"", ""i-tt"", ""i?!/"", ""ic/k"", ""ich;"", ""idlu"", ""ig/i"", ""ik!'"", ""ik- "", ""ik/l"", ""ik/y"", ""inpf"", ""ip @"", ""ir/i"", ""isc9"", ""itu/"", ""iv):"", ""ixli"", ""ixx/"", ""j's/"", ""jem'"", ""ji?!"", ""jmah"", ""jnvl"", ""jr n"", ""k- o"", ""k-mi"", ""k/i'"", ""k2 t"", ""ka/n"", ""kdit"", ""ked)"", ""kje."", ""koaj"", ""koia"", ""kyy/"", ""l qm"", ""l/b."", ""l/ed"", ""lcbo"", ""le/ "", ""lpyn"", ""ls46"", ""luvc"", ""lvah"", ""lyo,"", ""m 3s"", ""m!/g"", ""md t"", ""md/t"", ""mdlt"", ""me-1"", ""n 1+"", ""n 8p"", ""n f1"", ""n l "", ""n/ah"", ""n/md"", ""nea'"", ""ni?-"", ""nm) "", ""nogb"", ""nt-x"", ""nu-p"", ""nui,"", ""nyll"", ""o \""h"", ""o'; "", ""o/wo"", ""oapl"", ""oapu"", ""obhe"", ""ogug"", ""omqu"", ""omyr"", ""on-4"", ""oomq"", ""orzn"", ""ouzp"", ""ox' "", ""p @ "", ""p p."", ""p' m"", ""p-15"", ""p-i-"", ""p/60"", ""pds?"", ""pekj"", ""pfpa"", ""ph/k"", ""pmd/"", ""pp/6"", ""pynt"", ""q hu"", ""q ku"", ""qmar"", ""qott"", ""qq o"", ""r tx"", ""r-v "", ""r/d'"", ""r/gn"", ""re'?"", ""re)t"", ""rerp"", ""rf/d"", ""rf/n"", ""rk2 "", ""rlym"", ""ro';"", ""ru/d"", ""ru/o"", ""s 8p"", ""s- c"", ""s/9."", ""s/b."", ""s460"", ""s; '"", ""s@tt"", ""sc10"", ""sck/"", ""seeo"", ""seg?"", ""sf-s"", ""sfn:"", ""sm/f"", ""sqot"", ""stzy"", ""sv b"", ""syju"", ""syo!"", ""t pm"", ""t xf"", ""t-mu"", ""t/tl"", ""t5: "", ""tacq"", ""tetj"", ""thm."", ""tkuh"", ""tmi-"", ""tn m"", ""tn) "", ""toap"", ""ttno"", ""tx w"", ""tyl!"", ""tzyn"", ""u 9-"", ""u/cr"", ""u/om"", ""uft:"", ""ufu."", ""uh/n"", ""ujr "", ""ukh,"", ""unnl"", ""uzpi"", ""v): "", ""v1.0"", ""vaa."", ""vcas"", ""vims"", ""vntu"", ""vute"", ""wa?/"", ""wal'"", ""wii/"", ""wion"", ""wk/o"", ""wl!?"", ""wn-e"", ""wonc"", ""wsar"", ""x-10"", ""x-l "", ""x/ar"", ""x/te"", ""xl, "", ""xor?"", ""xt! "", ""xwei"", ""xx/s"", ""xxth"", ""y-sw"", ""y/c+"", ""ya 4"", ""yczo"", ""ye +"", ""yiii"", ""yjuc"", ""ynyl"", ""yonv"", ""ystm"", ""yy/d"", ""yyka"", ""yyny"", ""zenq"", ""zig/"", ""zo'o"", ""zosz"", ""zu/c"", ""zziv""]",408,1,155,0.0064516129032258064
4,block_infix_fingerprint_v004.json,128,local_split_entropy_equivalence_classes,154,4,0.0,0.1,title,title,110," ""i ","["" \""i ""]",1,3,155,0.01935483870967742
4,block_infix_fingerprint_v004.json,128,local_split_entropy_equivalence_classes,154,4,0.0,0.1,title,title,111," ""in","["" \""in"", ""eepk""]",2,2,155,0.012903225806451613
4,block_infix_fingerprint_v004.json,128,local_split_entropy_equivalence_classes,154,4,0.0,0.1,title,title,112," ""it","["" \""it"", "" \""x\"""", "" (cc"", "" (gm"", "" -12"", "" -18"", "" 11p"", "" 47'"", "" 54-"", "" 58'"", "" 6h4"", "" c2 "", "" cy-"", "" dmy"", "" fl3"", "" fmv"", "" g &"", "" g2 "", "" me\"""", "" mrc"", "" n.u"", "" nm/"", "" or!"", "" r 1"", "" rlr"", "" vr'"", "" x! "", ""! xy"", ""!/or"", ""\"" & "", ""\""it'"", ""\""tha"", ""# 1-"", ""#uni"", ""' n/"", ""'77 "", ""'99'"", ""'e! "", ""'si'"", ""(ccn"", ""(gma"", ""*t a"", "", \""i"", "", 08"", "", g2"", "", rt"", ""-103"", ""-228"", ""-cc?"", ""-mle"", ""-n'g"", ""-ol "", ""-s.c"", ""-upi"", "". # "", "".3 p"", "".g.g"", "".i/a"", ""/179"", ""/aby"", ""/adi"", ""/ak'"", ""/elu"", ""/i: "", ""/iqb"", ""/mp3"", ""/orz"", ""0 gm"", ""0-na"", ""0.3 "", ""0/zo"", ""00/z"", ""08 2"", ""08:5"", ""09 y"", ""0:59"", ""0s j"", ""1- 2"", ""103h"", ""20:5"", ""225-"", ""24/b"", ""25-g"", ""275s"", ""3/de"", ""321,"", ""361 "", ""376-"", ""3a c"", ""3anu"", ""4-4:"", ""4/be"", ""42 h"", ""47' "", ""58' "", ""59 h"", ""5:42"", ""61 '"", ""6630"", ""6632"", ""6674"", ""6679"", ""6683"", ""6704"", ""6718"", ""6722"", ""6724"", ""6727"", ""6731"", ""6739"", ""6758"", ""6773"", ""6779"", ""6784"", ""6800"", ""6809"", ""6814"", ""6817"", ""6862"", ""6881"", ""6884"", ""6888"", ""6932"", ""6h40"", ""7 ey"", ""7' n"", ""7, 0"", ""70 g"", ""7096"", ""7113"", ""7118"", ""7129"", ""7141"", ""7159"", ""7173"", ""7176"", ""7191"", ""7194"", ""7203"", ""7219"", ""7247"", ""7264"", ""7278"", ""7288"", ""7290"", ""7291"", ""7298"", ""7359"", ""7381"", ""7398"", ""7420"", ""7425"", ""7426"", ""7445"", ""7452"", ""7454"", ""7459"", ""7466"", ""7469"", ""7483"", ""7494"", ""7498"", ""7517"", ""754 "", ""7543"", ""7558"", ""7561"", ""7564"", ""7569"", ""7573"", ""7588"", ""7591"", ""76-a"", ""7613"", ""7619"", ""7623"", ""7631"", ""7632"", ""7644"", ""7645"", ""7665"", ""7670"", ""7680"", ""8 bo"", ""8' w"", ""809,"", ""8:59"", ""9, g"", ""= ch"", ""a-ml"", ""abpl"", ""aj! "", ""ak/w"", ""aor'"", ""ap/h"", ""as2:"", ""awij"", ""b yi"", ""b-en"", ""bcsp"", ""bewd"", ""bix!"", ""blif"", ""bn l"", ""bo?!"", ""btob"", ""bugr"", ""bywr"", ""c '4"", ""c/ja"", ""c2 a"", ""ccn)"", ""cd-a"", ""cem!"", ""ci/f"", ""cib "", ""cnex"", ""cs/w"", ""cspc"", ""csyn"", ""d dm"", ""d rl"", ""d, \"""", ""damc"", ""de/q"", ""do!."", ""dst."", ""e c2"", ""e\"" &"", ""e/17"", ""e11 "", ""e3 l"", ""ebhe"", ""ef!?"", ""ejyu"", ""em'a"", ""en \"""", ""evur"", ""f nz"", ""f v "", ""faml"", ""fi/l"", ""fl30"", ""fogr"", ""g \""x"", ""g fx"", ""g!/o"", ""g-n'"", ""g2 n"", ""ganx"", ""gb y"", ""gma)"", ""gnuc"", ""gpig"", ""gs/3"", ""gypi"", ""h 2/"", ""hakj"", ""hgoi"", ""hh -"", ""htl-"", ""htuf"", ""hu/r"", ""hwa!"", ""i.-s"", ""i.an"", ""ig \"""", ""ikyt"", ""ilu:"", ""is!)"", ""itrm"", ""iunq"", ""ixsp"", ""j! 1"", ""j/al"", ""j/ke"", ""jaxa"", ""jheb"", ""jy h"", ""k md"", ""k'se"", ""ka/e"", ""keah"", ""kji "", ""ko-e"", ""kox "", ""ks-l"", ""l kg"", ""l t-"", ""l-y "", ""l/mr"", ""l307"", ""l? 1"", ""laj!"", ""lebh"", ""licq"", ""lk/k"", ""ln/o"", ""lrlb"", ""luxt"", ""lwe "", ""lys:"", ""m./o"", ""m/fo"", ""ma/i"", ""mau,"", ""mcos"", ""me\"" "", ""meak"", ""mliy"", ""mp3/"", ""mrci"", ""mulq"", ""mv g"", ""my?'"", ""mytr"", ""n dk"", ""n fb"", ""n'ge"", ""n/24"", ""nct."", ""ne11"", ""niz:"", ""nm/f"", ""nslb"", ""nun/"", ""nwoj"", ""nxub"", ""nye:"", ""o/i:"", ""o/mp"", ""oc '"", ""ofi/"", ""on/2"", ""oo-v"", ""opcs"", ""otz:"", ""ou/g"", ""ow/1"", ""ox/a"", ""p-au"", ""p/ap"", ""p3/l"", ""p911"", ""pa't"", ""pgs "", ""ph/t"", ""pnc "", ""ps ."", ""pul!"", ""py/i"", ""r! x"", ""r-l-"", ""r/iq"", ""rb-e"", ""rg-n"", ""rirm"", ""rlrl"", ""rnm,"", ""rpg,"", ""rrme"", ""rv h"", ""ryk,"", ""rytw"", ""rza."", ""rzo!"", ""s 6h"", ""s/30"", ""s/d-"", ""sa!/"", ""sa?/"", ""sjea"", ""slaj"", ""slba"", ""so/w"", ""som?"", ""sswr"", ""swre"", ""sy/u"", ""t 9,"", ""t-4-"", ""t.i/"", ""t/wy"", ""tcro"", ""te/q"", ""tfy "", ""tl-w"", ""tm)!"", ""tsh*"", ""u/gh"", ""uca/"", ""ueum"", ""uilf"", ""uli'"", ""ut ="", ""uti/"", ""utu!"", ""v cd"", ""vas2"", ""vr's"", ""vu/s"", ""vzac"", ""w/19"", ""w/of"", ""wax!"", ""wdif"", ""wl-d"", ""wl/p"", ""wu/m"", ""xabl"", ""y j/"", ""y' u"", ""y: ."", ""yka/"", ""ynew"", ""ytry"", ""yxto"", ""zaly"", ""zio."", ""zlai"", ""zlo!"", ""zvi ""]",422,1,155,0.0064516129032258064
4,block_infix_fingerprint_v004.json,128,local_split_entropy_equivalence_classes,154,4,0.0,0.1,title,title,113," ""ji","["" \""ji"", "" #05"", "" $23"", "" & \"""", "" '.0"", "" '1e"", "" 'ey"", "" 'gt"", "" 13g"", "" 15z"", "" 3co"", "" 738"", "" 75%"", "" 757"", "" 759"", "" 764"", "" 784"", "" 790"", "" 795"", "" 7a/"", "" 80)"", "" 803"", "" 812"", "" 817"", "" 818"", "" 836"", "" 842"", "" 844"", "" 858"", "" 868"", "" 874"", "" 878"", "" 892"", "" 899"", "" 938"", "" 952"", "" 975"", "" cph"", "" dy/"", "" g'b"", "" ia)"", "" k3!"", "" mwy"", "" s&p"", "" tpc"", "" v3s"", "" vm-"", "" wb2"", "" wr "", "" wrt"", ""! ep"", ""! ie"", ""! k-"", ""!/ab"", ""!nik"", ""\"" ap"", ""\""jim"", ""$.t."", ""$23."", ""% be"", ""& \""j"", ""& g'"", ""&b p"", ""&sol"", ""' 92"", ""'.07"", ""'/to"", ""'1e'"", ""'ett"", ""'eye"", ""'fiu"", ""'fot"", ""'gt-"", ""'jag"", ""'nol"", ""'tac"", ""'upo"", ""(elf"", ""(fig"", ""(gud"", ""(k)h"", ""(vil"", "")hau"", ""- 7a"", ""- n6"", ""-2.0"", ""-5 f"", ""-5 u"", ""-732"", ""-bij"", ""-heu"", ""-mab"", ""-r' "", ""-tzc"", ""-zoe"", "".$.t"", "".07%"", "".eug"", "".u.$"", ""/110"", ""/48."", ""/amr"", ""/arj"", ""/irw"", ""/lub"", ""/lyd"", ""0-gu"", ""0/th"", ""00/t"", ""07%'"", ""08-t"", ""136-"", ""13go"", ""14-i"", ""15zl"", ""173-"", ""178-"", ""1e' "", ""2-1/"", ""2-ma"", ""2-th"", ""2/fi"", ""2/he"", ""252-"", ""282-"", ""2wik"", ""3-ko"", ""3-pr"", ""30-7"", ""304:"", ""308-"", ""314-"", ""335-"", ""35-i"", ""36-g"", ""3com"", ""4 (e"", ""429:"", ""462/"", ""47-e"", ""492-"", ""5 18"", ""5 26"", ""5 uk"", ""5% b"", ""5-ir"", ""52-m"", ""6/9 "", ""62/1"", ""68-7"", ""7-ev"", ""73-p"", ""75% "", ""78-v"", ""7a/r"", ""8-75"", ""8-va"", ""8.5c"", ""82-t"", ""97/1"", ""9:12"", ""? 19"", ""? oi"", ""?! e"", ""@weg"", ""a ~ "", ""aaa'"", ""ai'r"", ""aiu!"", ""ajcz"", ""aktb"", ""anjl"", ""awp "", ""az'l"", ""b-ey"", ""b/ir"", ""b25 "", ""b2wi"", ""bai)"", ""baxi"", ""bc':"", ""bg &"", ""bia;"", ""bsah"", ""bu) "", ""c hq"", ""c/sp"", ""ced."", ""cfee"", ""ckoe"", ""ckz "", ""coa/"", ""cphp"", ""cue;"", ""cy $"", ""d cp"", ""d pn"", ""d sg"", ""d/em"", ""dcaa"", ""ddoh"", ""dnr:"", ""do':"", ""dor3"", ""dt- "", ""dtsh"", ""dttr"", ""dtvs"", ""dykl"", ""dysd"", ""e&so"", ""e-iv"", ""e.tr"", ""e/jm"", ""eb/i"", ""eedj"", ""eidd"", ""eimy"", ""eipy"", ""ek-r"", ""elkb"", ""eoib"", ""ep??"", ""epsd"", ""eu/h"", ""ez-k"", ""e~! "", ""f 84"", ""f dn"", ""f/ho"", ""fd z"", ""fft!"", ""fsaa"", ""ft.l"", ""fuup"", ""fwaa"", ""g q&"", ""g!/m"", ""g'by"", ""g4ce"", ""gafw"", ""gaz'"", ""gee."", ""geec"", ""gg-f"", ""ghi'"", ""gilj"", ""glyt"", ""gmab"", ""go'f"", ""gtot"", ""gwah"", ""h'fi"", ""h-vi"", ""hawp"", ""hc z"", ""he/n"", ""hieo"", ""higk"", ""hin@"", ""hpix"", ""hwi-"", ""hwya"", ""hwyl"", ""i'ol"", ""i-tz"", ""iai'"", ""iehg"", ""ifea"", ""igkr"", ""ii/p"", ""ijfl"", ""iku?"", ""im/g"", ""in@w"", ""ipyu"", ""is/u"", ""it'/"", ""iu! "", ""iu-s"", ""ix ~"", ""jamt"", ""jfli"", ""jjih"", ""jkva"", ""jo #"", ""k' 9"", ""k)ha"", ""k-2."", ""k/ea"", ""kbos"", ""ke&s"", ""keg!"", ""kla'"", ""koed"", ""kon."", ""ktbi"", ""kwa,"", ""kz f"", ""l? r"", ""lav,"", ""ld!)"", ""lf) "", ""lmwi"", ""lon\"""", ""loo."", ""lp/d"", ""lsdu"", ""lurv"", ""lygb"", ""m 3c"", ""m-sc"", ""m-ve"", ""m/cr"", ""m/ms"", ""ma'e"", ""mewn"", ""mipp"", ""mlow"", ""mnto"", ""mo!?"", ""mo-e"", ""msub"", ""mts."", ""mwyn"", ""n '."", ""n e,"", ""n\"" a"", ""n@we"", ""na ~"", ""nd'r"", ""ndsj"", ""ne?'"", ""njli"", ""nkiw"", ""nmax"", ""nokp"", ""nozn"", ""npao"", ""nsg'"", ""nulc"", ""nzru"", ""o k3"", ""o-eh"", ""o/48"", ""o/za"", ""oeib"", ""ofn "", ""oidb"", ""ojkv"", ""oke&"", ""optv"", ""orfz"", ""os25"", ""oz/b"", ""p f-"", ""p/ka"", ""p/sk"", ""pa'i"", ""padt"", ""pal!"", ""ph j"", ""phpi"", ""poip"", ""pox:"", ""psdy"", ""pu'o"", ""r hw"", ""r mw"", ""re~!"", ""rfze"", ""rghm"", ""rjoh"", ""rldf"", ""rrna"", ""rs.b"", ""rty5"", ""s vp"", ""s&p "", ""s. ?"", ""s.bl"", ""s136"", ""s173"", ""s178"", ""s252"", ""s282"", ""s3 l"", ""s308"", ""s314"", ""s335"", ""sdyn"", ""sh'f"", ""smiu"", ""sp z"", ""spa/"", ""sufe"", ""t tp"", ""t'/t"", ""t-30"", ""t-r'"", ""t/kl"", ""tcoc"", ""tdca"", ""the)"", ""tiu-"", ""tnbc"", ""toy?"", ""ty5 "", ""tyoe"", ""tz!n"", ""u bn"", ""u) r"", ""u.$."", ""ufko"", ""uh-v"", ""unzr"", ""ure~"", ""urf)"", ""uzo-"", ""va'o"", ""veak"", ""vm-g"", ""w! g"", ""w-we"", ""w.eu"", ""w/do"", ""w/ly"", ""wasj"", ""wb2w"", ""wi'n"", ""wik,"", ""wks!"", ""wosh"", ""wp b"", ""wrth"", ""wyai"", ""wyl "", ""xat "", ""xen?"", ""y $2"", ""y lb"", ""y5 s"", ""ya/r"", ""yaid"", ""ydeu"", ""yeen"", ""ygbi"", ""yo-f"", ""ysms"", ""ysz "", ""yvo "", ""z ov"", ""z!ni"", ""z'la"", ""zcen"", ""zkot"", ""zo/4"", ""zo/z"", ""zufk"", ""zy-h"", ""~! d"", ""~! p""]",462,1,155,0.0064516129032258064
4,block_infix_fingerprint_v004.json,128,local_split_entropy_equivalence_classes,154,4,0.0,0.1,title,title,114," ""ki","["" \""ki"", "" #4."", "" #7/"", "" 't-"", "" - \"""", "" 33n"", "" 35?"", "" 4-m"", "" 5-a"", "" 6-m"", "" c-/"", "" dl "", "" e.?"", "" hjs"", "" io-"", "" jl?"", "" k-m"", "" kjz"", "" mrb"", "" oan"", "" tw "", "" u-3"", "" v-j"", ""! cd"", ""!, f"", ""!/ye"", ""\""kib"", ""#7/e"", ""$2.2"", ""$hot"", ""& bj"", ""&b, "", ""'f l"", ""'fix"", ""'t-b"", ""(a.m"", ""(geo"", ""(psy"", "")/ch"", ""*o*s"", ""*s*t"", "", tj"", ""- \""t"", ""--je"", ""-/ba"", ""-06b"", ""-31 "", ""-5-4"", ""-bev"", ""-ect"", ""-iat"", ""-ruv"", "". k'"", "".2 m"", "".r, "", "".y.?"", ""/ em"", ""/ oa"", ""/c.p"", ""/caw"", ""/ewa"", ""/t f"", ""/wik"", ""0-ca"", ""1 (#"", ""105b"", ""114b"", ""116a"", ""116b"", ""121b"", ""122a"", ""123a"", ""127b"", ""130a"", ""18-5"", ""2 33"", ""2-ap"", ""2.2 "", ""202?"", ""2k, "", ""3/ep"", ""33nd"", ""348 "", ""3d!)"", ""4g/h"", ""4gof"", ""5-au"", ""6-ma"", ""60s?"", ""7/ep"", ""8 p."", ""8-5-"", ""890-"", ""894k"", ""901k"", ""902k"", ""903k"", ""90s,"", "": v-"", ""@ sa"", ""a tn"", ""al \"""", ""apox"", ""binv"", ""boz'"", ""c-/b"", ""c/ni"", ""ci/m"", ""clyb"", ""coka"", ""cwho"", ""cy/g"", ""d jl"", ""d lh"", ""d&b,"", ""d) -"", ""d/od"", ""dc o"", ""ddpe"", ""dlym"", ""dpet"", ""ds ~"", ""dtff"", ""dud/"", ""dvs "", ""dyps"", ""d~ p"", ""e--j"", ""eeet"", ""els&"", ""eul:"", ""ey $"", ""eygr"", ""eyyy"", ""ez)/"", ""f? 5"", ""fad/"", ""fld:"", ""gaup"", ""gdiy"", ""gh/z"", ""gh?'"", ""gilh"", ""glyv"", ""gu-r"", ""gyue"", ""h\"" o"", ""h-et"", ""he!)"", ""he/c"", ""hub'"", ""huy:"", ""i/ry"", ""io-w"", ""iz/u"", ""j j "", ""j/si"", ""je-r"", ""jimf"", ""jzz "", ""kfru"", ""kjzz"", ""koy4"", ""kuz-"", ""ky!/"", ""l \""s"", ""l u-"", ""l*o*"", ""l-ec"", ""lke-"", ""ls& "", ""ls)/"", ""ltwo"", ""ly-j"", ""m/mr"", ""mixy"", ""modf"", ""morw"", ""mrbb"", ""n'f "", ""n/k'"", ""n? l"", ""n?/j"", ""nc/d"", ""ne $"", ""ne--"", ""nniz"", ""ns'b"", ""nt +"", ""nx/m"", ""o*s*"", ""o/et"", ""oc-t"", ""od~ "", ""okyp"", ""oob/"", ""ood~"", ""orwh"", ""osh\"""", ""oy/o"", ""oy4g"", ""oy??"", ""p.r,"", ""p/c."", ""pez)"", ""po/n"", ""poxa"", ""psab"", ""pto,"", ""pwea"", ""py?'"", ""q fr"", ""r)/c"", ""r/t "", ""rag?"", ""re!,"", ""rktr"", ""rlz:"", ""rps/"", ""rr/b"", ""rt??"", ""rth\"""", ""rugc"", ""ruvy"", ""rvys"", ""ryl?"", ""s $2"", ""s nc"", ""s& m"", ""s)/b"", ""s- m"", ""sa?)"", ""sby\"""", ""sh\"" "", ""t 5-"", ""t./p"", ""t/ew"", ""t/k'"", ""tab/"", ""tax/"", ""tj e"", ""tl' "", ""tt/e"", ""ttl'"", ""tv/e"", ""tw h"", ""ty-u"", ""u-31"", ""ug-m"", ""ugco"", ""un/k"", ""una)"", ""ur/n"", ""uvu/"", ""ux/f"", ""uy/y"", ""uz-c"", ""v/ev"", ""v8 s"", ""vu/b"", ""w jr"", ""w/ o"", ""wd/e"", ""whas"", ""xaly"", ""xee "", ""y $h"", ""y 6-"", ""y!/y"", ""y-ea"", ""y-o-"", ""y-v-"", ""y2k,"", ""y4go"", ""ye/d"", ""ys/n"", ""ytip"", ""yyy?"", ""z' w"", ""z)/h"", ""z-co"", ""z/bl"", ""z/to"", ""z/va"", ""za/k"", ""zco'"", ""zcok"", ""zz/j"", ""~ pa""]",289,1,155,0.0064516129032258064
4,block_infix_fingerprint_v004.json,128,local_split_entropy_equivalence_classes,154,4,0.0,0.1,title,title,115," ""le","["" \""le"", ""ea/d"", ""nbo/""]",3,2,155,0.012903225806451613
4,block_infix_fingerprint_v004.json,128,local_split_entropy_equivalence_classes,154,4,0.0,0.1,title,title,116," ""m""","["" \""m\"""", "" \""ou"", "" \""wo"", "" #6-"", "" &to"", "" (oe"", "" -vo"", "" 1-l"", "" 1:2"", "" 2/i"", "" 3\"" "", "" 3:4"", "" 63."", "" 77."", "" ax/"", "" bhl"", "" c'y"", "" e24"", "" ffr"", "" jbn"", "" m ("", "" o-h"", "" tbn"", "" usw"", "" wpk"", "" yu?"", "" zmu"", ""!/sy"", ""\"" bo"", ""\"" ma"", ""\""m\"" "", ""\""mag"", ""\""ouc"", ""\""toy"", ""\""wow"", ""#6-8"", ""$30k"", ""% mu"", ""&e t"", ""&tob"", ""'50/"", ""'53/"", ""'78?"", ""(50)"", ""(ask"", ""(ben"", ""(dep"", ""(hur"", ""(oeg"", ""(pet"", ""(vle"", ""(y c"", "") ok"", ""+500"", "", wp"", ""- 48"", ""- ft"", ""-262"", ""-7/t"", ""-73)"", ""-81)"", ""-hoa"", ""-l20"", ""-t i"", ""-teg"", ""-ult"", ""-urh"", ""-yo:"", "". hd"", "". ij"", "".!' "", "".'st"", ""..'s"", "".004"", "".3 r"", "".b.0"", "".di "", "".gar"", "".k.b"", ""//ta"", ""/19 "", ""/50'"", ""/50s"", ""/acq"", ""/ayl"", ""/gnu"", ""/pry"", ""/rej"", ""/s.i"", ""/tb/"", ""/usi"", ""/yem"", ""0' w"", ""0) g"", ""0/a "", ""0/ma"", ""03/s"", ""071-"", ""0vor"", ""1-l2"", ""1-nu"", ""1..2"", ""1/bl"", ""1/sk"", ""10vo"", ""12,0"", ""175:"", ""183 "", ""19/c"", ""1:2-"", ""2-an"", ""2..3"", ""2/i "", ""2/is"", ""20/a"", ""24in"", ""25i "", ""2k/s"", ""3\"" m"", ""3-81"", ""3-as"", ""3/to"", ""30k "", ""31 q"", ""31 w"", ""32/c"", ""3:4-"", ""3esk"", ""4 w/"", ""4-7/"", ""41/s"", ""42 l"", ""47 e"", ""4ins"", ""4mer"", ""4pop"", ""50) "", ""53/t"", ""5i o"", ""6 ue"", ""605b"", ""7-71"", ""71-n"", ""72 w"", ""820/"", ""83 b"", ""893-"", ""9 c."", ""9-to"", ""9. p"", ""9/ch"", ""90-8"", ""9ine"", "": km"", "":1-4"", "":2-6"", "":4-8"", ""= wi"", ""? fl"", ""? wt"", ""?/cl"", ""?/zi"", ""_por"", ""a 9t"", ""a qw"", ""a-t "", ""a_po"", ""aag)"", ""agdb"", ""ahfu"", ""ajn!"", ""anw:"", ""app?"", ""aua'"", ""ax/v"", ""axad"", ""b&bs"", ""b.00"", ""b/ci"", ""b/da"", ""bafi"", ""bbs?"", ""bfl7"", ""bh p"", ""boav"", ""boyp"", ""bq u"", ""brzd"", ""bsgc"", ""bskr"", ""bysv"", ""bz'e"", ""c'ye"", ""ca-8"", ""ch\"" "", ""chx!"", ""cniq"", ""cr -"", ""d @t"", ""dadl"", ""dhdt"", ""dopj"", ""dssu"", ""dzje"", ""e-26"", ""e/tb"", ""e4me"", ""ed)'"", ""edzj"", ""eezb"", ""elcz"", ""emdu"", ""emf'"", ""en/'"", ""eyic"", ""f bd"", ""f xl"", ""fauf"", ""ffth"", ""fim,"", ""fl11"", ""fl7:"", ""fs-t"", ""g bs"", ""g-ef"", ""g/gn"", ""g/zo"", ""g? i"", ""gaub"", ""gcas"", ""gd ("", ""gdbe"", ""gee/"", ""gem)"", ""ggi/"", ""gsbj"", ""gui'"", ""guun"", ""gyay"", ""h tb"", ""h\"" s"", ""h'ul"", ""h/s."", ""h2 q"", ""h? f"", ""hd/s"", ""hliy"", ""hlt'"", ""hms'"", ""hu #"", ""hx-1"", ""i'm,"", ""i/gi"", ""i/sm"", ""ia!/"", ""icy?"", ""ig-f"", ""igrr"", ""ijcy"", ""il+5"", ""io12"", ""je ="", ""jes-"", ""jp, "", ""k./n"", ""k.b."", ""k//t"", ""kow."", ""ku/w"", ""l 07"", ""l+50"", ""l./c"", ""l/sk"", ""l11:"", ""le!)"", ""ll/5"", ""lmi,"", ""lp/r"", ""lpim"", ""lsp "", ""lt.g"", ""lu-j"", ""luhb"", ""lz c"", ""m\"" b"", ""mbop"", ""md e"", ""mduh"", ""me-2"", ""memd"", ""mi/h"", ""mir/"", ""mirb"", ""mmi?"", ""mo/g"", ""moc,"", ""mur."", ""my \"""", ""n t,"", ""n'si"", ""n/'p"", ""n/b-"", ""ngh'"", ""nio1"", ""nt.c"", ""ntss"", ""nvac"", ""o-5 "", ""o12 "", ""ocru"", ""odix"", ""odsg"", ""oek)"", ""oelj"", ""ok/u"", ""ooob"", ""or/3"", ""or10"", ""ora_"", ""ots)"", ""ovsc"", ""oypr"", ""ozew"", ""p 1-"", ""p/od"", ""p105"", ""pc-7"", ""pcem"", ""pedh"", ""pk-t"", ""pm w"", ""psi'"", ""pt-t"", ""ptn'"", ""pu-u"", ""q un"", ""qwen"", ""r)/a"", ""r.di"", ""r/13"", ""r/3 "", ""r/eg"", ""ra/y"", ""ra_p"", ""radp"", ""rdt?"", ""reua"", ""rewz"", ""rfk:"", ""rkny"", ""rlo/"", ""rmmm"", ""rnty"", ""rof'"", ""rrmm"", ""rryg"", ""rsa/"", ""rul!"", ""rye,"", ""rzdy"", ""rzoi"", ""s/ay"", ""s/dw"", ""sduf"", ""sgca"", ""sh'u"", ""sh-g"", ""sil+"", ""sk-w"", ""skuz"", ""sp g"", ""ss/y"", ""stuw"", ""t ct"", ""t x!"", ""t!/u"", ""t.ga"", ""t/gy"", ""t?/z"", ""tb/d"", ""tchx"", ""tif'"", ""tje?"", ""tn's"", ""to-5"", ""tol;"", ""topj"", ""tutc"", ""tuwm"", ""txak"", ""tyxa"", ""tz-i"", ""u-ad"", ""u/ey"", ""u? u"", ""ua'i"", ""uch\"""", ""ue ."", ""ufs-"", ""uh y"", ""uhbi"", ""ui'm"", ""uiol"", ""ujje"", ""uk 5"", ""uk 6"", ""ul-o"", ""ula\"""", ""uswo"", ""ut !"", ""uwme"", ""uxep"", ""vdec"", ""vor1"", ""w. o"", ""wmee"", ""wow\"""", ""wpk-"", ""x ly"", ""x/vi"", ""xaku"", ""xi/f"", ""xn x"", ""xsce"", ""y \""o"", ""y 3\"""", ""yak."", ""yen/"", ""yna."", ""yo.\"""", ""yxai"", ""yzel"", ""z 25"", ""z ek"", ""z-iv"", ""zbo'"", ""zi/a"", ""zivc"", ""zte/"", ""zzun""]",440,1,155,0.0064516129032258064
4,block_infix_fingerprint_v004.json,128,local_split_entropy_equivalence_classes,154,4,0.0,0.1,title,title,117," ""mi","["" \""mi""]",1,3,155,0.01935483870967742
4,block_infix_fingerprint_v004.json,128,local_split_entropy_equivalence_classes,154,4,0.0,0.1,title,title,118," ""mr","["" \""mr"", "" e.e"", ""unkg""]",3,2,155,0.012903225806451613
4,block_infix_fingerprint_v004.json,128,local_split_entropy_equivalence_classes,154,4,0.0,0.1,title,title,119," ""ne","["" \""ne"", "" $9."", "" 'ia"", "" 16)"", "" 2/j"", "" 2/u"", "" 3/m"", "" 4pm"", "" 553"", "" 76/"", "" 768"", "" 774"", "" 779"", "" 787"", "" 789"", "" 791"", "" 799"", "" 838"", "" 860"", "" 883"", "" 920"", "" 921"", "" 928"", "" 935"", "" 939"", "" 950"", "" 966"", "" 998"", "" @#%"", "" dc,"", "" dr1"", "" fl)"", "" gtk"", "" hmr"", "" ji."", "" m.f"", "" mtt"", "" ni'"", "" o!?"", "" oxp"", "" r'n"", "" rwy"", "" soq"", "" udk"", ""! 'g"", ""! 'r"", ""!/cr"", ""\"" jo"", ""\""cha"", ""\""new"", ""#%*!"", ""#16/"", ""#@ke"", ""#k i"", ""$285"", ""$45 "", ""& r'"", ""&#k "", ""' 79"", ""'a'a"", ""'ag,"", ""'aye"", ""'dua"", ""'gab"", ""'iha"", ""'ipu"", ""'noa"", ""'rok"", ""'tsa"", ""'ych"", ""'yla"", ""(un-"", "", rw"", ""-86 "", ""-am/"", ""-b s"", ""-dla"", ""-foa"", ""-h s"", ""-muw"", ""-yot"", ""-zac"", "". $9"", "".. $"", "".30p"", "".99 "", "".: j"", "".fl."", "".val"", "".win"", ""/b.c"", ""/dod"", ""/idl"", ""/ikk"", ""/l'i"", ""0 vg"", ""03/n"", ""0k: "", ""1-da"", ""1-ed"", ""1-er"", ""1-ta"", ""1-th"", ""10-t"", ""11-t"", ""12-o"", ""133-"", ""142-"", ""143-"", ""15 '"", ""151-"", ""155-"", ""159-"", ""16/a"", ""161-"", ""163-"", ""171-"", ""179-"", ""194-"", ""2-bi"", ""2-ol"", ""2/je"", ""2/to"", ""2/un"", ""21-e"", ""23 '"", ""3 'n"", ""3 25"", ""3-in"", ""3/mr"", ""310-"", ""311-"", ""312-"", ""32-b"", ""321-"", ""329:"", ""33-g"", ""340:"", ""347 "", ""354 "", ""40k:"", ""42-s"", ""43-i"", ""45 '"", ""45em"", ""47-5"", ""47-h"", ""495h"", ""4tv."", ""5 'f"", ""5 't"", ""5-fa"", ""51-t"", ""55-f"", ""56 '"", ""57-6"", ""59-6"", ""59-a"", ""5kub"", ""6 v "", ""6/77"", ""6/ar"", ""61-e"", ""63-r"", ""7-53"", ""7-64"", ""7-ho"", ""71-d"", ""76/7"", ""79-f"", ""8 sm"", ""86 v"", ""875-"", ""890'"", ""8erb"", ""9 ai"", ""9-66"", ""9-fr"", ""94-s"", ""95hr"", ""? ip"", ""@#%*"", ""@ked"", ""a'no"", ""a'yl"", ""a--t"", ""a-b "", ""a-kn"", ""a/ea"", ""a/u."", ""aag,"", ""abff"", ""ad-g"", ""adsd"", ""aenc"", ""afap"", ""afi2"", ""afx "", ""agxo"", ""aheo"", ""akiw"", ""ampw"", ""aos\"""", ""arpz"", ""atr?"", ""au'o"", ""axss"", ""azsh"", ""b-70"", ""b-by"", ""b-ul"", ""bbsv"", ""bcla"", ""bio/"", ""bu-m"", ""buh-"", ""by-i"", ""c 08"", ""c f8"", ""cazs"", ""ck-7"", ""ck-9"", ""cksd"", ""cq g"", ""d-eo"", ""d60,"", ""d? r"", ""dai."", ""dc 0"", ""dem?"", ""devv"", ""dewr"", ""dit)"", ""doem"", ""dsde"", ""dtau"", ""dtay"", ""dy-x"", ""dzet"", ""e -n"", ""e'li"", ""e'yc"", ""e-dl"", ""e/id"", ""edcl"", ""ehew"", ""ehmk"", ""ei-w"", ""eihf"", ""emd,"", ""ep/u"", ""er',"", ""er.j"", ""ew\"" "", ""exa'"", ""f&#k"", ""f/b."", ""f105"", ""faaa"", ""ffyl"", ""fi20"", ""fioi"", ""fssi"", ""fsze"", ""fyna"", ""g l "", ""ga' "", ""gazg"", ""gcq "", ""ge!'"", ""gptv"", ""gpul"", ""gtk1"", ""gudt"", ""gutv"", ""gxos"", ""gymd"", ""h \""c"", ""h yn"", ""h'ad"", ""h-ad"", ""h-by"", ""h2 h"", ""hbeu"", ""hly/"", ""hmki"", ""hmre"", ""hmuo"", ""hn/v"", ""hrsz"", ""hud6"", ""hvei"", ""i 80"", ""i b-"", ""i hm"", ""i- e"", ""i/ik"", ""i/sc"", ""i200"", ""id'a"", ""iezz"", ""ihfr"", ""ihlu"", ""ij-d"", ""ikcl"", ""il/i"", ""iln "", ""ir'o"", ""irzy"", ""izfa"", ""jiii"", ""jo/t"", ""joo!"", ""jooc"", ""juub"", ""k 2/"", ""k'ch"", ""k-7 "", ""k-ly"", ""k110"", ""k8er"", ""kaz-"", ""kby-"", ""kiwe"", ""kpay"", ""ksy?"", ""l ks"", ""l2/t"", ""l? b"", ""la--"", ""ladp"", ""le'y"", ""lgo/"", ""lir'"", ""lme?"", ""ln/d"", ""lokd"", ""lt/w"", ""lt/y"", ""ly @"", ""lz-g"", ""m f#"", ""m px"", ""m yn"", ""m-as"", ""m.fl"", ""m/pu"", ""mlae"", ""mluk"", ""mnau"", ""mo/w"", ""mptv"", ""mpwr"", ""mx t"", ""myme"", ""n) 2"", ""n- c"", ""n/ry"", ""n2: "", ""new\"""", ""ngd'"", ""nhub"", ""ni'i"", ""ni- "", ""njoc"", ""njya"", ""no/x"", ""nr l"", ""nu 1"", ""nuq,"", ""nwrs"", ""ny/k"", ""nyi-"", ""nz-h"", ""o j9"", ""o mb"", ""o'ip"", ""ojiy"", ""ol2/"", ""olz-"", ""onz-"", ""ooce"", ""oro\"""", ""os\"" "", ""os19"", ""ow/2"", ""own2"", ""oxas"", ""oxpe"", ""p ms"", ""p uz"", ""p39 "", ""pa 6"", ""pau'"", ""pf-o"", ""pkit"", ""pms:"", ""po'i"", ""pps,"", ""ptvi"", ""pwra"", ""px-s"", ""q go"", ""q, g"", ""qeii"", ""r 1!"", ""r lt"", ""r wl"", ""r.je"", ""r.sp"", ""r/l'"", ""r/n."", ""r/os"", ""r1 t"", ""reyv"", ""rij-"", ""rm '"", ""rojb"", ""rp/f"", ""rpzo"", ""rwy'"", ""rx c"", ""rzea"", ""s \""n"", ""s-rh"", ""s/za"", ""s133"", ""s142"", ""s143"", ""s151"", ""s155"", ""s159"", ""s161"", ""s163"", ""s171"", ""s179"", ""s194"", ""s310"", ""s311"", ""s312"", ""s321"", ""sa-v"", ""sa/e"", ""saw?"", ""sdep"", ""shn'"", ""sk8e"", ""snao"", ""so/g"", ""soqu"", ""ssuy"", ""st.v"", ""sy-o"", ""t m3"", ""t'ay"", ""t) k"", ""t.va"", ""t.wi"", ""t/rh"", ""td f"", ""tk11"", ""tleu"", ""todm"", ""tuau"", ""ubcl"", ""ud60"", ""ufsz"", ""uh-1"", ""uh-b"", ""uhn,"", ""uhrs"", ""ulfy"", ""ump."", ""urp/"", ""utsr"", ""uurr"", ""uwif"", ""uytr"", ""v.12"", ""ve'k"", ""vi/p"", ""vir?"", ""vizf"", ""vol2"", ""w\"" j"", ""w/24"", ""w5ku"", ""waft"", ""wd e"", ""wifu"", ""wigt"", ""wk l"", ""wn2:"", ""wrst"", ""wy' "", ""x-za"", ""xa's"", ""xb-7"", ""xssa"", ""xy':"", ""y 4p"", ""y @#"", ""yag/"", ""yet/"", ""yggn"", ""ygoe"", ""yi-b"", ""ymdk"", ""yncu"", ""z '3"", ""z uy"", ""z-am"", ""zfak"", ""zsh "", ""zu'a"", ""zy'n"", ""zz '""]",517,1,155,0.0064516129032258064
4,block_infix_fingerprint_v004.json,128,local_split_entropy_equivalence_classes,154,4,0.0,0.1,title,title,120," ""no","["" \""no""]",1,5,155,0.03225806451612903
4,block_infix_fingerprint_v004.json,128,local_split_entropy_equivalence_classes,154,4,0.0,0.1,title,title,121," ""oz","["" \""oz"", "" 'ut"", "" (33"", "" + q"", "" f./"", "" h1n"", "" hhi"", "" lyy"", "" mhk"", "" mj'"", "" o &"", "" p/m"", "" po/"", "" t/s"", "" tsj"", "" xeo"", ""\""oz "", ""#608"", ""#619"", ""' ok"", ""' xm"", ""'-ab"", ""'byo"", ""'d!/"", ""'fav"", ""'so-"", ""'tek"", ""'toq"", ""'uts"", ""(12)"", ""(33)"", ""(kai"", "")t d"", ""*res"", ""+ ot"", ""+ pc"", ""+ ps"", ""+ qu"", "", m "", "",20,"", "",21,"", ""--al"", ""--ke"", ""-egl"", ""-ko/"", ""-oxo"", ""-p/s"", ""-rav"", ""-rii"", ""-ty?"", ""./ok"", ""/ ji"", ""/6 j"", ""/69/"", ""/abz"", ""/acd"", ""/etw"", ""/kfz"", ""/kup"", ""/l'o"", ""/lez"", ""/m 2"", ""/ma-"", ""/obg"", ""/sa "", ""/t.d"", ""/txt"", ""/vv "", ""/wiw"", ""/woc"", ""/zur"", ""0 (3"", ""0,21"", ""0.ep"", ""0e n"", ""1,22"", ""19,2"", ""2 ok"", ""20,2"", ""21,2"", ""2d's"", ""2f-1"", ""3 t/"", ""30em"", ""390t"", ""40.e"", ""42.e"", ""49 n"", ""50-6"", ""5e c"", ""68/6"", ""774-"", ""778-"", ""8/69"", ""8t/h"", ""9,20"", "": vn"", ""?/ve"", ""_anz"", ""a-ox"", ""acdc"", ""ad'd"", ""aepf"", ""ag-f"", ""aguh"", ""ahze"", ""apza"", ""argw"", ""as(s"", ""aunv"", ""awgi"", ""azyf"", ""b/ja"", ""bcol"", ""bg/l"", ""bgyn"", ""bo/c"", ""bopy"", ""bq k"", ""bux,"", ""c! h"", ""c-an"", ""c/ra"", ""c/te"", ""ccoi"", ""cdc/"", ""clu!"", ""cmay"", ""cs/o"", ""csa-"", ""cx-7"", ""d \""o"", ""d v4"", ""d!/i"", ""d!/w"", ""d'd!"", ""dbez"", ""dc/a"", ""dfax"", ""die_"", ""dvi/"", ""e h1"", ""e'-a"", ""e--k"", ""e-p/"", ""e-ut"", ""e_an"", ""ebco"", ""eeg!"", ""efno"", ""eg/j"", ""ekrs"", ""en!."", ""eoad"", ""eqa'"", ""esn-"", ""et?!"", ""ettj"", ""eukv"", ""f./n"", ""f2f-"", ""faeb"", ""fah!"", ""flu'"", ""fne "", ""fnoe"", ""fsal"", ""ful\"""", ""fz-v"", ""g-ic"", ""g/kf"", ""g4 c"", ""ga +"", ""ghbs"", ""go/y"", ""h!/w"", ""h?/h"", ""has("", ""has?"", ""hhis"", ""hku/"", ""hl.."", ""hl/m"", ""hllo"", ""hlt/"", ""hlue"", ""hne-"", ""hnyu"", ""hok/"", ""i-ty"", ""ictw"", ""ie_a"", ""ieg-"", ""iesd"", ""ig?/"", ""ihi,"", ""ilj,"", ""in/6"", ""ipsl"", ""ivsc"", ""j-ci"", ""jeu."", ""jg t"", ""jkic"", ""jukc"", ""kai)"", ""kcop"", ""kd2a"", ""kemn"", ""kioo"", ""kli-"", ""kli/"", ""klm "", ""kmss"", ""kmtv"", ""kt20"", ""kt? "", ""kujy"", ""l lk"", ""l'eo"", ""le1f"", ""lf/k"", ""lj's"", ""lldh"", ""loi!"", ""lpbe"", ""lph?"", ""lqua"", ""ls-i"", ""lx l"", ""lyzh"", ""m 6/"", ""m2d'"", ""m8t/"", ""ma/k"", ""mik-"", ""mmt/"", ""ms-r"", ""msn "", ""mss "", ""mt/b"", ""mtma"", ""mu/t"", ""mujk"", ""mwuc"", ""n p/"", ""n--a"", ""n/6 "", ""n/gy"", ""n1 v"", ""naep"", ""nalq"", ""nd'c"", ""ne'-"", ""nho'"", ""noa!"", ""o m1"", ""o/l'"", ""o/ye"", ""o126"", ""o156"", ""o201"", ""o211"", ""o? j"", ""oaz "", ""obgy"", ""oefn"", ""oeiz"", ""og/k"", ""oolz"", ""oxyt"", ""p-er"", ""p/un"", ""pa/j"", ""patg"", ""pbeh"", ""peea"", ""ph?!"", ""po/o"", ""ppy;"", ""pro?"", ""pthe"", ""py; "", ""pytn"", ""pzan"", ""r 3p"", ""r g4"", ""r/tx"", ""rapz"", ""reao"", ""reoa"", ""rfsa"", ""rgwo"", ""rjeg"", ""rktu"", ""rl- "", ""ropw"", ""rp-e"", ""rpez"", ""rpij"", ""s hh"", ""s/ob"", ""s?/v"", ""sgec"", ""sio?"", ""sn-s"", ""stlj"", ""su)!"", ""sudz"", ""syvs"", ""t gd"", ""t p "", ""t20 "", ""te--"", ""thte"", ""thy;"", ""tljo"", ""tm8t"", ""tnyc"", ""ttju"", ""txtm"", ""u w9"", ""u' j"", ""udyk"", ""uhi!"", ""uhl/"", ""uhr/"", ""ukve"", ""ulpb"", ""uply"", ""urz/"", ""uual"", ""uutd"", ""uvi,"", ""v 02"", ""v 05"", ""v v2"", ""vlih"", ""w/am"", ""w/sc"", ""wa/l"", ""wacd"", ""wauj"", ""wel-"", ""wgiv"", ""wnci"", ""wou!"", ""woz'"", ""wsy:"", ""wwha"", ""x c."", ""xc a"", ""xska"", ""xta/"", ""xth?"", ""xtm8"", ""xxha"", ""xyto"", ""y fx"", ""y t/"", ""y zp"", ""y' x"", ""y) c"", ""y/vv"", ""yemr"", ""yfre"", ""yhut"", ""ytoc"", ""yuo "", ""yvso"", ""z'ad"", ""z/di"", ""z/sh"", ""zeok"", ""zict"", ""znem"", ""zz/u""]",377,1,155,0.0064516129032258064
4,block_infix_fingerprint_v004.json,128,local_split_entropy_equivalence_classes,154,4,0.0,0.1,title,title,122," ""pa","["" \""pa"", ""8345"", ""i) v"", ""jup ""]",4,2,155,0.012903225806451613
4,block_infix_fingerprint_v004.json,128,local_split_entropy_equivalence_classes,154,4,0.0,0.1,title,title,123," ""pe","["" \""pe"", "" 'iv"", "" (py"", "" (ug"", "" -1."", "" 1 @"", "" 2/b"", "" 36s"", "" 4.9"", "" 53%"", "" 6:3"", "" 84-"", "" @11"", "" a58"", "" ap:"", "" b-a"", "" bse"", "" cnc"", "" d-z"", "" d.m"", "" dld"", "" f-a"", "" g-h"", "" ghq"", "" gpx"", "" j/t"", "" mjr"", "" mn "", "" mnt"", "" ni~"", "" o'o"", "" q i"", "" ri'"", "" rv/"", "" s &"", "" tsd"", "" uuv"", "" v/n"", "" vd "", "" vub"", "" vyx"", "" ylt"", "" z.?"", "" z/h"", "" ~ o"", "" ~ai"", ""\"" ka"", ""\""pet"", ""$129"", ""& vy"", ""&d c"", ""' bm"", ""' s*"", ""'haq"", ""'ida"", ""'luo"", ""'nih"", ""'s/s"", ""'ska"", ""'z t"", ""(n)i"", ""(pye"", ""(sag"", ""(seo"", ""(ugh"", ""(vai"", ""(xbr"", "")/dr"", "")/ho"", "")ice"", ""+clg"", "", 9-"", "", s/"", ""- cd"", ""- np"", ""--so"", ""-1.4"", ""-3n "", ""-558"", ""-6 +"", ""-84x"", ""-9mm"", ""-ex-"", ""-jo,"", ""-m-i"", ""-o, "", ""-t-a"", ""-t/o"", ""-y d"", "". f4"", "".--s"", ""./fu"", ""./ic"", "".l.-"", "".t d"", ""/a z"", ""/aa "", ""/azr"", ""/bb."", ""/cbc"", ""/dmx"", ""/dwi"", ""/gap"", ""/hod"", ""/j-k"", ""/j.t"", ""/ked"", ""/kwa"", ""/kyz"", ""/l l"", ""/m.c"", ""/nis"", ""/nol"", ""/sct"", ""/t-c"", ""/ule"", ""/xxx"", ""0-de"", ""0-em"", ""007?"", ""04 1"", ""1 @ "", ""1)/d"", ""10/s"", ""129,"", ""15-b"", ""18h1"", ""2 's"", ""2/br"", ""3 as"", ""3% m"", ""3/sm"", ""31)/"", ""36st"", ""3n ("", ""4 1:"", ""4k t"", ""4x90"", ""5 ir"", ""53% "", ""745 "", ""774 "", ""780 "", ""84-i"", ""84x9"", ""8h10"", "": a5"", "": rr"", ""=zah"", ""@ oc"", ""@ re"", ""@11,"", ""_suj"", ""a @1"", ""a hc"", ""a-ck"", ""a-m-"", ""a-s-"", ""a./s"", ""a/bb"", ""a/ei"", ""a58,"", ""a?/n"", ""aa-c"", ""aagb"", ""aalz"", ""aaok"", ""abb'"", ""afmo"", ""afrk"", ""ag=z"", ""agbl"", ""ahop"", ""aky-"", ""akyj"", ""aoks"", ""aosm"", ""aosv"", ""ap:n"", ""apyy"", ""ar(t"", ""ar-5"", ""asgi"", ""ay ~"", ""b' t"", ""b-cr"", ""bbcs"", ""bosj"", ""br-8"", ""bse!"", ""c-ku"", ""c-o "", ""c./r"", ""c/a "", ""ca-r"", ""cazm"", ""ck/q"", ""clga"", ""cncr"", ""cq/p"", ""cy 8"", ""cz/t"", ""d_su"", ""dd/p"", ""dexy"", ""dl @"", ""dld0"", ""dp o"", ""dput"", ""duo)"", ""dy-e"", ""dynm"", ""e a2"", ""e/g."", ""e/l "", ""earu"", ""ee \"""", ""ehhe"", ""ehmh"", ""ehyp"", ""eiis"", ""ejf "", ""ejya"", ""em-1"", ""en @"", ""er)s"", ""er/5"", ""esyy"", ""eum."", ""euwd"", ""evr."", ""ewga"", ""ex-3"", ""ex-6"", ""f/ta"", ""fia?"", ""fic)"", ""figb"", ""fkor"", ""fomy"", ""fpot"", ""ftsu"", ""fuhi"", ""fyai"", ""g f-"", ""g rv"", ""g-9:"", ""g/av"", ""g/gw"", ""g=za"", ""gehj"", ""gehy"", ""gei,"", ""gh/e"", ""ghhh"", ""gicy"", ""gid'"", ""gij,"", ""gn! "", ""go/g"", ""goap"", ""gpx "", ""h 4k"", ""h hw"", ""h z'"", ""h!/r"", ""hblo"", ""hc ("", ""he!:"", ""hei'"", ""hex-"", ""hihn"", ""hixt"", ""hlsi"", ""ho'z"", ""hrok"", ""htoj"", ""hydn"", ""ia @"", ""ibej"", ""iesr"", ""ijmt"", ""ikoa"", ""ikt?"", ""ikzo"", ""ilex"", ""ilsw"", ""ion1"", ""ioop"", ""ip/a"", ""ivyt"", ""j/th"", ""jen/"", ""jeot"", ""ji/d"", ""jmt "", ""jr k"", ""jr/b"", ""jyaa"", ""k l "", ""k v/"", ""ka/j"", ""kahm"", ""kbo/"", ""khwe"", ""kilz"", ""kkkl"", ""kkky"", ""ko/f"", ""kokl"", ""koo,"", ""ktip"", ""ku/o"", ""kyns"", ""kyze"", ""l r&"", ""l'pr"", ""l'sa"", ""l.--"", ""l.e "", ""la'o"", ""ld0s"", ""ldpu"", ""lds!"", ""lgao"", ""ll.e"", ""locq"", ""logw"", ""lthf"", ""luxa"", ""lzit"", ""m3 &"", ""mdsc"", ""mehh"", ""meym"", ""mh p"", ""miu,"", ""mjr "", ""mmua"", ""mndi"", ""mnts"", ""mozv"", ""mp-9"", ""my/e"", ""n bs"", ""n lv"", ""n\"" k"", ""n)ic"", ""n/'n"", ""n/j-"", ""n? v"", ""nabn"", ""ncrt"", ""nd+1"", ""nnri"", ""nodb"", ""nonw"", ""np-t"", ""npox"", ""nrir"", ""ntrn"", ""o q "", ""o'hh"", ""o'z "", ""o/ai"", ""o/sm"", ""ocq/"", ""od_s"", ""oe't"", ""oep."", ""of?!"", ""ofdi"", ""olkg"", ""omuj"", ""on1:"", ""onn?"", ""oofp"", ""oui/"", ""owom"", ""p mn"", ""p-9m"", ""p-y "", ""p/az"", ""p/k "", ""p/xx"", ""pajy"", ""pcow"", ""pd d"", ""pe/k"", ""pf-e"", ""poeu"", ""pp-y"", ""ppep"", ""pt-i"", ""pu &"", ""puhr"", ""px s"", ""q/po"", ""qb b"", ""qutt"", ""r 65"", ""r xp"", ""r&d "", ""r(te"", ""r-55"", ""r-84"", ""r/50"", ""r/bj"", ""r/kw"", ""rb-c"", ""re-q"", ""rf/a"", ""rf/f"", ""rg-b"", ""rggg"", ""rib,"", ""rin\"""", ""rjuf"", ""rl/c"", ""rmds"", ""rn-w"", ""rpfi"", ""rrgg"", ""rri!"", ""rsys"", ""ru/u"", ""rufz"", ""rv/e"", ""ryx/"", ""s. ."", ""s/dm"", ""s3 g"", ""sazv"", ""sdl "", ""se ~"", ""seaa"", ""sgo,"", ""sh/u"", ""shs "", ""skyi"", ""smii"", ""sssi"", ""ssuu"", ""t -1"", ""t/ia"", ""tag="", ""teua"", ""teyt"", ""tgip"", ""tioo"", ""tjol"", ""tkot"", ""tmug"", ""tpog"", ""trnt"", ""tsdl"", ""ttyd"", ""tydo"", ""u/ok"", ""uatg"", ""ubo?"", ""ueft"", ""ugpi"", ""ui/p"", ""uikd"", ""uikz"", ""ukkk"", ""ukyb"", ""un-2"", ""und+"", ""uo/d"", ""up/x"", ""upa2"", ""upya"", ""uunu"", ""uwd "", ""v (x"", ""v/el"", ""va/a"", ""vi/f"", ""vkla"", ""vo-a"", ""vr. "", ""vsor"", ""vube"", ""vyxs"", ""vyy?"", ""w e-"", ""w, 9"", ""w/sa"", ""w3 s"", ""wd g"", ""wd h"", ""wkai"", ""wkol"", ""wkst"", ""wry,"", ""x! l"", ""x-3n"", ""x-6 "", ""x-ev"", ""x/sc"", ""xbr-"", ""xsin"", ""y #9"", ""y 84"", ""y k-"", ""y z/"", ""y ~a"", ""y-o,"", ""y/cb"", ""ya 6"", ""ya/o"", ""yap/"", ""ylti"", ""ypt-"", ""yu/j"", ""yvim"", ""yx/r"", ""yxsi"", ""yy j"", ""yyke"", ""ze x"", ""zicz"", ""zitp"", ""~ oa"", ""~ais""]",527,1,155,0.0064516129032258064
4,block_infix_fingerprint_v004.json,128,local_split_entropy_equivalence_classes,154,4,0.0,0.1,title,title,124," ""se","["" \""se"", ""zsze""]",2,2,155,0.012903225806451613
4,block_infix_fingerprint_v004.json,128,local_split_entropy_equivalence_classes,154,4,0.0,0.1,title,title,125," ""su","["" \""su""]",1,3,155,0.01935483870967742
4,block_infix_fingerprint_v004.json,128,local_split_entropy_equivalence_classes,154,4,0.0,0.1,title,title,126," ""ta","["" \""ta"", ""atrn"", ""heb'""]",3,2,155,0.012903225806451613
4,block_infix_fingerprint_v004.json,128,local_split_entropy_equivalence_classes,154,4,0.0,0.1,title,title,127, # 4,"["" # 4"", ""dy-f"", ""sor!""]",3,2,155,0.012903225806451613
5,block_infix_fingerprint_v005.json,256,local_split_entropy_equivalence_classes,154,4,0.0,0.1,title,title,0, '10,"["" '10""]",1,15,155,0.0967741935483871
5,block_infix_fingerprint_v005.json,256,local_split_entropy_equivalence_classes,154,4,0.0,0.1,title,title,1, 10/,"["" 10/""]",1,15,155,0.0967741935483871
5,block_infix_fingerprint_v005.json,256,local_split_entropy_equivalence_classes,154,4,0.0,0.1,title,title,2, 320,"["" 320""]",1,15,155,0.0967741935483871
5,block_infix_fingerprint_v005.json,256,local_split_entropy_equivalence_classes,154,4,0.0,0.1,title,title,3, faj,"["" faj""]",1,15,155,0.0967741935483871
5,block_infix_fingerprint_v005.json,256,local_split_entropy_equivalence_classes,154,4,0.0,0.1,title,title,4,amwe,"[""amwe""]",1,15,155,0.0967741935483871
5,block_infix_fingerprint_v005.json,256,local_split_entropy_equivalence_classes,154,4,0.0,0.1,title,title,5,"afe,","[""afe,""]",1,15,155,0.0967741935483871
5,block_infix_fingerprint_v005.json,256,local_split_entropy_equivalence_classes,154,4,0.0,0.1,title,title,6,ildy,"[""ildy""]",1,14,155,0.09032258064516129
5,block_infix_fingerprint_v005.json,256,local_split_entropy_equivalence_classes,154,4,0.0,0.1,title,title,7,rke',"[""rke'""]",1,15,155,0.0967741935483871
5,block_infix_fingerprint_v005.json,256,local_split_entropy_equivalence_classes,154,4,0.0,0.1,title,title,8, 7 a,"["" 7 a""]",1,13,155,0.08387096774193549
5,block_infix_fingerprint_v005.json,256,local_split_entropy_equivalence_classes,154,4,0.0,0.1,title,title,9,glun,"[""glun""]",1,14,155,0.09032258064516129
5,block_infix_fingerprint_v005.json,256,local_split_entropy_equivalence_classes,154,4,0.0,0.1,title,title,10,lijm,"[""lijm""]",1,12,155,0.07741935483870968
5,block_infix_fingerprint_v005.json,256,local_split_entropy_equivalence_classes,154,4,0.0,0.1,title,title,11, 287,"["" 287""]",1,10,155,0.06451612903225806
5,block_infix_fingerprint_v005.json,256,local_split_entropy_equivalence_classes,154,4,0.0,0.1,title,title,12,00 u,"[""00 u""]",1,15,155,0.0967741935483871
5,block_infix_fingerprint_v005.json,256,local_split_entropy_equivalence_classes,154,4,0.0,0.1,title,title,13,...k,"[""...k""]",1,13,155,0.08387096774193549
5,block_infix_fingerprint_v005.json,256,local_split_entropy_equivalence_classes,154,4,0.0,0.1,title,title,14,?! t,"[""?! t""]",1,14,155,0.09032258064516129
5,block_infix_fingerprint_v005.json,256,local_split_entropy_equivalence_classes,154,4,0.0,0.1,title,title,15,cozi,"[""cozi""]",1,15,155,0.0967741935483871
5,block_infix_fingerprint_v005.json,256,local_split_entropy_equivalence_classes,154,4,0.0,0.1,title,title,16,eh' ,"[""eh' ""]",1,12,155,0.07741935483870968
5,block_infix_fingerprint_v005.json,256,local_split_entropy_equivalence_classes,154,4,0.0,0.1,title,title,17,o/lo,"[""o/lo""]",1,13,155,0.08387096774193549
5,block_infix_fingerprint_v005.json,256,local_split_entropy_equivalence_classes,154,4,0.0,0.1,title,title,18, $40,"["" $40""]",1,14,155,0.09032258064516129
5,block_infix_fingerprint_v005.json,256,local_split_entropy_equivalence_classes,154,4,0.0,0.1,title,title,19, adn,"["" adn""]",1,14,155,0.09032258064516129
5,block_infix_fingerprint_v005.json,256,local_split_entropy_equivalence_classes,154,4,0.0,0.1,title,title,20, eom,"["" eom""]",1,12,155,0.07741935483870968
5,block_infix_fingerprint_v005.json,256,local_split_entropy_equivalence_classes,154,4,0.0,0.1,title,title,21, (ce,"["" (ce""]",1,8,155,0.05161290322580645
5,block_infix_fingerprint_v005.json,256,local_split_entropy_equivalence_classes,154,4,0.0,0.1,title,title,22, + f,"["" + f""]",1,11,155,0.07096774193548387
5,block_infix_fingerprint_v005.json,256,local_split_entropy_equivalence_classes,154,4,0.0,0.1,title,title,23, caw,"["" caw""]",1,7,155,0.04516129032258064
5,block_infix_fingerprint_v005.json,256,local_split_entropy_equivalence_classes,154,4,0.0,0.1,title,title,24,-jam,"[""-jam""]",1,13,155,0.08387096774193549
5,block_infix_fingerprint_v005.json,256,local_split_entropy_equivalence_classes,154,4,0.0,0.1,title,title,25, 'mu,"["" 'mu""]",1,13,155,0.08387096774193549
5,block_infix_fingerprint_v005.json,256,local_split_entropy_equivalence_classes,154,4,0.0,0.1,title,title,26, (my,"["" (my""]",1,13,155,0.08387096774193549
5,block_infix_fingerprint_v005.json,256,local_split_entropy_equivalence_classes,154,4,0.0,0.1,title,title,27, - 8,"["" - 8""]",1,14,155,0.09032258064516129
5,block_infix_fingerprint_v005.json,256,local_split_entropy_equivalence_classes,154,4,0.0,0.1,title,title,28," ""st","["" \""st""]",1,5,155,0.03225806451612903
5,block_infix_fingerprint_v005.json,256,local_split_entropy_equivalence_classes,154,4,0.0,0.1,title,title,29, #4 ,"["" #4 ""]",1,12,155,0.07741935483870968
5,block_infix_fingerprint_v005.json,256,local_split_entropy_equivalence_classes,154,4,0.0,0.1,title,title,30, '82,"["" '82""]",1,11,155,0.07096774193548387
5,block_infix_fingerprint_v005.json,256,local_split_entropy_equivalence_classes,154,4,0.0,0.1,title,title,31, 'at,"["" 'at""]",1,13,155,0.08387096774193549
5,block_infix_fingerprint_v005.json,256,local_split_entropy_equivalence_classes,154,4,0.0,0.1,title,title,32, (2/,"["" (2/""]",1,12,155,0.07741935483870968
5,block_infix_fingerprint_v005.json,256,local_split_entropy_equivalence_classes,154,4,0.0,0.1,title,title,33, 003,"["" 003""]",1,9,155,0.05806451612903226
5,block_infix_fingerprint_v005.json,256,local_split_entropy_equivalence_classes,154,4,0.0,0.1,title,title,34, 009,"["" 009""]",1,14,155,0.09032258064516129
5,block_infix_fingerprint_v005.json,256,local_split_entropy_equivalence_classes,154,4,0.0,0.1,title,title,35, 01/,"["" 01/""]",1,5,155,0.03225806451612903
5,block_infix_fingerprint_v005.json,256,local_split_entropy_equivalence_classes,154,4,0.0,0.1,title,title,36," ""th","["" \""th""]",1,14,155,0.09032258064516129
5,block_infix_fingerprint_v005.json,256,local_split_entropy_equivalence_classes,154,4,0.0,0.1,title,title,37, #60,"["" #60""]",1,10,155,0.06451612903225806
5,block_infix_fingerprint_v005.json,256,local_split_entropy_equivalence_classes,154,4,0.0,0.1,title,title,38, (a),"["" (a)""]",1,8,155,0.05161290322580645
5,block_infix_fingerprint_v005.json,256,local_split_entropy_equivalence_classes,154,4,0.0,0.1,title,title,39, (ap,"["" (ap""]",1,13,155,0.08387096774193549
5,block_infix_fingerprint_v005.json,256,local_split_entropy_equivalence_classes,154,4,0.0,0.1,title,title,40," ""sp","["" \""sp"", ""tux ""]",2,2,155,0.012903225806451613
5,block_infix_fingerprint_v005.json,256,local_split_entropy_equivalence_classes,154,4,0.0,0.1,title,title,41, #40,"["" #40""]",1,13,155,0.08387096774193549
5,block_infix_fingerprint_v005.json,256,local_split_entropy_equivalence_classes,154,4,0.0,0.1,title,title,42, #5 ,"["" #5 ""]",1,11,155,0.07096774193548387
5,block_infix_fingerprint_v005.json,256,local_split_entropy_equivalence_classes,154,4,0.0,0.1,title,title,43, #56,"["" #56""]",1,8,155,0.05161290322580645
5,block_infix_fingerprint_v005.json,256,local_split_entropy_equivalence_classes,154,4,0.0,0.1,title,title,44, '12,"["" '12""]",1,10,155,0.06451612903225806
5,block_infix_fingerprint_v005.json,256,local_split_entropy_equivalence_classes,154,4,0.0,0.1,title,title,45, '30,"["" '30""]",1,7,155,0.04516129032258064
5,block_infix_fingerprint_v005.json,256,local_split_entropy_equivalence_classes,154,4,0.0,0.1,title,title,46, 'gh,"["" 'gh""]",1,10,155,0.06451612903225806
5,block_infix_fingerprint_v005.json,256,local_split_entropy_equivalence_classes,154,4,0.0,0.1,title,title,47, #$*,"["" #$*"", ""db s"", ""mo!:"", ""sol/""]",4,2,155,0.012903225806451613
5,block_infix_fingerprint_v005.json,256,local_split_entropy_equivalence_classes,154,4,0.0,0.1,title,title,48, #00,"["" #00""]",1,14,155,0.09032258064516129
5,block_infix_fingerprint_v005.json,256,local_split_entropy_equivalence_classes,154,4,0.0,0.1,title,title,49, #01,"["" #01""]",1,8,155,0.05161290322580645
5,block_infix_fingerprint_v005.json,256,local_split_entropy_equivalence_classes,154,4,0.0,0.1,title,title,50, #1-,"["" #1-""]",1,10,155,0.06451612903225806
5,block_infix_fingerprint_v005.json,256,local_split_entropy_equivalence_classes,154,4,0.0,0.1,title,title,51, #32,"["" #32""]",1,13,155,0.08387096774193549
5,block_infix_fingerprint_v005.json,256,local_split_entropy_equivalence_classes,154,4,0.0,0.1,title,title,52, #4),"["" #4)""]",1,3,155,0.01935483870967742
5,block_infix_fingerprint_v005.json,256,local_split_entropy_equivalence_classes,154,4,0.0,0.1,title,title,53, #44,"["" #44""]",1,12,155,0.07741935483870968
5,block_infix_fingerprint_v005.json,256,local_split_entropy_equivalence_classes,154,4,0.0,0.1,title,title,54, #46,"["" #46""]",1,12,155,0.07741935483870968
5,block_infix_fingerprint_v005.json,256,local_split_entropy_equivalence_classes,154,4,0.0,0.1,title,title,55, #47,"["" #47""]",1,12,155,0.07741935483870968
5,block_infix_fingerprint_v005.json,256,local_split_entropy_equivalence_classes,154,4,0.0,0.1,title,title,56, #6 ,"["" #6 ""]",1,7,155,0.04516129032258064
5,block_infix_fingerprint_v005.json,256,local_split_entropy_equivalence_classes,154,4,0.0,0.1,title,title,57, #65,"["" #65""]",1,8,155,0.05161290322580645
5,block_infix_fingerprint_v005.json,256,local_split_entropy_equivalence_classes,154,4,0.0,0.1,title,title,58, $we,"["" $we"", ""ayk "", ""lga?"", ""nutj"", ""s $w"", ""utjo""]",6,2,155,0.012903225806451613
5,block_infix_fingerprint_v005.json,256,local_split_entropy_equivalence_classes,154,4,0.0,0.1,title,title,59, '24,"["" '24""]",1,7,155,0.04516129032258064
5,block_infix_fingerprint_v005.json,256,local_split_entropy_equivalence_classes,154,4,0.0,0.1,title,title,60, '73,"["" '73""]",1,9,155,0.05806451612903226
5,block_infix_fingerprint_v005.json,256,local_split_entropy_equivalence_classes,154,4,0.0,0.1,title,title,61, 'd',"["" 'd'""]",1,14,155,0.09032258064516129
5,block_infix_fingerprint_v005.json,256,local_split_entropy_equivalence_classes,154,4,0.0,0.1,title,title,62, 'e ,"["" 'e ""]",1,11,155,0.07096774193548387
5,block_infix_fingerprint_v005.json,256,local_split_entropy_equivalence_classes,154,4,0.0,0.1,title,title,63, 'gi,"["" 'gi""]",1,12,155,0.07741935483870968
5,block_infix_fingerprint_v005.json,256,local_split_entropy_equivalence_classes,154,4,0.0,0.1,title,title,64, 'ic,"["" 'ic""]",1,11,155,0.07096774193548387
5,block_infix_fingerprint_v005.json,256,local_split_entropy_equivalence_classes,154,4,0.0,0.1,title,title,65,  sy,"[""  sy"", ""#112"", ""g e-"", ""hun)"", ""k! q"", ""lmob"", ""mfeb"", ""tzu/""]",8,2,155,0.012903225806451613
5,block_infix_fingerprint_v005.json,256,local_split_entropy_equivalence_classes,154,4,0.0,0.1,title,title,66, ! o,"["" ! o"", "" 'j'"", "" 8-j"", "" d/j"", "" edt"", "" f-l"", "" hdn"", "" jlo"", "" k11"", "" kt "", "" o.w"", "" qpr"", "" vj'"", "" x/l"", "" xps"", ""!/tv"", ""#fml"", ""$avi"", ""& '8"", ""& 'r"", ""' 4-"", ""'-re"", ""'fao"", ""'huc"", ""'j' "", ""(p.m"", ""(unl"", ""(x)i"", "")ist"", ""*n m"", ""--wh"", ""-08b"", ""-e/c"", ""-fek"", ""-l-p"", ""-ova"", ""./fo"", ""./li"", "".t.p"", "".w.l"", ""/'ps"", ""/1/2"", ""/c'm"", ""/ezr"", ""/foy"", ""/ibs"", ""/jls"", ""/lsu"", ""/unj"", ""/xti"", ""01's"", ""1's!"", ""1/ep"", ""100a"", ""101'"", ""101a"", ""103a"", ""103b"", ""106a"", ""109a"", ""115a"", ""118a"", ""122b"", ""124b"", ""135t"", ""2(x)"", ""210'"", ""251 "", ""2d h"", ""2xl/"", ""3th/"", ""4/05"", ""44 y"", ""5/1/"", ""500?"", ""78-t"", ""8-ju"", ""8th?"", ""= mu"", ""@ss "", ""a/ls"", ""a398"", ""actz"", ""art\"""", ""ba-3"", ""bad@"", ""bbq-"", ""bc &"", ""bdei"", ""bq-s"", ""c xm"", ""cc g"", ""ch $"", ""cki/"", ""cmun"", ""cne/"", ""cpap"", ""ctzo"", ""cyry"", ""d d*"", ""d! e"", ""d/jl"", ""d/xt"", ""d@ss"", ""dkim"", ""drri"", ""dz j"", ""e hd"", ""e k1"", ""e-t,"", ""e/ez"", ""e/ow"", ""ea/w"", ""ed/x"", ""elu'"", ""erp!"", ""ew !"", ""ex/y"", ""ey:p"", ""f jy"", ""f-ov"", ""f/of"", ""faol"", ""fc q"", ""fo'-"", ""fth/"", ""g/ey"", ""gg/j"", ""h $a"", ""h bd"", ""hev?"", ""himf"", ""hit?"", ""hmm "", ""hr/t"", ""hy-f"", ""i./f"", ""il/v"", ""imfe"", ""imvi"", ""iq l"", ""is!/"", ""iz/m"", ""j' f"", ""j-mo"", ""jicl"", ""jr/o"", ""jyne"", ""k d/"", ""k ib"", ""k' &"", ""k/'p"", ""kb b"", ""ky 5"", ""l ft"", ""l/ib"", ""l/ll"", ""l/os"", ""lfak"", ""lk' "", ""lozt"", ""lys."", ""m 6t"", ""mct "", ""mmsd"", ""my-m"", ""my.c"", ""n-z "", ""n140"", ""ngrw"", ""ni/r"", ""ns--"", ""nwc'"", ""o'-r"", ""owuk"", ""p 06"", ""pax!"", ""pocy"", ""q-st"", ""r-os"", ""r/om"", ""rdki"", ""rdu'"", ""rjic"", ""roz/"", ""rrfu"", ""rvy'"", ""rwif"", ""s x/"", ""s--w"", ""s-e/"", ""sal)"", ""sco?"", ""sef/"", ""sk-k"", ""t 5/"", ""t qp"", ""tapd"", ""tawm"", ""tei'"", ""towu"", ""u.o."", ""uadc"", ""ue/j"", ""ulux"", ""un14"", ""urhm"", ""us/1"", ""v if"", ""vj's"", ""vonv"", ""w ! "", ""w ug"", ""wc's"", ""wniu"", ""woah"", ""ww f"", ""wye:"", ""x bf"", ""x)is"", ""x/yo"", ""xber"", ""xl/o"", ""xon?"", ""xps/"", ""y 8t"", ""y hm"", ""y:pa"", ""yelc"", ""yfug"", ""yk/'"", ""yryx"", ""zik'"", ""zmop"", ""zyk/"", ""zzyn""]",236,1,155,0.0064516129032258064
5,block_infix_fingerprint_v005.json,256,local_split_entropy_equivalence_classes,154,4,0.0,0.1,title,title,67, !@#,"["" !@#"", "" 'ig"", "" -el"", "" 0 2"", "" 19d"", "" 32)"", "" 3dn"", "" 3so"", "" 40g"", "" 5-i"", "" 5-j"", "" 57)"", "" 5:2"", "" 70m"", "" 75!"", "" 8 8"", "" [oo"", "" b.g"", "" b.t"", "" bo,"", "" c4 "", "" dj-"", "" ea'"", "" eu)"", "" f'i"", "" fmi"", "" h i"", "" hma"", "" img"", "" msa"", "" ngw"", "" o10"", "" p-n"", "" p90"", "" pr'"", "" qvr"", "" scz"", "" t-e"", "" uaw"", "" uz."", "" vbs"", "" xv-"", "" z.k"", "" {pa"", ""! (j"", ""!@#$"", ""# 15"", ""#$%^"", ""#$in"", ""$ da"", ""$$'$"", ""$%^&"", ""$'$ "", ""$ing"", ""% 70"", ""%^&*"", ""&*!i"", ""&chl"", ""&dau"", ""'$ d"", ""'-ie"", ""'apc"", ""'kak"", ""'mib"", ""'no?"", ""'o a"", ""'sbu"", ""'wip"", ""'zah"", ""(4):"", ""(abu"", ""(d) "", ""(e a"", ""(hab"", ""(hyd"", ""(jon"", ""(nat"", ""(o u"", ""(sua"", "") i "", "") ve"", "", o-"", "",9 o"", ""-008"", ""-009"", ""-047"", ""-3 ("", ""-ail"", ""-bi,"", ""-dhi"", ""-fua"", ""-ig?"", ""-ii "", ""-iim"", ""-n b"", ""-ppe"", ""-se)"", ""-u-t"", ""-ume"", ""-vec"", ""-vya"", ""-weo"", ""-xvi"", "". '0"", "". gq"", "". h "", "". tn"", "".-ni"", "".2 4"", "".30."", "".fiv"", "".i-l"", "".i.-"", "".ted"", "".two"", "".z: "", ""/suf"", ""0 eo"", ""0% 7"", ""017 "", ""028:"", ""03 v"", ""057a"", ""0:28"", ""0:54"", ""0boy"", ""0gye"", ""1 'c"", ""1,55"", ""17,9"", ""19de"", ""1o a"", ""2 4x"", ""250b"", ""2:36"", ""2k10"", ""2k13"", ""2ohh"", ""2one"", ""3 (1"", ""3 km"", ""3-to"", ""33-2"", ""36am"", ""3dna"", ""3s f"", ""3s: "", ""40gy"", ""47, "", ""5-96"", ""5-ig"", ""50bo"", ""54,5"", ""57ad"", ""58:1"", ""5:22"", ""7 0 "", ""7 cu"", ""7, y"", ""7,9 "", ""70mm"", ""8 8 "", ""8) m"", ""8:17"", ""9 ku"", ""9 o1"", ""9 ob"", ""920!"", ""947,"", ""95-2"", ""95-9"", ""999?"", "": 5-"", "": rc"", "":17,"", "":36a"", "":54,"", "":fut"", ""; ru"", ""@ br"", ""@#$%"", ""@#$i"", ""[dis"", ""[ooc"", ""^&*!"", ""a&ch"", ""a) s"", ""a.z:"", ""aa ("", ""aazj"", ""ac(h"", ""aczc"", ""adi$"", ""ah; "", ""aiks"", ""ajpr"", ""ajsu"", ""ak #"", ""amnu"", ""anmm"", ""aoos"", ""aot?"", ""aseq"", ""at-y"", ""atjh"", ""augo"", ""aurn"", ""av-o"", ""avbr"", ""awza"", ""axhu"", ""ay40"", ""ayju"", ""aym "", ""azdg"", ""a~jo"", ""b 3'"", ""b hy"", ""b'on"", ""baey"", ""bfus"", ""bjal"", ""bk: "", ""bom'"", ""bown"", ""brii"", ""bslu"", ""c(hy"", ""c-at"", ""c-il"", ""c212"", ""c4 p"", ""c5: "", ""c[di"", ""ce !"", ""cef-"", ""chht"", ""cimd"", ""cneb"", ""czce"", ""czez"", ""d 3-"", ""d vb"", ""d-sy"", ""davb"", ""day4"", ""ddiv"", ""di$e"", ""dj-s"", ""do'a"", ""duvn"", ""duzo"", ""dwo."", ""dyah"", ""e !@"", ""e c4"", ""e p:"", ""e vk"", ""e'ho"", ""e-pp"", ""e.tw"", ""ec-i"", ""ed +"", ""ef 0"", ""ef-k"", ""egdj"", ""eghd"", ""egts"", ""ei!."", ""eilr"", ""eji,"", ""eji?"", ""ek '"", ""ekdy"", ""enyf"", ""eohu"", ""eosf"", ""er {"", ""erfc"", ""erm)"", ""ers&"", ""ervc"", ""erxo"", ""esml"", ""etns"", ""etoq"", ""etz-"", ""eusj"", ""ewdz"", ""exge"", ""ext2"", ""eyih"", ""ezhp"", ""ezi:"", ""e} s"", ""f 4t"", ""f 64"", ""f'in"", ""f@#$"", ""fay:"", ""fbus"", ""feei"", ""ffca"", ""figt"", ""fmil"", ""fos,"", ""fteo"", ""ftor"", ""fzil"", ""g cv"", ""g-or"", ""gak'"", ""gan;"", ""gga."", ""ggud"", ""ghi,"", ""gin("", ""gioo"", ""gna?"", ""goeh"", ""grex"", ""gthy"", ""gtri"", ""gyio"", ""h 66"", ""h p-"", ""h yy"", ""h'ol"", ""h. 4"", ""ha&c"", ""hah,"", ""hbaa"", ""hbii"", ""hdey"", ""hey;"", ""hhta"", ""himr"", ""hoap"", ""hof,"", ""hoi'"", ""hr- "", ""hrgi"", ""htuk"", ""huh,"", ""huk-"", ""hyah"", ""hybs"", ""i nk"", ""i'cl"", ""i-xv"", ""i.-n"", ""ibt!"", ""ie 0"", ""iekz"", ""iewd"", ""ifo)"", ""ig #"", ""iice"", ""iimb"", ""ilfb"", ""ilfz"", ""ilkt"", ""ilt)"", ""ilwi"", ""ing2"", ""ioe "", ""iqev"", ""ist]"", ""isye"", ""itj "", ""itls"", ""iu 1"", ""iv ("", ""ivso"", ""ivuc"", ""ivy!"", ""ivza"", ""ix-3"", ""iya~"", ""iyny"", ""izzn"", ""j lj"", ""j yo"", ""jots"", ""jozy"", ""jpre"", ""jsul"", ""jtot"", ""juaz"", ""kdil"", ""kel."", ""khbi"", ""kkym"", ""kluf"", ""km.6"", ""koc "", ""kod:"", ""kt- "", ""ktoa"", ""ktod"", ""kuac"", ""kumv"", ""kylu"", ""kzaa"", ""l 5-"", ""l'-i"", ""l-dh"", ""l.2 "", ""lacv"", ""lao,"", ""lbwi"", ""leiz"", ""lfbu"", ""lhoi"", ""ljod"", ""ll'-"", ""lmeh"", ""loiy"", ""lpa:"", ""lput"", ""lteo"", ""ly~t"", ""lzno"", ""m 4d"", ""m xm"", ""m'sb"", ""m.66"", ""masg"", ""maxh"", ""mbk:"", ""mc i"", ""mc5:"", ""mcci"", ""mcid"", ""mdi?"", ""mdoe"", ""mduk"", ""medc"", ""memr"", ""mexm"", ""mezs"", ""mfic"", ""mia-"", ""mivz"", ""mjit"", ""mjmw"", ""mk u"", ""mklo"", ""mkuz"", ""mni'"", ""moft"", ""mokp"", ""mom2"", ""momj"", ""mor("", ""moxo"", ""mpd "", ""mpix"", ""mr.i"", ""mra:"", ""msef"", ""mstk"", ""mtmo"", ""mu 3"", ""muax"", ""mugc"", ""muph"", ""muxe"", ""muyy"", ""muz)"", ""mxpw"", ""myct"", ""mzes"", ""n e3"", ""n p9"", ""n s&"", ""n'dj"", ""n'ka"", ""n'oa"", ""n-id"", ""n-ii"", ""n-od"", ""n.l."", ""n58:"", ""nabj"", ""nawz"", ""nayj"", ""nb -"", ""ncah"", ""ne2o"", ""nfa:"", ""nfft"", ""ngoy"", ""nixx"", ""nmma"", ""nno'"", ""nogn"", ""noou"", ""npt:"", ""npti"", ""nsb "", ""ntph"", ""numy"", ""nus)"", ""nuyr"", ""nx 2"", ""nx 3"", ""nxl "", ""o 4o"", ""o 5o"", ""o$$'"", ""o.fi"", ""o10:"", ""oab:"", ""oas,"", ""obfu"", ""oc 0"", ""ocik"", ""oda;"", ""oesb"", ""offc"", ""ogr:"", ""ohm:"", ""oi'c"", ""oiim"", ""oirl"", ""ojiv"", ""omji"", ""onkf"", ""onpt"", ""onuf"", ""ooan"", ""ooc]"", ""ooun"", ""oqee"", ""or(d"", ""os!)"", ""osc["", ""ose8"", ""oshw"", ""ot2:"", ""ovif"", ""ovsy"", ""owl."", ""ozfe"", ""p ua"", ""p-04"", ""p.1."", ""p903"", ""pab:"", ""pac("", ""pah;"", ""pamn"", ""paot"", ""papk"", ""pau:"", ""pauf"", ""pcaz"", ""pep:"", ""ph 1"", ""plao"", ""pnav"", ""pnun"", ""pptu"", ""pr' "", ""psec"", ""ptsy"", ""pym "", ""qvri"", ""r 56"", ""r mk"", ""r t'"", ""r {p"", ""r(d)"", ""r.i-"", ""r.te"", ""r3s:"", ""ragy"", ""rarw"", ""rav-"", ""re-z"", ""re} "", ""rfct"", ""ricz"", ""riic"", ""rluq"", ""rm) "", ""rmkl"", ""rn 9"", ""rojm"", ""rs&d"", ""rsu."", ""rt +"", ""rthg"", ""rvci"", ""rvje"", ""rxor"", ""ryz "", ""s [h"", ""s jm"", ""s&da"", ""s) n"", ""s.aa"", ""sb b"", ""sc[d"", ""scze"", ""sec-"", ""smlu"", ""snmo"", ""sopg"", ""sozr"", ""ss 0"", ""ss.a"", ""st:f"", ""stlf"", ""stsv"", ""su.c"", ""syem"", ""syrm"", ""syzi"", ""t -e"", ""t 5p"", ""t qv"", ""t-yi"", ""t:fu"", ""tapn"", ""tgau"", ""th?'"", ""tha&"", ""tidg"", ""tiey"", ""tj y"", ""tjae"", ""tjha"", ""tjoy"", ""tlfe"", ""tloy"", ""tlst"", ""tngi"", ""tni,"", ""toqe"", ""tv2:"", ""tzuv"", ""u 1,"", ""u 1o"", ""u l."", ""u yg"", ""uaw-"", ""uaxi"", ""uazn"", ""ujae"", ""uk-f"", ""ukhb"", ""uks'"", ""uksn"", ""ul 9"", ""uly~"", ""upnu"", ""upy!"", ""ure}"", ""usnm"", ""ut-g"", ""uti?"", ""uva!"", ""uvny"", ""uyrk"", ""uyyi"", ""uzez"", ""uzh)"", ""v (d"", ""v 1s"", ""v-xv"", ""v20:"", ""v2: "", ""vafy"", ""vai?"", ""vbru"", ""vchy"", ""veih"", ""vez)"", ""vi-x"", ""vidv"", ""vifu"", ""vkhe"", ""vlo:"", ""vmaj"", ""voas"", ""vp 2"", ""vrao"", ""vriv"", ""vsac"", ""vsop"", ""vyu,"", ""vza "", ""w-fo"", ""wie)"", ""wlus"", ""wo. "", ""wo.f"", ""wyto"", ""wzad"", ""x 4."", ""x-3 "", ""xges"", ""xi'n"", ""xivi"", ""xpx:"", ""xt21"", ""xtiz"", ""xv-x"", ""xvi-"", ""y 7)"", ""y 97"", ""y d-"", ""y f@"", ""y-vy"", ""y40:"", ""y; a"", ""yaay"", ""yalw"", ""yar!"", ""yauh"", ""yaun"", ""ya~j"", ""yc21"", ""ycii"", ""yd j"", ""ye-p"", ""yeuh"", ""yhno"", ""yihi"", ""yjud"", ""yluo"", ""ymiy"", ""yte?"", ""yyig"", ""yyun"", ""yzit"", ""y~ti"", ""z xp"", ""z zg"", ""z-eu"", ""zdge"", ""zek)"", ""zez-"", ""zfer"", ""zh -"", ""zh e"", ""zhpl"", ""zifu"", ""zil)"", ""zki:"", ""zod,"", ""zoir"", ""zom,"", ""zreu"", ""zukr"", ""zzre"", ""{pas"", ""} si"", ""~jou"", ""~tic""]",762,1,155,0.0064516129032258064
5,block_infix_fingerprint_v005.json,256,local_split_entropy_equivalence_classes,154,4,0.0,0.1,title,title,68," ""a ","["" \""a ""]",1,4,155,0.025806451612903226
5,block_infix_fingerprint_v005.json,256,local_split_entropy_equivalence_classes,154,4,0.0,0.1,title,title,69," ""al","["" \""al"", "" #3-"", "" $11"", "" (ij"", "" 2+3"", "" 33."", "" 4sc"", "" 61,"", "" 69."", "" 89."", "" 93."", "" c-t"", "" cbn"", "" ckh"", "" en)"", "" gax"", "" h.:"", "" j 3"", "" k/r"", "" l m"", "" lfn"", "" lms"", "" lsm"", "" ntz"", "" o(h"", "" omt"", "" q&q"", "" sds"", "" u/t"", "" z'h"", "" ~ k"", ""! fj"", ""! vm"", ""\""all"", ""#208"", ""#3-4"", ""#5/s"", ""$1.2"", ""$115"", ""$55 "", ""$: t"", ""% az"", ""% to"", ""'/'j"", ""'?: "", ""'beg"", ""'kri"", ""'m q"", ""'wre"", ""(cil"", ""(ede"", ""(huu"", ""(ijm"", ""(oud"", ""(rab"", ""(vee"", "") ky"", ""+4 -"", ""+4/n"", "", iy"", ""-82)"", ""-atc"", ""-cke"", ""-eta"", ""-ofe"", ""-pu-"", ""-u t"", ""-voo"", ""-yo-"", ""-zea"", ""-zo "", "". cd"", "". lf"", ""./ag"", ""./in"", ""./je"", "".5 u"", "".: 4"", "".g t"", "".j t"", "".mal"", "".ov."", "".z.a"", ""/'bu"", ""/'ja"", ""/'pr"", ""/'sp"", ""/70 "", ""/ag "", ""/bbc"", ""/dye"", ""/hez"", ""/jeo"", ""/moi"", ""/mpd"", ""/o'l"", ""/puu"", ""/raq"", ""/rza"", ""/suv"", ""/wyc"", ""0-be"", ""0. w"", ""0/fr"", ""006,"", ""018 "", ""0tan"", ""0x r"", ""1/co"", ""13-s"", ""15/a"", ""2+4 "", ""2-ba"", ""2.g "", ""2/su"", ""20/f"", ""20ta"", ""24ch"", ""2boy"", ""2coo"", ""2rsl"", ""3-99"", ""3-sa"", ""33/s"", ""37 h"", ""3sg:"", ""4-a2"", ""4.5 "", ""4/ni"", ""42/a"", ""4ch:"", ""4sch"", ""5 (2"", ""5 um"", ""5-72"", ""5/an"", ""5/st"", ""53 w"", ""55-7"", ""5i p"", ""6. i"", ""604 "", ""69-8"", ""70-l"", ""74 p"", ""74.5"", ""793-"", ""8 ve"", ""85 d"", ""89.0"", ""93-9"", ""94 o"", ""950:"", ""9am "", ""; ga"", ""?/dn"", ""?/fl"", ""?/op"", ""?/wy"", ""@ ai"", ""@ pr"", ""@get"", ""a 2+"", ""a x."", ""a.s:"", ""a201"", ""aal)"", ""adbc"", ""aehk"", ""af1 "", ""afhv"", ""ah-b"", ""aq/g"", ""arrd"", ""atn:"", ""ax-l"", ""b' u"", ""b.j "", ""b@ge"", ""bbqu"", ""bcok"", ""be/i"", ""bio?"", ""bn r"", ""bqui"", ""byg "", ""c (v"", ""c-be"", ""c-u "", ""c: $"", ""cadp"", ""cdu-"", ""ce'/"", ""cety"", ""ceze"", ""ck'/"", ""ckek"", ""conp"", ""ct/y"", ""cu q"", ""d kg"", ""d$: "", ""d-aj"", ""d/ze"", ""dat-"", ""dewu"", ""dmx,"", ""dr z"", ""dwez"", ""dyce"", ""e'/m"", ""e's/"", ""e/70"", ""e/l'"", ""e/ub"", ""e; g"", ""ea20"", ""eer$"", ""efew"", ""ehyg"", ""er'/"", ""erlr"", ""ev'd"", ""ew/b"", ""ewul"", ""ez/'"", ""f \""a"", ""f gb"", ""f z'"", ""f/as"", ""f/si"", ""f1 ("", ""fe/i"", ""fhv:"", ""fo/i"", ""fsri"", ""g $3"", ""g/dv"", ""g/u2"", ""gaii"", ""gaxx"", ""gb b"", ""gcso"", ""gg u"", ""gowy"", ""grul"", ""gul/"", ""h, '"", ""h/ab"", ""h/iv"", ""h/rz"", ""hact"", ""hi/c"", ""hlda"", ""hlsm"", ""hngg"", ""hos/"", ""hs-g"", ""huaw"", ""huhg"", ""hv: "", ""i-ck"", ""i/ii"", ""i/mp"", ""ia/v"", ""id$:"", ""iirk"", ""ijmu"", ""ik'?"", ""il/y"", ""ily\"""", ""ilzz"", ""im/y"", ""im?/"", ""in'r"", ""in/'"", ""irtv"", ""itpl"", ""iu/b"", ""iusb"", ""ivow"", ""iy's"", ""jmui"", ""k'/'"", ""k.t."", ""k: 8"", ""kce,"", ""kcud"", ""kife"", ""kku."", ""ko-l"", ""ktu:"", ""l.ov"", ""limc"", ""lm/m"", ""lm/v"", ""lso?"", ""ltef"", ""ltpe"", ""lve/"", ""lzze"", ""m 73"", ""m/o'"", ""m/yi"", ""m?/t"", ""mlio"", ""mm/o"", ""mpd/"", ""mugy"", ""n ls"", ""n nn"", ""n!/d"", ""n'?:"", ""n- b"", ""n/'b"", ""n/uf"", ""nbso"", ""nhy "", ""nnhy"", ""nozb"", ""nysc"", ""nz/i"", ""o ck"", ""o(h)"", ""oarz"", ""obco"", ""od/z"", ""of/c"", ""ofsg"", ""ohld"", ""ohyg"", ""opd-"", ""or',"", ""orcl"", ""os-4"", ""ougs"", ""ov.e"", ""oxaw"", ""p #7"", ""p106"", ""pa-h"", ""pai?"", ""pd z"", ""pd-l"", ""pd/v"", ""pekn"", ""pet?"", ""pfah"", ""polb"", ""q, j"", ""q/gu"", ""r n-"", ""r'/'"", ""r: ."", ""rac-"", ""ragc"", ""rck/"", ""rea2"", ""rgg "", ""rgh."", ""rgo?"", ""rgt?"", ""rhuu"", ""ril?"", ""rlao"", ""rlra"", ""rnbs"", ""rnke"", ""rnpo"", ""ro?/"", ""rolw"", ""rrde"", ""rrfi"", ""rrt,"", ""rslv"", ""ru/r"", ""rufl"", ""ruiw"", ""rukf"", ""s o("", ""s sd"", ""s./j"", ""s/dn"", ""s?/o"", ""sdsu"", ""sekc"", ""siy'"", ""sizw"", ""sk/c"", ""slvj"", ""snoz"", ""sytn"", ""syu,"", ""taed"", ""taeh"", ""td b"", ""tevk"", ""tiu/"", ""tne!"", ""toxa"", ""tvah"", ""txad"", ""tys/"", ""u dc"", ""u q&"", ""u?/f"", ""uawe"", ""ufe)"", ""ufsr"", ""ug-c"", ""ukfi"", ""uw ("", ""vaez"", ""ve/7"", ""w 'm"", ""w/bu"", ""wd/'"", ""wei/"", ""wek:"", ""wry:"", ""x u "", ""x-ay"", ""x-et"", ""xad:"", ""xawa"", ""xidr"", ""xn s"", ""xumz"", ""y 1d"", ""y cb"", ""y's-"", ""y-kl"", ""y/dy"", ""y/yi"", ""yggl"", ""yl/w"", ""yrdw"", ""yreq"", ""ys!/"", ""ytsp"", ""z q,"", ""z/'s"", ""z/im"", ""za-g"", ""zcan"", ""zeeg"", ""zlul"", ""zsok"", ""zuai"", ""zwe "", ""zzaf"", ""zzke"", ""zzov"", ""~ ke""]",454,1,155,0.0064516129032258064
5,block_infix_fingerprint_v005.json,256,local_split_entropy_equivalence_classes,154,4,0.0,0.1,title,title,70," ""am","["" \""am"", "" \""ho"", "" & $"", "" ' s"", "" 'n-"", "" dfw"", "" fkm"", "" fx-"", "" hsb"", "" j.g"", "" kns"", "" nch"", "" vrk"", "" xti"", "" yzm"", ""!/ap"", ""!/dr"", ""!/po"", ""\"" li"", ""\"" qu"", ""\""a l"", ""\""am "", ""\""how"", ""# wo"", ""& $1"", ""& 80"", ""&t g"", ""'/he"", ""'65-"", ""'n-w"", ""'ny "", ""(s.o"", ""*n s"", ""*s, "", "", fk"", "",403"", ""-'95"", ""-in."", ""-urd"", "". 1?"", "". g,"", ""., g"", "".---"", ""..--"", ""...-"", "".g.,"", "".t -"", "".tun"", ""/.50"", ""/50g"", ""/a.c"", ""/ahj"", ""/at&"", ""/eac"", ""/huf"", ""/iph"", ""/kud"", ""/ohl"", ""/sko"", ""/tj "", ""/ubi"", ""0! a"", ""0+ b"", ""00! "", ""0g m"", ""1 as"", ""1/mu"", ""100b"", ""106b"", ""109b"", ""110a"", ""112b"", ""113b"", ""115?"", ""117a"", ""120b"", ""125a"", ""18-m"", ""28/o"", ""29-a"", ""2ry7"", ""30s,"", ""3d &"", ""4 er"", ""459-"", ""4gol"", ""4x2r"", ""5-'9"", ""5-ap"", ""50g "", ""59-s"", ""65-'"", ""7 ze"", ""7, i"", ""713,"", ""75 1"", ""8/oc"", ""892k"", ""894x"", ""895k"", ""9-au"", ""9-si"", ""94x2"", "": 62"", ""?\"" q"", ""@tri"", ""[web"", ""a*s,"", ""a- p"", ""ahg "", ""ahiz"", ""aidt"", ""ak/."", ""al?\"""", ""ao/u"", ""ap'm"", ""aq m"", ""ash4"", ""ast("", ""auk/"", ""b/lu"", ""beea"", ""bniz"", ""botv"", ""c pt"", ""c/50"", ""casf"", ""cch,"", ""cgib"", ""ckns"", ""cnn'"", ""coxt"", ""ct/1"", ""d 'y"", ""d hq"", ""d) b"", ""d-ke"", ""dka'"", ""dryr"", ""e \""a"", ""e \""h"", ""e yz"", ""ee):"", ""eirt"", ""enk,"", ""epp/"", ""er ["", ""f/gu"", ""foe-"", ""fx-a"", ""g's?"", ""g.tu"", ""g2bk"", ""gfyr"", ""gh. "", ""gi/k"", ""glc?"", ""glof"", ""gyg2"", ""gyms"", ""h/dj"", ""h/i'"", ""h/od"", ""h/rh"", ""h4go"", ""hg #"", ""hgro"", ""hm e"", ""hrvo"", ""ic/5"", ""il/5"", ""ist\"""", ""j.g."", ""k/.5"", ""k/tj"", ""kns "", ""ko/g"", ""lah?"", ""lahg"", ""lc c"", ""lib?"", ""lsh,"", ""lth)"", ""m df"", ""m!/p"", ""mdri"", ""mgyg"", ""mib:"", ""mpca"", ""n) l"", ""n/a."", ""n2 s"", ""nao/"", ""ngfy"", ""nj r"", ""nk/y"", ""nnd,"", ""nnnd"", ""numd"", ""o'fr"", ""o/kr"", ""oct/"", ""oe-w"", ""ogh-"", ""ol/o"", ""omgy"", ""on'd"", ""ou?\"""", ""p'm?"", ""p/gr"", ""pcam"", ""pd's"", ""porh"", ""pp y"", ""pp/r"", ""psig"", ""qi i"", ""r [w"", ""ra- "", ""raf'"", ""ragf"", ""rb/l"", ""reg-"", ""rj's"", ""ry71"", ""s/ah"", ""s4 s"", ""sap/"", ""sh4g"", ""so/n"", ""squy"", ""sso/"", ""st\"" "", ""sy/o"", ""t x."", ""t\"" l"", ""t/us"", ""td x"", ""te \"""", ""tvrs"", ""u?\"" "", ""u?/r"", ""ud/p"", ""uk/a"", ""uts."", ""vig/"", ""vma'"", ""voot"", ""vrkl"", ""w 3-"", ""wagb"", ""wi v"", ""wk/t"", ""x. h"", ""x2ry"", ""xlei"", ""xs a"", ""y @t"", ""y z-"", ""y' k"", ""y/ir"", ""y713"", ""yg2b"", ""yhrv"", ""yko'"", ""ypd'"", ""z: \"""", ""zco/"", ""zcob"", ""zcow""]",270,1,155,0.0064516129032258064
5,block_infix_fingerprint_v005.json,256,local_split_entropy_equivalence_classes,154,4,0.0,0.1,title,title,71," ""ar","["" \""ar"", "" 'bf"", "" 'oo"", "" (2v"", "" -'r"", "" 1-s"", "" 9.e"", "" @ 5"", "" e63"", "" f43"", "" fcx"", "" gl "", "" i't"", "" js "", "" lhi"", "" lx "", "" m-c"", "" m80"", "" no4"", "" sc "", "" sx-"", "" u-m"", "" urx"", "" xl7"", "" z.a"", "" zl1"", ""! oc"", ""\""are"", ""%:n "", ""& fb"", ""& rj"", ""'nbu"", ""'oo'"", ""'rif"", ""'th "", ""'urs"", ""(2v2"", ""(loc"", ""(nai"", ""(rol"", ""(yog"", "")/di"", "")mem"", ""*a*v"", ""*v*e"", "", jb"", "",' l"", "",147"", "",279"", "",568"", ""- p3"", ""-'re"", ""-, i"", ""--, "", ""---,"", ""-124"", ""-4 s"", ""-64,"", ""-fiy"", ""-ke,"", ""-kje"", ""-m. "", ""-msh"", ""-phy"", ""-ror"", ""-srb"", ""-urg"", ""-vip"", "". wt"", "".-22"", "".a.j"", "".b.."", "".ko."", "".nov"", "".s.0"", "".suk"", "".tak"", ""/co2"", ""/edn"", ""/eld"", ""/ouc"", ""/pje"", ""/urt"", ""/v f"", ""/vou"", ""0%:n"", ""0/bu"", ""00%:"", ""06-b"", ""06-v"", ""07! "", ""0pm "", ""1-m."", ""147,"", ""279 "", ""2co3"", ""3s t"", ""4, y"", ""447:"", ""47,5"", ""5.dr"", ""568,"", ""6-vi"", ""64, "", ""68,2"", ""7! m"", ""7,56"", ""8,27"", ""848-"", ""8ter"", ""?. p"", ""?/af"", ""@ 5."", ""a g7"", ""a p3"", ""a!/d"", ""a*v*"", ""a.ko"", ""a/cs"", ""a64!"", ""a64?"", ""a? b"", ""aa/y"", ""abc3"", ""ae'd"", ""afok"", ""ag-m"", ""ai1 "", ""am?:"", ""ap)/"", ""appm"", ""arrl"", ""aru2"", ""avy."", ""axme"", ""ay :"", ""azi!"", ""b! m"", ""b-tv"", ""b.. "", ""bbef"", ""bg f"", ""biib"", ""blk."", ""bln1"", ""bwe,"", ""c*a*"", ""c/fa"", ""c/pj"", ""c3 h"", ""cgc "", ""ciit"", ""co'."", ""co3 "", ""cs-c"", ""csia"", ""cu-p"", ""cui-"", ""cx c"", ""cy!?"", ""d 9."", ""d g-"", ""d zm"", ""d-kj"", ""d-nu"", ""d24:"", ""dag-"", ""dai1"", ""dd-k"", ""ddjo"", ""dekb"", ""dj z"", ""dr.n"", ""dry-"", ""dtop"", ""dzot"", ""e u2"", ""e z."", ""e-sr"", ""e-tz"", ""e-ur"", ""e/td"", ""e63 "", ""edix"", ""eg-w"", ""evup"", ""f m8"", ""f430"", ""fae'"", ""faes"", ""fbot"", ""fcx "", ""fjaa"", ""fli,"", ""fob "", ""ftys"", ""fucs"", ""fum-"", ""g/v "", ""gc b"", ""geps"", ""ggi'"", ""ggte"", ""gkoy"", ""gl c"", ""goys"", ""gshj"", ""h -'"", ""h kw"", ""h!/e"", ""h, 4"", ""hdou"", ""hgov"", ""hh a"", ""hhn "", ""hmof"", ""htuy"", ""htv:"", ""huav"", ""i f4"", ""i k'"", ""i sx"", ""i'th"", ""i1 y"", ""i?/r"", ""ie.'"", ""ieo "", ""ikby"", ""ikhj"", ""ikks"", ""irk1"", ""is)m"", ""ito+"", ""ixau"", ""j z-"", ""j'ab"", ""ja.k"", ""ja/c"", ""jb b"", ""jb l"", ""jb w"", ""jezo"", ""jodj"", ""k-ol"", ""k13 "", ""k8te"", ""kapg"", ""kba "", ""kbyr"", ""keyd"", ""kiz."", ""kka."", ""kkso"", ""ko.j"", ""ko/v"", ""koz "", ""kszt"", ""kvli"", ""ky!)"", ""ky/u"", ""l cd"", ""laf/"", ""lfja"", ""lhiy"", ""ln11"", ""lvob"", ""lx 5"", ""m ms"", ""m'il"", ""maau"", ""mbln"", ""mdoo"", ""medm"", ""mhtv"", ""miic"", ""mli'"", ""mocs"", ""moe-"", ""msg,"", ""muvh"", ""mvs "", ""n jb"", ""n s7"", ""n'ah"", ""n11 "", ""n2 a"", ""n2 o"", ""nac/"", ""nd24"", ""ne'!"", ""no65"", ""no74"", ""no78"", ""no80"", ""no86"", ""no92"", ""no95"", ""no97"", ""nx/l"", ""o'n."", ""o.su"", ""o127"", ""o137"", ""o138"", ""o143"", ""o144"", ""o163"", ""o176"", ""o180"", ""o189"", ""o2 p"", ""o224"", ""o237"", ""o243"", ""o253"", ""o254"", ""o257"", ""o261"", ""o263"", ""o265"", ""o270"", ""o273"", ""o274"", ""o275"", ""o283"", ""o3 n"", ""oddj"", ""oga)"", ""ogh/"", ""oi?/"", ""okvl"", ""ooo-"", ""orl'"", ""ot 0"", ""otuc"", ""ov-1"", ""ovy!"", ""ow +"", ""p)/d"", ""p3 o"", ""pjol"", ""pn l"", ""pod,"", ""por!"", ""pun."", ""pypl"", ""r j'"", ""r.no"", ""rahh"", ""rd-n"", ""re?\"""", ""rk13"", ""rkjo"", ""rky?"", ""rmca"", ""ru)!"", ""ru21"", ""rxen"", ""ry-r"", ""s lx"", ""s q'"", ""s'nb"", ""s'on"", ""s)me"", ""s-aa"", ""s.03"", ""s/td"", ""sc 5"", ""scgc"", ""se @"", ""se,'"", ""sg, "", ""sk8t"", ""sm/k"", ""spyp"", ""ss- "", ""su \"""", ""suak"", ""suv/"", ""sx-4"", ""t b:"", ""t-64"", ""t.-2"", ""takc"", ""td m"", ""teof"", ""tf v"", ""tho?"", ""tkuk"", ""to.s"", ""toa'"", ""toa/"", ""tryr"", ""ts'o"", ""u \""a"", ""u u."", ""u-ms"", ""u210"", ""ug-v"", ""ugau"", ""ui!?"", ""ui-c"", ""und2"", ""uobl"", ""uozy"", ""upfi"", ""urrm"", ""urxe"", ""uscg"", ""uv/c"", ""uvha"", ""v-12"", ""v/cr"", ""vilq"", ""vupp"", ""w + "", ""w 1-"", ""w.mi"", ""w/i "", ""wfic"", ""whyr"", ""wk/n"", ""wuhn"", ""x 57"", ""x-27"", ""xau "", ""xmen"", ""xyca"", ""y -1"", ""y :)"", ""y!/r"", ""y-ru"", ""y-t "", ""ydom"", ""yggh"", ""yip/"", ""yitk"", ""yleu"", ""yuht"", ""yz f"", ""z e6"", ""z uk"", ""z'we"", ""z. v"", ""z/ha"", ""z06-"", ""z: 9"", ""zaa/"", ""zag,"", ""zaor"", ""zda3"", ""zda5"", ""zeco"", ""zogm"", ""zue'"", ""zuly""]",456,1,155,0.0064516129032258064
5,block_infix_fingerprint_v005.json,256,local_split_entropy_equivalence_classes,154,4,0.0,0.1,title,title,72," ""ba","["" \""ba"", "" (c."", "" 1-p"", "" 2 2"", "" 5 2"", "" 6/d"", "" 6in"", "" ?ue"", "" crl"", "" dj/"", "" f13"", "" fe("", "" g-b"", "" m78"", "" nkv"", "" p2 "", "" r1-"", "" skp"", "" x9 "", "" xk8"", "" zew"", ""! #1"", ""! id"", ""! oz"", ""!/m "", ""\"" bi"", ""\""bal"", ""#565"", ""& nc"", ""& xa"", ""' 4i"", ""'erz"", ""'et'"", ""'glu"", ""'ju "", ""'naj"", ""'pom"", ""'u c"", ""'xtr"", ""'z u"", ""(19."", ""(773"", ""(?)m"", ""(c.e"", ""(evi"", ""(hen"", ""(kem"", ""(pes"", ""(rhe"", ""(syl"", ""(tok"", ""(zam"", "")mal"", "", s,"", ""- 2:"", ""-4-g"", ""-aue"", ""-o. "", ""-olt"", ""-uut"", ""-v '"", "".! -"", "".-o."", "".-pa"", "".get"", "".pe "", "".v.l"", ""/als"", ""/lyt"", ""/m i"", ""/mcs"", ""/mo'"", ""/o'd"", ""/spu"", ""/tae"", ""/voc"", ""/zay"", ""0 'g"", ""0 05"", ""0/18"", ""1+99"", ""1-po"", ""1/49"", ""10 0"", ""146/"", ""15 0"", ""15-g"", ""2 t2"", ""2-y "", ""2/au"", ""2/no"", ""27/1"", ""3) p"", ""3rs/"", ""4/a "", ""4/au"", ""46/l"", ""4inc"", ""5 06"", ""5 20"", ""5-gr"", ""5.5!"", ""51/4"", ""565 "", ""576 "", ""58kg"", ""6/de"", ""6/ly"", ""6inc"", ""7 i "", ""73) "", ""78 ("", ""8 (b"", ""8kgm"", ""9/27"", ""960,"", ""97 4"", "": pm"", ""; ka"", ""= si"", ""?)ma"", ""?ues"", ""a a4"", ""a' 4"", ""adax"", ""adl/"", ""aiup"", ""aivc"", ""al'b"", ""albn"", ""alzr"", ""astz"", ""at'z"", ""att;"", ""awff"", ""b-sm"", ""b-vi"", ""bkuv"", ""bnac"", ""bnaj"", ""br54"", ""broq"", ""brru"", ""bs/u"", ""bsbr"", ""bsby"", ""bsvr"", ""byzn"", ""c-kl"", ""canm"", ""chux"", ""cic,"", ""cox'"", ""cq a"", ""crlj"", ""cseb"", ""d ?u"", ""d- o"", ""datv"", ""dh 7"", ""dj/c"", ""dlo:"", ""dmom"", ""dnj "", ""do'u"", ""dovc"", ""dr.b"", ""dtto"", ""e tb"", ""e(?)"", ""e6 c"", ""ea ="", ""ecq:"", ""edtt"", ""enxi"", ""ep) "", ""et.n"", ""euf'"", ""eun'"", ""evyb"", ""ex2k"", ""exuh"", ""exyc"", ""eyo."", ""f mp"", ""f sj"", ""f17 "", ""fe(?"", ""fedm"", ""few!"", ""fref"", ""g vp"", ""g/vo"", ""gix "", ""h/o'"", ""h1 1"", ""hafm"", ""hdh "", ""henx"", ""hi/e"", ""hm!!"", ""hny:"", ""hsac"", ""ht ."", ""hy/o"", ""hza "", ""hzer"", ""i r1"", ""i. x"", ""i/ou"", ""ibev"", ""ibsv"", ""ien\"""", ""ihof"", ""ijsa"", ""ikez"", ""iorp"", ""itvl"", ""iwee"", ""ixmi"", ""j ui"", ""j/ca"", ""jajl"", ""je/g"", ""ji-n"", ""ji/o"", ""jkel"", ""jrt "", ""jsaa"", ""jz-t"", ""k jd"", ""k-o!"", ""k-v "", ""k.-o"", ""k/x "", ""kajf"", ""kaw?"", ""kgms"", ""klja"", ""kohd"", ""kvd "", ""ky-d"", ""l 05"", ""l 5."", ""l!? "", ""l'bo"", ""lbna"", ""lcis"", ""lke!"", ""lohw"", ""lua!"", ""lvss"", ""ly-i"", ""lynp"", ""lzru"", ""m 2x"", ""m 6i"", ""m bc"", ""m m7"", ""m78 "", ""mcem"", ""me?."", ""mk-v"", ""mmez"", ""mpyl"", ""mtv!"", ""mw3'"", ""n\"" b"", ""n'ju"", ""n,10"", ""n-4-"", ""nceg"", ""nd ?"", ""nev?"", ""nk/x"", ""nkvd"", ""nn.,"", ""nphe"", ""nri)"", ""ns/q"", ""nyry"", ""nzri"", ""o 8."", ""o iq"", ""o/wr"", ""of!!"", ""ohm!"", ""ojta"", ""onu."", ""osu."", ""oxx."", ""oys-"", ""oz +"", ""p) d"", ""p2 &"", ""pke'"", ""q: 2"", ""qilb"", ""r dl"", ""r jk"", ""r..p"", ""r.bu"", ""r1 v"", ""r1-g"", ""r549"", ""r; k"", ""rb/m"", ""re6 "", ""rfi,"", ""rfio"", ""rhuk"", ""rii!"", ""rn-4"", ""roo."", ""rsu!"", ""rsye"", ""rveo"", ""rzh "", ""s p2"", ""s/uf"", ""sbae"", ""sebh"", ""secq"", ""sek?"", ""sixm"", ""skp "", ""ssbl"", ""svrg"", ""sylc"", ""sytl"", ""sytu"", ""szoc"", ""t.-p"", ""t; p"", ""t? l"", ""tb t"", ""tisv"", ""tje/"", ""tog,"", ""togk"", ""tssu"", ""tts?"", ""tuf1"", ""tv-9"", ""tvle"", ""tzo?"", ""u8 o"", ""ub-v"", ""udgr"", ""uf17"", ""uhci"", ""uhdo"", ""uieu"", ""ultm"", ""ume)"", ""unsg"", ""urrg"", ""v 'k"", ""v cv"", ""v-ak"", ""v-uu"", ""v.l."", ""v2/n"", ""v3 k"", ""vd -"", ""vdu "", ""veor"", ""vgam"", ""vi-k"", ""vre/"", ""vrga"", ""vrgn"", ""vssi"", ""vujo"", ""vums"", ""vy/l"", ""w (z"", ""w3's"", ""w817"", ""wakf"", ""wawf"", ""wfa "", ""wfel"", ""wffa"", ""whdh"", ""whre"", ""whyn"", ""wiaa"", ""wiis"", ""wil!"", ""wjrt"", ""wjz-"", ""wloi"", ""wmac"", ""wynf"", ""x (g"", ""x uf"", ""x.ki"", ""x9 f"", ""xe-w"", ""xuhc"", ""xx.k"", ""y 4/"", ""y nk"", ""y' ("", ""yby:"", ""ybys"", ""yc 5"", ""yd'b"", ""yj r"", ""yjo "", ""ylca"", ""yldr"", ""ynfo"", ""ynk "", ""ynph"", ""yp -"", ""ys-a"", ""yum."", ""z ye"", ""zda:"", ""ze!'"", ""zewn"", ""zh b"", ""zio-"", ""znys"", ""zocs"", ""zruf"", ""zziw""]",429,1,155,0.0064516129032258064
5,block_infix_fingerprint_v005.json,256,local_split_entropy_equivalence_classes,154,4,0.0,0.1,title,title,73," ""be","["" \""be""]",1,2,155,0.012903225806451613
5,block_infix_fingerprint_v005.json,256,local_split_entropy_equivalence_classes,154,4,0.0,0.1,title,title,74," ""co","["" \""co"", "" 579"", "" 665"", ""py!?"", ""x bb""]",5,2,155,0.012903225806451613
5,block_infix_fingerprint_v005.json,256,local_split_entropy_equivalence_classes,154,4,0.0,0.1,title,title,75," ""da","["" \""da"", "" 'zs"", "" (fy"", "" (kh"", "" 5 0"", "" 5/a"", "" 6 0"", "" 6/l"", "" 92f"", "" 9mm"", "" a31"", "" ea?"", "" i-p"", "" m62"", "" ne."", "" q43"", "" v**"", "" v-6"", "" vt "", "" vyg"", "" xb:"", ""!/vi"", ""\"" di"", ""\""dai"", ""#omm"", ""%! p"", ""& bg"", ""& u."", ""&w m"", ""'d q"", ""'r d"", ""'zsu"", ""(20."", ""(300"", ""(305"", ""(480"", ""(fyf"", ""(gil"", ""(gom"", ""(kha"", "") ji"", ""**i."", ""*h/t"", ""*k y"", ""++ p"", "", gv"", "", ys"", ""- 1:"", ""-adm"", ""-ay!"", ""-ay."", ""-da!"", ""-ik:"", ""-tv2"", ""-tv3"", ""-u-u"", ""-vaf"", ""-zeb"", "".-bo"", "".c.?"", ""//yo"", ""/aux"", ""/m*a"", ""/nyp"", ""/orr"", ""/sul"", ""/ufc"", ""/vcr"", ""0%! "", ""0) j"", ""0/m*"", ""0/pa"", ""00/s"", ""06/d"", ""10%!"", ""10/m"", ""10/p"", ""16 0"", ""17 0"", ""19/1"", ""2 06"", ""2 hj"", ""206/"", ""210/"", ""22 0"", ""227 "", ""23) "", ""24/1"", ""29 0"", ""3! r"", ""3) g"", ""3-ay"", ""4 ss"", ""400/"", ""5) p"", ""5. r"", ""5/12"", ""5/au"", ""574 "", ""6 05"", ""6/di"", ""6/le"", ""8/02"", ""80) "", ""9 07"", ""9-3 "", ""9/pa"", ""92fs"", "": vt"", ""?! l"", ""a 9m"", ""a rk"", ""a++ "", ""a310"", ""abce"", ""accs"", ""adfy"", ""adn "", ""aftt"", ""ambp"", ""ameq"", ""anjk"", ""atco"", ""auwz"", ""av' "", ""azto"", ""b//y"", ""bcee"", ""bfk "", ""bigw"", ""blyl"", ""bpad"", ""buz,"", ""bwoh"", ""bz n"", ""c hl"", ""c pp"", ""c/i "", ""caek"", ""ccok"", ""ccsa"", ""ceck"", ""cgol"", ""cic!"", ""cki!"", ""clo'"", ""cna'"", ""cr r"", ""cul/"", ""cwee"", ""d 3!"", ""d rp"", ""d zb"", ""d' &"", ""d-ei"", ""datn"", ""dduc"", ""de!/"", ""dfys"", ""dn n"", ""dny:"", ""do'?"", ""drtv"", ""dvd?"", ""dyik"", ""dyjk"", ""dze."", ""dzzz"", ""e 5'"", ""e q4"", ""ea?!"", ""ebdr"", ""ef ."", ""egej"", ""egi,"", ""eiwp"", ""ejlv"", ""eke."", ""en(n"", ""epvr"", ""erfz"", ""est_"", ""esyg"", ""euwk"", ""ezi?"", ""f) r"", ""f/go"", ""fa! "", ""fc's"", ""fdre"", ""fdza"", ""ffs!"", ""fikp"", ""fk u"", ""fsb "", ""ftte"", ""fubi"", ""fuic"", ""fy? "", ""geav"", ""geje"", ""gerq"", ""ghip"", ""gig:"", ""gnox"", ""gouh"", ""gsdy"", ""gtav"", ""guzv"", ""h-il"", ""haa?"", ""hahd"", ""hcor"", ""higp"", ""hkuv"", ""hl/b"", ""hls,"", ""hmip"", ""hmom"", ""hto-"", ""hwyt"", ""hyyt"", ""i v*"", ""i- &"", ""ialw"", ""id-h"", ""ieyr"", ""ifa!"", ""indq"", ""intp"", ""ippd"", ""ivi'"", ""iwie"", ""iwpo"", ""iz/f"", ""j dn"", ""jamr"", ""jlve"", ""jn 2"", ""jnru"", ""jon?"", ""jozd"", ""juot"", ""k b."", ""k-cs"", ""k-ik"", ""kajl"", ""kd j"", ""kll "", ""km k"", ""kx w"", ""kyc-"", ""l $t"", ""l 4t"", ""l v-"", ""l?/d"", ""lajn"", ""lcay"", ""lebw"", ""lf/g"", ""lfbl"", ""ll $"", ""lluy"", ""lox!"", ""lozr"", ""lscl"", ""lsy'"", ""m1 g"", ""m32 "", ""m629"", ""mbpa"", ""mc u"", ""mief"", ""mlaz"", ""mmyg"", ""mo/j"", ""mra)"", ""mtel"", ""mtui"", ""mygo"", ""myu!"", ""myy!"", ""mz p"", ""mz/w"", ""n xb"", ""n!/v"", ""n/ny"", ""ndzz"", ""nesj"", ""nizn"", ""njko"", ""nli-"", ""nn/o"", ""nyim"", ""o 4'"", ""o-od"", ""o/mr"", ""oa z"", ""oap'"", ""oatr"", ""obu'"", ""ocu'"", ""odsn"", ""oemt"", ""oho."", ""oi- "", ""okyk"", ""omuy"", ""ooi-"", ""opys"", ""otlz"", ""otzw"", ""owyo"", ""oyre"", ""p/ug"", ""pdro"", ""piey"", ""prci"", ""prye"", ""pto:"", ""puv "", ""pv e"", ""pz d"", ""q43 "", ""r\"" d"", ""r-lu"", ""r-s:"", ""rgfr"", ""rm/r"", ""rnuk"", ""rs-o"", ""rtew"", ""rye!"", ""s*h/"", ""s.g."", ""s/cj"", ""sb c"", ""sf -"", ""shyt"", ""sib:"", ""sl f"", ""sm/v"", ""sp h"", ""st_w"", ""suov"", ""svus"", ""syg?"", ""szpl"", ""t 6/"", ""t.s:"", ""t/oh"", ""t/uf"", ""t_wo"", ""te),"", ""tge,"", ""tlys"", ""tlz "", ""tmuk"", ""topb"", ""tujk"", ""tuzm"", ""tuzv"", ""tv/v"", ""tv27"", ""tv3'"", ""tvra"", ""tvww"", ""txar"", ""u' o"", ""u-up"", ""ua &"", ""uafr"", ""ub//"", ""ubii"", ""ud/n"", ""uddr"", ""udi!"", ""uen)"", ""uev "", ""uf 4"", ""ufc'"", ""ugsg"", ""ui/n"", ""un-1"", ""unz?"", ""urgf"", ""uwko"", ""uwze"", ""uzvo"", ""v 3."", ""v bb"", ""v' l"", ""v' o"", ""v***"", ""v-ab"", ""v-gl"", ""v-va"", ""v-ve"", ""v/vc"", ""v2 h"", ""v27 "", ""v3's"", ""vafl"", ""vca,"", ""veiw"", ""vihn"", ""viwu"", ""vjia"", ""vjoz"", ""vnij"", ""votk"", ""voyr"", ""vrda"", ""vuju"", ""vwww"", ""vygu"", ""w-pa"", ""w-tv"", ""w.-b"", ""w.bl"", ""w/pu"", ""wagv"", ""wah2"", ""wbz "", ""weec"", ""wen("", ""wfsb"", ""wk e"", ""wkom"", ""wkyc"", ""won!"", ""wwat"", ""wyou"", ""wyta"", ""wzee"", ""xav'"", ""xnay"", ""xnig"", ""y 5/"", ""yar?"", ""ybub"", ""yc 4"", ""yc-t"", ""yc/h"", ""yckm"", ""yfe)"", ""yjko"", ""ykl "", ""ykll"", ""ymik"", ""ywna"", ""z/er"", ""z/ri"", ""zas'"", ""zec,"", ""zec."", ""zi?!"", ""zig'"", ""zm z"", ""zou?"", ""zsup"", ""zviw"", ""zvjo"", ""zykr"", ""zz/k"", ""zz/r"", ""zzz/""]",467,1,155,0.0064516129032258064
5,block_infix_fingerprint_v005.json,256,local_split_entropy_equivalence_classes,154,4,0.0,0.1,title,title,76," ""ez","["" \""ez"", ""\"" zu"", ""\""ez\"""", ""9. r"", ""afp:"", ""c \""e"", ""ez\"" "", ""iks!"", ""s?/e"", ""z\"" z""]",10,2,155,0.012903225806451613
5,block_infix_fingerprint_v005.json,256,local_split_entropy_equivalence_classes,154,4,0.0,0.1,title,title,77," ""go","["" \""go"", "" \""ky"", "" \""ra"", "" 'yi"", "" (x)"", "" -na"", "" -ua"", "" 5/m"", "" 50v"", "" a1c"", "" btr"", "" fkk"", "" g/m"", "" hda"", "" icp"", "" lfr"", "" m5 "", "" nvi"", "" opz"", "" pz "", "" sc-"", "" v/c"", "" xba"", "" ~ d"", ""! (k"", ""! hd"", ""! if"", ""! io"", ""!kyo"", ""!que"", ""\"" na"", ""\"": h"", ""\""gom"", ""\""kyl"", ""\""rak"", ""#3 h"", ""#goo"", ""#rob"", ""& 08"", ""&m/q"", ""&p p"", ""'/my"", ""'afy"", ""'buo"", ""'e j"", ""'gak"", ""'jia"", ""'sba"", ""'yin"", ""(26f"", ""(26h"", ""(aji"", ""(ove"", ""(yar"", "",99%"", ""- fd"", ""- fk"", ""-5 i"", ""-aav"", ""-atz"", ""-baq"", ""-dc "", ""-dn1"", ""-gy-"", ""-id "", ""-mop"", ""-uab"", ""-vg1"", ""-wg "", ""-wm."", ""-y t"", ""-yll"", "".goe"", "".j.t"", ""/007"", ""/14 "", ""/98'"", ""/ams"", ""/cep"", ""/d. "", ""/epm"", ""/f.u"", ""/g-u"", ""/koh"", ""/lex"", ""/mc "", ""/nen"", ""/o.c"", ""/pcu"", ""/s&m"", ""/syb"", ""/v a"", ""07 &"", ""1 pz"", ""129/"", ""13/d"", ""1c/s"", ""26f)"", ""26h)"", ""29/k"", ""2a: "", ""45-n"", ""52 g"", ""6f) "", ""710 "", ""8'/m"", ""9, j"", ""9/ka"", ""98'/"", ""99,9"", ""?/ga"", ""?/ok"", ""@ ce"", ""@mur"", ""@sie"", ""a\"" n"", ""a\"": "", ""a- j"", ""a-sm"", ""a. @"", ""a1c/"", ""a; l"", ""a?/d"", ""a?/o"", ""aaio"", ""aaoh"", ""adzt"", ""aerc"", ""afeb"", ""aji)"", ""alf!"", ""alpf"", ""an2g"", ""anll"", ""aohk"", ""at \"""", ""au/v"", ""auao"", ""aw/a"", ""aw/l"", ""b! i"", ""b-aq"", ""b-gy"", ""b? ("", ""baqa"", ""bi/o"", ""bis("", ""bopa"", ""bs @"", ""bs/i"", ""bs? "", ""bud!"", ""byoy"", ""c zv"", ""c-sp"", ""can2"", ""ch-5"", ""cicr"", ""cklt"", ""ckx-"", ""crao"", ""cta?"", ""ctge"", ""cu/w"", ""d hw"", ""d/10"", ""d/ia"", ""dby:"", ""dex/"", ""di/t"", ""dn10"", ""dpa!"", ""dzi."", ""e lf"", ""e m5"", ""e'sb"", ""e/00"", ""ebsb"", ""eckx"", ""egsy"", ""ei ."", ""ei!k"", ""ei/b"", ""ejuh"", ""emwi"", ""emyr"", ""ennn"", ""eod,"", ""epuk"", ""es'r"", ""ewoc"", ""ewpa"", ""ewuf"", ""ex/e"", ""f) w"", ""feak"", ""fgus"", ""fi ("", ""fkk "", ""fs/b"", ""fs/n"", ""fu/z"", ""g a/"", ""g-os"", ""g/o."", ""g10 "", ""gab,"", ""gab:"", ""gdo,"", ""ge ~"", ""ge-j"", ""gic-"", ""gju,"", ""gjuk"", ""gruu"", ""gs q"", ""gsts"", ""gsy,"", ""gukb"", ""gysl"", ""h ds"", ""h'on"", ""h-5 "", ""h-ty"", ""h/ms"", ""ha\"":"", ""hdak"", ""hexc"", ""hflu"", ""hgiv"", ""hrt-"", ""hwre"", ""hylp"", ""i -n"", ""i!ky"", ""i'sa"", ""i-ur"", ""iba)"", ""icpo"", ""idbj"", ""if/p"", ""ihi/"", ""ihn,"", ""ii/k"", ""ijdc"", ""iktr"", ""imh/"", ""ioih"", ""isys"", ""iv?/"", ""j hi"", ""ja/m"", ""jahv"", ""jdca"", ""jnam"", ""jo/9"", ""js -"", ""ju/l"", ""jukl"", ""jymy"", ""k 2n"", ""k' n"", ""k-ze"", ""k/f."", ""k3 k"", ""kay-"", ""kfax"", ""kh-m"", ""klti"", ""koo/"", ""ksep"", ""kx-n"", ""ky ~"", ""kycr"", ""l-id"", ""ld/1"", ""le/0"", ""lf/n"", ""lla\"""", ""lm/n"", ""lme@"", ""ln?!"", ""lpyr"", ""ltyr"", ""luoj"", ""lusr"", ""lv z"", ""lvo'"", ""ly?."", ""m gs"", ""m nv"", ""m p&"", ""m- b"", ""m/qu"", ""m5 b"", ""me@m"", ""mh/t"", ""ms/v"", ""my-y"", ""my/v"", ""n \""g"", ""n -u"", ""n bt"", ""n g/"", ""n-tt"", ""n/pc"", ""n104"", ""n?!!"", ""nd-z"", ""ndz!"", ""ne'l"", ""nlls"", ""nluj"", ""nnni"", ""nsa\"""", ""o/98"", ""ob-g"", ""obs."", ""oft!"", ""oild"", ""oju/"", ""omup"", ""on-3"", ""op.3"", ""opze"", ""os?:"", ""ouud"", ""p lt"", ""p' k"", ""p-77"", ""pcu/"", ""pftp"", ""pis:"", ""pls "", ""poht"", ""pouu"", ""pp/m"", ""ppt."", ""ppu/"", ""psek"", ""pt/i"", ""pu/r"", ""pymi"", ""pz s"", ""qnd "", ""qrda"", ""r-dn"", ""r/gw"", ""r2 c"", ""rb/b"", ""rbop"", ""rg! "", ""rgd "", ""rha\"""", ""rhej"", ""rkls"", ""rn/k"", ""rp-7"", ""rppo"", ""rpuo"", ""rqrd"", ""rr/m"", ""ruk!"", ""ruzc"", ""ryeh"", ""s&m/"", ""s/14"", ""s/ok"", ""s@si"", ""sa\"" "", ""sb-1"", ""sbb "", ""sbe!"", ""sfax"", ""shdt"", ""sivy"", ""six!"", ""sk/l"", ""smoj"", ""so/m"", ""sod'"", ""sspc"", ""ssu:"", ""str-"", ""stu-"", ""su/j"", ""syss"", ""t \""r"", ""t-ob"", ""temw"", ""tje-"", ""tr-d"", ""tu-m"", ""tv-q"", ""tzco"", ""tzme"", ""tzo'"", ""u 08"", ""u/le"", ""u/ve"", ""u/zu"", ""uabh"", ""uasu"", ""uf?!"", ""ufgu"", ""uhef"", ""uhn/"", ""uk-3"", ""ul-i"", ""uoss"", ""upaw"", ""upls"", ""uvoa"", ""uze,"", ""v-qu"", ""v?/t"", ""ve-z"", ""vg10"", ""vifs"", ""vl-v"", ""vsat"", ""vunm"", ""vyzr"", ""w ew"", ""w/as"", ""w/s&"", ""we/e"", ""wg -"", ""whob"", ""wm.."", ""wpac"", ""wpop"", ""wu 0"", ""wutp"", ""x-vg"", ""xba "", ""xin,"", ""xrp-"", ""y ls"", ""y v/"", ""y-iv"", ""y-yl"", ""y/g-"", ""y?.."", ""ya- "", ""yeh!"", ""yisy"", ""yk e"", ""yll-"", ""ymy-"", ""yrei"", ""yt &"", ""yulr"", ""yzra"", ""z/ke"", ""zcaf"", ""zey'"", ""zi. "", ""zkom"", ""zu-h"", ""zy!!"", ""~ de"", ""~ li""]",463,1,155,0.0064516129032258064
5,block_infix_fingerprint_v005.json,256,local_split_entropy_equivalence_classes,154,4,0.0,0.1,title,title,78," ""lo","["" \""lo"", "" $it"", "" (5 "", "" (ik"", "" (n'"", "" 29k"", "" 40m"", "" drg"", "" e50"", "" f/j"", "" fst"", "" fw-"", "" ht-"", "" jpn"", "" mt:"", "" nnj"", "" oi,"", "" qog"", "" qzx"", "" smp"", "" ssg"", "" su'"", "" uvl"", "" xl-"", ""! (z"", ""! 6 "", ""! sy"", ""!w v"", ""\"" je"", ""\""hol"", ""\""los"", ""\""mrs"", ""#1 t"", ""#4 t"", ""#fav"", ""#new"", ""$1,2"", ""$ity"", ""&ger"", ""' yu"", ""'74 "", ""'aun"", ""'cul"", ""'en'"", ""'kud"", ""'nee"", ""'nez"", ""'vem"", ""'wu "", ""'zou"", ""(5 d"", ""(av "", ""(bok"", ""(co-"", ""(ikr"", ""(kon"", ""(mok"", ""(n'a"", "") ii"", "")/z-"", ""): \"""", ""- (p"", ""-174"", ""-86a"", ""-ct6"", ""-d i"", ""-dui"", ""-ed)"", ""-ex,"", ""-hii"", ""-igu"", ""-jad"", ""-jic"", ""-n10"", ""-sof"", ""-stz"", ""-ui-"", ""-yst"", "". fw"", ""..ev"", ""./le"", ""./ri"", "".71 "", "".eve"", "".j:t"", "".lo "", ""/4 b"", ""/axi"", ""/g-m"", ""/imi"", ""/ire"", ""/jt "", ""/kly"", ""/nir"", ""/nud"", ""/oas"", ""/ooz"", ""/pys"", ""/ry "", ""/uba"", ""/yue"", ""/z-l"", ""1 (5"", ""1 um"", ""2-ya"", ""4 e "", ""40mm"", ""564-"", ""660 "", ""6a v"", ""71 ("", ""72-j"", ""7yr "", ""8, s"", ""837-"", ""86a "", "": xu"", ""? sm"", ""?/yo"", ""?/yu"", ""_gre"", ""a's?"", ""a'tr"", ""a-ig"", ""a-ys"", ""a/yv"", ""a?/y"", ""agwh"", ""ah/c"", ""aku)"", ""aky/"", ""alx "", ""ammp"", ""aoop"", ""aoqi"", ""arvz"", ""as)/"", ""aslb"", ""auwg"", ""auyo"", ""axay"", ""axx/"", ""b (w"", ""b 42"", ""b ue"", ""bc/c"", ""biv/"", ""bnec"", ""c 'n"", ""ce'a"", ""ceej"", ""ciff"", ""citc"", ""cjuk"", ""co/x"", ""ct66"", ""cyjk"", ""d 2,"", ""d bf"", ""d hc"", ""d_gr"", ""dauy"", ""dbeg"", ""dd-s"", ""djiz"", ""drgn"", ""e f/"", ""e/py"", ""e500"", ""eci-"", ""eci/"", ""ecju"", ""edvr"", ""eegw"", ""eg?!"", ""emdv"", ""er(l"", ""eulc"", ""ewgo"", ""ex/g"", ""ey\"" "", ""ey/3"", ""ezz!"", ""f/jt"", ""f:uk"", ""falx"", ""fays"", ""fbaa"", ""fdag"", ""fin)"", ""fket"", ""ftnu"", ""fw-1"", ""fy/i"", ""g/cy"", ""g/k "", ""ge-c"", ""gg/d"", ""ggea"", ""gkau"", ""gwa,"", ""gwha"", ""gy/d"", ""h \""m"", ""h fs"", ""h g "", ""h! x"", ""h'bu"", ""h'ko"", ""h/of"", ""h/t."", ""haox"", ""hc o"", ""hey\"""", ""ho/i"", ""hotv"", ""hr-u"", ""hu' "", ""huvo"", ""i e5"", ""i!/p"", ""i)! "", ""iaoq"", ""idko"", ""iejl"", ""ijyy"", ""ilyj"", ""im/p"", ""iru)"", ""iu/j"", ""ivce"", ""iwi-"", ""izzq"", ""j:ta"", ""jdt "", ""jezk"", ""jt l"", ""jyy "", ""k $i"", ""k): "", ""kf s"", ""kliq"", ""kndr"", ""koam"", ""koc,"", ""kra)"", ""kun/"", ""l' v"", ""lc/e"", ""lg c"", ""lgow"", ""lha."", ""liu/"", ""llzy"", ""lmoz"", ""ln ="", ""lo/e"", ""lroe"", ""lsyy"", ""lvok"", ""lx c"", ""lzyx"", ""m! 6"", ""m!/z"", ""m1 b"", ""mdve"", ""mecj"", ""mi)!"", ""mmps"", ""mn q"", ""moaa"", ""mp-n"", ""mtok"", ""mur/"", ""my-d"", ""n&ge"", ""n*st"", ""n/oo"", ""n/ub"", ""n100"", ""n: 9"", ""naz,"", ""naz/"", ""nexs"", ""nfuu"", ""ngvr"", ""nkhn"", ""nlex"", ""nn-l"", ""nu?!"", ""o c2"", ""o qo"", ""o, ."", ""o.j:"", ""o/ig"", ""o/kz"", ""o? c"", ""od_g"", ""oehd"", ""og!!"", ""oh/m"", ""oh/p"", ""oi @"", ""oieu"", ""okk'"", ""on&g"", ""on*s"", ""oon*"", ""ooog"", ""opyh"", ""orbb"", ""ot-n"", ""owmi"", ""ozu-"", ""p sj"", ""p-n1"", ""p47 "", ""pa/w"", ""pav:"", ""pgar"", ""pkad"", ""pkou"", ""potm"", ""ppo?"", ""prsa"", ""ptfa"", ""puao"", ""purw"", ""pyhy"", ""pysc"", ""q-le"", ""qoga"", ""qpr "", ""r' y"", ""r/kl"", ""r/u2"", ""rbbi"", ""rei)"", ""rex?"", ""rfda"", ""rfke"", ""rjec"", ""rk $"", ""rkym"", ""rn!?"", ""rprs"", ""rr/j"", ""rs/4"", ""ruih"", ""rukw"", ""rvzi"", ""rx1!"", ""ryed"", ""rypy"", ""rz-4"", ""s k "", ""s!w "", ""s)/z"", ""s/4 "", ""s/g-"", ""s/j."", ""s/k "", ""san@"", ""sayg"", ""sctw"", ""sdju"", ""sf:u"", ""sh'b"", ""sh'k"", ""sieq"", ""slbe"", ""sm/s"", ""smo-"", ""smp-"", ""son&"", ""ss't"", ""sum4"", ""syty"", ""szoh"", ""t cn"", ""t qz"", ""t!/o"", ""t-ct"", ""t660"", ""tahc"", ""tkyc"", ""tlc/"", ""tou'"", ""trtu"", ""ts!w"", ""tubt"", ""tuf "", ""tvii"", ""tykt"", ""u 48"", ""u jp"", ""u o."", ""uaoo"", ""ub/k"", ""uca."", ""uf &"", ""ugaj"", ""uidv"", ""uk):"", ""uk-m"", ""ukwe"", ""um41"", ""ur/z"", ""urfd"", ""urfk"", ""usdj"", ""uszl"", ""uwgo"", ""uwpa"", ""uy/d"", ""uy/w"", ""v8 b"", ""v8 i"", ""va/r"", ""vaij"", ""vdog"", ""vehm"", ""vf m"", ""vi q"", ""vzil"", ""w ht"", ""w-19"", ""was)"", ""wgoa"", ""wgom"", ""wie!"", ""wmin"", ""wn/q"", ""woe?"", ""wth,"", ""wult"", ""x/cl"", ""x/gl"", ""xals"", ""xaya"", ""xcqu"", ""xenr"", ""xl l"", ""xl-5"", ""xso "", ""xt-c"", ""xta,"", ""xx/c"", ""y\"" j"", ""y/3-"", ""y/kl"", ""y/oa"", ""ya 8"", ""yd/b"", ""yjka"", ""ylsy"", ""yo'v"", ""ys/y"", ""yskj"", ""ysoh"", ""yz/m"", ""z-4?"", ""z-ex"", ""z-lo"", ""zaiz"", ""zko'"", ""zmid"", ""zouo"", ""zzqu""]",469,1,155,0.0064516129032258064
5,block_infix_fingerprint_v005.json,256,local_split_entropy_equivalence_classes,154,4,0.0,0.1,title,title,79," ""ot","["" \""ot"", "" ~gr"", ""!/zo"", ""\""oth"", ""/30-"", ""67.3"", ""7 it"", ""9.0 "", ""az. "", ""en)/"", ""g!/z"", ""ii-o"", ""ine\"""", ""lso:"", ""n kc"", ""n)/a"", ""o ~g"", ""w x "", ""waz.""]",19,2,155,0.012903225806451613
5,block_infix_fingerprint_v005.json,256,local_split_entropy_equivalence_classes,154,4,0.0,0.1,title,title,80," ""re","["" \""re""]",1,4,155,0.025806451612903226
5,block_infix_fingerprint_v005.json,256,local_split_entropy_equivalence_classes,154,4,0.0,0.1,title,title,81," ""sk","["" \""sk"", "" $9,"", "" 'ms"", "" 17'"", "" 5e "", "" bh "", "" kng"", "" l''"", "" l-f"", "" ntv"", "" qse"", "" sg "", "" smq"", "" uu "", "" wm?"", "" ysp"", ""! av"", ""!/gu"", ""!/ik"", ""\"" mc"", ""\""ske"", ""#175"", ""#176"", ""#202"", ""#209"", ""#213"", ""#215"", ""#218"", ""#221"", ""#245"", ""#246"", ""#265"", ""#281"", ""#286"", ""#288"", ""#291"", ""#302"", ""#308"", ""#310"", ""#329"", ""#331"", ""#335"", ""#351"", ""#352"", ""#363"", ""#370"", ""#373"", ""#376"", ""#378"", ""#380"", ""#398"", ""#4 d"", ""#403"", ""#404"", ""#408"", ""#426"", ""#444"", ""#456"", ""#459"", ""#460"", ""#462"", ""#474"", ""#477"", ""#480"", ""#487"", ""#493"", ""#504"", ""#507"", ""#508"", ""#512"", ""#513"", ""#524"", ""#530"", ""#531"", ""#543"", ""#555"", ""#61 "", ""#73 "", ""#846"", ""#847"", ""#849"", ""#850"", ""#861"", ""#870"", ""#872"", ""#887"", ""#889"", ""#891"", ""#914"", ""#917"", ""#920"", ""#924"", ""#926"", ""#928"", ""#946"", ""#947"", ""#950"", ""#954"", ""#955"", ""#959"", ""#963"", ""#965"", ""#974"", ""#983"", ""#985"", ""#987"", ""#990"", ""#991"", ""#992"", ""$9,0"", ""&lui"", ""''un"", ""'-mo"", ""'aiu"", ""'ket"", ""'ms "", ""'nra"", ""(c)i"", ""(dil"", ""(iz "", ""(wre"", "")ity"", ""* no"", ""*pun"", "", iu"", ""-9 g"", ""-bav"", ""-chl"", ""-esu"", ""-lil"", ""-zut"", "". hj"", ""..do"", ""..fe"", "".1-m"", "".do "", "".fei"", "".koc"", ""/aw "", ""/drg"", ""/pek"", ""/urk"", ""/xol"", ""08 #"", ""1 je"", ""1-1:"", ""166 "", ""168 "", ""17! "", ""175 "", ""1bc:"", ""1th,"", ""2) g"", ""211s"", ""25 x"", ""265 "", ""286 "", ""2ouc"", ""319 "", ""31bc"", ""331b"", ""352 "", ""373 "", ""376 "", ""378 "", ""403 "", ""408 "", ""437 "", ""474 "", ""477 "", ""493 "", ""5 xx"", ""5-so"", ""513 "", ""524 "", ""531 "", ""543 "", ""5e b"", ""7! p"", ""8 #1"", ""8 dr"", ""847 "", ""870 "", ""872 "", ""872-"", "": $9"", ""?' q"", ""a 3r"", ""a-pf"", ""a? v"", ""aalj"", ""ac-s"", ""acfi"", ""am \"""", ""ammv"", ""andq"", ""aplm"", ""arpn"", ""aspn"", ""at*o"", ""at?'"", ""aual"", ""auzz"", ""axls"", ""b (c"", ""b 37"", ""b! n"", ""b'ar"", ""b/dr"", ""bfol"", ""bh -"", ""big)"", ""bkul"", ""bnap"", ""bogb"", ""bui-"", ""c)it"", ""c/aw"", ""cfic"", ""coeq"", ""cokk"", ""cooy"", ""cq 3"", ""cu/t"", ""d/ s"", ""d/xo"", ""dc g"", ""dei-"", ""dil!"", ""dio\"""", ""dizg"", ""drga"", ""dswu"", ""dtin"", ""dy-h"", ""dy-p"", ""e* n"", ""eacn"", ""ed/q"", ""edfr"", ""egg)"", ""egn!"", ""egt:"", ""ehyt"", ""eifc"", ""eiig"", ""emdn"", ""er(c"", ""er3'"", ""ervm"", ""et'n"", ""eun:"", ""eur*"", ""f 31"", ""f! e"", ""f-or"", ""f/ar"", ""f/se"", ""fhoe"", ""fk/t"", ""ft-p"", ""g cn"", ""g'ne"", ""g) s"", ""ga) "", ""gd u"", ""gja:"", ""gopf"", ""h2ou"", ""hble"", ""hi/z"", ""hil!"", ""hin3"", ""hlui"", ""hnfe"", ""ho-z"", ""hreg"", ""htod"", ""huhk"", ""hupb"", ""i qs"", ""i tn"", ""i!/g"", ""ie'?"", ""ifab"", ""ifch"", ""ig) "", ""ijva"", ""im-z"", ""in3!"", ""inzy"", ""io&l"", ""irsg"", ""is/3"", ""iy &"", ""iyao"", ""jnra"", ""juf,"", ""k fy"", ""k-hy"", ""k4 u"", ""kgiv"", ""khup"", ""ksse"", ""ku/u"", ""l''u"", ""l/wr"", ""lchb"", ""ldaf"", ""lfft"", ""lg m"", ""li/k"", ""lpem"", ""lpsh"", ""lrag"", ""m \""s"", ""m uu"", ""m-zu"", ""mat*"", ""mcly"", ""metg"", ""mon*"", ""mplh"", ""mqh "", ""mtsa"", ""mtsh"", ""musy"", ""n!/i"", ""n'n "", ""n3!!"", ""nce("", ""ncex"", ""nd/ "", ""ndtz"", ""nk-k"", ""nn! "", ""npa:"", ""nskg"", ""nt-u"", ""o wg"", ""o&lu"", ""o/ic"", ""oe?/"", ""oedf"", ""oepj"", ""oequ"", ""oiks"", ""oitz"", ""olkc"", ""omy-"", ""on*o"", ""ooys"", ""op'd"", ""op- "", ""op-w"", ""oppk"", ""org'"", ""orvr"", ""otl "", ""ove*"", ""oxne"", ""oxyr"", ""p k-"", ""p- &"", ""pacf"", ""pah?"", ""pbom"", ""pe-n"", ""per3"", ""phui"", ""pkna"", ""plma"", ""ppkn"", ""priw"", ""ps-s"", ""py/y"", ""pye "", ""q 37"", ""qh z"", ""qsel"", ""r 5t"", ""r fb"", ""r(c)"", ""r-10"", ""r-12"", ""r/ak"", ""r2 p"", ""rd/x"", ""rg'n"", ""rhuf"", ""riln"", ""rpne"", ""rsgu"", ""rt'?"", ""rtkr"", ""rup-"", ""ruzd"", ""rvma"", ""rvra"", ""ryfs"", ""rz-j"", ""s cv"", ""s'-m"", ""s'nr"", ""s- h"", ""s-61"", ""scu/"", ""sdub"", ""senq"", ""sg i"", ""sguy"", ""skgi"", ""smqh"", ""snuc"", ""spna"", ""subk"", ""syu?"", ""t*ol"", ""t.1:"", ""tdij"", ""tf k"", ""tli/"", ""tliq"", ""toxn"", ""ts-6"", ""tykr"", ""uagr"", ""ug/w"", ""uga)"", ""ulf!"", ""um-w"", ""up-b"", ""upf!"", ""uub!"", ""uwfo"", ""v'sc"", ""vc k"", ""ve* "", ""vem-"", ""ver("", ""vet)"", ""vmam"", ""vs/t"", ""vui,"", ""w (m"", ""w, '"", ""wir-"", ""wirz"", ""wjub"", ""wn'n"", ""wysh"", ""x-um"", ""xls "", ""xuss"", ""xyrh"", ""y -v"", ""y dm"", ""y u-"", ""y\"" m"", ""y/ul"", ""ydoc"", ""yfsa"", ""yk m"", ""ykoc"", ""yo/w"", ""yr b"", ""yrhi"", ""yso "", ""yu? "", ""z-je"", ""zcui"", ""zdne"", ""zmo-"", ""zt '"", ""zteb"", ""zweh""]",476,1,155,0.0064516129032258064
5,block_infix_fingerprint_v005.json,256,local_split_entropy_equivalence_classes,154,4,0.0,0.1,title,title,82," ""wi","["" \""wi"", ""ffa'"", ""gy-w"", ""s s2""]",4,2,155,0.012903225806451613
5,block_infix_fingerprint_v005.json,256,local_split_entropy_equivalence_classes,154,4,0.0,0.1,title,title,83, # 2,"["" # 2""]",1,7,155,0.04516129032258064
5,block_infix_fingerprint_v005.json,256,local_split_entropy_equivalence_classes,154,4,0.0,0.1,title,title,84, # 5,"["" # 5""]",1,3,155,0.01935483870967742
5,block_infix_fingerprint_v005.json,256,local_split_entropy_equivalence_classes,154,4,0.0,0.1,title,title,85, #&%,"["" #&%"", "" 'v "", "" ('t"", "" (*a"", "" 078"", "" 085"", "" 10f"", "" 3wa"", "" 7 5"", "" 8ft"", "" afx"", "" b-6"", "" cko"", "" d'q"", "" e.h"", "" emz"", "" ev'"", "" iad"", "" id4"", "" io."", "" ioh"", "" je-"", "" jo."", "" kvl"", "" l't"", "" li:"", "" lo?"", "" lve"", "" mdb"", "" mgw"", "" nhp"", "" nzh"", "" o-e"", "" os?"", "" pve"", "" qou"", "" sdr"", "" sm:"", "" tk-"", "" uau"", "" ubc"", "" uvc"", "" v'e"", "" x10"", "" y.r"", "" zn."", ""!jab"", ""#&%#"", ""$15 "", ""& n."", ""& ox"", ""& zn"", ""' 90"", ""' sf"", ""'10'"", ""'70:"", ""'a 2"", ""'ai."", ""'cks"", ""'fad"", ""'iva"", ""'mpo"", ""'nse"", ""'o e"", ""'pis"", ""'reh"", ""'ryb"", ""'se'"", ""'smo"", ""('th"", ""(*a "", ""(ad "", ""(bom"", ""(d)r"", ""(dag"", ""(gy)"", ""(het"", ""(o)o"", ""(pak"", ""): r"", "")ara"", "")evi"", "")od+"", "")rai"", ""*a c"", ""+ 12"", ""+ 18"", ""+ 24"", ""+ 29"", ""+ 33"", ""+(d)"", ""+lie"", ""-421"", ""-74)"", ""-8 ("", ""-afa"", ""-ako"", ""-bne"", ""-etm"", ""-fug"", ""-jej"", ""-qun"", ""-t: "", ""-vad"", ""-wo "", ""-z l"", "". 'r"", "".02."", "".11-"", "".5.n"", "".b.)"", "".kno"", "".n.1"", "".our"", "".v.f"", ""/hrw"", ""/lax"", ""/twa"", ""0 13"", ""0 16"", ""0 17"", ""0 22"", ""0.7."", ""000a"", ""00ad"", ""02.2"", ""078:"", ""1 ('"", ""10ft"", ""2) m"", ""2-33"", ""2-sa"", ""29-2"", ""2oh "", ""2shh"", ""3 aq"", ""3-51"", ""32-3"", ""33-5"", ""3d-u"", ""4 ei"", ""40 5"", ""40 7"", ""4lov"", ""5. y"", ""5.n."", ""51:3"", ""5th'"", ""6): "", ""6, u"", ""60.."", ""606:"", ""7 50"", ""73 ("", ""86-2"", ""86.1"", ""87.0"", ""8ft "", ""957."", ""96):"", ""986."", "": 3,"", "": ld"", "": q'"", "":198"", "":33-"", ""? jk"", ""@ ba"", ""@mid"", ""_equ"", ""`m j"", ""a pv"", ""a'ju"", ""a? w"", ""aayv"", ""acip"", ""ack3"", ""adu-"", ""aehw"", ""aemc"", ""aewe"", ""aexa"", ""afxe"", ""agg:"", ""aiiu"", ""ajre"", ""ak.c"", ""akk'"", ""albd"", ""alvd"", ""an:1"", ""ap'o"", ""api."", ""arcm"", ""arjj"", ""artq"", ""ate*"", ""ath_"", ""au2 "", ""aul+"", ""aups"", ""awji"", ""awmp"", ""ayns"", ""b mn"", ""b x-"", ""b'se"", ""b'si"", ""b'un"", ""b-23"", ""ba-v"", ""baqs"", ""bay)"", ""bbuh"", ""be.c"", ""bex:"", ""bieo"", ""bpfl"", ""c. y"", ""ccuf"", ""ck3d"", ""cm 2"", ""cmod"", ""cumo"", ""d 8-"", ""d)ev"", ""d)ra"", ""d+(d"", ""d4 i"", ""da-w"", ""db x"", ""ddut"", ""ddwy"", ""dhyr"", ""dj -"", ""dko?"", ""dmod"", ""dn 2"", ""dn r"", ""dni)"", ""do.d"", ""dom@"", ""dsax"", ""dtfi"", ""dtsj"", ""du-e"", ""duwr"", ""dwyd"", ""dyty"", ""e #&"", ""e jl"", ""e'iv"", ""e'of"", ""e* ("", ""e-t:"", ""e.dk"", ""e.in"", ""e; r"", ""eaap"", ""ee) "", ""eeum"", ""ehax"", ""eip "", ""ejpe"", ""ejts"", ""ekk-"", ""emd:"", ""emt?"", ""emtm"", ""endd"", ""epix"", ""epzi"", ""er4l"", ""erkb"", ""ers2"", ""et_x"", ""ev'r"", ""eweo"", ""exwr"", ""eya/"", ""ezyo"", ""f? y"", ""fae:"", ""faho"", ""fe!!"", ""fix!"", ""fk/h"", ""flep"", ""fogn"", ""fox1"", ""fru?"", ""fsi:"", ""fsk "", ""ft-a"", ""ftf:"", ""fudu"", ""fukr"", ""fun2"", ""fxen"", ""fyn'"", ""g'ol"", ""g(o)"", ""g) p"", ""g-yi"", ""g@me"", ""gadm"", ""gagc"", ""gajr"", ""gaoo"", ""gavu"", ""gbff"", ""ge':"", ""geej"", ""geh,"", ""geju"", ""gekh"", ""geo."", ""gex:"", ""gezh"", ""ggem"", ""ggik"", ""ghdr"", ""ghfa"", ""ghmk"", ""gipu"", ""glo*"", ""gmaj"", ""gmuh"", ""gocm"", ""goec"", ""gojr"", ""gp w"", ""gp50"", ""gpia"", ""gq j"", ""grdi"", ""grp "", ""gshy"", ""gsig"", ""gtd:"", ""gtr2"", ""gtu "", ""guhu"", ""gwla"", ""gwu'"", ""gxak"", ""gy)a"", ""gyea"", ""gymt"", ""gyub"", ""h'ra"", ""h.5."", ""h2no"", ""h420"", ""h: x"", ""h_eq"", ""ha'j"", ""haex"", ""haqz"", ""hawm"", ""haz:"", ""hb c"", ""hcw:"", ""hd u"", ""hdeh"", ""hepz"", ""hexw"", ""hezy"", ""hga "", ""hi!j"", ""hiiu"", ""hkq "", ""hlu "", ""hmku"", ""hoai"", ""hoys"", ""hpw "", ""hruw"", ""hrw/"", ""htef"", ""htkl"", ""hub-"", ""hucl"", ""hugm"", ""huii"", ""huog"", ""hy 9"", ""hyaz"", ""hyty"", ""i a!"", ""i jd"", ""i!ja"", ""i'mp"", ""i-94"", ""i-bn"", ""i.me"", ""i.wi"", ""i; o"", ""i`m "", ""iad'"", ""ian3"", ""iarb"", ""iavn"", ""ic +"", ""id4 "", ""ie @"", ""iey "", ""ifa'"", ""ihm:"", ""ihrl"", ""iiui"", ""iium"", ""ijsg"", ""ik-f"", ""ikdu"", ""ini;"", ""iouh"", ""ippw"", ""ir-g"", ""ir.c"", ""irc:"", ""irs."", ""ive0"", ""ivm "", ""iwid"", ""iwr:"", ""ix x"", ""ixja"", ""izvl"", ""j'in"", ""jad,"", ""jajs"", ""jamj"", ""jawl"", ""je-w"", ""jeej"", ""jeu-"", ""jf d"", ""jfet"", ""ji-j"", ""jifi"", ""jke,"", ""jnti"", ""jolm"", ""jpev"", ""jsah"", ""jsge"", ""jtsu"", ""juuo"", ""k t4"", ""k-16"", ""k-ts"", ""k/hr"", ""k3d-"", ""ka'o"", ""kao)"", ""kduk"", ""kem!"", ""kgyi"", ""kh-b"", ""kiap"", ""kijn"", ""kiz:"", ""kje)"", ""kk'd"", ""kk-l"", ""kn' "", ""knej"", ""kokm"", ""kpaa"", ""kq i"", ""kruj"", ""l! 5"", ""l! 6"", ""l! 9"", ""l'ah"", ""l'ck"", ""l'to"", ""l+li"", ""l-ob"", ""l. &"", ""l.kn"", ""lamz"", ""lbdr"", ""ldu?"", ""le-2"", ""lel'"", ""let;"", ""let_"", ""lfta"", ""lgwu"", ""lin;"", ""lirh"", ""ljke"", ""ll'c"", ""ll.k"", ""lmex"", ""lmi:"", ""lo*r"", ""lov."", ""lt-r"", ""luhh"", ""lvde"", ""lz 5"", ""m .4"", ""m@mi"", ""ma',"", ""mel."", ""mfam"", ""mipi"", ""mnoc"", ""mo-j"", ""mo@l"", ""mog."", ""moi-"", ""moyt"", ""mp 5"", ""mp 6"", ""mrab"", ""mtme"", ""n 8f"", ""n a*"", ""n(d)"", ""n.1."", ""n2sh"", ""n:19"", ""nafy"", ""ne.d"", ""nejp"", ""ngbj"", ""nggs"", ""ngxa"", ""ni; "", ""nis;"", ""nivm"", ""nkza"", ""nokm"", ""nolm"", ""nryv"", ""nvut"", ""nyki"", ""nyv "", ""nze'"", ""nzhd"", ""nzvo"", ""o)od"", ""o*ri"", ""o@lv"", ""ob'a"", ""oc 6"", ""ocme"", ""od+("", ""oeal"", ""oeb:"", ""oetn"", ""ofeg"", ""oinp"", ""ojiw"", ""okgi"", ""okh-"", ""okm "", ""om@m"", ""omo@"", ""oog:"", ""oshr"", ""osjo"", ""osks"", ""oup;"", ""ow.y"", ""ox11"", ""oxx'"", ""p ul"", ""p'oc"", ""p506"", ""pahr"", ""pap'"", ""phy!"", ""pm 4"", ""ppwo"", ""ppy)"", ""pvel"", ""pw o"", ""q vi"", ""qsha"", ""quns"", ""qzaa"", ""r 9."", ""r'ns"", ""r(gy"", ""r4lo"", ""rabp"", ""rasd"", ""rau2"", ""rcmo"", ""rd')"", ""rdke"", ""rdkn"", ""rdyi"", ""rdyr"", ""re.i"", ""rehz"", ""rekg"", ""rg?:"", ""ri*a"", ""rjit"", ""rjja"", ""rke!"", ""rkn'"", ""rrf:"", ""rs.o"", ""rsah"", ""rtqu"", ""ruwo"", ""rw/l"", ""rz-l"", ""s' 5"", ""s.ou"", ""s? r"", ""sdef"", ""sdij"", ""sh42"", ""shkq"", ""so-t"", ""sok?"", ""sriw"", ""ssyu"", ""sugs"", ""suu:"", ""t 8)"", ""t/ii"", ""t?!."", ""ta-i"", ""tam)"", ""td. "", ""te* "", ""tek'"", ""ter4"", ""tgea"", ""tgor"", ""th_e"", ""thih"", ""tk-4"", ""tr2:"", ""ttoe"", ""tyln"", ""tz 8"", ""tzt)"", ""u f:"", ""u hw"", ""u uo"", ""ub'u"", ""ubcp"", ""uc p"", ""uckj"", ""ughd"", ""ughf"", ""uhe."", ""uiii"", ""ujif"", ""uka."", ""ukjo"", ""ukk'"", ""uksd"", ""ukye"", ""ul+l"", ""uldd"", ""ulll"", ""un(d"", ""un-y"", ""un2s"", ""uoge"", ""uoi,"", ""uosu"", ""uoza"", ""upiv"", ""urgz"", ""us ."", ""uuh "", ""uuok"", ""uw n"", ""uyz "", ""v zv"", ""v'ec"", ""v'ry"", ""vaot"", ""ve09"", ""vehu"", ""vgyu"", ""vi/a"", ""vm n"", ""vnsh"", ""vunz"", ""vuut"", ""w. 2"", ""w.yo"", ""weod"", ""wg 2"", ""widj"", ""wiiv"", ""wixi"", ""wmps"", ""wnej"", ""wnwo"", ""wrab"", ""wydi"", ""wz 6"", ""x x1"", ""x! t"", ""x11 "", ""xcat"", ""xen:"", ""xitr"", ""xjan"", ""xwre"", ""xxur"", ""y 05"", ""y bk"", ""y ds"", ""y tk"", ""y z:"", ""y) n"", ""y)ar"", ""y-cu"", ""y.s."", ""yao!"", ""ybo'"", ""ydio"", ""yefr"", ""yime"", ""yl 2"", ""ylni"", ""ymta"", ""yok:"", ""yrav"", ""yrva"", ""yshr"", ""yub'"", ""yueo"", ""yugm"", ""yv -"", ""yv i"", ""yzok"", ""z 3w"", ""z 6 "", ""z 64"", ""z 88"", ""z o'"", ""z-e?"", ""z-ku"", ""zer("", ""zgon"", ""zhoj"", ""zi ."", ""zivv"", ""zo +"", ""zomn"", ""zt) "", ""ztam"", ""zyfa"", ""zza.""]",760,1,155,0.0064516129032258064
5,block_infix_fingerprint_v005.json,256,local_split_entropy_equivalence_classes,154,4,0.0,0.1,title,title,86, #03,"["" #03"", ""ebs?"", ""nr: "", ""t.la""]",4,2,155,0.012903225806451613
5,block_infix_fingerprint_v005.json,256,local_split_entropy_equivalence_classes,154,4,0.0,0.1,title,title,87, #09,"["" #09""]",1,3,155,0.01935483870967742
5,block_infix_fingerprint_v005.json,256,local_split_entropy_equivalence_classes,154,4,0.0,0.1,title,title,88,  br,"[""  br"", "" 0-5"", "" 16'"", "" 2-6"", "" 21?"", "" 53,"", "" 5:e"", "" bgm"", "" czi"", "" d u"", "" d''"", "" d-i"", "" dfb"", "" esd"", "" g'h"", "" i-7"", "" ie!"", "" m r"", "" nw "", "" oc:"", "" ps!"", "" r e"", "" sh#"", ""! dy"", ""! kv"", ""!!? "", ""!/en"", ""#118"", ""#119"", ""#155"", ""#189"", ""#203"", ""#212"", ""#214"", ""#229"", ""#235"", ""#252"", ""#253"", ""#260"", ""#280"", ""#282"", ""#287"", ""#289"", ""#292"", ""#299"", ""#301"", ""#304"", ""#318"", ""#328"", ""#330"", ""#332"", ""#345"", ""#353"", ""#364"", ""#367"", ""#368"", ""#375"", ""#379"", ""#381"", ""#387"", ""#390"", ""#409"", ""#418"", ""#433"", ""#441"", ""#445"", ""#447"", ""#483"", ""#486"", ""#492"", ""#496"", ""#497"", ""#499"", ""#509"", ""#516"", ""#520"", ""#528"", ""#535"", ""#541"", ""#547"", ""#548"", ""#551"", ""#553"", ""#848"", ""#854"", ""#856"", ""#863"", ""#868"", ""#877"", ""#890"", ""#895"", ""#897"", ""#898"", ""#90 "", ""#903"", ""#910"", ""#911"", ""#912"", ""#913"", ""#919"", ""#921"", ""#925"", ""#942"", ""#943"", ""#944"", ""#96 "", ""#973"", ""#982"", ""#t t"", ""& gn"", ""& ok"", ""&c p"", ""''em"", ""'61/"", ""'fus"", ""'jup"", ""'or'"", ""(gua"", ""(h)a"", ""(t)i"", "")aus"", "")iss"", ""*fig"", "", e!"", ""- 'v"", ""-4 d"", ""-9 q"", ""-eki"", ""-f a"", ""-iq/"", ""-nyt"", ""-oxi"", ""..tv"", "".28:"", "".jin"", "".pop"", ""/'ti"", ""/*fi"", ""/10-"", ""/bop"", ""/cei"", ""/dac"", ""/ied"", ""/jis"", ""/mya"", ""/pte"", ""/t.r"", ""0 xs"", ""0-5 "", ""00 x"", ""00x "", ""010'"", ""05 i"", ""0x f"", ""1) g"", ""1/01"", ""1/do"", ""100g"", ""100x"", ""11/d"", ""16' "", ""189 "", ""1:08"", ""2-ny"", ""252 "", ""260 "", ""280,"", ""282 "", ""292 "", ""304 "", ""367 "", ""368 "", ""379 "", ""390 "", ""4 is"", ""409 "", ""41 '"", ""424 "", ""433 "", ""445 "", ""46 g"", ""483 "", ""488 "", ""496 "", ""497 "", ""5' n"", ""509 "", ""50:5"", ""535 "", ""541 "", ""547 "", ""553 "", ""5:e "", ""6' w"", ""61/o"", ""64 i"", ""70 k"", ""78 u"", ""8 sn"", "": 54"", "":e k"", ""? & "", ""? mr"", ""?' g"", ""?/ov"", ""a d:"", ""aa-d"", ""aal!"", ""ad 0"", ""ad'a"", ""adci"", ""afzo"", ""aiod"", ""an3'"", ""auws"", ""bchl"", ""bdo'"", ""bgm "", ""bor."", ""bozl"", ""bse-"", ""c*ol"", ""c-wr"", ""ca/e"", ""camf"", ""cioj"", ""ck!'"", ""ckhi"", ""cs/n"", ""cue)"", ""czif"", ""d 05"", ""d''e"", ""d'fu"", ""d.de"", ""d/up"", ""d23'"", ""da!/"", ""dadc"", ""dbuy"", ""dcip"", ""df-s"", ""doh!"", ""dr.j"", ""dr0n"", ""dr2-"", ""ds?!"", ""dubw"", ""duid"", ""duzh"", ""dv p"", ""dye!"", ""e&c "", ""e- &"", ""e/mm"", ""e/pt"", ""ec*o"", ""eddr"", ""eg ."", ""eid-"", ""ejdm"", ""ejsm"", ""em?'"", ""eooh"", ""ep/9"", ""ep/k"", ""epsg"", ""euor"", ""ewtv"", ""ex!/"", ""ez-o"", ""f rr"", ""f-fo"", ""f-so"", ""f/'t"", ""f?' "", ""fan3"", ""fde'"", ""ff/'"", ""fgep"", ""fhua"", ""foy,"", ""ftlm"", ""fup?"", ""g  b"", ""g'ha"", ""gm o"", ""h 'a"", ""h#t "", ""h)au"", ""h-tr"", ""h/nu"", ""hkot"", ""hl '"", ""hl-v"", ""hny-"", ""ho?!"", ""hrth"", ""htpi"", ""hy '"", ""i+ j"", ""i-70"", ""i-iq"", ""i/ie"", ""i/ob"", ""i/um"", ""if?'"", ""ijp/"", ""ikh:"", ""il ."", ""ilgh"", ""ili+"", ""innw"", ""inqt"", ""ip/l"", ""iq/p"", ""irfe"", ""ixbr"", ""ixim"", ""jaxe"", ""jkto"", ""jlsk"", ""jp/p"", ""js 2"", ""jsmu"", ""kotf"", ""ku'b"", ""kuhg"", ""l -r"", ""l 0-"", ""l 2-"", ""li+ "", ""lig'"", ""lip."", ""llck"", ""lmli"", ""lsva"", ""lytv"", ""lzuc"", ""m k3"", ""md k"", ""me/1"", ""mim!"", ""mlia"", ""mn!!"", ""mpmo"", ""n-ek"", ""n.de"", ""n/*f"", ""n3's"", ""nah."", ""nec*"", ""neuo"", ""ng  "", ""nmij"", ""nqta"", ""nw w"", ""nyu/"", ""o 4,"", ""o rx"", ""o!!?"", ""o-ox"", ""o/om"", ""oagg"", ""oam?"", ""obly"", ""ocst"", ""oe?!"", ""oekz"", ""ohl!"", ""oja?"", ""olml"", ""opth"", ""or*o"", ""oth)"", ""ow-k"", ""p/91"", ""p/k-"", ""pabz"", ""pcw "", ""pf-f"", ""pi-d"", ""po'b"", ""psog"", ""ptfi"", ""q/pr"", ""qta "", ""r-27"", ""r.ji"", ""r0ne"", ""r2-n"", ""rd-t"", ""rd.d"", ""rez)"", ""rfup"", ""rilg"", ""rixb"", ""ro'?"", ""rr/n"", ""rstg"", ""rulp"", ""rygn"", ""rz-d"", ""rz-h"", ""rzkr"", ""s df"", ""s!/e"", ""s!/o"", ""s/rh"", ""sacj"", ""sc 4"", ""sh#t"", ""sho*"", ""sly-"", ""ssth"", ""sy/w"", ""syu!"", ""t 2c"", ""t)is"", ""t/k-"", ""t/m."", ""t/o."", ""t/ts"", ""tad?"", ""tb's"", ""tfui"", ""tkip"", ""tlc,"", ""toag"", ""tor*"", ""touo"", ""ttdi"", ""tzso"", ""u!/i"", ""u's/"", ""u/d2"", ""ufsb"", ""uord"", ""uttd"", ""uyl "", ""v-id"", ""vad,"", ""vem,"", ""voph"", ""w vr"", ""w-ku"", ""w.mo"", ""wn/*"", ""ww t"", ""x!/n"", ""xa q"", ""xbru"", ""xt-a"", ""y 78"", ""y? &"", ""ya/m"", ""ygim"", ""ympr"", ""yo/f"", ""yu/d"", ""z-do"", ""z-hi"", ""z-om"", ""zit/"", ""zsoh"", ""zudr"", ""zvia"", ""zymp"", ""zzhi""]",469,1,155,0.0064516129032258064
5,block_infix_fingerprint_v005.json,256,local_split_entropy_equivalence_classes,154,4,0.0,0.1,title,title,89, ! t,"["" ! t"", "" #6/"", "" #9-"", "" (oh"", "" 0 f"", "" 10r"", "" 2)/"", "" 4 +"", "" 4k,"", "" 5-k"", "" 8.6"", "" 9/k"", "" as?"", "" brc"", "" c &"", "" e/p"", "" h l"", "" hx3"", "" iea"", "" m40"", "" mi/"", "" n.z"", "" nv'"", "" oup"", "" p/j"", "" pff"", "" pkk"", "" ps1"", "" qau"", "" rvc"", "" rzi"", "" sk1"", "" tx3"", "" wgv"", "" wx3"", "" yme"", "" ~ t"", ""! e?"", ""! xo"", ""!/yo"", ""!?/b"", ""!?/f"", ""!?/h"", ""#6/v"", ""#655"", ""#669"", ""#9-1"", ""$ ba"", ""$$ b"", ""$70 "", ""& kw"", ""& ub"", ""' h2"", ""' oe"", ""'dim"", ""'hyo"", ""'in:"", ""'lym"", ""'tij"", ""'v'/"", ""(fug"", ""(nyu"", ""(oht"", ""(sno"", ""*tty"", "", 4k"", "", hx"", "", tz"", ""- #6"", ""- pd"", ""-140"", ""-7 a"", ""-??)"", ""-od "", ""-siu"", "". 7g"", ""../d"", ""./ge"", "".eli"", "".nor"", "".pai"", ""/ac/"", ""/aeg"", ""/d-n"", ""/d.a"", ""/ebb"", ""/elt"", ""/heg"", ""/ibf"", ""/ju "", ""/kot"", ""/lo-"", ""/nep"", ""/orn"", ""/pbb"", ""/s.o"", ""/sp "", ""/tuv"", ""/twd"", ""/vig"", ""0-cr"", ""10rb"", ""12-?"", ""14-a"", ""2)/s"", ""2-??"", ""34 y"", ""340-"", ""35 n"", ""4 + "", ""4k a"", ""4k, "", ""5-ki"", ""5ift"", ""6/12"", ""6/ve"", ""669 "", ""69-2"", ""8 tv"", ""9-1/"", ""9/k "", "": xp"", ""?? t"", ""@ wi"", ""_aba"", ""_roy"", ""a !!"", ""a z,"", ""a-ov"", ""a/jm"", ""a/pb"", ""a/wb"", ""aa-g"", ""aac!"", ""aasv"", ""ac! "", ""ae!/"", ""ak/e"", ""aks."", ""akt."", ""amhn"", ""ampj"", ""amub"", ""ao/v"", ""ao?!"", ""aqun"", ""asuz"", ""asyj"", ""atsj"", ""auod"", ""awi/"", ""ax/j"", ""azpe"", ""b/sm"", ""ba/w"", ""bc/i"", ""bcd."", ""bd j"", ""bdit"", ""bh h"", ""bi/g"", ""bosr"", ""box."", ""bs-r"", ""bslk"", ""bur!"", ""c/bl"", ""c/ib"", ""ca/v"", ""casd"", ""cd.."", ""cek/"", ""cjim"", ""cm k"", ""coo'"", ""ctau"", ""cusq"", ""d's/"", ""d_ab"", ""d_ro"", ""da-p"", ""ddco"", ""ddfa"", ""ddyj"", ""deuu"", ""di/n"", ""dil'"", ""dkuc"", ""dobk"", ""dpyr"", ""dso/"", ""dupm"", ""e a5"", ""e m4"", ""e p/"", ""e!/k"", ""e'un"", ""e-15"", ""eb/t"", ""ebso"", ""eefh"", ""egd "", ""egl "", ""ei-u"", ""ejlr"", ""ejwo"", ""eorw"", ""erz)"", ""euup"", ""ewcl"", ""ewem"", ""ex-7"", ""ez/y"", ""ezuw"", ""f 2!"", ""f x9"", ""f/av"", ""f/rh"", ""f4u "", ""fboe"", ""fc &"", ""fdge"", ""feep"", ""ffta"", ""fpfe"", ""fs/g"", ""ftsi"", ""ftt."", ""fyes"", ""fzuh"", ""gaif"", ""gaoh"", ""gcol"", ""gd s"", ""gdli"", ""gedm"", ""gjum"", ""gl s"", ""go/k"", ""gse?"", ""gumf"", ""gv s"", ""gyml"", ""gzus"", ""h*tt"", ""hihy"", ""hoav"", ""ht ~"", ""hujh"", ""hwum"", ""hx30"", ""i), "", ""i/at"", ""i/gu"", ""i; n"", ""ibeb"", ""ibsl"", ""icnj"", ""iee?"", ""iekb"", ""ijfb"", ""iji)"", ""ilzw"", ""imo)"", ""in!:"", ""iyeb"", ""izzt"", ""j av"", ""j e-"", ""j, g"", ""jazp"", ""jfbo"", ""jhiy"", ""ji? "", ""jij!"", ""jlre"", ""jna!"", ""jopp"", ""jr/f"", ""juam"", ""jyyt"", ""k 4k"", ""k a$"", ""k/yv"", ""k2 p"", ""kah:"", ""kbak"", ""kiuu"", ""kna."", ""knix"", ""ksgr"", ""ktv/"", ""ku !"", ""kua,"", ""l bf"", ""l j,"", ""l/i,"", ""l/zi"", ""ldeh"", ""ldpy"", ""lgse"", ""lhuj"", ""liih"", ""ljap"", ""lk'i"", ""lmdi"", ""lo-k"", ""lov/"", ""lpme"", ""lref"", ""luv,"", ""luvd"", ""lv p"", ""m #6"", ""m-41"", ""m10 "", ""m40 "", ""mao/"", ""mawg"", ""mjub"", ""mnf "", ""moeh"", ""mubl"", ""n pk"", ""n-et"", ""n/b."", ""n/d-"", ""n/kc"", ""n/u2"", ""nbi/"", ""nbyu"", ""nea?"", ""nf d"", ""ng'?"", ""ngii"", ""ngzu"", ""ni),"", ""nirl"", ""nk-1"", ""nkeo"", ""nkoz"", ""noal"", ""nse8"", ""nt??"", ""nv' "", ""nwab"", ""o 4x"", ""o/ae"", ""o? 2"", ""od_a"", ""od_r"", ""oddc"", ""odyf"", ""oehe"", ""oex "", ""ofdg"", ""ohe,"", ""okcl"", ""olmd"", ""os/g"", ""oui'"", ""ouid"", ""ov/s"", ""oxo:"", ""pa?!"", ""pds "", ""pfft"", ""pkk-"", ""pmig"", ""pomt"", ""pov?"", ""ps1 "", ""psaa"", ""psra"", ""pytu"", ""q wh"", ""qauo"", ""r-dr"", ""rab)"", ""rfo'"", ""riib"", ""rpsr"", ""rr/h"", ""rsap"", ""rsuv"", ""rt/y"", ""rtkl"", ""rufp"", ""rx10"", ""ry ~"", ""s rp"", ""s ym"", ""s'ok"", ""s.el"", ""s/kz"", ""s/s."", ""s1 g"", ""sat-"", ""sbd "", ""sdod"", ""se/5"", ""sf-t"", ""sfav"", ""sjol"", ""sk 9"", ""sktv"", ""slka"", ""smo/"", ""so/p"", ""sp j"", ""srys"", ""stjy"", ""su./"", ""sukb"", ""suo)"", ""syit"", ""t wg"", ""t wx"", ""t ~ "", ""t-f4"", ""t/eb"", ""t20:"", ""ta !"", ""tf, "", ""thmn"", ""thwu"", ""tii,"", ""tinr"", ""tj r"", ""tjyl"", ""tny/"", ""tt/v"", ""tuys"", ""tviu"", ""twdy"", ""tx30"", ""tyib"", ""typr"", ""tzu,"", ""u ! "", ""u uj"", ""u!/y"", ""u./h"", ""ufpf"", ""ugdl"", ""ugsd"", ""ugu)"", ""ulmb"", ""um-4"", ""usgl"", ""utuy"", ""uu &"", ""uvdi"", ""uvix"", ""uwve"", ""ux/s"", ""uysi"", ""v' b"", ""v'/a"", ""v/mo"", ""v/sv"", ""var."", ""vc s"", ""vcrs"", ""ve-1"", ""vio."", ""viut"", ""vm v"", ""vrsu"", ""vs.e"", ""vu j"", ""vuhi"", ""w pc"", ""w pf"", ""w z8"", ""wba/"", ""wcle"", ""wgv "", ""wi/r"", ""wtf,"", ""wver"", ""wx30"", ""x-35"", ""x-7 "", ""x/su"", ""x300"", ""xa j"", ""xabr"", ""xabu"", ""xo u"", ""xo:)"", ""xx/b"", ""y a9"", ""y?/u"", ""ya 9"", ""yf 2"", ""ymej"", ""ymle"", ""ys/q"", ""yst!"", ""ysyv"", ""yte/"", ""ytuo"", ""yues"", ""yze/"", ""z ry"", ""z, 4"", ""z/d."", ""z/ye"", ""zolk"", ""zper"", ""zra?"", ""ztay"", ""zuwi"", ""zy x"", ""zzum"", ""~ la"", ""~ tr""]",518,1,155,0.0064516129032258064
5,block_infix_fingerprint_v005.json,256,local_split_entropy_equivalence_classes,154,4,0.0,0.1,title,title,90, !!!,"["" !!!"", "" '15"", "" - $"", "" 21h"", "" 3d."", "" 41?"", "" 6,5"", "" 8'4"", "" [bi"", "" a't"", "" cja"", "" d12"", "" e '"", "" esn"", "" icu"", "" if,"", "" iia"", "" jj'"", "" l.m"", "" llp"", "" n 4"", "" n 6"", "" n 8"", "" nxh"", "" ocl"", "" rrp"", "" vdb"", "" wc:"", "" x20"", ""#$*!"", ""#*%e"", ""#180"", ""#3 n"", ""$*! "", ""'22 "", ""'43 "", ""'ku "", ""'n't"", ""'nov"", ""'pee"", ""'t 2"", ""'t 7"", ""(a n"", ""(a)m"", ""(doe"", ""(e n"", ""(fus"", ""(he)"", ""(r) "", ""(tap"", "")art"", "")mor"", "")nib"", ""*! d"", ""*%ed"", "", 3!"", "", rn"", "",5 r"", ""- $5"", ""- (t"", ""- 35"", ""-- j"", ""---?"", ""-5-2"", ""-864"", ""-@#*"", ""-ebi"", ""-gly"", ""-gwy"", ""-kgb"", ""-kke"", ""-po "", ""-pyt"", ""-syl"", ""-vst"", ""-wyd"", ""-yvo"", ""-zaa"", "". !!"", "". jf"", "". oy"", "".. !"", "".fur"", "".me."", "".mob"", "".re."", "".s.."", "".sor"", "".woh"", ""/113"", ""/heu"", ""/hie"", ""/m f"", ""/ucc"", ""2 '1"", ""2 oo"", ""203:"", ""22 '"", ""3 '2"", ""355:"", ""358:"", ""361:"", ""3max"", ""5 uo"", ""6,5 "", ""64-2"", ""7nin"", ""8'47"", ""821 "", ""864:"", ""942."", ""992?"", "": d1"", "": m*"", "":003"", ""; 3 "", ""@#*%"", ""@men"", ""[bil"", ""_427"", ""a nb"", ""a$: "", ""a'to"", ""a)mo"", ""a-vs"", ""a/uc"", ""absv"", ""af-o"", ""ahh:"", ""ahhs"", ""ahht"", ""aj 9"", ""ajh "", ""alvy"", ""an'w"", ""an-v"", ""apny"", ""as_4"", ""aua,"", ""auah"", ""awy."", ""b! c"", ""b? a"", ""bat."", ""bawh"", ""be'm"", ""bgas"", ""br d"", ""buxb"", ""c '0"", ""c 38"", ""c 94"", ""c 95"", ""c 96"", ""c 97"", ""c-py"", ""caaa"", ""cce$"", ""ce$s"", ""cgog"", ""chn!"", ""cjas"", ""ckik"", ""cpro"", ""csva"", ""ct!:"", ""d '?"", ""d (#"", ""d g7"", ""d p "", ""d rr"", ""d vk"", ""den]"", ""dfos"", ""dhyo"", ""dl r"", ""dmuk"", ""dmy'"", ""drua"", ""ds)."", ""dsno"", ""dub?"", ""dyaa"", ""dyok"", ""dzhb"", ""e y2"", ""e)ar"", ""e-@#"", ""e7ni"", ""e:00"", ""e? 5"", ""e? 6"", ""e? 7"", ""eak)"", ""ee7n"", ""egt?"", ""egvu"", ""eho!"", ""eioe"", ""ejo-"", ""eki2"", ""el.m"", ""el_0"", ""elb,"", ""em; "", ""eno)"", ""eny!"", ""ep07"", ""est~"", ""et'k"", ""euad"", ""ewmi"", ""ezwo"", ""f 33"", ""f 3c"", ""fa-i"", ""fadg"", ""fct:"", ""fe-y"", ""fodo"", ""fs 6"", ""fto?"", ""g hd"", ""g s/"", ""g44:"", ""gaap"", ""gby?"", ""geue"", ""gixe"", ""gly,"", ""gps?"", ""gveg"", ""gzez"", ""h-wy"", ""hah'"", ""hdoj"", ""he)a"", ""hfe-"", ""hfeh"", ""hgip"", ""hhoy"", ""hk v"", ""hle:"", ""hr3e"", ""hsot"", ""hupl"", ""hy q"", ""i 6,"", ""i cj"", ""i e,"", ""i-kk"", ""i2 -"", ""iahu"", ""ias_"", ""icpr"", ""idsn"", ""idy/"", ""ieom"", ""ijgz"", ""ijod"", ""imb."", ""inqi"", ""iol@"", ""ir ["", ""ir.1"", ""isqv"", ""ita$"", ""itrv"", ""iuaq"", ""iuuu"", ""izez"", ""iztl"", ""j 99"", ""jahh"", ""jce "", ""jf g"", ""jgze"", ""jjhu"", ""jr 2"", ""jwaa"", ""k's,"", ""k025"", ""kg 9"", ""kg u"", ""khso"", ""ki2 "", ""kme-"", ""kooy"", ""kr e"", ""ksov"", ""l'si"", ""l.mo"", ""lb, "", ""le:0"", ""led5"", ""lem;"", ""lev."", ""lizt"", ""lki!"", ""lmc "", ""lmu."", ""lnuk"", ""lsle"", ""lum."", ""lva!"", ""lybn"", ""m cn"", ""m cv"", ""m jy"", ""m'ex"", ""m-kg"", ""may?"", ""me-@"", ""mfi "", ""mgid"", ""mjum"", ""mo!!"", ""mok?"", ""mpf:"", ""ms-p"", ""mshc"", ""mukb"", ""mv 6"", ""n 7a"", ""n.fu"", ""n; 3"", ""n? 4"", ""nc '"", ""ncsv"", ""ne.n"", ""nelp"", ""nes$"", ""ng44"", ""ngyb"", ""nh a"", ""njax"", ""nkfy"", ""nkym"", ""nmaf"", ""nolf"", ""nty1"", ""nu-s"", ""numj"", ""nxhe"", ""ny.h"", ""nyfo"", ""o-eb"", ""o-oa"", ""o-os"", ""o.so"", ""o3ma"", ""oaas"", ""oapw"", ""odi?"", ""odmu"", ""ombw"", ""ooym"", ""op) "", ""opiz"", ""opp."", ""orfn"", ""orp!"", ""osru"", ""otef"", ""oxdo"", ""oxx?"", ""p 'l"", ""p 4x"", ""p uw"", ""p) f"", ""p07 "", ""paoh"", ""peu."", ""pho?"", ""pi-g"", ""pnoy"", ""powl"", ""pp. "", ""psag"", ""pu 5"", ""pyry"", ""q1-4"", ""qipr"", ""qnar"", ""qvil"", ""r [b"", ""r dx"", ""r) u"", ""r-mc"", ""r.1."", ""raf-"", ""rafc"", ""rdi)"", ""rdi?"", ""ree7"", ""rfa-"", ""rfna"", ""rgsa"", ""rkss"", ""rnc "", ""rnu-"", ""rooa"", ""rrp "", ""rshp"", ""rt-8"", ""rtgy"", ""rub,"", ""ruuz"", ""rvo'"", ""rvvi"", ""rygv"", ""rzzo"", ""s 8'"", ""s'n'"", ""s). "", ""s? u"", ""s_42"", ""siua"", ""sk-o"", ""sotl"", ""sqvi"", ""st-1"", ""st~b"", ""suod"", ""suzk"", ""t jj"", ""t q'"", ""t): "", ""t-8:"", ""t-yv"", ""t.wo"", ""ta$:"", ""ta/e"", ""tat;"", ""tbe'"", ""ten@"", ""tgys"", ""thez"", ""ti 5"", ""tk02"", ""tkyr"", ""tlmc"", ""tnn'"", ""tokm"", ""tosq"", ""toxd"", ""tr(a"", ""trne"", ""trvv"", ""ts'n"", ""tt):"", ""ttew"", ""ttv:"", ""tu(a"", ""tuzp"", ""tv8 "", ""tvap"", ""tvif"", ""tvof"", ""tvtt"", ""ty12"", ""tyfe"", ""t~bo"", ""u #8"", ""u(a)"", ""u-16"", ""u-86"", ""u.h."", ""u/k-"", ""u701"", ""ub? "", ""udy;"", ""ue(r"", ""ue-v"", ""ujjh"", ""umgi"", ""un.f"", ""uqna"", ""urng"", ""utt)"", ""uum)"", ""uurn"", ""uuul"", ""uuzu"", ""uxau"", ""uxbu"", ""uyay"", ""uydc"", ""uyui"", ""uzke"", ""uzoe"", ""uzpr"", ""uzvi"", ""v-di"", ""v-fe"", ""v-jo"", ""v-ju"", ""v615"", ""v8 m"", ""va'y"", ""vaac"", ""vai!"", ""vamh"", ""vdb "", ""vdl "", ""vel_"", ""viff"", ""vifr"", ""viuu"", ""vivs"", ""vloc"", ""vmv "", ""vo3m"", ""vock"", ""vofo"", ""vtr "", ""vtto"", ""vue-"", ""vur,"", ""vyki"", ""vzlo"", ""w e "", ""w ry"", ""w-rh"", ""wa 9"", ""wa.r"", ""wae?"", ""waok"", ""wc-p"", ""wd &"", ""wdec"", ""we ("", ""wes-"", ""winm"", ""wo-o"", ""wy. "", ""wyde"", ""x-14"", ""x20 "", ""x4 w"", ""xaua"", ""xdol"", ""xen!"", ""xhet"", ""xl o"", ""xor:"", ""xotx"", ""y.hu"", ""yce?"", ""ydco"", ""yfop"", ""yirt"", ""ykru"", ""yksa"", ""yloz"", ""ynca"", ""yo.s"", ""yryz"", ""yvep"", ""zapn"", ""zear"", ""zeh,"", ""zolv"", ""zos-"", ""ztse"", ""ztyk"", ""zvut"", ""zyly"", ""~bou""]",569,1,155,0.0064516129032258064
5,block_infix_fingerprint_v005.json,256,local_split_entropy_equivalence_classes,154,4,0.0,0.1,title,title,91, !/n,"["" !/n"", "" '27"", "" (6 "", "" -a-"", "" 0.6"", "" 30%"", "" 4tv"", "" a4 "", "" ak "", "" b'w"", "" c70"", "" cg:"", "" cpm"", "" e/o"", "" eju"", "" ezk"", "" g6 "", "" ilx"", "" kux"", "" m@d"", "" q p"", "" tl."", "" uim"", "" uy "", "" v.d"", "" wjm"", "" ysm"", ""! !/"", ""! (6"", ""! 9/"", ""!?/o"", ""\"" (p"", ""# 24"", ""$75,"", ""& ej"", ""&mis"", ""'27 "", ""'eyr"", ""'jaz"", ""'jet"", ""'pa "", ""'r, "", ""'re!"", ""'tog"", ""'up/"", ""(146"", ""(2)!"", ""(6 i"", ""(tws"", ""(yay"", "")! j"", ""***a"", ""*ass"", ""*h o"", ""- ow"", ""- p2"", ""- zh"", ""-90s"", ""-a- "", ""-ify"", ""-q m"", ""-wiz"", "". ds"", "".mur"", "".sip"", ""/ cr"", ""/160"", ""/a-2"", ""/ac-"", ""/c-1"", ""/hii"", ""/ho "", ""/ilt"", ""/ofu"", ""/oyu"", ""/suu"", ""/td'"", ""/tsa"", ""/uhr"", ""/usm"", ""/wwe"", ""/zel"", ""0's/"", ""0-br"", ""0.6 "", ""011!"", ""08! "", ""0s-9"", ""1! m"", ""1/mo"", ""11! "", ""14,0"", ""16k "", ""2)! "", ""3-f?"", ""34 w"", ""35is"", ""4,05"", ""46),"", ""51 t"", ""55-s"", ""580s"", ""6), "", ""634 "", ""6k s"", ""736 "", ""7:53"", ""8 gx"", ""8 yr"", ""8! m"", ""8, '"", ""8/sp"", ""80s-"", ""853-"", ""855-"", "":tim"", ""?/oy"", ""a m9"", ""a'r,"", ""a- d"", ""a-22"", ""a/16"", ""a/il"", ""a/of"", ""a/ts"", ""a/uh"", ""a4 s"", ""a4or"", ""abgw"", ""abiw"", ""ac-4"", ""agiw"", ""agy!"", ""amwl"", ""an'm"", ""an?."", ""aoz/"", ""asz:"", ""au '"", ""avlb"", ""ayln"", ""azoj"", ""b'wa"", ""b-q "", ""b/fu"", ""b/go"", ""b/na"", ""b4 1"", ""beg:"", ""bepr"", ""bg v"", ""bgwo"", ""biee"", ""byxi"", ""c g6"", ""c-th"", ""c/ne"", ""cg: "", ""chn "", ""cs q"", ""d cg"", ""da!\"""", ""ddiu"", ""decs"", ""di 9"", ""di/b"", ""diei"", ""dj v"", ""dl 2"", ""dt-b"", ""dub/"", ""dyns"", ""dzii"", ""e -d"", ""e e/"", ""e gx"", ""e/s."", ""e:li"", ""ehie"", ""em?!"", ""epme"", ""er&m"", ""er**"", ""errf"", ""esu)"", ""eta4"", ""ewts"", ""eyve"", ""f b'"", ""f fy"", ""f m@"", ""f/vi"", ""fae,"", ""faeg"", ""ffr "", ""fr 2"", ""ft q"", ""g c "", ""g qt"", ""g-wi"", ""g6 c"", ""g???"", ""geyv"", ""gfu,"", ""gifg"", ""girf"", ""gpop"", ""gsgj"", ""gt50"", ""gudf"", ""h ns"", ""h-uh"", ""h/sk"", ""hda?"", ""her*"", ""hlao"", ""hm ("", ""ho/a"", ""hoyh"", ""hs-i"", ""hsst"", ""i nd"", ""i q5"", ""iaor"", ""id. "", ""ijms"", ""ikbu"", ""ipuj"", ""irnu"", ""is.s"", ""it'd"", ""ivi/"", ""ivky"", ""ivl "", ""izvr"", ""jat/"", ""jmor"", ""jms "", ""jp p"", ""js/n"", ""k 'h"", ""k -a"", ""k/ww"", ""ka'r"", ""kkec"", ""kod!"", ""kro/"", ""krs!"", ""kswi"", ""kul?"", ""kux "", ""l:-)"", ""la/u"", ""lb/f"", ""ldji"", ""lf/v"", ""ln.."", ""lr i"", ""ltyl"", ""lydv"", ""lzet"", ""m-es"", ""m8/s"", ""mamw"", ""maoy"", ""mb/g"", ""mb/h"", ""me:l"", ""mfi:"", ""mj: "", ""mug,"", ""muwi"", ""mwf "", ""mwla"", ""mxg "", ""n! !"", ""n!?/"", ""n' ."", ""n'id"", ""n'ma"", ""n2 d"", ""n: \"""", ""nal4"", ""ndsn"", ""nepm"", ""niop"", ""nnop"", ""no55"", ""no56"", ""no58"", ""no63"", ""no69"", ""no73"", ""no81"", ""no83"", ""no90"", ""no94"", ""nu/p"", ""nuh-"", ""nuhn"", ""nuk!"", ""ny?)"", ""nyvt"", ""o c7"", ""o uy"", ""o.8,"", ""o100"", ""o102"", ""o125"", ""o129"", ""o132"", ""o133"", ""o148"", ""o158"", ""o159"", ""o162"", ""o165"", ""o169"", ""o174"", ""o182"", ""o185"", ""o194"", ""o196"", ""o197"", ""o200"", ""o202"", ""o209"", ""o226"", ""o235"", ""o242"", ""o246"", ""o256"", ""o281"", ""oaia"", ""ob 6"", ""oem:"", ""ojs/"", ""ol:-"", ""opu'"", ""or-k"", ""or/q"", ""otzg"", ""owsa"", ""ox/l"", ""oxo!"", ""oye'"", ""oyhe"", ""pa/1"", ""pam?"", ""pmes"", ""po/a"", ""po? "", ""ps's"", ""pum,"", ""qo: "", ""r wj"", ""r\"" ("", ""r&mi"", ""r' n"", ""r***"", ""r-ui"", ""r/18"", ""rlsk"", ""rma)"", ""rmza"", ""rnu/"", ""ro/y"", ""rsvr"", ""rubw"", ""s! 9"", ""s'up"", ""s) -"", ""s-90"", ""s-if"", ""s/1s"", ""s/bg"", ""s/c-"", ""s2 f"", ""s:ti"", ""sfob"", ""sg p"", ""smc "", ""sps "", ""sqo:"", ""ss:t"", ""sut/"", ""t wt"", ""t-ds"", ""t/aq"", ""t500"", ""ta/w"", ""ta4o"", ""ter&"", ""tgie"", ""tha)"", ""ti/h"", ""tkev"", ""tou?"", ""twss"", ""tyy-"", ""tzgu"", ""u) s"", ""ubgr"", ""uey/"", ""uh-u"", ""uji'"", ""ur-u"", ""uraq"", ""va/i"", ""va/t"", ""vi/o"", ""vio?"", ""vl i"", ""vlb/"", ""vrnu"", ""vrtn"", ""w' g"", ""w' i"", ""w-ap"", ""w-ex"", ""w.mu"", ""w/ c"", ""wdre"", ""wij?"", ""ws-r"", ""wss)"", ""xei?"", ""xg b"", ""xin-"", ""xinn"", ""xm8/"", ""xnif"", ""xoad"", ""y 'o"", ""y) 2"", ""yag,"", ""yda/"", ""ydve"", ""yecs"", ""ylty"", ""yno?"", ""ynt'"", ""yok."", ""ytyl"", ""yvta"", ""yy-p"", ""z c-"", ""z' '"", ""z-90"", ""zaap"", ""zi-d"", ""ziit"", ""znor"", ""znyj"", ""zs-l"", ""zuzo"", ""zzaa""]",457,1,155,0.0064516129032258064
5,block_infix_fingerprint_v005.json,256,local_split_entropy_equivalence_classes,154,4,0.0,0.1,title,title,92," "" d","["" \"" d"", "" 'vy"", "" (85"", "" (pq"", "" -sp"", "" 047"", "" 5-8"", "" 59e"", "" @. "", "" a5 "", "" af!"", "" ecz"", "" f9:"", "" lcs"", "" mgb"", "" myw"", "" nc/"", "" rfr"", "" vp'"", "" xjl"", ""!/le"", ""!? ("", ""\""miy"", ""# eq"", ""$ eq"", ""$1.7"", ""'cab"", ""'t! "", ""'vyz"", ""(2 e"", ""(85)"", ""(low"", ""(noa"", ""(pqp"", "",2 p"", ""-97q"", ""-l-i"", ""-puw"", ""-raa"", ""-rez"", ""-rox"", ""-u-d"", ""-uee"", ""-y/t"", ""..sh"", "".0t "", "".5/d"", "".75 "", ""/297"", ""/amn"", ""/azu"", ""/dmi"", ""/ild"", ""/m-u"", ""/nu "", ""/t-t"", ""0-97"", ""0-bi"", ""0-pi"", ""0/ni"", ""00/n"", ""005,"", ""0t t"", ""1/dr"", ""15/9"", ""2 (v"", ""2 aq"", ""2.0t"", ""245i"", ""296/"", ""2rau"", ""2th:"", ""3.5/"", ""325:"", ""47)!"", ""5 2."", ""5, c"", ""5/99"", ""5/do"", ""50-p"", ""535i"", ""59er"", ""7)!!"", ""7q-u"", ""96/2"", ""97q-"", ""9er "", "": (j"", "": f9"", ""?/m-"", ""@. k"", ""a t1"", ""a!/l"", ""a-2/"", ""a5 2"", ""aca?"", ""adt!"", ""aii)"", ""alfz"", ""aly."", ""an15"", ""aopp"", ""apu2"", ""arf,"", ""arvh"", ""avnu"", ""awey"", ""awsb"", ""b4 a"", ""bbyl"", ""bir:"", ""bn c"", ""bsze"", ""by? "", ""byls"", ""c \""m"", ""c gm"", ""c n "", ""c s'"", ""cavn"", ""cca?"", ""cd c"", ""cfac"", ""cfiz"", ""cge "", ""cjat"", ""cpac"", ""cpic"", ""cs!!"", ""csub"", ""ct!?"", ""ct/r"", ""cubc"", ""cuz?"", ""d yl"", ""d-fu"", ""d/ot"", ""ddra"", ""dihi"", ""dojd"", ""e k,"", ""e'pe"", ""eacj"", ""ealr"", ""edyb"", ""ee'p"", ""egke"", ""eh/j"", ""ehlf"", ""ep/q"", ""epcu"", ""epym"", ""er2n"", ""ev-l"", ""ew'd"", ""eygo"", ""ez/q"", ""f (s"", ""f dv"", ""f/pi"", ""f9:1"", ""fil,"", ""fl -"", ""for)"", ""fotf"", ""fr: "", ""frab"", ""fu/h"", ""fzev"", ""g ae"", ""g lt"", ""g-sl"", ""g/ph"", ""g37 "", ""gafr"", ""gda!"", ""gee,"", ""gghi"", ""ggy)"", ""go \"""", ""gsof"", ""gt5 "", ""gy) "", ""gymb"", ""h -d"", ""h fc"", ""h tl"", ""h/t-"", ""h: ("", ""hev-"", ""hivc"", ""hnbl"", ""hnt!"", ""hsup"", ""ht?:"", ""hte-"", ""i/ya"", ""ia)!"", ""ibi)"", ""icfa"", ""icpi"", ""ie/y"", ""ijkm"", ""ilk!"", ""ilzg"", ""ir-y"", ""isry"", ""iuon"", ""ivi?"", ""iz! "", ""j (t"", ""j-si"", ""jay!"", ""jesf"", ""jfre"", ""jit?"", ""jizn"", ""jjer"", ""jkma"", ""jl s"", ""k) i"", ""k)' "", ""k-yu"", ""k/ia"", ""kdel"", ""ker2"", ""kobz"", ""kpo/"", ""kt 9"", ""ktko"", ""kul."", ""l ms"", ""l- n"", ""l/dm"", ""l/ov"", ""l? f"", ""lc's"", ""ld?/"", ""leh/"", ""lehl"", ""lfyo"", ""lfze"", ""lk!?"", ""lls\"""", ""lopv"", ""lpu "", ""lrya"", ""lubw"", ""lv v"", ""lz' "", ""lzo,"", ""m) -"", ""m/ai"", ""m109"", ""m110"", ""m112"", ""m113"", ""m6 t"", ""m6 w"", ""mdih"", ""mgbe"", ""mlf "", ""moo,"", ""mop-"", ""mvli"", ""mygr"", ""mzhi"", ""n\"" s"", ""n'ob"", ""n/il"", ""nc 4"", ""nc/c"", ""nck)"", ""ne-0"", ""ni/d"", ""nicf"", ""nicj"", ""nk)'"", ""no.e"", ""nuf?"", ""nuq "", ""nymt"", ""nyop"", ""o \"" "", ""o (8"", ""o rf"", ""o-ut"", ""o.es"", ""ocu?"", ""oef,"", ""of/p"", ""oggh"", ""oj ("", ""ojje"", ""omvl"", ""onn'"", ""onx,"", ""opqu"", ""oq o"", ""ou-d"", ""ouo!"", ""ov/z"", ""ovuc"", ""ox/e"", ""p nc"", ""p./r"", ""p/qu"", ""paw!"", ""paw/"", ""pc t"", ""pep-"", ""pf c"", ""pfth"", ""pm s"", ""po/j"", ""poef"", ""popq"", ""pqp "", ""pqui"", ""psbt"", ""q-bo"", ""q-ue"", ""qi ("", ""qp 0"", ""qw b"", ""qw p"", ""r!!?"", ""r' &"", ""r, $"", ""r-t-"", ""r-wu"", ""r-y/"", ""r2ni"", ""ran1"", ""rffm"", ""rfl "", ""rfr:"", ""rlfa"", ""rlz'"", ""rntw"", ""rp-d"", ""rspc"", ""rth8"", ""ruad"", ""rvhe"", ""s-ol"", ""s/az"", ""saa."", ""satp"", ""sbt "", ""scok"", ""seue"", ""siu?"", ""sk!!"", ""slyt"", ""sryo"", ""svu'"", ""t lc"", ""t100"", ""t5 s"", ""tdio"", ""tes7"", ""tfou"", ""th88"", ""tlc'"", ""tp s"", ""ts-f"", ""ts.t"", ""tz'd"", ""tz--"", ""tzec"", ""tzz!"", ""u-je"", ""u/hu"", ""ucnu"", ""ufub"", ""ukhg"", ""umzh"", ""unxp"", ""uq i"", ""utzn"", ""v/ze"", ""vchh"", ""vhet"", ""vnie"", ""vow?"", ""w 'd"", ""w 53"", ""w ft"", ""w wu"", ""w/bo"", ""w/kn"", ""wayt"", ""wezo"", ""wna'"", ""wnte"", ""wodc"", ""wp i"", ""wuep"", ""x vj"", ""x/em"", ""xjl "", ""xsop"", ""xubi"", ""y @."", ""y cw"", ""y-2 "", ""yba'"", ""ybe-"", ""yeb "", ""ylsm"", ""ym!!"", ""yov/"", ""yph "", ""ypuk"", ""yrii"", ""yuk-"", ""yumz"", ""ywod"", ""yx v"", ""z! s"", ""z'd!"", ""z--a"", ""z/qu"", ""zezw"", ""zin!"", ""zki/"", ""zo/e"", ""zpfl"", ""zz!!""]",430,1,155,0.0064516129032258064
5,block_infix_fingerprint_v005.json,256,local_split_entropy_equivalence_classes,154,4,0.0,0.1,title,title,93," ""..","["" \"".."", "" 'y "", "" -op"", "" 11*"", "" 12b"", "" 2.p"", "" 3.t"", "" 30e"", "" 53o"", "" 86>"", "" [ro"", "" a18"", "" a94"", "" afh"", "" awu"", "" cne"", "" e 8"", "" e.k"", "" esv"", "" f 2"", "" gfu"", "" h-i"", "" kix"", "" lji"", "" nlq"", "" o.-"", "" qbe"", "" qel"", "" qvc"", "" s'w"", "" si)"", "" su$"", "" tvd"", "" v49"", "" vuv"", "" wg."", "" x +"", "" xaj"", "" ydm"", "" z 9"", "" z-3"", ""! 35"", ""! 4."", ""!' i"", ""\"" ci"", ""\""..."", ""$exo"", ""& 92"", ""& dp"", ""& fj"", ""&cce"", ""&jan"", ""' '0"", ""'72 "", ""'anz"", ""'otr"", ""'rau"", ""'roe"", ""'tyl"", ""(& m"", ""(bun"", ""(dob"", ""(e)n"", ""(sco"", "")it("", ""* cu"", ""* ma"", ""* ob"", ""*lin"", ""+ ew"", "", qe"", ""- 1,"", ""- 9."", ""-2-a"", ""-adi"", ""-anu"", ""-eeu"", ""-erm"", ""-hi-"", ""-huz"", ""-i-g"", ""-je?"", ""-l.-"", ""-ofw"", ""-pei"", ""-v s"", ""-wip"", "". '8"", "". -o"", "". 76"", "". f "", "".\"" c"", "".+u."", "".-l."", "".-li"", "".-vr"", "".che"", "".d.1"", "".q.-"", "".s.\"""", "".u ("", "".uno"", ""/5. "", ""0-ig"", ""06 ("", ""1 : "", ""1 ul"", ""1* m"", ""1. w"", ""1/fa"", ""11 %"", ""11 :"", ""11* "", ""157:"", ""17er"", ""1a j"", ""2-af"", ""2.p."", ""25,1"", ""2spe"", ""3.te"", ""30er"", ""37 a"", ""3o d"", ""451,"", ""5 ls"", ""5,17"", ""53o "", ""6 (p"", ""6>98"", ""7. g"", ""7er "", ""8* c"", ""851 "", ""86>9"", ""8ht "", ""906-"", ""91 &"", ""983:"", "": \""."", ""; il"", ""? ea"", ""@ gf"", ""[roy"", ""a [r"", ""a dd"", ""a qv"", ""a367"", ""a; i"", ""aaky"", ""ac 0"", ""aca]"", ""ad'j"", ""ad*l"", ""afho"", ""afiu"", ""afme"", ""agyl"", ""ahnm"", ""ajr "", ""akvo"", ""al',"", ""am.1"", ""am99"", ""ams1"", ""amt,"", ""an&c"", ""aodt"", ""aonj"", ""aqri"", ""arhm"", ""aso)"", ""awua"", ""bh, "", ""birq"", ""bivl"", ""bkra"", ""blba"", ""byyt"", ""c' b"", ""c-37"", ""ca ["", ""caty"", ""cavd"", ""ccop"", ""cg f"", ""cilk"", ""ck&j"", ""cmp "", ""cnec"", ""cri."", ""ctej"", ""cu-c"", ""cunq"", ""cy.g"", ""cytr"", ""d gj"", ""d!' "", ""d*li"", ""d.18"", ""dam9"", ""dan&"", ""dasw"", ""dcmp"", ""de ."", ""dig'"", ""dio1"", ""dk p"", ""dlt'"", ""dmyg"", ""dmz,"", ""do.c"", ""dokf"", ""dolh"", ""dozn"", ""dprk"", ""dr.g"", ""dro?"", ""drzt"", ""dskd"", ""dugy"", ""dukb"", ""durj"", ""duwl"", ""dx13"", ""dy):"", ""e)ne"", ""e-wg"", ""e.+u"", ""e.mo"", ""e.q."", ""e.un"", ""e01:"", ""ead*"", ""eafm"", ""easf"", ""ebyy"", ""ecu-"", ""ed.o"", ""edgu"", ""eeaz"", ""eeek"", ""eeuu"", ""efpe"", ""egsd"", ""ehii"", ""ehm-"", ""ehnf"", ""ehnm"", ""ei8h"", ""eilz"", ""eipl"", ""ej's"", ""ejsr"", ""ekaf"", ""ekk!"", ""eks'"", ""elvj"", ""emss"", ""emup"", ""ene("", ""enhv"", ""epr:"", ""erbk"", ""esew"", ""ew(h"", ""ewax"", ""ez 8"", ""ezz,"", ""f26:"", ""fad'"", ""fal-"", ""fap "", ""fcg "", ""fda:"", ""fdtv"", ""fecs"", ""fed."", ""fedj"", ""feka"", ""feks"", ""femc"", ""ffsj"", ""fhol"", ""fisp"", ""fme:"", ""fnac"", ""fomm"", ""fooe"", ""foq:"", ""fpeu"", ""fra?"", ""fsju"", ""fskl"", ""ftto"", ""fyfo"", ""fyke"", ""fynd"", ""fyus"", ""g s'"", ""g' l"", ""g, 4"", ""g-v "", ""gasr"", ""gbin"", ""gchy"", ""gdga"", ""geip"", ""gh-n"", ""gi'r"", ""gitz"", ""gjog"", ""gmik"", ""go.d"", ""gowk"", ""h 06"", ""horq"", ""hpok"", ""hq y"", ""hrju"", ""hru;"", ""hsor"", ""htyr"", ""hveh"", ""hwy:"", ""i fn"", ""i. 9"", ""i8ht"", ""ialp"", ""icax"", ""ick&"", ""idn "", ""ijsw"", ""ikgw"", ""ilbh"", ""ilck"", ""in/5"", ""inn)"", ""io1 "", ""ioe:"", ""ioy "", ""ip.t"", ""iryf"", ""izcu"", ""izdz"", ""izkr"", ""j cy"", ""j qb"", ""j us"", ""jdt."", ""ji-u"", ""jit-"", ""jsri"", ""jssa"", ""jswi"", ""judl"", ""k dn"", ""k nl"", ""k v2"", ""k&ja"", ""k- s"", ""k. '"", ""kahj"", ""kauc"", ""kbib"", ""kdis"", ""ke01"", ""kefu"", ""kfa "", ""kgem"", ""khiu"", ""khly"", ""kidh"", ""kix?"", ""kjin"", ""kjit"", ""kl z"", ""kok'"", ""kol."", ""kozr"", ""ksi."", ""l 4)"", ""l', "", ""l'ri"", ""l.-v"", ""l.65"", ""l.69"", ""l.71"", ""lba!"", ""lbhe"", ""lbyl"", ""lcea"", ""lcod"", ""ldjo"", ""lfyk"", ""li ?"", ""ll'r"", ""llfy"", ""lm(k"", ""ls-v"", ""lsoz"", ""ltao"", ""lvjs"", ""lyyg"", ""m 98"", ""m a4"", ""m gm"", ""m(kn"", ""m. 7"", ""m.1:"", ""m2sp"", ""m999"", ""mau:"", ""mbh,"", ""mdic"", ""mkod"", ""mm '"", ""mmu:"", ""mni."", ""mr.p"", ""ms19"", ""mvog"", ""mz, "", ""mzio"", ""n&cc"", ""n.u "", ""n/5."", ""nau:"", ""nbju"", ""nc 1"", ""nef."", ""nhve"", ""nodp"", ""nok:"", ""np-9"", ""nt'r"", ""nt(e"", ""nudf"", ""nydj"", ""nzay"", ""o hj"", ""o'om"", ""o.-l"", ""o1 q"", ""oa 6"", ""oblb"", ""oby)"", ""odpf"", ""om2s"", ""omhn"", ""onyd"", ""oom3"", ""opa;"", ""oq: "", ""org-"", ""osbr"", ""oukm"", ""ova1"", ""owr "", ""p.tv"", ""pa; "", ""pn g"", ""pos)"", ""pp w"", ""prk:"", ""ptda"", ""ptla"", ""puhl"", ""pv15"", ""q ya"", ""q. -"", ""q.-l"", ""qber"", ""qelq"", ""qria"", ""r 2k"", ""r a9"", ""r.pr"", ""rav."", ""rbkr"", ""rd!'"", ""rda-"", ""rdo)"", ""rdu?"", ""re!)"", ""rebz"", ""rfui"", ""rivm"", ""rkgr"", ""rmdi"", ""rmvo"", ""rnoh"", ""rrox"", ""ru; "", ""rwul"", ""ryes"", ""rzaj"", ""s'we"", ""s-vm"", ""s.\"" "", ""s199"", ""sasm"", ""sbyf"", ""sez,"", ""skdi"", ""skuw"", ""slof"", ""sng "", ""spi."", ""su$e"", ""svys"", ""swrn"", ""t e'"", ""t g "", ""t np"", ""t'ri"", ""t) e"", ""tdar"", ""tgoc"", ""thsw"", ""tikw"", ""tjih"", ""tnaz"", ""tre("", ""tsng"", ""tvd "", ""ty-l"", ""tz-d"", ""tz-k"", ""u 80"", ""u zt"", ""u$ex"", ""u-2-"", ""uci!"", ""udvu"", ""ue.u"", ""uez."", ""uftt"", ""uha)"", ""uikr"", ""ujog"", ""uke0"", ""upsd"", ""uptd"", ""urmd"", ""urmv"", ""uskn"", ""utkh"", ""utsn"", ""uvuz"", ""uwke"", ""uwlo"", ""uzea"", ""v152"", ""v493"", ""vamk"", ""vc h"", ""vd ("", ""vdar"", ""vm k"", ""w 80"", ""w(h)"", ""waxa"", ""wlop"", ""wm 1"", ""wm t"", ""wr p"", ""wrna"", ""wuaj"", ""wunk"", ""x-ab"", ""x. m"", ""x130"", ""xajc"", ""xefl"", ""xiv."", ""xo r"", ""xusb"", ""y): "", ""y.go"", ""yasp"", ""ydji"", ""ydmy"", ""yetv"", ""yew("", ""yidn"", ""yk p"", ""ynsm"", ""yo'o"", ""yofi"", ""yp t"", ""yptl"", ""yrl:"", ""yryg"", ""yut/"", ""yveb"", ""yyge"", ""z 83"", ""z-di"", ""zbad"", ""zcub"", ""zdur"", ""zdze"", ""zm b"", ""znag"", ""zutc"", ""zwi "", ""zwoc"", ""zy 9"", ""zzmu""]",610,1,155,0.0064516129032258064
5,block_infix_fingerprint_v005.json,256,local_split_entropy_equivalence_classes,154,4,0.0,0.1,title,title,94," ""@""","["" \""@\"""", "" (ub"", "" 0-2"", "" 3/6"", "" 3p "", "" 3xt"", "" 7-g"", "" c@f"", "" cbt"", "" e/b"", "" e35"", "" eu/"", "" iu,"", "" mpg"", "" ohb"", "" ohd"", "" os-"", "" pu'"", "" s-w"", "" sw3"", "" wi,"", "" ~da"", ""! s "", ""!/mu"", ""!er!"", ""#@!e"", ""& 34"", ""' og"", ""'/pu"", ""'eko"", ""'huw"", ""'s-k"", ""'s/u"", ""'uwa"", ""(ade"", ""(adv"", ""(paw"", ""(ubc"", ""(wra"", ""(xbo"", ""(yel"", "")pus"", ""*4*2"", ""+dos"", "", 5:"", ""- t-"", ""--ac"", ""--vo"", ""-3-h"", ""-foz"", ""-g a"", ""-j s"", ""-x w"", ""-yo'"", ""/itt"", ""/j.b"", ""/lok"", ""/myt"", ""/wav"", ""/yng"", ""0! s"", ""0pt."", ""130t"", ""19-n"", ""289a"", ""3 (w"", ""3/6 "", ""319:"", ""33 &"", ""37xs"", ""3p &"", ""4 my"", ""520-"", ""59 t"", ""67 h"", ""7-g "", ""; pl"", ""= ar"", ""= ii"", ""?? o"", ""@!er"", ""a-iw"", ""aa)!"", ""adwh"", ""aey?"", ""afmy"", ""ahrv"", ""aki~"", ""am/r"", ""ar(l"", ""aw--"", ""awdl"", ""awhu"", ""b/la"", ""bc) "", ""beai"", ""bi-z"", ""bswo"", ""but/"", ""c-ad"", ""c3 g"", ""c@fe"", ""cbt "", ""cfc "", ""coqt"", ""cs/v"", ""culc"", ""cyfa"", ""d a&"", ""d???"", ""daof"", ""dawd"", ""ddaz"", ""degv"", ""df 1"", ""dos+"", ""dwhe"", ""e (#"", ""e 3p"", ""e 3x"", ""e)pu"", ""e350"", ""eeou"", ""egy?"", ""ejuw"", ""el \"""", ""erfy"", ""eslt"", ""eszh"", ""eu/s"", ""evse"", ""eykl"", ""ezmu"", ""f#@!"", ""fmyc"", ""foxl"", ""fozu"", ""fpal"", ""fs/o"", ""ftoc"", ""fyij"", ""g!/t"", ""g37x"", ""gdy!"", ""ge-r"", ""gihe"", ""giut"", ""gn?/"", ""gneb"", ""ha/p"", ""hawg"", ""hn/w"", ""ho-v"", ""ho/y"", ""hrve"", ""htkr"", ""i 8p"", ""icup"", ""ifsc"", ""in1 "", ""injz"", ""ir +"", ""ir-x"", ""isc4"", ""iyht"", ""iyu'"", ""izu)"", ""jajn"", ""ji/p"", ""joow"", ""jr b"", ""jtob"", ""k nz"", ""ka ="", ""keew"", ""keyk"", ""kezm"", ""kt q"", ""l \""@"", ""lbs!"", ""lex."", ""lrud"", ""ltka"", ""ly--"", ""m t-"", ""mez."", ""mlaj"", ""mliv"", ""msmo"", ""mvc3"", ""mvp'"", ""n1 a"", ""naoe"", ""njzz"", ""nk-f"", ""ns;g"", ""nygy"", ""nymb"", ""o/ly"", ""o/yn"", ""ombf"", ""oqto"", ""orlw"", ""os+d"", ""ow $"", ""p!/w"", ""p-2-"", ""p/ov"", ""p; s"", ""pawh"", ""pczy"", ""piox"", ""pkyl"", ""plze"", ""pma "", ""px-d"", ""qtob"", ""r 7-"", ""r f#"", ""r pm"", ""rce;"", ""rdzy"", ""rfyi"", ""rg 4"", ""rlwa"", ""roh'"", ""rtzs"", ""ru ="", ""ru?'"", ""s pm"", ""s+do"", ""s-kn"", ""sg v"", ""sin1"", ""slte"", ""sok-"", ""srba"", ""sssw"", ""sz #"", ""t c@"", ""t*4*"", ""t-j "", ""t7: "", ""t; g"", ""t; s"", ""tc i"", ""tiih"", ""tivc"", ""tiyh"", ""tozn"", ""u'uw"", ""u) w"", ""u. o"", ""ubc)"", ""ubu,"", ""ui/a"", ""up-2"", ""vc3 "", ""vp's"", ""w $1"", ""w--a"", ""w/ep"", ""waa)"", ""wdle"", ""whus"", ""x/wh"", ""xtaf"", ""xxa "", ""y eo"", ""y nf"", ""y--v"", ""y/ap"", ""y?!)"", ""ygye"", ""ymbu"", ""ysir"", ""yszn"", ""yui'"", ""yuu."", ""zmuv"", ""znyk"", ""zs d"", ""zu) "", ""zzs "", ""~dai""]",285,1,155,0.0064516129032258064
5,block_infix_fingerprint_v005.json,256,local_split_entropy_equivalence_classes,154,4,0.0,0.1,title,title,95," ""af","["" \""af"", "" \""i'"", "" 37e"", "" 7ev"", "" as-"", "" ddt"", "" dk "", "" frl"", "" i.h"", "" ihl"", "" lpi"", "" pr-"", "" wrc"", ""! 31"", ""\""afr"", ""\""i'm"", ""#17/"", ""&zet"", ""'/ae"", ""'/ex"", ""'/sl"", ""'62 "", ""'enz"", ""'mez"", ""'vul"", ""(ava"", ""(dog"", ""(vic"", "", \""a"", ""--16"", ""--ma"", ""-evn"", ""-gle"", ""-ied"", ""-ja,"", ""-luf"", ""-n-a"", "".sup"", "".wee"", "".x.g"", ""//au"", ""/ail"", ""/kae"", ""/nop"", ""/syk"", ""/tik"", ""05- "", ""105-"", ""17/l"", ""2-bo"", ""3ami"", ""5- p"", ""7/lu"", ""74 v"", ""808 "", ""? as"", ""a!?:"", ""a-aw"", ""a-tv"", ""a2ni"", ""ac-n"", ""addn"", ""afhe"", ""agt-"", ""aioa"", ""aj/t"", ""ajso"", ""aloq"", ""aocz"", ""axhj"", ""b-ty"", ""ba2n"", ""bbso"", ""bbsy"", ""bc 4"", ""bc5 "", ""betn"", ""biak"", ""bsy'"", ""bwen"", ""by!?"", ""c 07"", ""c-mu"", ""c/ti"", ""c5 f"", ""c? -"", ""cavy"", ""ciky"", ""clix"", ""d \""i"", ""d'za"", ""d/ec"", ""d/eg"", ""d/ft"", ""da-h"", ""ddef"", ""ddne"", ""decz"", ""dje&"", ""dk o"", ""dosm"", ""e&ze"", ""e'm "", ""e-!!"", ""e.su"", ""e/'l"", ""eanq"", ""edzk"", ""eefz"", ""efz "", ""egdh"", ""eim'"", ""eprz"", ""erfk"", ""exmi"", ""ey!!"", ""fazh"", ""fbi."", ""fe'?"", ""fe.s"", ""fhen"", ""fkat"", ""frli"", ""futv"", ""fz i"", ""g dk"", ""g hr"", ""g/ka"", ""g/ze"", ""gbis"", ""gekg"", ""ggih"", ""gt-g"", ""gurc"", ""gyaf"", ""gyo,"", ""hhha"", ""hs/a"", ""hui!"", ""hybt"", ""i/eg"", ""i/ev"", ""ic 0"", ""id'z"", ""ielj"", ""ik/r"", ""il/u"", ""iq ("", ""ir/'"", ""j. u"", ""j/tr"", ""jak/"", ""jc p"", ""jcia"", ""je&z"", ""jsov"", ""jyoz"", ""jyrs"", ""kazj"", ""kci?"", ""kgew"", ""kjup"", ""kseh"", ""ksiq"", ""ktao"", ""kue."", ""kyd "", ""l/oc"", ""laxh"", ""lc? "", ""lckr"", ""ld50"", ""ldyg"", ""lgev"", ""lgoh"", ""lltj"", ""lof,"", ""loqn"", ""lry?"", ""lt/f"", ""m 7t"", ""m uj"", ""mb48"", ""mcth"", ""mnlo"", ""mok!"", ""mpeh"", ""myuz"", ""n!!:"", ""n--1"", ""n-bb"", ""n//a"", ""nba2"", ""nbc5"", ""ne-!"", ""nhle"", ""nilb"", ""nivh"", ""nl s"", ""nlmc"", ""nmb4"", ""nonh"", ""nruu"", ""nsij"", ""nt--"", ""nv r"", ""nzx1"", ""o's!"", ""o.1,"", ""o; l"", ""oah?"", ""oh'o"", ""oh/s"", ""ohyn"", ""oig,"", ""ol-q"", ""olvr"", ""omnl"", ""on//"", ""onhl"", ""oqn "", ""orh,"", ""orxi"", ""orz'"", ""otpl"", ""oty."", ""ouhf"", ""owdu"", ""ozi?"", ""p/oz"", ""pa? "", ""pacd"", ""pe/'"", ""plc?"", ""po/i"", ""pol!"", ""pp n"", ""ppto"", ""pr-g"", ""pueh"", ""q (c"", ""q (d"", ""q (w"", ""q ve"", ""qimu"", ""qn i"", ""r cf"", ""r/'l"", ""rafh"", ""rc-t"", ""rei/"", ""rlaz"", ""rm/h"", ""rmow"", ""rndu"", ""rsks"", ""rt.m"", ""ruhg"", ""ruwi"", ""rys,"", ""rzt'"", ""s zt"", ""s'/s"", ""s'wu"", ""s/cp"", ""sa't"", ""sooh"", ""sprv"", ""suu-"", ""suv:"", ""t--m"", ""t.mu"", ""tb l"", ""teu,"", ""tlli"", ""tsbl"", ""u 1%"", ""u 51"", ""u/ak"", ""ua-s"", ""ue/'"", ""uehs"", ""uhfa"", ""uht."", ""uosk"", ""uwi "", ""ve'e"", ""vher"", ""viaq"", ""vimb"", ""vmez"", ""vne-"", ""vyci"", ""vymr"", ""w/et"", ""waxt"", ""wduh"", ""wgur"", ""wi 1"", ""wir,"", ""wl k"", ""wlle"", ""wpiv"", ""wrc-"", ""wsen"", ""wsna"", ""wswi"", ""wt/t"", ""wths"", ""wtom"", ""wysy"", ""x.g."", ""x: 3"", ""x: 6"", ""xhja"", ""xlug"", ""xrom"", ""y) l"", ""y?/j"", ""ybte"", ""yd/a"", ""yni,"", ""ynoa"", ""ypka"", ""ysyp"", ""yx k"", ""yzwa"", ""zao:"", ""zetj"", ""zlyh"", ""zt' "", ""zx10"", ""zysm""]",333,1,155,0.0064516129032258064
5,block_infix_fingerprint_v005.json,256,local_split_entropy_equivalence_classes,154,4,0.0,0.1,title,title,96," ""b-","["" \""b-"", "" #3)"", "" '3d"", "" 03,"", "" 4:1"", "" 88/"", "" al?"", "" aop"", "" c-x"", "" eap"", "" i 9"", "" i/m"", "" lvo"", "" q.i"", "" qld"", "" ri-"", "" sx4"", "" t&t"", "" xfr"", "" yda"", ""\""b-l"", ""#ppd"", ""#ppi"", ""% sc"", ""& bm"", ""& cc"", ""& r&"", ""&b i"", ""&t f"", ""'3d'"", ""'am!"", ""'cak"", ""'guc"", ""'udd"", ""'y f"", ""'zab"", ""(pip"", ""(was"", ""(yab"", ""+ ho"", ""+cat"", "",15:"", ""-221"", ""-jwe"", ""-l h"", ""-p c"", ""-peb"", ""-upe"", ""-w-w"", ""-x v"", ""-x75"", ""-xer"", "".2.9"", "".9.3"", "".?/a"", ""/527"", ""/694"", ""/awf"", ""/ca "", ""/de-"", ""/iza"", ""/kop"", ""/lid"", ""/nuk"", ""/t.h"", ""/te "", ""/xab"", ""/z i"", ""0,15"", ""01/a"", ""014?"", ""024:"", ""025:"", ""0th:"", ""1/ac"", ""2.9."", ""22/m"", ""26/5"", ""299/"", ""3 03"", ""35-y"", ""3d' "", ""50li"", ""526/"", ""570-"", ""5:05"", ""6/52"", ""693/"", ""7/bu"", ""70-3"", ""750l"", ""80,1"", ""9.2."", ""93/6"", ""99/3"", "": m "", "": tg"", ""= yi"", ""? ru"", ""?/am"", ""?/jo"", ""a b7"", ""a!/r"", ""a) f"", ""a-oh"", ""a? r"", ""abhl"", ""ac!!"", ""ac/a"", ""adwu"", ""adxs"", ""an \"""", ""aonl"", ""aopu"", ""arxs"", ""awk-"", ""ay-2"", ""b-lu"", ""basw"", ""bayc"", ""be 5"", ""beod"", ""bhlo"", ""bjas"", ""blz "", ""c-x7"", ""c. '"", ""c/bu"", ""ca-o"", ""cef!"", ""chs-"", ""ci 5"", ""ck?/"", ""cksq"", ""coy/"", ""cuz/"", ""d 1&"", ""d 9t"", ""d m6"", ""d- d"", ""d/j."", ""da'n"", ""ddfe"", ""df u"", ""diz?"", ""djip"", ""dkip"", ""dsab"", ""dxsp"", ""dyro"", ""e ql"", ""e) &"", ""e/xa"", ""e421"", ""eesj"", ""eg+c"", ""egpu"", ""egqu"", ""eijn"", ""emyl"", ""eno7"", ""enoz"", ""eo-y"", ""eodv"", ""eorp"", ""ewyp"", ""f-xe"", ""fay,"", ""ffo:"", ""fmaa"", ""fy-l"", ""g 4?"", ""g+ca"", ""gacj"", ""gah!"", ""gap!"", ""gog:"", ""gpuz"", ""gquo"", ""gy-h"", ""h?/r"", ""hlsw"", ""howu"", ""hs-o"", ""hum-"", ""hus'"", ""hvus"", ""i 44"", ""i 9."", ""i s4"", ""i-08"", ""ialh"", ""ie ="", ""iear"", ""iegq"", ""ijfk"", ""ijfm"", ""imyj"", ""irx "", ""itxa"", ""ivui"", ""ix/v"", ""ixif"", ""ixua"", ""j fu"", ""j gq"", ""jfko"", ""jfma"", ""jgon"", ""jm a"", ""jops"", ""jt's"", ""jweo"", ""k sx"", ""k-ju"", ""k-w-"", ""k/aa"", ""k/og"", ""k?/j"", ""ka) "", ""kda "", ""ki-0"", ""kiea"", ""kigm"", ""kjea"", ""krk-"", ""ks) "", ""kspf"", ""ksy'"", ""ktaf"", ""kua!"", ""l cg"", ""l-sn"", ""l/x-"", ""legp"", ""lerx"", ""leyk"", ""lrac"", ""luhl"", ""luv\"""", ""m pb"", ""m-p "", ""m111"", ""m114"", ""m6 s"", ""makj"", ""mb-p"", ""ms- "", ""mu/s"", ""mun?"", ""my-u"", ""myj "", ""mys."", ""n (y"", ""n 2j"", ""n i/"", ""n pd"", ""n!/e"", ""n'ta"", ""n)!!"", ""ndzk"", ""ne/x"", ""ne?."", ""nma?"", ""nml "", ""nn)!"", ""np d"", ""nui:"", ""nv a"", ""nxol"", ""nzl "", ""o cv"", ""o i,"", ""o's."", ""o-jw"", ""o/iz"", ""o/t."", ""o77/"", ""o? x"", ""ob!?"", ""of/j"", ""og/i"", ""ogoz"", ""oh' "", ""ohnr"", ""ombn"", ""org?"", ""osnc"", ""oupm"", ""ov-p"", ""owuh"", ""pam!"", ""pcov"", ""pd? "", ""pdf "", ""peg+"", ""pi!?"", ""pi-k"", ""pjap"", ""ppdu"", ""psce"", ""psi?"", ""puzl"", ""px r"", ""q ja"", ""qd: "", ""qixu"", ""qld "", ""qubo"", ""r 5?"", ""r t,"", ""r.p:"", ""rakf"", ""rja!"", ""rk-v"", ""rl/x"", ""rlsi"", ""ro/e"", ""rp/h"", ""rsh)"", ""rubf"", ""rwez"", ""rx k"", ""s'wi"", ""s- g"", ""s/91"", ""s/z "", ""sasr"", ""saw."", ""seec"", ""seo/"", ""sew?"", ""sh)!"", ""slo/"", ""snci"", ""ss/9"", ""stmy"", ""t ao"", ""t xy"", ""t, 5"", ""tdep"", ""tg -"", ""tijf"", ""titw"", ""tl d"", ""to!:"", ""tomj"", ""trl:"", ""txal"", ""tyhl"", ""tz/r"", ""uarx"", ""uavo"", ""ubnj"", ""uezu"", ""uhs "", ""uitx"", ""ujne"", ""ul/o"", ""umu-"", ""upt,"", ""urt."", ""uv\"" "", ""v\"" t"", ""ve-2"", ""vehn"", ""virb"", ""vp ("", ""vp w"", ""vshy"", ""vusv"", ""vvah"", ""vyag"", ""w! k"", ""w-ab"", ""w-w-"", ""w/aw"", ""w/le"", ""wbug"", ""we/b"", ""weo-"", ""wk-t"", ""wts,"", ""wuhs"", ""x6 m"", ""x75 "", ""xoli"", ""xuve"", ""y &t"", ""y) i"", ""y)!!"", ""y? ("", ""ya!/"", ""yay-"", ""ybe:"", ""ycov"", ""ye/b"", ""yem,"", ""yev'"", ""yj f"", ""ym!:"", ""zasw"", ""zl j"", ""zonp"", ""zood""]",405,1,155,0.0064516129032258064
5,block_infix_fingerprint_v005.json,256,local_split_entropy_equivalence_classes,154,4,0.0,0.1,title,title,97," ""bi","["" \""bi"", "" (29"", "" 1.6"", "" 1/o"", "" 3/w"", "" 34/"", "" 47/"", "" 48."", "" 54."", "" 7-d"", "" 85."", "" 9am"", "" az,"", "" b10"", "" cd:"", "" ckm"", "" e?'"", "" ei?"", "" ej."", "" g'l"", "" ikj"", "" it\"""", "" ktm"", "" op/"", "" otn"", "" p**"", "" zgl"", ""\"" vi"", ""\""bir"", ""\""i d"", ""#000"", ""#1/2"", ""#rea"", ""$ in"", ""$40k"", ""& b-"", ""& io"", ""& jf"", ""&b t"", ""&d d"", ""' 65"", ""'/ci"", ""'68e"", ""'en/"", ""'in/"", ""'syt"", ""'tje"", ""(29/"", ""(ech"", ""***y"", ""*kur"", ""*maz"", "", jj"", ""- gm"", ""- p."", ""-, g"", ""-8-9"", ""-ai-"", ""-ick"", ""-q h"", ""-rui"", "". 2f"", "".- 5"", ""./ad"", ""./wa"", "".? c"", "".erb"", "".g.f"", "".o.x"", ""//ro"", ""/30)"", ""/8 1"", ""/ar1"", ""/bem"", ""/c&d"", ""/cil"", ""/eu-"", ""/ms-"", ""/s/c"", ""/u.n"", ""/vip"", ""/vow"", ""0-ro"", ""03 y"", ""07 z"", ""1- e"", ""1- h"", ""10s:"", ""11/t"", ""13wh"", ""155:"", ""19:z"", ""1n1/"", ""1stl"", ""2,30"", ""2,50"", ""2- g"", ""20/4"", ""22,3"", ""24se"", ""25/b"", ""25/c"", ""25/w"", ""29/3"", ""2dtv"", ""2gs "", ""3/wh"", ""33/t"", ""34/w"", ""3:57"", ""3e v"", ""3wha"", ""4 'w"", ""40-r"", ""47/w"", ""4sev"", ""4w 2"", ""5 ko"", ""5/bu"", ""5/wh"", ""67 u"", ""7 ug"", ""7 zg"", ""7-8-"", ""7/wh"", ""8 lg"", ""8-9 "", ""8. u"", ""80-y"", ""8er'"", ""910s"", ""9:ze"", "":zeh"", ""; kr"", ""? s "", ""_str"", ""a 3/"", ""a*ma"", ""a/py"", ""acfr"", ""ack$"", ""ae? "", ""aesq"", ""ahe,"", ""ai/y"", ""ak'n"", ""amvs"", ""ani*"", ""ap-n"", ""ar10"", ""at_s"", ""aupf"", ""auul"", ""aw'?"", ""axep"", ""axut"", ""b bb"", ""b109"", ""baup"", ""bc-s"", ""bfl8"", ""biih"", ""bj c"", ""bpl "", ""bt/c"", ""byxa"", ""c&d "", ""c'sy"", ""ca/g"", ""cbas"", ""cd:n"", ""cfre"", ""ch@n"", ""ck$ "", ""cud-"", ""cz '"", ""d 7-"", ""d'mi"", ""d'tj"", ""d, $"", ""d-, "", ""d-50"", ""d/ae"", ""d/ci"", ""d:n?"", ""dd q"", ""deiu"", ""dfeh"", ""dfje"", ""dp -"", ""dt 4"", ""dteb"", ""dtis"", ""dubn"", ""duzl"", ""dys/"", ""e; n"", ""eeb'"", ""eeem"", ""efva"", ""ehn?"", ""eipf"", ""eiul"", ""eji!"", ""elfz"", ""elv,"", ""euza"", ""evuu"", ""ewyl"", ""eyns"", ""f \""i"", ""f 77"", ""f-za"", ""f/sk"", ""fbur"", ""fcz "", ""fkae"", ""fl8:"", ""flaz"", ""fsn-"", ""fvan"", ""fzij"", ""ga #"", ""gae?"", ""gd/p"", ""ggo!"", ""ggo,"", ""gh/n"", ""gnu'"", ""gnu,"", ""gs/8"", ""gtod"", ""gtsp"", ""h g'"", ""h gn"", ""h kk"", ""h/dh"", ""h/yi"", ""h@n-"", ""hat_"", ""hkow"", ""hlmu"", ""hst/"", ""huqi"", ""hy/f"", ""hy?/"", ""i ck"", ""i*ku"", ""i-q "", ""i/tk"", ""iadd"", ""ibwu"", ""ifma"", ""igsp"", ""ijl)"", ""insn"", ""ipva"", ""iyu,"", ""j ej"", ""j vl"", ""jben"", ""jdi "", ""ji-q"", ""jj h"", ""juv-"", ""jyo-"", ""k 2-"", ""k$ i"", ""k//r"", ""ka/c"", ""kdat"", ""kfsn"", ""kgab"", ""ki-v"", ""kje,"", ""kt/a"", ""ktsk"", ""kvip"", ""ky-i"", ""l 9t"", ""l = "", ""l fd"", ""l/e-"", ""l8: "", ""la) "", ""ld-,"", ""leee"", ""lefv"", ""lf-z"", ""lgy!"", ""liip"", ""ll ="", ""lme/"", ""logz"", ""lv, "", ""m'd "", ""m-c@"", ""m.- "", ""mamc"", ""maoc"", ""men\"""", ""meu."", ""mled"", ""mo'/"", ""mowm"", ""msge"", ""mydo"", ""n\"" v"", ""n/ak"", ""n/lb"", ""n1/t"", ""ndfj"", ""nevv"", ""ni*k"", ""nlob"", ""nooj"", ""npo/"", ""nu'i"", ""nxt "", ""nz- "", ""o vj"", ""o! 1"", ""o!/h"", ""o'/w"", ""o..?"", ""o.x."", ""o/s/"", ""oatw"", ""ojee"", ""org)"", ""os-i"", ""oxec"", ""oye/"", ""p vp"", ""p***"", ""pfbu"", ""ph q"", ""pl o"", ""ps? "", ""pudy"", ""pusy"", ""pvap"", ""quo'"", ""r zk"", ""r./w"", ""r/dv"", ""r/ep"", ""r; j"", ""r?/r"", ""rgeq"", ""ri15"", ""riq:"", ""rlby"", ""rm/j"", ""rrkl"", ""rs-8"", ""s \""b"", ""s nx"", ""s' 6"", ""s-80"", ""s/8 "", ""s/c&"", ""s; k"", ""sch@"", ""sku,"", ""sm/d"", ""smow"", ""sn-t"", ""sopt"", ""std/"", ""sus)"", ""t 2!"", ""t 9a"", ""t p*"", ""t-ic"", ""t-o/"", ""t/dc"", ""t/dv"", ""t/iv"", ""t/mc"", ""t: 9"", ""t_st"", ""tag)"", ""td/b"", ""tejb"", ""trs-"", ""tt/w"", ""ttpo"", ""tx-p"", ""tysu"", ""u./m"", ""u/ms"", ""ucav"", ""uco?"", ""uctl"", ""ud-c"", ""ugts"", ""uibl"", ""umpn"", ""unn;"", ""upfb"", ""uri1"", ""utsg"", ""uv-a"", ""v 9 "", ""v k "", ""vajb"", ""vd't"", ""vd-k"", ""vd-r"", ""vi w"", ""vipv"", ""vlca"", ""vr j"", ""vzte"", ""w ok"", ""w qa"", ""w/ko"", ""wbfl"", ""wd-5"", ""wke'"", ""wn-n"", ""woc "", ""xam'"", ""xepe"", ""y 'e"", ""y cd"", ""y qa"", ""y-ev"", ""y/b."", ""y/lb"", ""y?/b"", ""ycys"", ""ydiy"", ""ymp?"", ""yn?!"", ""ysui"", ""z '0"", ""z g."", ""z- u"", ""z/ge"", ""zax "", ""zbum"", ""ze-s"", ""zglo"", ""zijl"", ""zugb""]",447,1,155,0.0064516129032258064
5,block_infix_fingerprint_v005.json,256,local_split_entropy_equivalence_classes,154,4,0.0,0.1,title,title,98," ""bo","["" \""bo"", "" \""i\"""", "" $la"", "" 1%/"", "" 19e"", "" 4- "", "" 5-p"", "" 8/2"", "" dwl"", "" fa?"", "" g.h"", "" glw"", "" i/b"", "" k.n"", "" nkl"", "" oim"", "" q.u"", "" ra/"", "" s.n"", "" swm"", "" wi:"", "" wnd"", ""\"" - "", ""\""bon"", ""\""i\"" "", ""\""mik"", ""#179"", ""#560"", ""$lap"", ""%/th"", ""' if"", ""'/sp"", ""'apu"", ""'ebu"", ""'gee"", ""(asm"", ""(sun"", ""*tfl"", "",008"", ""-116"", ""-23 "", ""-e.y"", ""-f.o"", ""-kuo"", ""-ouf"", ""-p.a"", ""-rck"", ""-s.h"", ""-sey"", ""-szi"", ""-t/c"", ""-upg"", ""-yoj"", "".-e."", "".-u."", ""../1"", ""./13"", ""./cu"", "".a.."", "".e.g"", "".i.x"", "".k.-"", "".s y"", ""/\""mi"", ""/29/"", ""/2nd"", ""/e3 "", ""/git"", ""/neb"", ""/rbd"", ""/sfi"", ""025?"", ""07/o"", ""09 1"", ""1%/t"", ""1-ok"", ""116!"", ""16 &"", ""2. 2"", ""23 #"", ""27/0"", ""2a c"", ""3 h2"", ""38 h"", ""4- w"", ""401:"", ""5 u."", ""5-pi"", ""650t"", ""6673"", ""6676"", ""6694"", ""6703"", ""6706"", ""6711"", ""6714"", ""6720"", ""6756"", ""6777"", ""6780"", ""6796"", ""6803"", ""6806"", ""6811"", ""6827"", ""6870"", ""6915"", ""6928"", ""6977"", ""7/ou"", ""7/sp"", ""7092"", ""7094"", ""7098"", ""7102"", ""7104"", ""7109"", ""7131"", ""7132"", ""7153"", ""7181"", ""7201"", ""7208"", ""7217"", ""7228"", ""7245"", ""7253"", ""7303"", ""7322"", ""7328"", ""7334"", ""7368"", ""7385"", ""7395"", ""7423"", ""7430"", ""7464"", ""7473"", ""7477"", ""7479"", ""7480"", ""7492"", ""7512"", ""7515"", ""7523"", ""7525"", ""7531"", ""7548"", ""7551"", ""7567"", ""7578"", ""7581"", ""7599"", ""7608"", ""7626"", ""7638"", ""7642"", ""7648"", ""7667"", ""7674"", ""7678"", ""7683"", ""7690"", ""7695"", ""8:35"", ""8:52"", ""9 oi"", "": q."", "":38 "", ""@ ol"", ""[wed"", ""a/sf"", ""aa/s"", ""aacc"", ""aatb"", ""acck"", ""acuk"", ""adrf"", ""aebn"", ""aj/b"", ""anx/"", ""arl2"", ""at @"", ""av/d"", ""b-em"", ""b/au"", ""b/te"", ""bd/j"", ""bdaq"", ""bi/j"", ""bsio"", ""c/ge"", ""cckk"", ""celp"", ""cf-r"", ""ckkk"", ""ckl-"", ""clek"", ""cloq"", ""ctyv"", ""cuka"", ""cwan"", ""d'we"", ""d./d"", ""d/ry"", ""drfi"", ""dwlf"", ""e-e3"", ""e.-s"", ""e/\""m"", ""e/2n"", ""eagg"", ""edgs"", ""egbr"", ""eh-s"", ""ei-e"", ""etdr"", ""f-rc"", ""f-ru"", ""flo-"", ""fuig"", ""g (e"", ""g-ku"", ""g/rb"", ""glws"", ""gokr"", ""gowg"", ""gs] "", ""h 6 "", ""h rs"", ""h*tf"", ""hoc."", ""hopm"", ""i\"" i"", ""i-15"", ""i-ei"", ""i-sz"", ""i.x."", ""i/e3"", ""i/kn"", ""idr "", ""il'o"", ""immw"", ""ip/r"", ""ipt."", ""ispm"", ""izoa"", ""izuz"", ""j/bl"", ""jmou"", ""jnr."", ""jo/y"", ""jr/y"", ""jyuj"", ""k.-e"", ""k./o"", ""k.n."", ""kh &"", ""kl-k"", ""kl-s"", ""ks/q"", ""kydo"", ""kyhi"", ""l b,"", ""lao."", ""lebd"", ""lf-j"", ""lmck"", ""lwss"", ""m zb"", ""m/i."", ""mb/t"", ""mhub"", ""mme/"", ""mmhu"", ""mmwo"", ""mv d"", ""n 1%"", ""n wt"", ""n'/s"", ""n-y-"", ""naj'"", ""ndt)"", ""nef'"", ""neib"", ""ng?\"""", ""ngs]"", ""nir."", ""nkl-"", ""nkyd"", ""nkyh"", ""ny\"" "", ""ny) "", ""o \""i"", ""ob/a"", ""oe/w"", ""onwr"", ""ony\"""", ""ox/v"", ""oyge"", ""p 3r"", ""p 5-"", ""p.-p"", ""p24 "", ""p3 h"", ""ph/f"", ""pkyn"", ""pto!"", ""pweg"", ""py $"", ""qwee"", ""r 5/"", ""r 8/"", ""r.s "", ""rbd/"", ""rbo/"", ""s] k"", ""sh/z"", ""sos/"", ""spmo"", ""sqwe"", ""swma"", ""szi-"", ""t @ "", ""t cg"", ""t cv"", ""t'ol"", ""t.-f"", ""te/\"""", ""te??"", ""toyg"", ""ttco"", ""tyvo"", ""ua-f"", ""udsv"", ""ufs!"", ""ugi."", ""uhej"", ""uheu"", ""uie."", ""w.-u"", ""w/gs"", ""wndl"", ""wssa"", ""x dy"", ""x-23"", ""xben"", ""y $l"", ""y 4-"", ""y jn"", ""y\"" -"", ""y\"" i"", ""y/ll"", ""yeh-"", ""yhig"", ""ykeo"", ""ymir"", ""yn/s"", ""ys-h"", ""yse?"", ""za-a"", ""zas/"", ""zob "", ""zonh"", ""zuze""]",365,1,155,0.0064516129032258064
5,block_infix_fingerprint_v005.json,256,local_split_entropy_equivalence_classes,154,4,0.0,0.1,title,title,99," ""br","["" \""br"", "" \""ov"", "" \""ro"", "" (k."", "" (lc"", "" (ws"", "" -'a"", "" 1 \"""", "" 1? "", "" 2-m"", "" 82a"", "" a5/"", "" agc"", "" axx"", "" c**"", "" db9"", "" dsa"", "" ghl"", "" kk2"", "" ksm"", "" m35"", "" mi)"", "" nt "", "" q7 "", "" r8 "", "" s80"", "" scw"", "" v2 "", "" w/o"", "" xc7"", "" xlr"", ""!!/m"", ""!/by"", ""\"" pa"", ""\"" sy"", ""\""bra"", ""\""ove"", ""\""rou"", ""'!/a"", ""'9' "", ""'duo"", ""'jon"", ""'o, "", ""'reu"", ""'t/m"", ""(1)!"", ""(2.9"", ""(3)!"", ""(gus"", ""(hes"", ""(k.u"", ""(lao"", ""(lca"", ""(ws)"", "") lu"", "")! a"", "")! g"", "")/u."", "")pop"", ""*'s "", ""**'s"", ""***'"", "", 93"", ""-'a "", ""---g"", ""--gi"", ""-5 v"", ""-9 r"", ""-c d"", ""-en,"", ""-hok"", ""-hvi"", ""-koe"", ""-tum"", ""-v c"", ""-vu?"", ""-y-n"", ""./ju"", "".0 w"", "".9 p"", "".abo"", "".k.)"", ""/999"", ""/dje"", ""/gi "", ""/gss"", ""/omp"", ""/op "", ""/tua"", ""/uje"", ""/wot"", ""/xm-"", ""02-g"", ""1 \""r"", ""1)! "", ""1? t"", ""2' 2"", ""2-go"", ""2-mo"", ""2.9 "", ""3)! "", ""3as "", ""3dd "", ""4.02"", ""4.dr"", ""402-"", ""45am"", ""49 t"", ""5 vs"", ""5/s5"", ""59 p"", ""6 pm"", ""7 td"", ""82a1"", ""84.0"", "": (y"", "": 4e"", "":45a"", ""?) g"", ""a'um"", ""a/td"", ""a5/s"", ""aayk"", ""abt-"", ""ac)/"", ""ag?/"", ""ahst"", ""ai/g"", ""aiaw"", ""aig-"", ""an--"", ""an/9"", ""asp/"", ""at'p"", ""autg"", ""ave\"""", ""aveo"", ""axxe"", ""b! g"", ""b/cr"", ""bbs-"", ""bg a"", ""bt-d"", ""bzza"", ""c lt"", ""c xl"", ""c)/u"", ""c***"", ""c/dj"", ""c/gs"", ""cac)"", ""cch/"", ""chh!"", ""cinm"", ""cl-c"", ""ct \"""", ""cto!"", ""d \""b"", ""d)po"", ""d-hv"", ""d-iv"", ""d/cs"", ""dd +"", ""dtv'"", ""duo'"", ""e a4"", ""e4 n"", ""eayo"", ""ecuj"", ""eg@h"", ""ely\"""", ""ep-r"", ""erkg"", ""ethf"", ""etz."", ""eual"", ""euz?"", ""eyoz"", ""ez '"", ""f (2"", ""f/sc"", ""f1 t"", ""f3 w"", ""ffij"", ""fibu"", ""fifn"", ""fol,"", ""fonf"", ""fpap"", ""fs/d"", ""ftkr"", ""fu-s"", ""fu/k"", ""g (k"", ""g-uk"", ""g-y-"", ""g/ci"", ""g@ho"", ""gaag"", ""gca:"", ""goa'"", ""gpof"", ""gviz"", ""gyp-"", ""h/ug"", ""ha'u"", ""hewd"", ""himz"", ""hne:"", ""hnlo"", ""hoew"", ""hra/"", ""hukb"", ""hvep"", ""hz p"", ""i ff"", ""i m3"", ""i q7"", ""i'is"", ""id-j"", ""idsy"", ""iehb"", ""ietp"", ""ig-y"", ""ill\"""", ""ioa/"", ""iobb"", ""ioi/"", ""iovc"", ""ip/g"", ""ipve"", ""iq/g"", ""iso!"", ""iu-f"", ""j-c "", ""jaol"", ""jb k"", ""jj &"", ""jm t"", ""k! j"", ""kal/"", ""kc: "", ""ks/x"", ""l 02"", ""l-lu"", ""lbaj"", ""lipv"", ""lizq"", ""lkru"", ""ll\"" "", ""lr-v"", ""lruv"", ""lte)"", ""m!/h"", ""m-29"", ""m2a "", ""m35h"", ""mb! "", ""mcmb"", ""md-v"", ""mei."", ""metm"", ""mff:"", ""mfx "", ""miee"", ""mii!"", ""mkc:"", ""mlb'"", ""mmma"", ""mmrf"", ""mo/o"", ""mob'"", ""mp3a"", ""mrf "", ""msf "", ""mtvr"", ""mudw"", ""muv-"", ""myie"", ""n'!/"", ""n---"", ""n/99"", ""nd)p"", ""ndi?"", ""nek'"", ""no52"", ""no61"", ""no62"", ""no76"", ""no79"", ""no82"", ""no84"", ""nob/"", ""nve,"", ""nyi!"", ""nyui"", ""o -'"", ""o q7"", ""o s8"", ""o!!/"", ""o'o,"", ""o130"", ""o131"", ""o140"", ""o142"", ""o145"", ""o147"", ""o153"", ""o154"", ""o166"", ""o172"", ""o173"", ""o178"", ""o179"", ""o188"", ""o191"", ""o192"", ""o214"", ""o216"", ""o217"", ""o218"", ""o219"", ""o220"", ""o222"", ""o225"", ""o227"", ""o231"", ""o244"", ""o249"", ""o252"", ""o264"", ""o267"", ""o271"", ""o284"", ""o286"", ""ob/e"", ""ochf"", ""od?:"", ""odgu"", ""odzu"", ""ofoz"", ""oi/o"", ""oifi"", ""om-g"", ""ond\"""", ""onkk"", ""oofk"", ""ore4"", ""os 0"", ""os?\"""", ""ouje"", ""ovu!"", ""ox/c"", ""ozev"", ""p-ts"", ""p.s:"", ""p/ed"", ""p3as"", ""ponh"", ""psty"", ""pym'"", ""q/ge"", ""q7 t"", ""qiub"", ""r nt"", ""r-aw"", ""r/uj"", ""rbi-"", ""rcuj"", ""re4 "", ""reg@"", ""reyb"", ""rgto"", ""riov"", ""rlol"", ""rm-g"", ""rrax"", ""rs./"", ""rvy/"", ""rwek"", ""rx &"", ""rx 4"", ""ryl/"", ""s a/"", ""s c6"", ""s kf"", ""s./l"", ""sbaj"", ""scwa"", ""si/o"", ""sid-"", ""siu-"", ""sp/l"", ""szth"", ""t \""o"", ""t'po"", ""t./b"", ""td g"", ""tki."", ""tlij"", ""tok/"", ""ts x"", ""tu-v"", ""tugk"", ""tz. "", ""u f3"", ""u-vu"", ""u? a"", ""ubo-"", ""ued?"", ""uhl!"", ""unnk"", ""uv-l"", ""v f1"", ""v2 r"", ""vod:"", ""vos?"", ""w/na"", ""wdir"", ""wged"", ""wjm "", ""wk/y"", ""x/cr"", ""xc 2"", ""xc70"", ""xlr-"", ""xm-2"", ""xorz"", ""xrev"", ""y jb"", ""y\"" s"", ""y?/f"", ""ybde"", ""yedr"", ""yl/k"", ""ymcm"", ""yoe!"", ""yp-t"", ""z. t"", ""zavc"", ""zexi""]",441,1,155,0.0064516129032258064
5,block_infix_fingerprint_v005.json,256,local_split_entropy_equivalence_classes,154,4,0.0,0.1,title,title,100," ""ca","["" \""ca"", ""\""can"", ""'boc"", ""'kum"", ""mouw"", ""wsfl""]",6,2,155,0.012903225806451613
5,block_infix_fingerprint_v005.json,256,local_split_entropy_equivalence_classes,154,4,0.0,0.1,title,title,101," ""ch","["" \""ch"", "") ke"", ""ofib"", ""sdug""]",4,2,155,0.012903225806451613
5,block_infix_fingerprint_v005.json,256,local_split_entropy_equivalence_classes,154,4,0.0,0.1,title,title,102," ""de","["" \""de"", ""(lem"", ""t fb""]",3,2,155,0.012903225806451613
5,block_infix_fingerprint_v005.json,256,local_split_entropy_equivalence_classes,154,4,0.0,0.1,title,title,103," ""dr","["" \""dr"", "" 1-t"", "" 3/p"", "" 33e"", "" 3p!"", "" @ll"", "" eyg"", "" gnb"", "" lq "", "" m'q"", "" m.,"", "" sqa"", "" tvp"", "" v' "", "" v/i"", "" vtt"", "" wti"", "" x'e"", ""!)/c"", ""\""dri"", ""\""we'"", ""#029"", ""#602"", ""' wt"", ""'ael"", ""'inj"", ""'khr"", ""'oni"", ""'quv"", ""(19)"", ""(lob"", "")/co"", ""*sid"", ""+ es"", ""+ ra"", "", 3p"", "", g'"", ""- bm"", ""- x'"", ""-aaw"", ""-edw"", ""-f l"", ""-t/d"", ""-uri"", "".a/f"", "".ri "", ""/ab/"", ""/abl"", ""/aua"", ""/du "", ""/fuk"", ""/gef"", ""/gly"", ""/gub"", ""/iba"", ""/iud"", ""/m 5"", ""/unv"", ""/uro"", ""/zdf"", ""0 'n"", ""1-te"", ""28em"", ""3/gi"", ""3/pa"", ""36e "", ""6/ni"", ""69 t"", ""6e c"", ""? ij"", ""?/my"", ""?/ts"", ""@llu"", ""a 6e"", ""a'ae"", ""a.ri"", ""a.ti"", ""a/ip"", ""a/iu"", ""a?/l"", ""aas'"", ""aeug"", ""ag2o"", ""agiv"", ""ahu!"", ""ajfk"", ""aoa "", ""au/u"", ""auae"", ""avcn"", ""b/pi"", ""baoa"", ""be $"", ""bht "", ""bnab"", ""bog-"", ""bol/"", ""c 3-"", ""c om"", ""c/sh"", ""c/st"", ""c/ta"", ""cc-m"", ""ccoa"", ""cecy"", ""ceth"", ""ci/c"", ""ci/t"", ""cish"", ""ckki"", ""coa'"", ""cocq"", ""creq"", ""cubl"", ""d lk"", ""d!/r"", ""d\"" ("", ""d-ie"", ""davc"", ""dej/"", ""df f"", ""ditm"", ""dke/"", ""doep"", ""du-m"", ""e lq"", ""edu-"", ""effh"", ""eg/d"", ""ej/r"", ""em +"", ""enkb"", ""enu/"", ""epe/"", ""erdp"", ""es.b"", ""esc/"", ""ew/i"", ""ew/v"", ""eygl"", ""fajf"", ""fd v"", ""fe/u"", ""ffhe"", ""fhet"", ""fiud"", ""fmr "", ""fon'"", ""fseh"", ""ftsn"", ""fu.t"", ""fyda"", ""fyr-"", ""g v3"", ""g' u"", ""g-oa"", ""g/ov"", ""gazn"", ""gfej"", ""gg/b"", ""gluu"", ""goaj"", ""guo:"", ""gw 1"", ""h v4"", ""h v5"", ""h!/d"", ""h?/s"", ""hea/"", ""hecl"", ""heje"", ""hiaj"", ""hj-t"", ""hn/z"", ""hryp"", ""humv"", ""hyu-"", ""i 62"", ""i tx"", ""i. 3"", ""i/ay"", ""ieib"", ""iho'"", ""ihtm"", ""iji?"", ""imix"", ""ind\"""", ""ip!/"", ""isp/"", ""iudv"", ""j-tv"", ""j/ro"", ""ja/s"", ""jetw"", ""jeub"", ""jfku"", ""jo? "", ""k wl"", ""kb h"", ""kbeh"", ""kbik"", ""kcci"", ""kg n"", ""khj-"", ""ksl "", ""ksuj"", ""ksyj"", ""kti?"", ""kvsn"", ""l\"" a"", ""la.t"", ""lba/"", ""le.t"", ""lef-"", ""lga-"", ""lkl!"", ""lkpi"", ""lo/p"", ""lp/g"", ""lpdi"", ""lq 1"", ""lr10"", ""lu/e"", ""lz-k"", ""lzje"", ""m v3"", ""m'qu"", ""m/gl"", ""m/pl"", ""mabw"", ""maxt"", ""mgob"", ""mh s"", ""mhug"", ""minp"", ""ml-9"", ""mo +"", ""mpih"", ""mu!?"", ""n lk"", ""n'u "", ""n/zd"", ""ncyk"", ""nl o"", ""nn-a"", ""nodc"", ""nofj"", ""nop'"", ""nu/w"", ""nucs"", ""nwho"", ""nydu"", ""o?/m"", ""oa q"", ""oelz"", ""ofje"", ""oiir"", ""olr1"", ""olzj"", ""oogw"", ""oprt"", ""osix"", ""ot \"""", ""oul\"""", ""owlt"", ""p (w"", ""p/ip"", ""pdie"", ""peue"", ""pfhu"", ""plib"", ""ppaf"", ""prta"", ""qaud"", ""quve"", ""r, #"", ""r/dy"", ""r/op"", ""rgoc"", ""ruh/"", ""s @l"", ""s s1"", ""s-ph"", ""s.be"", ""si/e"", ""sixa"", ""soct"", ""sok/"", ""sp/j"", ""spix"", ""sqau"", ""sseq"", ""sua!"", ""t.a/"", ""t/dw"", ""ta.r"", ""ta/i"", ""tem-"", ""tkdn"", ""tuct"", ""txap"", ""txit"", ""tz/u"", ""u.ta"", ""u/ex"", ""uaeu"", ""ucc-"", ""uckv"", ""ud/j"", ""uf/b"", ""ufse"", ""uh/a"", ""ujo?"", ""ul\"" "", ""ulpd"", ""uosm"", ""usu?"", ""uuju"", ""uxid"", ""uy/u"", ""v 04"", ""v 06"", ""v v3"", ""v/ib"", ""va/n"", ""vcna"", ""vsn "", ""w-ur"", ""w/ve"", ""wed\"""", ""weeh"", ""wes,"", ""winr"", ""wlto"", ""wshw"", ""wtih"", ""x'ed"", ""x/l'"", ""x/pi"", ""xar-"", ""xie-"", ""y bd"", ""ybht"", ""yen!"", ""yogf"", ""yr-t"", ""z g:"", ""z/ur"", ""z/ve"", ""zboc"", ""zoo)"", ""zwo,""]",352,1,155,0.0064516129032258064
5,block_infix_fingerprint_v005.json,256,local_split_entropy_equivalence_classes,154,4,0.0,0.1,title,title,104," ""eg","["" \""eg"", "" #1_"", "" 'nt"", "" + ("", "" -wf"", "" .89"", "" 0 n"", "" 0.4"", "" 070"", "" 1/j"", "" 15a"", "" 2/9"", "" 2ts"", "" 5,3"", "" 60m"", "" 91'"", "" : i"", "" [me"", "" aj:"", "" am3"", "" b'u"", "" bjs"", "" cni"", "" cpl"", "" dj."", "" dsi"", "" e!?"", "" ghj"", "" h-e"", "" hu'"", "" i-4"", "" kr3"", "" kv "", "" nly"", "" oaj"", "" pp:"", "" psu"", "" qap"", "" t-a"", "" uhi"", "" uzv"", "" v.3"", "" vwx"", "" wbh"", ""! ae"", ""! az"", ""! vw"", ""!1 ("", ""\""egg"", ""####"", ""#1_l"", ""#79:"", ""#bca"", ""#fil"", ""#omn"", ""#pos"", ""#qui"", ""#sav"", ""#ven"", ""$5.1"", ""$mon"", ""% en"", ""% il"", ""% ji"", ""% si"", ""% va"", ""'-ag"", ""'-ou"", ""'17'"", ""'28-"", ""': 3"", ""'a':"", ""'aio"", ""'c.s"", ""'e 1"", ""'enk"", ""'hic"", ""'huf"", ""'ike"", ""'k'n"", ""'nti"", ""'nur"", ""'pim"", ""'puc"", ""'tai"", ""'tsl"", ""'yun"", ""(a.s"", ""(alg"", ""(bag"", ""(bew"", ""(ego"", ""(ges"", ""(im)"", ""(nam"", ""(pli"", ""(tek"", "") + "", "")-po"", "")dea"", "")hei"", "")lea"", "")typ"", "")vei"", ""*h':"", ""*mei"", ""*tee"", ""+ (a"", ""+ sl"", "", --"", "", 8,"", "",213"", "",332"", "",7 y"", ""- (u"", ""- 97"", ""- z "", ""-'ku"", ""-08:"", ""-1=2"", ""-304"", ""-4 x"", ""-45,"", ""-475"", ""-69-"", ""-76d"", ""-as'"", ""-azr"", ""-b h"", ""-b. "", ""-e -"", ""-iz'"", ""-k.o"", ""-ke'"", ""-yhd"", ""-zhi"", "". : "", "".' m"", "".' r"", "".-b."", ""...7"", ""..7,"", ""..fi"", ""..se"", ""..zh"", ""./g."", "".084"", "".1 w"", "".15/"", "".3.0"", "".5 d"", "".5.5"", "".8.5"", "".86:"", "".9 f"", "".: 2"", "".: q"", "".a z"", "".a.0"", "".bar"", "".be "", "".dot"", "".e n"", "".eba"", "".erw"", "".fir"", "".i d"", "".i v"", "".m: "", "".nac"", "".nij"", "".qua"", "".rem"", "".rep"", "".se "", "".sol"", "".sui"", "".van"", "".y d"", "".zu "", ""//ze"", ""/03:"", ""/2 c"", ""/2ba"", ""/3 t"", ""/57:"", ""/69:"", ""/7 -"", ""/78:"", ""/85:"", ""/96 "", ""/g.p"", ""/hr."", ""/inp"", ""/p4x"", ""/um "", ""0 (t"", ""0 b'"", ""0 ez"", ""0 gp"", ""0 n'"", ""0 nl"", ""0 ua"", ""0 wr"", ""0 za"", ""0!1 "", ""0% e"", ""0+10"", ""0,7 "", ""0-an"", ""0-ci"", ""0-ya"", ""0/96"", ""0/ci"", ""00/c"", ""010n"", ""02 h"", ""03 o"", ""04.8"", ""047:"", ""05'0"", ""05.."", ""05h4"", ""066 "", ""070:"", ""074 "", ""07:0"", ""093:"", ""0:0 "", ""0:4 "", ""0:96"", ""1 (l"", ""1 (z"", ""1 ci"", ""1 kh"", ""1 km"", ""1 r+"", ""1 wb"", ""1'e "", ""1, v"", ""1,33"", ""1-69"", ""1-87"", ""1-96"", ""1-ic"", ""1-k."", ""1/03"", ""1/57"", ""1/je"", ""10:9"", ""10ny"", ""11'e"", ""12in"", ""13 1"", ""13:1"", ""13hr"", ""14-5"", ""14-e"", ""14-n"", ""14h0"", ""15/h"", ""15:1"", ""15a "", ""17''"", ""17-3"", ""17/6"", ""179t"", ""181."", ""182."", ""183."", ""190."", ""192:"", ""194."", ""19os"", ""19xx"", ""1:32"", ""1=2:"", ""1>19"", ""1_lo"", ""1c4,"", ""1h92"", ""1i m"", ""1min"", ""2 oc"", ""2 ps"", ""2 uo"", ""2) s"", ""2, z"", ""2-1="", ""2-ok"", ""2.. "", ""2/09"", ""2/23"", ""2/50"", ""206."", ""21-8"", ""213,"", ""214-"", ""21>1"", ""23/6"", ""23:5"", ""24's"", ""24,2"", ""24k "", ""25' "", ""25-e"", ""26 c"", ""26 w"", ""273d"", ""28 k"", ""28-a"", ""287t"", ""2=5="", ""2b b"", ""2bat"", ""2bed"", ""2inu"", ""2k n"", ""2ob "", ""2p2r"", ""2tsu"", ""3 (p"", ""3 2 "", ""3 ag"", ""3 ee"", ""3 kg"", ""3 sb"", ""3 sl"", ""3'17"", ""3.. "", ""30 1"", ""30-b"", ""301,"", ""31 c"", ""32 p"", ""32 t"", ""332 "", ""33e "", ""35, "", ""36 f"", ""36 i"", ""362:"", ""37/7"", ""38,5"", ""38ne"", ""3d 1"", ""3ein"", ""3fou"", ""3g ("", ""3g -"", ""3hrs"", ""3oha"", ""3r1c"", ""3rs "", ""3s3:"", ""3tar"", ""4 3 "", ""4 dj"", ""4 dn"", ""4 ly"", ""4 pf"", ""4 ru"", ""4###"", ""4' i"", ""4, m"", ""4,21"", ""4-50"", ""4-7:"", ""4-cy"", ""4-si"", ""4/85"", ""40-c"", ""401-"", ""409."", ""41 b"", ""41 e"", ""41-6"", ""44, "", ""44/8"", ""457m"", ""46 u"", ""462."", ""466."", ""49 e"", ""49 i"", ""490a"", ""494#"", ""4a4f"", ""4c m"", ""4clo"", ""4e g"", ""4glo"", ""4h05"", ""4k g"", ""4nin"", ""4wol"", ""4xl/"", ""5 (m"", ""5 dr"", ""5 iu"", ""5 zi"", ""5' s"", ""5'01"", ""5,30"", ""5-e "", ""5.5."", ""5/95"", ""5/hr"", ""50/9"", ""506a"", ""514-"", ""51mi"", ""525'"", ""53 p"", ""54 e"", ""541-"", ""55/9"", ""57mm"", ""5a p"", ""5doc"", ""5eye"", ""5h42"", ""5ob "", ""5poi"", ""5wom"", ""5x p"", ""5x5,"", ""6 (b"", ""6 aa"", ""6 ad"", ""6 ot"", ""6 sn"", ""6 ww"", ""6-76"", ""606 "", ""60ml"", ""61 d"", ""633 "", ""65 s"", ""65do"", ""68 o"", ""69 h"", ""69-9"", ""6=0 "", ""6b: "", ""7 10"", ""7 23"", ""7 30"", ""7 31"", ""7 39"", ""7 41"", ""7 66"", ""7 ke"", ""7 kr"", ""7 og"", ""7 ww"", ""7 ya"", ""7 yp"", ""7, 8"", ""7, h"", ""7.8."", ""7/78"", ""700%"", ""72 r"", ""72/5"", ""730-"", ""74 j"", ""74 k"", ""749 "", ""75 r"", ""76 r"", ""76dd"", ""77 6"", ""77bo"", ""7:07"", ""7:13"", ""7:23"", ""7:50"", ""7boa"", ""7mm "", ""7na:"", ""8 hz"", ""8 sx"", ""8, u"", ""81 h"", ""81 l"", ""81 o"", ""818 "", ""82 k"", ""83 o"", ""831,"", ""84 k"", ""84c "", ""89 r"", ""89+1"", ""895 "", ""8new"", ""9 11"", ""9 a."", ""9 fm"", ""9 gl"", ""9 le"", ""9 m2"", ""9% w"", ""9.08"", ""9.9 "", ""90 0"", ""90am"", ""92-o"", ""921>"", ""93 y"", ""94 d"", ""94##"", ""944,"", ""947:"", ""95 ("", ""97.4"", ""99 k"", ""9:25"", ""9:54"", ""9o e"", ""9os "", ""9xx:"", "": 2t"", "": zd"", "":0 ("", "":05'"", "":07:"", "":16-"", "":25."", "":30h"", "":4 ("", "":59:"", "":96:"", ""<3 m"", ""= 13"", ""= on"", ""= pe"", ""=0 h"", ""=2: "", ""=5=1"", "">198"", "">>dr"", "">dre"", ""? j'"", ""?/wu"", ""?anx"", ""?e?a"", ""[mei"", ""] da"", ""] ge"", ""] vo"", ""]hab"", ""]mai"", ""]mem"", ""_lou"", ""_vie"", ""a '2"", ""a 5,"", ""a c!"", ""a w/"", ""a)ty"", ""a*te"", ""a-'k"", ""a-yh"", ""a-zh"", ""a.' "", ""a.-b"", ""a./g"", ""a.08"", ""a.m:"", ""a3ta"", ""a40 "", ""a9 -"", ""aaav"", ""aalh"", ""aawi"", ""aazm"", ""abf-"", ""abxa"", ""af'i"", ""agnh"", ""ah-p"", ""ai?/"", ""aid;"", ""aitb"", ""ajiz"", ""akkj"", ""akt-"", ""alc2"", ""alt_"", ""ao-i"", ""apfl"", ""ar(e"", ""ara;"", ""as)-"", ""auww"", ""ay.n"", ""ayif"", ""azsd"", ""b.c:"", ""baor"", ""baxu"", ""bcfi"", ""bdu "", ""becl"", ""bexo"", ""bf-m"", ""bgar"", ""bheo"", ""bui'"", ""bur?"", ""bxan"", ""bzzy"", ""c4, "", ""ca-w"", ""ceig"", ""celk"", ""cfil"", ""cic?"", ""ciuk"", ""ckku"", ""coxl"", ""cpl."", ""curh"", ""d 0 "", ""d'ip"", ""d) 2"", ""d-ir"", ""d/2b"", ""datb"", ""dbam"", ""ddo'"", ""dewb"", ""deyd"", ""df-f"", ""df-w"", ""df.r"", ""dip'"", ""dj. "", ""dnek"", ""doym"", ""drbz"", ""dsym"", ""dto "", ""dtpl"", ""duh?"", ""dusg"", ""dz/a"", ""dzub"", ""e) +"", ""e-b "", ""e. #"", ""e?an"", ""e]ha"", ""e]ma"", ""e]me"", ""eal;"", ""ean)"", ""ebcf"", ""ebex"", ""egg\"""", ""ei ["", ""eig]"", ""el!:"", ""epej"", ""er00"", ""er83"", ""ermt"", ""euim"", ""eut:"", ""ezro"", ""f) l"", ""f.re"", ""faty"", ""fes)"", ""fm c"", ""fnd "", ""fsfe"", ""g -w"", ""g\"" o"", ""g) b"", ""g] v"", ""gacs"", ""gam:"", ""gg\"" "", ""gnhe"", ""gnik"", ""go':"", ""gs-l"", ""gtve"", ""gyi-"", ""h 62"", ""h b,"", ""h'n."", ""h-na"", ""h..!"", ""hcok"", ""hdrb"", ""heai"", ""her0"", ""hhob"", ""hi/i"", ""hivb"", ""hl-s"", ""hle'"", ""i [m"", ""i! v"", ""i!' "", ""i-47"", ""i-kh"", ""i/fx"", ""i?/g"", ""iauw"", ""icoz"", ""ier@"", ""ig] "", ""igtv"", ""iha'"", ""iiet"", ""ijdb"", ""ijej"", ""ijno"", ""ik'a"", ""ikk-"", ""im) "", ""imt!"", ""imug"", ""imyz"", ""iop "", ""ipnj"", ""irwn"", ""is':"", ""itox"", ""ium5"", ""iv/l"", ""ivba"", ""ivbh"", ""ivme"", ""iy: "", ""iyyo"", ""iz'a"", ""j hl"", ""j im"", ""j. :"", ""ja-'"", ""jdbo"", ""jei-"", ""jejt"", ""jlod"", ""josr"", ""jsbe"", ""ju' "", ""k'ai"", ""k, -"", ""k//z"", ""ka-z"", ""kdia"", ""kisg"", ""kiy:"", ""kk-z"", ""kkja"", ""kksi"", ""knyo"", ""kr3w"", ""kt-s"", ""kukr"", ""kv p"", ""l'le"", ""laf?"", ""lbev"", ""lc2:"", ""lcaj"", ""lemc"", ""ler8"", ""li!."", ""lk!'"", ""lpib"", ""lr m"", ""lt-s"", ""lt_v"", ""ltsn"", ""lu 5"", ""lytj"", ""lyzk"", ""m i-"", ""m sf"", ""m) p"", ""m-ot"", ""m2 p"", ""m3r1"", ""m50a"", ""mak."", ""mcic"", ""mg r"", ""mkoz"", ""mlxv"", ""mn k"", ""mokn"", ""mugt"", ""mumr"", ""muom"", ""mz 6"", ""n 94"", ""n m)"", ""n)he"", ""n)ve"", ""na!'"", ""nbao"", ""ney$"", ""nfto"", ""nhig"", ""nhiy"", ""nnfl"", ""nog."", ""nos1"", ""nsh:"", ""ntdi"", ""ntmn"", ""ntyb"", ""nuak"", ""nx ("", ""nyze"", ""nz-j"", ""o bf"", ""o tn"", ""o-ul"", ""o.3)"", ""o: 9"", ""oaos"", ""ocui"", ""odz/"", ""oejo"", ""ohl-"", ""ojtu"", ""okks"", ""oobg"", ""or ."", ""orc'"", ""os1)"", ""ot'-"", ""ou-v"", ""ou/r"", ""ounl"", ""ow 0"", ""owtd"", ""ox/i"", ""oxo,"", ""oytt"", ""ozej"", ""ozsz"", ""ozuj"", ""p 'j"", ""p 08"", ""p'ed"", ""p4xl"", ""pau."", ""pnja"", ""pntm"", ""pp'e"", ""ppnt"", ""pt.5"", ""qabo"", ""qapi"", ""r #0"", ""r .8"", ""r(ed"", ""r(gl"", ""r-rd"", ""r/p4"", ""r00?"", ""r1c4"", ""r83!"", ""ra'y"", ""ralw"", ""rcca"", ""re]h"", ""rgap"", ""rkju"", ""rmt!"", ""rokf"", ""rs-e"", ""rwnu"", ""rwyr"", ""rzaq"", ""s \""e"", ""s)-p"", ""s)le"", ""s.s)"", ""s10 "", ""sa!'"", ""saa'"", ""sab'"", ""sdob"", ""sel)"", ""sgaz"", ""sgiz"", ""si!'"", ""sne!"", ""stm-"", ""sua'"", ""t s1"", ""t'-a"", ""t'-o"", ""t.5a"", ""t.su"", ""t_vi"", ""tbak"", ""tf n"", ""tirw"", ""tj p"", ""tm-t"", ""tmto"", ""toe)"", ""towt"", ""ts \"""", ""tsmy"", ""tzua"", ""u n-"", ""u pp"", ""u' y"", ""u-i:"", ""u-vo"", ""ualh"", ""uarv"", ""uaws"", ""ubzz"", ""uce;"", ""ufsf"", ""uicu"", ""uixu"", ""uk '"", ""ulwh"", ""um50"", ""umup"", ""un)d"", ""un)v"", ""unuo"", ""ur/u"", ""uu' "", ""uza)"", ""uzvr"", ""v'ts"", ""v.3."", ""v/lo"", ""v] d"", ""v] g"", ""v] k"", ""vbaj"", ""vbha"", ""vd h"", ""vebc"", ""vg o"", ""vie4"", ""vie5"", ""vliy"", ""vo/h"", ""vou'"", ""vudd"", ""w 0."", ""wbht"", ""wd v"", ""wf p"", ""wnu'"", ""wotd"", ""wowo"", ""wrem"", ""wros"", ""wstm"", ""wtc:"", ""wtdi"", ""wubz"", ""wvli"", ""wwi'"", ""x/in"", ""x5, "", ""xan'"", ""xe-b"", ""xext"", ""xhdr"", ""xia."", ""xkai"", ""xl/l"", ""xtyn"", ""xunh"", ""xusv"", ""y' 2"", ""y' e"", ""yaez"", ""yalj"", ""ybio"", ""ye-v"", ""yf a"", ""yg i"", ""yg s"", ""yodi"", ""yol!"", ""yp-b"", ""ys's"", ""ytje"", ""yutb"", ""yzka"", ""yzoj"", ""z 38"", ""z 39"", ""z eq"", ""z'ag"", ""z-jo"", ""zapx"", ""zazv"", ""zdim"", ""zivb"", ""zix "", ""zrin"", ""zsdo"", ""ztob"", ""zvam""]",1017,1,155,0.0064516129032258064
5,block_infix_fingerprint_v005.json,256,local_split_entropy_equivalence_classes,154,4,0.0,0.1,title,title,105," ""ex","["" \""ex"", "".d t"", ""d/sk"", ""hlud"", ""o.d "", ""tuup""]",6,2,155,0.012903225806451613
5,block_infix_fingerprint_v005.json,256,local_split_entropy_equivalence_classes,154,4,0.0,0.1,title,title,106," ""f""","["" \""f\"""", "" $ g"", "" 'fd"", "" (11"", "" 12g"", "" 28'"", "" 3/2"", "" 4&5"", "" 69e"", "" 75)"", "" aex"", "" b.2"", "" d17"", "" dwu"", "" dyg"", "" egd"", "" f'k"", "" g.t"", "" gfy"", "" ifr"", "" ijj"", "" im."", "" kr."", "" l-e"", "" m/s"", "" msv"", "" pi."", "" rsi"", "" swk"", "" ta:"", "" uix"", "" v'c"", "" vlc"", "" w &"", "" wca"", "" wpl"", "" zsy"", ""!: z"", ""\"" ou"", ""\""f\"" "", ""$ gr"", ""& az"", ""' u."", ""'27'"", ""'73!"", ""'8 l"", ""'a-c"", ""'abc"", ""'bba"", ""'bic"", ""'blh"", ""'edm"", ""'eso"", ""'fd3"", ""'ime"", ""'irl"", ""'je'"", ""'kha"", ""'pah"", ""'y '"", ""(11/"", ""(164"", ""(pio"", ""(r)s"", ""(rue"", ""(why"", ""): e"", ""): i"", "")ses"", ""- ej"", ""- kd"", ""- rs"", ""-'er"", ""-308"", ""-7 -"", ""-an,"", ""-biq"", ""-elj"", ""-fa "", ""-h h"", ""-izo"", ""-jii"", ""-meh"", ""-roz"", "". #7"", "". rz"", "". z "", "".!: "", ""..!:"", "".fuc"", "".hon"", "".obe"", "".rr:"", ""/95 "", ""/lkp"", ""/s f"", ""0 m "", ""0e r"", ""1 ii"", ""1. i"", ""12gw"", ""18-n"", ""199x"", ""2 'r"", ""27''"", ""28'2"", ""2gwa"", ""3 + "", ""317e"", ""33 +"", ""3e j"", ""3s21"", ""4 (w"", ""4 fp"", ""4 kh"", ""4m: "", ""5 er"", ""5 if"", ""50e "", ""6 ed"", ""640-"", ""65 l"", ""69 #"", ""69em"", ""7 em"", ""7.5."", ""7/95"", ""70-2"", ""7e p"", ""8 lu"", ""8 m/"", ""8'27"", ""8, q"", ""83 f"", ""860-"", ""9,8 "", ""9-1 "", ""98 j"", "": gf"", ""; le"", ""a -t"", ""a d1"", ""a'ra"", ""a-ef"", ""a-oc"", ""a.rr"", ""aa.r"", ""ac-u"", ""accy"", ""addk"", ""adhm"", ""adn,"", ""ae-z"", ""aext"", ""afhi"", ""afo)"", ""aft)"", ""ahaq"", ""ahfi"", ""ajhl"", ""akkp"", ""al-7"", ""amn:"", ""anqe"", ""aoco"", ""aosk"", ""arb,"", ""awgn"", ""axee"", ""b 'h"", ""b 34"", ""b dl"", ""b-ac"", ""bady"", ""bawt"", ""bey."", ""bfia"", ""bohg"", ""bryi"", ""bt. "", ""bucj"", ""but'"", ""c! j"", ""c(s)"", ""c-un"", ""c-zm"", ""cgah"", ""cit@"", ""civy"", ""ckyz"", ""cocy"", ""coj "", ""cq o"", ""d 9,"", ""d lg"", ""d'a-"", ""ddka"", ""ddo?"", ""dezm"", ""de~d"", ""diiv"", ""dlae"", ""domv"", ""dsia"", ""dua:"", ""duiw"", ""dve!"", ""dwud"", ""dygr"", ""e \""f"", ""e $ "", ""e 6'"", ""e gb"", ""e(le"", ""e-h "", ""e.ho"", ""ec! "", ""ecys"", ""ed!."", ""efok"", ""egdi"", ""eia?"", ""eiut"", ""ejm "", ""ekhl"", ""ektd"", ""emch"", ""epbe"", ""epiq"", ""eqma"", ""era("", ""esi)"", ""eu(r"", ""euz-"", ""eviq"", ""ext)"", ""exxc"", ""eya-"", ""ez'b"", ""e~da"", ""f\"" o"", ""f'ka"", ""fadh"", ""fd3'"", ""fea."", ""ffyv"", ""fhid"", ""fim:"", ""finm"", ""fok'"", ""fsty"", ""fu-a"", ""fu-i"", ""furz"", ""g b:"", ""g vg"", ""ga ."", ""gcra"", ""gdr "", ""gemh"", ""gic("", ""gitk"", ""gja,"", ""gkiy"", ""gkyo"", ""gmax"", ""gnsg"", ""go3 "", ""gro)"", ""gueb"", ""guo!"", ""h ug"", ""hemc"", ""heqm"", ""hidm"", ""hiey"", ""hioz"", ""hpe "", ""hrtm"", ""ht!:"", ""hth,"", ""hti?"", ""hu 7"", ""huov"", ""hwiz"", ""hzin"", ""i h-"", ""i qy"", ""ib '"", ""ibe."", ""ic(s"", ""ic-z"", ""ick;"", ""id 8"", ""idoa"", ""iduv"", ""ieph"", ""ieye"", ""ifi?"", ""ifst"", ""ijkp"", ""impw"", ""ior;"", ""ipec"", ""itpf"", ""iu-c"", ""iuyu"", ""ixci"", ""j nj"", ""jasb"", ""jegk"", ""jff "", ""jhli"", ""jidu"", ""jil-"", ""jirj"", ""jiuy"", ""jkpl"", ""jm i"", ""joeu"", ""jogb"", ""jokb"", ""jowj"", ""jp i"", ""jrho"", ""jsve"", ""jual"", ""judr"", ""juk-"", ""jumy"", ""jv: "", ""jwol"", ""k 4&"", ""k/or"", ""k2 ("", ""k3 b"", ""k3s2"", ""k; p"", ""kagb"", ""kaoj"", ""kas-"", ""kemr"", ""kepb"", ""kghz"", ""kimj"", ""kip!"", ""kivf"", ""kjv:"", ""kk ("", ""kkpp"", ""kl 7"", ""klu-"", ""ko'a"", ""kokv"", ""komr"", ""kp g"", ""kppu"", ""kr. "", ""krzn"", ""ks-d"", ""kt!!"", ""ktd "", ""ktdi"", ""ktse"", ""kuib"", ""kutj"", ""kuug"", ""kuxa"", ""ky 9"", ""kyzi"", ""kz9 "", ""l 2o"", ""l 7/"", ""l k'"", ""l'kh"", ""l-7 "", ""l.a!"", ""l.aa"", ""l.j."", ""la-3"", ""laiq"", ""lakp"", ""lbu "", ""lcav"", ""lchl"", ""ler7"", ""leu("", ""lgim"", ""lhus"", ""lirf"", ""lkic"", ""ll.a"", ""lo'h"", ""logc"", ""lqin"", ""ltmi"", ""lu'b"", ""lu-m"", ""luah"", ""luxm"", ""lwy "", ""ly +"", ""lya!"", ""lykl"", ""lyvy"", ""lzoj"", ""m 3/"", ""m iw"", ""m'po"", ""m's:"", ""m. 0"", ""m4m:"", ""mabk"", ""meud"", ""mexc"", ""mivl"", ""mmfr"", ""moyi"", ""mp'e"", ""mr.f"", ""msv "", ""muly"", ""mval"", ""n #0"", ""n p1"", ""na ."", ""nde~"", ""nivk"", ""nkiz"", ""nlur"", ""npli"", ""nus1"", ""nuu,"", ""nvex"", ""nys;"", ""nzav"", ""o'o:"", ""o/lk"", ""o3 w"", ""o?!."", ""obbr"", ""ocay"", ""ody;"", ""ogcr"", ""ohig"", ""ohrh"", ""oizk"", ""oja)"", ""oky."", ""olsf"", ""op #"", ""opui"", ""oq n"", ""oudq"", ""oui!"", ""ouqs"", ""ouun"", ""ox-f"", ""oyud"", ""oz j"", ""pbau"", ""pben"", ""pbil"", ""pe't"", ""pel!"", ""phaw"", ""pizd"", ""pjas"", ""pkiy"", ""pol?"", ""ppbi"", ""q d'"", ""qa f"", ""qabd"", ""qina"", ""qish"", ""qmas"", ""qraf"", ""qsor"", ""r .4"", ""r vj"", ""r)se"", ""r.fu"", ""r.ob"", ""ra(t"", ""rakd"", ""rc k"", ""rey;"", ""rgac"", ""rjir"", ""rtls"", ""ruuu"", ""ryaj"", ""rynq"", ""rzvi"", ""s tl"", ""s zv"", ""s219"", ""sd '"", ""sek."", ""sewu"", ""sh/y"", ""shju"", ""shvu"", ""sihk"", ""sijw"", ""sje."", ""sl i"", ""soh "", ""srel"", ""sui)"", ""sv a"", ""swkh"", ""sygm"", ""sz. "", ""sztn"", ""tafh"", ""tatw"", ""tbyu"", ""td 2"", ""tjut"", ""tof,"", ""tryb"", ""ts-n"", ""tsi'"", ""tu-s"", ""tz x"", ""tzud"", ""u 'v"", ""u iw"", ""u o:"", ""u wc"", ""u'bb"", ""u(r)"", ""u-ag"", ""u-iz"", ""uasf"", ""ucoj"", ""udqu"", ""udr."", ""ufok"", ""ug-g"", ""ugiv"", ""ugof"", ""uhu-"", ""uihk"", ""uir)"", ""uiwe"", ""uk-u"", ""ulqi"", ""une)"", ""uo 2"", ""uqet"", ""uqso"", ""ur.o"", ""urc "", ""urnj"", ""ursm"", ""uryc"", ""urzv"", ""usnt"", ""ut-k"", ""utce"", ""utn,"", ""uxfe"", ""uyo:"", ""v'ca"", ""v. y"", ""vaky"", ""ve(l"", ""ve.h"", ""vebz"", ""veef"", ""vex-"", ""vir:"", ""vnid"", ""vopu"", ""vouq"", ""vsfl"", ""vshj"", ""vssl"", ""vuro"", ""vya'"", ""w: z"", ""waio"", ""wcal"", ""wdyl"", ""wgno"", ""why)"", ""wkht"", ""wmor"", ""wu-s"", ""wudz"", ""wyzy"", ""x-sq"", ""xcia"", ""xcio"", ""xees"", ""xfer"", ""xv g"", ""xvi,"", ""xxcu"", ""y x'"", ""y! 5"", ""y! 6"", ""y-su"", ""yaj "", ""yakc"", ""yawl"", ""ybec"", ""yepp"", ""yfem"", ""ygou"", ""yikc"", ""yim,"", ""yji "", ""yky-"", ""yn-f"", ""ynqu"", ""yok)"", ""youu"", ""yov,"", ""ysek"", ""yueb"", ""yv b"", ""yvyt"", ""yzyn"", ""z9 -"", ""zaps"", ""zat."", ""zes."", ""zgry"", ""zi-i"", ""znyo"", ""zojm"", ""zsyg"", ""ztne"", ""zud "", ""zuht"", ""zvak"", ""~dal""]",641,1,155,0.0064516129032258064
5,block_infix_fingerprint_v005.json,256,local_split_entropy_equivalence_classes,154,4,0.0,0.1,title,title,107," ""fi","["" \""fi"", "" \""qu"", "" 'wl"", "" 92,"", "" a3z"", "" dx8"", "" e.x"", "" e20"", "" ewb"", "" f@c"", "" flw"", "" hgh"", "" hlm"", "" i-1"", "" kft"", "" rfc"", "" rfi"", "" w/k"", "" xaf"", "" xb-"", "" xc:"", ""!\"" o"", ""\""fin"", ""\""qua"", ""#006"", ""#54:"", ""#73:"", ""' nc"", ""'au-"", ""'cad"", ""'hoy"", ""'igr"", ""'wlb"", ""(p)f"", ""(sav"", "")fun"", "")lik"", ""-678"", ""-erz"", ""-te!"", "".-gi"", ""..we"", "".1' "", "".2 -"", "".tru"", "".wei"", "".x.c"", ""/a.b"", ""/m 1"", ""/zez"", ""0 hl"", ""0/el"", ""00/e"", ""00?/"", ""0?/s"", ""0hro"", ""1 mm"", ""1' v"", ""1.3:"", ""10hr"", ""1x04"", ""3hab"", ""4.3:"", ""40 z"", ""450:"", ""49 y"", ""5 ip"", ""5.2:"", ""51 j"", ""56 l"", ""6.1:"", ""6x01"", ""717:"", ""800?"", "": g4"", ""a kf"", ""a- i"", ""a-er"", ""ag-q"", ""agfl"", ""alh "", ""aoh/"", ""ap.c"", ""au/w"", ""awds"", ""b-67"", ""b. q"", ""bdat"", ""behj"", ""bfug"", ""biov"", ""btw "", ""bynu"", ""chp "", ""clij"", ""co 0"", ""d 2x"", ""dc j"", ""dehv"", ""djug"", ""dun!"", ""dx8:"", ""e 5)"", ""e 6-"", ""e t1"", ""e-wm"", ""e.d!"", ""ea-u"", ""eao/"", ""ebuo"", ""eewr"", ""efga"", ""ehva"", ""eli)"", ""emyn"", ""epaq"", ""etc:"", ""ew/p"", ""exw "", ""ezo!"", ""ezuo"", ""f \""q"", ""f rf"", ""f-ke"", ""f@ce"", ""fab5"", ""faym"", ""ffs'"", ""fid,"", ""fla5"", ""flbo"", ""flw "", ""fou?"", ""ft- "", ""g 1s"", ""g!\"" "", ""gkch"", ""glur"", ""gs-q"", ""gy/q"", ""h1 v"", ""hlm "", ""hn-l"", ""hp 1"", ""hr-h"", ""i-10"", ""ijmp"", ""iksu"", ""iouf"", ""izsn"", ""jaj,"", ""jan?"", ""jmpo"", ""jun,"", ""kchp"", ""kft."", ""ktfi"", ""l r-"", ""la5h"", ""lao/"", ""lbo,"", ""lbob"", ""leg?"", ""lh p"", ""lme!"", ""ln?/"", ""lw o"", ""lw t"", ""m dx"", ""m/ep"", ""mtsc"", ""murx"", ""muuh"", ""n wd"", ""nbo)"", ""neu:"", ""ng!\"""", ""ngi?"", ""nsv:"", ""nt'c"", ""nx?/"", ""nyiz"", ""o f@"", ""o.-g"", ""ock\"""", ""oe/r"", ""ohlv"", ""oom)"", ""ops\"""", ""os& "", ""ouao"", ""oujn"", ""oxem"", ""oxyd"", ""oyd-"", ""p)fu"", ""p3x "", ""pbj "", ""pf!:"", ""pflb"", ""pift"", ""pinq"", ""pp-s"", ""ppsk"", ""pr21"", ""pryt"", ""r 7s"", ""r bz"", ""r hg"", ""r'sh"", ""r211"", ""r3ha"", ""rey?"", ""rgs!"", ""rha,"", ""riu,"", ""ros&"", ""rvsa"", ""rxai"", ""s& o"", ""s/a."", ""ssfr"", ""sv: "", ""szro"", ""t xc"", ""t- l"", ""t.1'"", ""t.2 "", ""tg 1"", ""ti/z"", ""tlaq"", ""tocz"", ""tse!"", ""tw i"", ""uaou"", ""uclo"", ""udfi"", ""uhh."", ""urxt"", ""uuhh"", ""vosn"", ""w xt"", ""w1 m"", ""wap."", ""wdsl"", ""wlba"", ""x01:"", ""xb-6"", ""xemi"", ""xpr2"", ""xw x"", ""xxi,"", ""xyda"", ""y \""f"", ""y a'"", ""y xb"", ""ydab"", ""ye/w"", ""yenr"", ""yezt"", ""yizs"", ""yks,"", ""yss/"", ""yuu?"", ""z-ti"", ""zec?"", ""zsni"", ""zuoj"", ""zwat""]",269,1,155,0.0064516129032258064
5,block_infix_fingerprint_v005.json,256,local_split_entropy_equivalence_classes,154,4,0.0,0.1,title,title,108," ""gi","["" \""gi"", "" (__"", "" 1-k"", "" 12+"", "" 51,"", "" 99'"", "" [86"", "" [99"", "" [ab"", "" [ag"", "" [be"", "" [da"", "" [fl"", "" [ha"", "" [hu"", "" [in"", "" [ki"", "" [lo"", "" [ma"", "" [on"", "" [pu"", "" [si"", "" [sp"", "" [st"", "" [ta"", "" [to"", "" [tr"", "" [up"", "" a.]"", "" cp2"", "" f-0"", "" gge"", "" hsh"", "" q h"", "" ujj"", "" up]"", ""! [c"", ""! [g"", ""! [p"", ""\""gir"", ""$ on"", ""'$ o"", ""'] m"", ""'kao"", ""'rez"", ""(__)"", ""(ish"", ""*rec"", "", 99"", ""-j5/"", ""-mu-"", ""-no!"", ""-xy "", "". [g"", "". [k"", "". [t"", "".dou"", "".moo"", ""/43 "", ""/9-d"", ""0b56"", ""0t25"", ""1, w"", ""1:13"", ""1b78"", ""1c97"", ""2/43"", ""2w56"", ""3: ["", ""3:36"", ""42/4"", ""5/9-"", ""563 "", ""7 id"", ""784 "", ""7p46"", ""7r49"", ""7r51"", ""8h46"", ""8s51"", ""8w50"", ""9 is"", ""9 ok"", ""9's "", ""9, y"", ""9-do"", ""92 j"", ""99's"", ""9: ["", "": [8"", "": [9"", "": [a"", "": [b"", "": [c"", "": [d"", "": [f"", "": [g"", "": [h"", "": [i"", "": [l"", "": [m"", "": [n"", "": [o"", "": [r"", "": [s"", "": [u"", "": [w"", "": uh"", "": uj"", ""[ do"", ""[86 "", ""[99 "", ""[abo"", ""[age"", ""[bef"", ""[cha"", ""[che"", ""[dan"", ""[fli"", ""[gas"", ""[goe"", ""[hav"", ""[hun"", ""[in "", ""[is "", ""[kis"", ""[loo"", ""[max"", ""[now"", ""[on "", ""[pos"", ""[pul"", ""[pus"", ""[rea"", ""[sie"", ""[spe"", ""[sti"", ""[tam"", ""[tas"", ""[to "", ""[tra"", ""[ups"", ""[wea"", ""] bu"", ""] di"", ""] ha"", ""] he"", ""] hm"", ""] i "", ""] i'"", ""] is"", ""] ma"", ""] no"", ""] oh"", ""] oo"", ""] po"", ""] th"", ""] wh"", ""] yo"", ""_) c"", ""__) "", ""a 2)"", ""a] d"", ""a] w"", ""aeud"", ""aft]"", ""ah. "", ""ail]"", ""ajfa"", ""al] "", ""amrs"", ""ase]"", ""ata]"", ""aw-y"", ""ax? "", ""b563"", ""b784"", ""b] w"", ""baip"", ""bomy"", ""c-48"", ""c972"", ""cdet"", ""ce] "", ""ced]"", ""cigd"", ""cz 1"", ""czba"", ""d] y"", ""dhtr"", ""dt! "", ""duzb"", ""e *r"", ""e ->"", ""e' y"", ""e'] "", ""e'fa"", ""e. '"", ""e. ["", ""e] b"", ""e] m"", ""e] o"", ""e] t"", ""e] w"", ""e] y"", ""ecde"", ""ed] "", ""eduq"", ""ehm,"", ""el] "", ""ely]"", ""eog-"", ""es] "", ""et] "", ""etvu"", ""eutj"", ""evov"", ""ey] "", ""f.p:"", ""fag."", ""fit]"", ""fsgr"", ""ft] "", ""g(is"", ""gbuh"", ""gdem"", ""gla!"", ""grr-"", ""gvaz"", ""gzol"", ""h-a "", ""h462"", ""h? y"", ""h] m"", ""ha'r"", ""hik."", ""hmm!"", ""hom,"", ""hot]"", ""hsna"", ""hyvy"", ""iaod"", ""ic-4"", ""ice]"", ""ick]"", ""iczb"", ""ie] "", ""il] "", ""iqan"", ""it'$"", ""it] "", ""iuyi"", ""j5/9"", ""jaud"", ""je-g"", ""jfa!"", ""jkt,"", ""jynj"", ""k 'b"", ""k, 2"", ""k. ["", ""k? i"", ""ko 6"", ""ks] "", ""kusw"", ""l. ["", ""l. y"", ""l? ("", ""l] m"", ""l] n"", ""l] p"", ""labm"", ""le] "", ""ley]"", ""lfaa"", ""ljyn"", ""lodj"", ""ltd,"", ""lub]"", ""lumt"", ""ly] "", ""lzsa"", ""m hs"", ""max."", ""mhwa"", ""mie]"", ""mizl"", ""mlu "", ""mmme"", ""mojh"", ""mokj"", ""mrse"", ""myn'"", ""n: ["", ""n] h"", ""n] o"", ""nd ]"", ""ne] "", ""nes]"", ""nfui"", ""ng(i"", ""ng*."", ""nks]"", ""nny]"", ""ny] "", ""o! ["", ""o: ["", ""obip"", ""oe 5"", ""ofl "", ""ojho"", ""ol-n"", ""ole]"", ""omhw"", ""omlj"", ""on] "", ""one]"", ""oth]"", ""ove]"", ""ox-u"", ""p468"", ""p] n"", ""p] w"", ""p] y"", ""ps] "", ""qiuy"", ""r-j5"", ""r492"", ""r518"", ""ral]"", ""rd?!"", ""re *"", ""rgts"", ""rilc"", ""rox-"", ""rr-r"", ""rsfl"", ""ry?)"", ""rza?"", ""s \""g"", ""s (7"", ""s! ["", ""s.mo"", ""s510"", ""s] h"", ""s] i"", ""s] o"", ""sa] "", ""se] "", ""set]"", ""sevk"", ""sid:"", ""sku."", ""sly]"", ""sps]"", ""sujs"", ""t255"", ""t] h"", ""t] i"", ""t] m"", ""t] t"", ""ta] "", ""te']"", ""th] "", ""thi?"", ""u i."", ""ub] "", ""uh? "", ""uhuh"", ""um'c"", ""ung("", ""up] "", ""usa]"", ""uyap"", ""ve'f"", ""ve] "", ""vegf"", ""vket"", ""vlll"", ""vo!!"", ""w (_"", ""w.do"", ""w1 a"", ""w2 r"", ""w504"", ""w561"", ""w562"", ""wajs"", ""wf g"", ""wo'm"", ""wofl"", ""wolw"", ""ww.d"", ""wzw:"", ""x 85"", ""x! ["", ""x-25"", ""x-uv"", ""x-xy"", ""x? o"", ""xahh"", ""xemo"", ""xexe"", ""xma:"", ""xofr"", ""xpw "", ""xua'"", ""xvll"", ""xx-r"", ""xx-x"", ""y2 t"", ""y] i"", ""y] m"", ""y] o"", ""yedd"", ""yieu"", ""yli."", ""ynja"", ""yosl"", ""yrmw"", ""yu-l"", ""yuxw"", ""yvy,"", ""yydo"", ""z (z"", ""z-da"", ""zaac"", ""zah-"", ""zaoy"", ""zavy"", ""zboh"", ""zda,"", ""zeb:"", ""zel]"", ""zhyv"", ""zivx"", ""zjoe"", ""zk: "", ""zog'"", ""zolw""]",440,1,155,0.0064516129032258064
5,block_infix_fingerprint_v005.json,256,local_split_entropy_equivalence_classes,154,4,0.0,0.1,title,title,109," ""hi","["" \""hi"", "" $13"", "" $4."", "" 'x "", "" (bb"", "" (gy"", "" (nm"", "" (tn"", "" 1+1"", "" 13p"", "" 2/k"", "" 5/6"", "" 9-b"", "" 9-g"", "" 9-k"", "" bd7"", "" cx5"", "" d-o"", "" dws"", "" ed;"", "" g'm"", "" h w"", "" ke!"", "" lcb"", "" ls4"", "" m k"", "" q k"", "" t u"", "" yii"", ""! q "", ""! z "", ""!/gr"", ""\""hi\"""", ""#3 t"", ""$130"", ""& 06"", ""'; m"", ""'kif"", ""'s/a"", ""'uh/"", ""'x f"", ""(bbv"", ""(cop"", ""(gye"", ""(net"", ""(nm)"", ""(tn)"", ""(v1."", ""), o"", "")tus"", "")~!!"", "", 'k"", "", ck"", ""- 5/"", ""- m'"", ""-20-"", ""-555"", ""-ak "", ""-caw"", ""-d'u"", ""-d/m"", ""-hey"", ""-ihm"", ""-l a"", ""-v e"", ""-ve-"", ""-wro"", ""-yol"", "".01)"", ""/3 o"", ""/9.9"", ""/abi"", ""/ahh"", ""/anv"", ""/b.g"", ""/c+c"", ""/e.g"", ""/gad"", ""/mdl"", ""/ome"", ""/puc"", ""/sqo"", ""/t.j"", ""0 (c"", ""01):"", ""05 &"", ""0s. "", ""1 9-"", ""1-55"", ""11 9"", ""130,"", ""13pt"", ""2/e."", ""2/ki"", ""3pt "", ""4. -"", ""40s."", ""42/e"", ""43:1"", ""475:"", ""5 mr"", ""5-ve"", ""5/6 "", ""55-v"", ""6, v"", ""60-4"", ""68.9"", ""9 ds"", ""9-bu"", ""9-by"", ""9-ga"", ""; pi"", ""; te"", ""?!/t"", ""?/hu"", ""?/ip"", ""@ gw"", ""@tti"", ""a g'"", ""a)~!"", ""aa)~"", ""aa-j"", ""aa/d"", ""aag!"", ""adt."", ""af/o"", ""agzu"", ""aje."", ""amd "", ""aou/"", ""apsj"", ""aqq "", ""ark2"", ""awio"", ""axl,"", ""b dj"", ""b/ch"", ""b?/h"", ""baa)"", ""bbv)"", ""bik/"", ""biz?"", ""c-ca"", ""c/ke"", ""cawf"", ""caww"", ""cm u"", ""cte/"", ""d 9p"", ""d) f"", ""d./m"", ""d; r"", ""dde-"", ""dds;"", ""deii"", ""devn"", ""dey/"", ""dkee"", ""dr.d"", ""ds/9"", ""dwsa"", ""e $t"", ""e 7d"", ""e 8,"", ""e lc"", ""e ue"", ""e)tu"", ""e-d'"", ""e/ t"", ""eahc"", ""eaue"", ""eee-"", ""eef."", ""efuj"", ""egu,"", ""eke?"", ""em'h"", ""eniw"", ""ens;"", ""eu!?"", ""evnt"", ""f./s"", ""f/dr"", ""fpau"", ""fu. "", ""g hn"", ""g j,"", ""g'ma"", ""g-d/"", ""g; '"", ""ggpi"", ""gozb"", ""gpir"", ""gtsb"", ""gzuc"", ""h s,"", ""h; p"", ""hcim"", ""hdej"", ""hm.."", ""hn.c"", ""hnif"", ""hou)"", ""hyly"", ""i\"" s"", ""i-lh"", ""i-tt"", ""i?!/"", ""ic/k"", ""ich;"", ""idlu"", ""ig/i"", ""ik!'"", ""ik- "", ""ik/l"", ""ik/y"", ""inpf"", ""ip @"", ""ir/i"", ""isc9"", ""itu/"", ""iv):"", ""ixli"", ""ixx/"", ""j's/"", ""jem'"", ""ji?!"", ""jmah"", ""jnvl"", ""jr n"", ""k- o"", ""k-mi"", ""k/i'"", ""k2 t"", ""ka/n"", ""kdit"", ""ked)"", ""kje."", ""koaj"", ""koia"", ""kyy/"", ""l qm"", ""l/b."", ""l/ed"", ""lcbo"", ""le/ "", ""lpyn"", ""ls46"", ""luvc"", ""lvah"", ""lyo,"", ""m 3s"", ""m!/g"", ""md t"", ""md/t"", ""mdlt"", ""me-1"", ""n 1+"", ""n 8p"", ""n f1"", ""n l "", ""n/ah"", ""n/md"", ""nea'"", ""ni?-"", ""nm) "", ""nogb"", ""nt-x"", ""nu-p"", ""nui,"", ""nyll"", ""o \""h"", ""o'; "", ""o/wo"", ""oapl"", ""oapu"", ""obhe"", ""ogug"", ""omqu"", ""omyr"", ""on-4"", ""oomq"", ""orzn"", ""ouzp"", ""ox' "", ""p @ "", ""p p."", ""p' m"", ""p-15"", ""p-i-"", ""p/60"", ""pds?"", ""pekj"", ""pfpa"", ""ph/k"", ""pmd/"", ""pp/6"", ""pynt"", ""q hu"", ""q ku"", ""qmar"", ""qott"", ""qq o"", ""r tx"", ""r-v "", ""r/d'"", ""r/gn"", ""re'?"", ""re)t"", ""rerp"", ""rf/d"", ""rf/n"", ""rk2 "", ""rlym"", ""ro';"", ""ru/d"", ""ru/o"", ""s 8p"", ""s- c"", ""s/9."", ""s/b."", ""s460"", ""s; '"", ""s@tt"", ""sc10"", ""sck/"", ""seeo"", ""seg?"", ""sf-s"", ""sfn:"", ""sm/f"", ""sqot"", ""stzy"", ""sv b"", ""syju"", ""syo!"", ""t pm"", ""t xf"", ""t-mu"", ""t/tl"", ""t5: "", ""tacq"", ""tetj"", ""thm."", ""tkuh"", ""tmi-"", ""tn m"", ""tn) "", ""toap"", ""ttno"", ""tx w"", ""tyl!"", ""tzyn"", ""u 9-"", ""u/cr"", ""u/om"", ""uft:"", ""ufu."", ""uh/n"", ""ujr "", ""ukh,"", ""unnl"", ""uzpi"", ""v): "", ""v1.0"", ""vaa."", ""vcas"", ""vims"", ""vntu"", ""vute"", ""wa?/"", ""wal'"", ""wii/"", ""wion"", ""wk/o"", ""wl!?"", ""wn-e"", ""wonc"", ""wsar"", ""x-10"", ""x-l "", ""x/ar"", ""x/te"", ""xl, "", ""xor?"", ""xt! "", ""xwei"", ""xx/s"", ""xxth"", ""y-sw"", ""y/c+"", ""ya 4"", ""yczo"", ""ye +"", ""yiii"", ""yjuc"", ""ynyl"", ""yonv"", ""ystm"", ""yy/d"", ""yyka"", ""yyny"", ""zenq"", ""zig/"", ""zo'o"", ""zosz"", ""zu/c"", ""zziv""]",408,1,155,0.0064516129032258064
5,block_infix_fingerprint_v005.json,256,local_split_entropy_equivalence_classes,154,4,0.0,0.1,title,title,110," ""i ","["" \""i ""]",1,3,155,0.01935483870967742
5,block_infix_fingerprint_v005.json,256,local_split_entropy_equivalence_classes,154,4,0.0,0.1,title,title,111," ""in","["" \""in"", ""eepk""]",2,2,155,0.012903225806451613
5,block_infix_fingerprint_v005.json,256,local_split_entropy_equivalence_classes,154,4,0.0,0.1,title,title,112," ""it","["" \""it"", "" \""x\"""", "" (cc"", "" (gm"", "" -12"", "" -18"", "" 11p"", "" 47'"", "" 54-"", "" 58'"", "" 6h4"", "" c2 "", "" cy-"", "" dmy"", "" fl3"", "" fmv"", "" g &"", "" g2 "", "" me\"""", "" mrc"", "" n.u"", "" nm/"", "" or!"", "" r 1"", "" rlr"", "" vr'"", "" x! "", ""! xy"", ""!/or"", ""\"" & "", ""\""it'"", ""\""tha"", ""# 1-"", ""#uni"", ""' n/"", ""'77 "", ""'99'"", ""'e! "", ""'si'"", ""(ccn"", ""(gma"", ""*t a"", "", \""i"", "", 08"", "", g2"", "", rt"", ""-103"", ""-228"", ""-cc?"", ""-mle"", ""-n'g"", ""-ol "", ""-s.c"", ""-upi"", "". # "", "".3 p"", "".g.g"", "".i/a"", ""/179"", ""/aby"", ""/adi"", ""/ak'"", ""/elu"", ""/i: "", ""/iqb"", ""/mp3"", ""/orz"", ""0 gm"", ""0-na"", ""0.3 "", ""0/zo"", ""00/z"", ""08 2"", ""08:5"", ""09 y"", ""0:59"", ""0s j"", ""1- 2"", ""103h"", ""20:5"", ""225-"", ""24/b"", ""25-g"", ""275s"", ""3/de"", ""321,"", ""361 "", ""376-"", ""3a c"", ""3anu"", ""4-4:"", ""4/be"", ""42 h"", ""47' "", ""58' "", ""59 h"", ""5:42"", ""61 '"", ""6630"", ""6632"", ""6674"", ""6679"", ""6683"", ""6704"", ""6718"", ""6722"", ""6724"", ""6727"", ""6731"", ""6739"", ""6758"", ""6773"", ""6779"", ""6784"", ""6800"", ""6809"", ""6814"", ""6817"", ""6862"", ""6881"", ""6884"", ""6888"", ""6932"", ""6h40"", ""7 ey"", ""7' n"", ""7, 0"", ""70 g"", ""7096"", ""7113"", ""7118"", ""7129"", ""7141"", ""7159"", ""7173"", ""7176"", ""7191"", ""7194"", ""7203"", ""7219"", ""7247"", ""7264"", ""7278"", ""7288"", ""7290"", ""7291"", ""7298"", ""7359"", ""7381"", ""7398"", ""7420"", ""7425"", ""7426"", ""7445"", ""7452"", ""7454"", ""7459"", ""7466"", ""7469"", ""7483"", ""7494"", ""7498"", ""7517"", ""754 "", ""7543"", ""7558"", ""7561"", ""7564"", ""7569"", ""7573"", ""7588"", ""7591"", ""76-a"", ""7613"", ""7619"", ""7623"", ""7631"", ""7632"", ""7644"", ""7645"", ""7665"", ""7670"", ""7680"", ""8 bo"", ""8' w"", ""809,"", ""8:59"", ""9, g"", ""= ch"", ""a-ml"", ""abpl"", ""aj! "", ""ak/w"", ""aor'"", ""ap/h"", ""as2:"", ""awij"", ""b yi"", ""b-en"", ""bcsp"", ""bewd"", ""bix!"", ""blif"", ""bn l"", ""bo?!"", ""btob"", ""bugr"", ""bywr"", ""c '4"", ""c/ja"", ""c2 a"", ""ccn)"", ""cd-a"", ""cem!"", ""ci/f"", ""cib "", ""cnex"", ""cs/w"", ""cspc"", ""csyn"", ""d dm"", ""d rl"", ""d, \"""", ""damc"", ""de/q"", ""do!."", ""dst."", ""e c2"", ""e\"" &"", ""e/17"", ""e11 "", ""e3 l"", ""ebhe"", ""ef!?"", ""ejyu"", ""em'a"", ""en \"""", ""evur"", ""f nz"", ""f v "", ""faml"", ""fi/l"", ""fl30"", ""fogr"", ""g \""x"", ""g fx"", ""g!/o"", ""g-n'"", ""g2 n"", ""ganx"", ""gb y"", ""gma)"", ""gnuc"", ""gpig"", ""gs/3"", ""gypi"", ""h 2/"", ""hakj"", ""hgoi"", ""hh -"", ""htl-"", ""htuf"", ""hu/r"", ""hwa!"", ""i.-s"", ""i.an"", ""ig \"""", ""ikyt"", ""ilu:"", ""is!)"", ""itrm"", ""iunq"", ""ixsp"", ""j! 1"", ""j/al"", ""j/ke"", ""jaxa"", ""jheb"", ""jy h"", ""k md"", ""k'se"", ""ka/e"", ""keah"", ""kji "", ""ko-e"", ""kox "", ""ks-l"", ""l kg"", ""l t-"", ""l-y "", ""l/mr"", ""l307"", ""l? 1"", ""laj!"", ""lebh"", ""licq"", ""lk/k"", ""ln/o"", ""lrlb"", ""luxt"", ""lwe "", ""lys:"", ""m./o"", ""m/fo"", ""ma/i"", ""mau,"", ""mcos"", ""me\"" "", ""meak"", ""mliy"", ""mp3/"", ""mrci"", ""mulq"", ""mv g"", ""my?'"", ""mytr"", ""n dk"", ""n fb"", ""n'ge"", ""n/24"", ""nct."", ""ne11"", ""niz:"", ""nm/f"", ""nslb"", ""nun/"", ""nwoj"", ""nxub"", ""nye:"", ""o/i:"", ""o/mp"", ""oc '"", ""ofi/"", ""on/2"", ""oo-v"", ""opcs"", ""otz:"", ""ou/g"", ""ow/1"", ""ox/a"", ""p-au"", ""p/ap"", ""p3/l"", ""p911"", ""pa't"", ""pgs "", ""ph/t"", ""pnc "", ""ps ."", ""pul!"", ""py/i"", ""r! x"", ""r-l-"", ""r/iq"", ""rb-e"", ""rg-n"", ""rirm"", ""rlrl"", ""rnm,"", ""rpg,"", ""rrme"", ""rv h"", ""ryk,"", ""rytw"", ""rza."", ""rzo!"", ""s 6h"", ""s/30"", ""s/d-"", ""sa!/"", ""sa?/"", ""sjea"", ""slaj"", ""slba"", ""so/w"", ""som?"", ""sswr"", ""swre"", ""sy/u"", ""t 9,"", ""t-4-"", ""t.i/"", ""t/wy"", ""tcro"", ""te/q"", ""tfy "", ""tl-w"", ""tm)!"", ""tsh*"", ""u/gh"", ""uca/"", ""ueum"", ""uilf"", ""uli'"", ""ut ="", ""uti/"", ""utu!"", ""v cd"", ""vas2"", ""vr's"", ""vu/s"", ""vzac"", ""w/19"", ""w/of"", ""wax!"", ""wdif"", ""wl-d"", ""wl/p"", ""wu/m"", ""xabl"", ""y j/"", ""y' u"", ""y: ."", ""yka/"", ""ynew"", ""ytry"", ""yxto"", ""zaly"", ""zio."", ""zlai"", ""zlo!"", ""zvi ""]",422,1,155,0.0064516129032258064
5,block_infix_fingerprint_v005.json,256,local_split_entropy_equivalence_classes,154,4,0.0,0.1,title,title,113," ""ji","["" \""ji"", "" #05"", "" $23"", "" & \"""", "" '.0"", "" '1e"", "" 'ey"", "" 'gt"", "" 13g"", "" 15z"", "" 3co"", "" 738"", "" 75%"", "" 757"", "" 759"", "" 764"", "" 784"", "" 790"", "" 795"", "" 7a/"", "" 80)"", "" 803"", "" 812"", "" 817"", "" 818"", "" 836"", "" 842"", "" 844"", "" 858"", "" 868"", "" 874"", "" 878"", "" 892"", "" 899"", "" 938"", "" 952"", "" 975"", "" cph"", "" dy/"", "" g'b"", "" ia)"", "" k3!"", "" mwy"", "" s&p"", "" tpc"", "" v3s"", "" vm-"", "" wb2"", "" wr "", "" wrt"", ""! ep"", ""! ie"", ""! k-"", ""!/ab"", ""!nik"", ""\"" ap"", ""\""jim"", ""$.t."", ""$23."", ""% be"", ""& \""j"", ""& g'"", ""&b p"", ""&sol"", ""' 92"", ""'.07"", ""'/to"", ""'1e'"", ""'ett"", ""'eye"", ""'fiu"", ""'fot"", ""'gt-"", ""'jag"", ""'nol"", ""'tac"", ""'upo"", ""(elf"", ""(fig"", ""(gud"", ""(k)h"", ""(vil"", "")hau"", ""- 7a"", ""- n6"", ""-2.0"", ""-5 f"", ""-5 u"", ""-732"", ""-bij"", ""-heu"", ""-mab"", ""-r' "", ""-tzc"", ""-zoe"", "".$.t"", "".07%"", "".eug"", "".u.$"", ""/110"", ""/48."", ""/amr"", ""/arj"", ""/irw"", ""/lub"", ""/lyd"", ""0-gu"", ""0/th"", ""00/t"", ""07%'"", ""08-t"", ""136-"", ""13go"", ""14-i"", ""15zl"", ""173-"", ""178-"", ""1e' "", ""2-1/"", ""2-ma"", ""2-th"", ""2/fi"", ""2/he"", ""252-"", ""282-"", ""2wik"", ""3-ko"", ""3-pr"", ""30-7"", ""304:"", ""308-"", ""314-"", ""335-"", ""35-i"", ""36-g"", ""3com"", ""4 (e"", ""429:"", ""462/"", ""47-e"", ""492-"", ""5 18"", ""5 26"", ""5 uk"", ""5% b"", ""5-ir"", ""52-m"", ""6/9 "", ""62/1"", ""68-7"", ""7-ev"", ""73-p"", ""75% "", ""78-v"", ""7a/r"", ""8-75"", ""8-va"", ""8.5c"", ""82-t"", ""97/1"", ""9:12"", ""? 19"", ""? oi"", ""?! e"", ""@weg"", ""a ~ "", ""aaa'"", ""ai'r"", ""aiu!"", ""ajcz"", ""aktb"", ""anjl"", ""awp "", ""az'l"", ""b-ey"", ""b/ir"", ""b25 "", ""b2wi"", ""bai)"", ""baxi"", ""bc':"", ""bg &"", ""bia;"", ""bsah"", ""bu) "", ""c hq"", ""c/sp"", ""ced."", ""cfee"", ""ckoe"", ""ckz "", ""coa/"", ""cphp"", ""cue;"", ""cy $"", ""d cp"", ""d pn"", ""d sg"", ""d/em"", ""dcaa"", ""ddoh"", ""dnr:"", ""do':"", ""dor3"", ""dt- "", ""dtsh"", ""dttr"", ""dtvs"", ""dykl"", ""dysd"", ""e&so"", ""e-iv"", ""e.tr"", ""e/jm"", ""eb/i"", ""eedj"", ""eidd"", ""eimy"", ""eipy"", ""ek-r"", ""elkb"", ""eoib"", ""ep??"", ""epsd"", ""eu/h"", ""ez-k"", ""e~! "", ""f 84"", ""f dn"", ""f/ho"", ""fd z"", ""fft!"", ""fsaa"", ""ft.l"", ""fuup"", ""fwaa"", ""g q&"", ""g!/m"", ""g'by"", ""g4ce"", ""gafw"", ""gaz'"", ""gee."", ""geec"", ""gg-f"", ""ghi'"", ""gilj"", ""glyt"", ""gmab"", ""go'f"", ""gtot"", ""gwah"", ""h'fi"", ""h-vi"", ""hawp"", ""hc z"", ""he/n"", ""hieo"", ""higk"", ""hin@"", ""hpix"", ""hwi-"", ""hwya"", ""hwyl"", ""i'ol"", ""i-tz"", ""iai'"", ""iehg"", ""ifea"", ""igkr"", ""ii/p"", ""ijfl"", ""iku?"", ""im/g"", ""in@w"", ""ipyu"", ""is/u"", ""it'/"", ""iu! "", ""iu-s"", ""ix ~"", ""jamt"", ""jfli"", ""jjih"", ""jkva"", ""jo #"", ""k' 9"", ""k)ha"", ""k-2."", ""k/ea"", ""kbos"", ""ke&s"", ""keg!"", ""kla'"", ""koed"", ""kon."", ""ktbi"", ""kwa,"", ""kz f"", ""l? r"", ""lav,"", ""ld!)"", ""lf) "", ""lmwi"", ""lon\"""", ""loo."", ""lp/d"", ""lsdu"", ""lurv"", ""lygb"", ""m 3c"", ""m-sc"", ""m-ve"", ""m/cr"", ""m/ms"", ""ma'e"", ""mewn"", ""mipp"", ""mlow"", ""mnto"", ""mo!?"", ""mo-e"", ""msub"", ""mts."", ""mwyn"", ""n '."", ""n e,"", ""n\"" a"", ""n@we"", ""na ~"", ""nd'r"", ""ndsj"", ""ne?'"", ""njli"", ""nkiw"", ""nmax"", ""nokp"", ""nozn"", ""npao"", ""nsg'"", ""nulc"", ""nzru"", ""o k3"", ""o-eh"", ""o/48"", ""o/za"", ""oeib"", ""ofn "", ""oidb"", ""ojkv"", ""oke&"", ""optv"", ""orfz"", ""os25"", ""oz/b"", ""p f-"", ""p/ka"", ""p/sk"", ""pa'i"", ""padt"", ""pal!"", ""ph j"", ""phpi"", ""poip"", ""pox:"", ""psdy"", ""pu'o"", ""r hw"", ""r mw"", ""re~!"", ""rfze"", ""rghm"", ""rjoh"", ""rldf"", ""rrna"", ""rs.b"", ""rty5"", ""s vp"", ""s&p "", ""s. ?"", ""s.bl"", ""s136"", ""s173"", ""s178"", ""s252"", ""s282"", ""s3 l"", ""s308"", ""s314"", ""s335"", ""sdyn"", ""sh'f"", ""smiu"", ""sp z"", ""spa/"", ""sufe"", ""t tp"", ""t'/t"", ""t-30"", ""t-r'"", ""t/kl"", ""tcoc"", ""tdca"", ""the)"", ""tiu-"", ""tnbc"", ""toy?"", ""ty5 "", ""tyoe"", ""tz!n"", ""u bn"", ""u) r"", ""u.$."", ""ufko"", ""uh-v"", ""unzr"", ""ure~"", ""urf)"", ""uzo-"", ""va'o"", ""veak"", ""vm-g"", ""w! g"", ""w-we"", ""w.eu"", ""w/do"", ""w/ly"", ""wasj"", ""wb2w"", ""wi'n"", ""wik,"", ""wks!"", ""wosh"", ""wp b"", ""wrth"", ""wyai"", ""wyl "", ""xat "", ""xen?"", ""y $2"", ""y lb"", ""y5 s"", ""ya/r"", ""yaid"", ""ydeu"", ""yeen"", ""ygbi"", ""yo-f"", ""ysms"", ""ysz "", ""yvo "", ""z ov"", ""z!ni"", ""z'la"", ""zcen"", ""zkot"", ""zo/4"", ""zo/z"", ""zufk"", ""zy-h"", ""~! d"", ""~! p""]",462,1,155,0.0064516129032258064
5,block_infix_fingerprint_v005.json,256,local_split_entropy_equivalence_classes,154,4,0.0,0.1,title,title,114," ""ki","["" \""ki"", "" #4."", "" #7/"", "" 't-"", "" - \"""", "" 33n"", "" 35?"", "" 4-m"", "" 5-a"", "" 6-m"", "" c-/"", "" dl "", "" e.?"", "" hjs"", "" io-"", "" jl?"", "" k-m"", "" kjz"", "" mrb"", "" oan"", "" tw "", "" u-3"", "" v-j"", ""! cd"", ""!, f"", ""!/ye"", ""\""kib"", ""#7/e"", ""$2.2"", ""$hot"", ""& bj"", ""&b, "", ""'f l"", ""'fix"", ""'t-b"", ""(a.m"", ""(geo"", ""(psy"", "")/ch"", ""*o*s"", ""*s*t"", "", tj"", ""- \""t"", ""--je"", ""-/ba"", ""-06b"", ""-31 "", ""-5-4"", ""-bev"", ""-ect"", ""-iat"", ""-ruv"", "". k'"", "".2 m"", "".r, "", "".y.?"", ""/ em"", ""/ oa"", ""/c.p"", ""/caw"", ""/ewa"", ""/t f"", ""/wik"", ""0-ca"", ""1 (#"", ""105b"", ""114b"", ""116a"", ""116b"", ""121b"", ""122a"", ""123a"", ""127b"", ""130a"", ""18-5"", ""2 33"", ""2-ap"", ""2.2 "", ""202?"", ""2k, "", ""3/ep"", ""33nd"", ""348 "", ""3d!)"", ""4g/h"", ""4gof"", ""5-au"", ""6-ma"", ""60s?"", ""7/ep"", ""8 p."", ""8-5-"", ""890-"", ""894k"", ""901k"", ""902k"", ""903k"", ""90s,"", "": v-"", ""@ sa"", ""a tn"", ""al \"""", ""apox"", ""binv"", ""boz'"", ""c-/b"", ""c/ni"", ""ci/m"", ""clyb"", ""coka"", ""cwho"", ""cy/g"", ""d jl"", ""d lh"", ""d&b,"", ""d) -"", ""d/od"", ""dc o"", ""ddpe"", ""dlym"", ""dpet"", ""ds ~"", ""dtff"", ""dud/"", ""dvs "", ""dyps"", ""d~ p"", ""e--j"", ""eeet"", ""els&"", ""eul:"", ""ey $"", ""eygr"", ""eyyy"", ""ez)/"", ""f? 5"", ""fad/"", ""fld:"", ""gaup"", ""gdiy"", ""gh/z"", ""gh?'"", ""gilh"", ""glyv"", ""gu-r"", ""gyue"", ""h\"" o"", ""h-et"", ""he!)"", ""he/c"", ""hub'"", ""huy:"", ""i/ry"", ""io-w"", ""iz/u"", ""j j "", ""j/si"", ""je-r"", ""jimf"", ""jzz "", ""kfru"", ""kjzz"", ""koy4"", ""kuz-"", ""ky!/"", ""l \""s"", ""l u-"", ""l*o*"", ""l-ec"", ""lke-"", ""ls& "", ""ls)/"", ""ltwo"", ""ly-j"", ""m/mr"", ""mixy"", ""modf"", ""morw"", ""mrbb"", ""n'f "", ""n/k'"", ""n? l"", ""n?/j"", ""nc/d"", ""ne $"", ""ne--"", ""nniz"", ""ns'b"", ""nt +"", ""nx/m"", ""o*s*"", ""o/et"", ""oc-t"", ""od~ "", ""okyp"", ""oob/"", ""ood~"", ""orwh"", ""osh\"""", ""oy/o"", ""oy4g"", ""oy??"", ""p.r,"", ""p/c."", ""pez)"", ""po/n"", ""poxa"", ""psab"", ""pto,"", ""pwea"", ""py?'"", ""q fr"", ""r)/c"", ""r/t "", ""rag?"", ""re!,"", ""rktr"", ""rlz:"", ""rps/"", ""rr/b"", ""rt??"", ""rth\"""", ""rugc"", ""ruvy"", ""rvys"", ""ryl?"", ""s $2"", ""s nc"", ""s& m"", ""s)/b"", ""s- m"", ""sa?)"", ""sby\"""", ""sh\"" "", ""t 5-"", ""t./p"", ""t/ew"", ""t/k'"", ""tab/"", ""tax/"", ""tj e"", ""tl' "", ""tt/e"", ""ttl'"", ""tv/e"", ""tw h"", ""ty-u"", ""u-31"", ""ug-m"", ""ugco"", ""un/k"", ""una)"", ""ur/n"", ""uvu/"", ""ux/f"", ""uy/y"", ""uz-c"", ""v/ev"", ""v8 s"", ""vu/b"", ""w jr"", ""w/ o"", ""wd/e"", ""whas"", ""xaly"", ""xee "", ""y $h"", ""y 6-"", ""y!/y"", ""y-ea"", ""y-o-"", ""y-v-"", ""y2k,"", ""y4go"", ""ye/d"", ""ys/n"", ""ytip"", ""yyy?"", ""z' w"", ""z)/h"", ""z-co"", ""z/bl"", ""z/to"", ""z/va"", ""za/k"", ""zco'"", ""zcok"", ""zz/j"", ""~ pa""]",289,1,155,0.0064516129032258064
5,block_infix_fingerprint_v005.json,256,local_split_entropy_equivalence_classes,154,4,0.0,0.1,title,title,115," ""le","["" \""le"", ""ea/d"", ""nbo/""]",3,2,155,0.012903225806451613
5,block_infix_fingerprint_v005.json,256,local_split_entropy_equivalence_classes,154,4,0.0,0.1,title,title,116," ""m""","["" \""m\"""", "" \""ou"", "" \""wo"", "" #6-"", "" &to"", "" (oe"", "" -vo"", "" 1-l"", "" 1:2"", "" 2/i"", "" 3\"" "", "" 3:4"", "" 63."", "" 77."", "" ax/"", "" bhl"", "" c'y"", "" e24"", "" ffr"", "" jbn"", "" m ("", "" o-h"", "" tbn"", "" usw"", "" wpk"", "" yu?"", "" zmu"", ""!/sy"", ""\"" bo"", ""\"" ma"", ""\""m\"" "", ""\""mag"", ""\""ouc"", ""\""toy"", ""\""wow"", ""#6-8"", ""$30k"", ""% mu"", ""&e t"", ""&tob"", ""'50/"", ""'53/"", ""'78?"", ""(50)"", ""(ask"", ""(ben"", ""(dep"", ""(hur"", ""(oeg"", ""(pet"", ""(vle"", ""(y c"", "") ok"", ""+500"", "", wp"", ""- 48"", ""- ft"", ""-262"", ""-7/t"", ""-73)"", ""-81)"", ""-hoa"", ""-l20"", ""-t i"", ""-teg"", ""-ult"", ""-urh"", ""-yo:"", "". hd"", "". ij"", "".!' "", "".'st"", ""..'s"", "".004"", "".3 r"", "".b.0"", "".di "", "".gar"", "".k.b"", ""//ta"", ""/19 "", ""/50'"", ""/50s"", ""/acq"", ""/ayl"", ""/gnu"", ""/pry"", ""/rej"", ""/s.i"", ""/tb/"", ""/usi"", ""/yem"", ""0' w"", ""0) g"", ""0/a "", ""0/ma"", ""03/s"", ""071-"", ""0vor"", ""1-l2"", ""1-nu"", ""1..2"", ""1/bl"", ""1/sk"", ""10vo"", ""12,0"", ""175:"", ""183 "", ""19/c"", ""1:2-"", ""2-an"", ""2..3"", ""2/i "", ""2/is"", ""20/a"", ""24in"", ""25i "", ""2k/s"", ""3\"" m"", ""3-81"", ""3-as"", ""3/to"", ""30k "", ""31 q"", ""31 w"", ""32/c"", ""3:4-"", ""3esk"", ""4 w/"", ""4-7/"", ""41/s"", ""42 l"", ""47 e"", ""4ins"", ""4mer"", ""4pop"", ""50) "", ""53/t"", ""5i o"", ""6 ue"", ""605b"", ""7-71"", ""71-n"", ""72 w"", ""820/"", ""83 b"", ""893-"", ""9 c."", ""9-to"", ""9. p"", ""9/ch"", ""90-8"", ""9ine"", "": km"", "":1-4"", "":2-6"", "":4-8"", ""= wi"", ""? fl"", ""? wt"", ""?/cl"", ""?/zi"", ""_por"", ""a 9t"", ""a qw"", ""a-t "", ""a_po"", ""aag)"", ""agdb"", ""ahfu"", ""ajn!"", ""anw:"", ""app?"", ""aua'"", ""ax/v"", ""axad"", ""b&bs"", ""b.00"", ""b/ci"", ""b/da"", ""bafi"", ""bbs?"", ""bfl7"", ""bh p"", ""boav"", ""boyp"", ""bq u"", ""brzd"", ""bsgc"", ""bskr"", ""bysv"", ""bz'e"", ""c'ye"", ""ca-8"", ""ch\"" "", ""chx!"", ""cniq"", ""cr -"", ""d @t"", ""dadl"", ""dhdt"", ""dopj"", ""dssu"", ""dzje"", ""e-26"", ""e/tb"", ""e4me"", ""ed)'"", ""edzj"", ""eezb"", ""elcz"", ""emdu"", ""emf'"", ""en/'"", ""eyic"", ""f bd"", ""f xl"", ""fauf"", ""ffth"", ""fim,"", ""fl11"", ""fl7:"", ""fs-t"", ""g bs"", ""g-ef"", ""g/gn"", ""g/zo"", ""g? i"", ""gaub"", ""gcas"", ""gd ("", ""gdbe"", ""gee/"", ""gem)"", ""ggi/"", ""gsbj"", ""gui'"", ""guun"", ""gyay"", ""h tb"", ""h\"" s"", ""h'ul"", ""h/s."", ""h2 q"", ""h? f"", ""hd/s"", ""hliy"", ""hlt'"", ""hms'"", ""hu #"", ""hx-1"", ""i'm,"", ""i/gi"", ""i/sm"", ""ia!/"", ""icy?"", ""ig-f"", ""igrr"", ""ijcy"", ""il+5"", ""io12"", ""je ="", ""jes-"", ""jp, "", ""k./n"", ""k.b."", ""k//t"", ""kow."", ""ku/w"", ""l 07"", ""l+50"", ""l./c"", ""l/sk"", ""l11:"", ""le!)"", ""ll/5"", ""lmi,"", ""lp/r"", ""lpim"", ""lsp "", ""lt.g"", ""lu-j"", ""luhb"", ""lz c"", ""m\"" b"", ""mbop"", ""md e"", ""mduh"", ""me-2"", ""memd"", ""mi/h"", ""mir/"", ""mirb"", ""mmi?"", ""mo/g"", ""moc,"", ""mur."", ""my \"""", ""n t,"", ""n'si"", ""n/'p"", ""n/b-"", ""ngh'"", ""nio1"", ""nt.c"", ""ntss"", ""nvac"", ""o-5 "", ""o12 "", ""ocru"", ""odix"", ""odsg"", ""oek)"", ""oelj"", ""ok/u"", ""ooob"", ""or/3"", ""or10"", ""ora_"", ""ots)"", ""ovsc"", ""oypr"", ""ozew"", ""p 1-"", ""p/od"", ""p105"", ""pc-7"", ""pcem"", ""pedh"", ""pk-t"", ""pm w"", ""psi'"", ""pt-t"", ""ptn'"", ""pu-u"", ""q un"", ""qwen"", ""r)/a"", ""r.di"", ""r/13"", ""r/3 "", ""r/eg"", ""ra/y"", ""ra_p"", ""radp"", ""rdt?"", ""reua"", ""rewz"", ""rfk:"", ""rkny"", ""rlo/"", ""rmmm"", ""rnty"", ""rof'"", ""rrmm"", ""rryg"", ""rsa/"", ""rul!"", ""rye,"", ""rzdy"", ""rzoi"", ""s/ay"", ""s/dw"", ""sduf"", ""sgca"", ""sh'u"", ""sh-g"", ""sil+"", ""sk-w"", ""skuz"", ""sp g"", ""ss/y"", ""stuw"", ""t ct"", ""t x!"", ""t!/u"", ""t.ga"", ""t/gy"", ""t?/z"", ""tb/d"", ""tchx"", ""tif'"", ""tje?"", ""tn's"", ""to-5"", ""tol;"", ""topj"", ""tutc"", ""tuwm"", ""txak"", ""tyxa"", ""tz-i"", ""u-ad"", ""u/ey"", ""u? u"", ""ua'i"", ""uch\"""", ""ue ."", ""ufs-"", ""uh y"", ""uhbi"", ""ui'm"", ""uiol"", ""ujje"", ""uk 5"", ""uk 6"", ""ul-o"", ""ula\"""", ""uswo"", ""ut !"", ""uwme"", ""uxep"", ""vdec"", ""vor1"", ""w. o"", ""wmee"", ""wow\"""", ""wpk-"", ""x ly"", ""x/vi"", ""xaku"", ""xi/f"", ""xn x"", ""xsce"", ""y \""o"", ""y 3\"""", ""yak."", ""yen/"", ""yna."", ""yo.\"""", ""yxai"", ""yzel"", ""z 25"", ""z ek"", ""z-iv"", ""zbo'"", ""zi/a"", ""zivc"", ""zte/"", ""zzun""]",440,1,155,0.0064516129032258064
5,block_infix_fingerprint_v005.json,256,local_split_entropy_equivalence_classes,154,4,0.0,0.1,title,title,117," ""mi","["" \""mi""]",1,3,155,0.01935483870967742
5,block_infix_fingerprint_v005.json,256,local_split_entropy_equivalence_classes,154,4,0.0,0.1,title,title,118," ""mr","["" \""mr"", "" e.e"", ""unkg""]",3,2,155,0.012903225806451613
5,block_infix_fingerprint_v005.json,256,local_split_entropy_equivalence_classes,154,4,0.0,0.1,title,title,119," ""ne","["" \""ne"", "" $9."", "" 'ia"", "" 16)"", "" 2/j"", "" 2/u"", "" 3/m"", "" 4pm"", "" 553"", "" 76/"", "" 768"", "" 774"", "" 779"", "" 787"", "" 789"", "" 791"", "" 799"", "" 838"", "" 860"", "" 883"", "" 920"", "" 921"", "" 928"", "" 935"", "" 939"", "" 950"", "" 966"", "" 998"", "" @#%"", "" dc,"", "" dr1"", "" fl)"", "" gtk"", "" hmr"", "" ji."", "" m.f"", "" mtt"", "" ni'"", "" o!?"", "" oxp"", "" r'n"", "" rwy"", "" soq"", "" udk"", ""! 'g"", ""! 'r"", ""!/cr"", ""\"" jo"", ""\""cha"", ""\""new"", ""#%*!"", ""#16/"", ""#@ke"", ""#k i"", ""$285"", ""$45 "", ""& r'"", ""&#k "", ""' 79"", ""'a'a"", ""'ag,"", ""'aye"", ""'dua"", ""'gab"", ""'iha"", ""'ipu"", ""'noa"", ""'rok"", ""'tsa"", ""'ych"", ""'yla"", ""(un-"", "", rw"", ""-86 "", ""-am/"", ""-b s"", ""-dla"", ""-foa"", ""-h s"", ""-muw"", ""-yot"", ""-zac"", "". $9"", "".. $"", "".30p"", "".99 "", "".: j"", "".fl."", "".val"", "".win"", ""/b.c"", ""/dod"", ""/idl"", ""/ikk"", ""/l'i"", ""0 vg"", ""03/n"", ""0k: "", ""1-da"", ""1-ed"", ""1-er"", ""1-ta"", ""1-th"", ""10-t"", ""11-t"", ""12-o"", ""133-"", ""142-"", ""143-"", ""15 '"", ""151-"", ""155-"", ""159-"", ""16/a"", ""161-"", ""163-"", ""171-"", ""179-"", ""194-"", ""2-bi"", ""2-ol"", ""2/je"", ""2/to"", ""2/un"", ""21-e"", ""23 '"", ""3 'n"", ""3 25"", ""3-in"", ""3/mr"", ""310-"", ""311-"", ""312-"", ""32-b"", ""321-"", ""329:"", ""33-g"", ""340:"", ""347 "", ""354 "", ""40k:"", ""42-s"", ""43-i"", ""45 '"", ""45em"", ""47-5"", ""47-h"", ""495h"", ""4tv."", ""5 'f"", ""5 't"", ""5-fa"", ""51-t"", ""55-f"", ""56 '"", ""57-6"", ""59-6"", ""59-a"", ""5kub"", ""6 v "", ""6/77"", ""6/ar"", ""61-e"", ""63-r"", ""7-53"", ""7-64"", ""7-ho"", ""71-d"", ""76/7"", ""79-f"", ""8 sm"", ""86 v"", ""875-"", ""890'"", ""8erb"", ""9 ai"", ""9-66"", ""9-fr"", ""94-s"", ""95hr"", ""? ip"", ""@#%*"", ""@ked"", ""a'no"", ""a'yl"", ""a--t"", ""a-b "", ""a-kn"", ""a/ea"", ""a/u."", ""aag,"", ""abff"", ""ad-g"", ""adsd"", ""aenc"", ""afap"", ""afi2"", ""afx "", ""agxo"", ""aheo"", ""akiw"", ""ampw"", ""aos\"""", ""arpz"", ""atr?"", ""au'o"", ""axss"", ""azsh"", ""b-70"", ""b-by"", ""b-ul"", ""bbsv"", ""bcla"", ""bio/"", ""bu-m"", ""buh-"", ""by-i"", ""c 08"", ""c f8"", ""cazs"", ""ck-7"", ""ck-9"", ""cksd"", ""cq g"", ""d-eo"", ""d60,"", ""d? r"", ""dai."", ""dc 0"", ""dem?"", ""devv"", ""dewr"", ""dit)"", ""doem"", ""dsde"", ""dtau"", ""dtay"", ""dy-x"", ""dzet"", ""e -n"", ""e'li"", ""e'yc"", ""e-dl"", ""e/id"", ""edcl"", ""ehew"", ""ehmk"", ""ei-w"", ""eihf"", ""emd,"", ""ep/u"", ""er',"", ""er.j"", ""ew\"" "", ""exa'"", ""f&#k"", ""f/b."", ""f105"", ""faaa"", ""ffyl"", ""fi20"", ""fioi"", ""fssi"", ""fsze"", ""fyna"", ""g l "", ""ga' "", ""gazg"", ""gcq "", ""ge!'"", ""gptv"", ""gpul"", ""gtk1"", ""gudt"", ""gutv"", ""gxos"", ""gymd"", ""h \""c"", ""h yn"", ""h'ad"", ""h-ad"", ""h-by"", ""h2 h"", ""hbeu"", ""hly/"", ""hmki"", ""hmre"", ""hmuo"", ""hn/v"", ""hrsz"", ""hud6"", ""hvei"", ""i 80"", ""i b-"", ""i hm"", ""i- e"", ""i/ik"", ""i/sc"", ""i200"", ""id'a"", ""iezz"", ""ihfr"", ""ihlu"", ""ij-d"", ""ikcl"", ""il/i"", ""iln "", ""ir'o"", ""irzy"", ""izfa"", ""jiii"", ""jo/t"", ""joo!"", ""jooc"", ""juub"", ""k 2/"", ""k'ch"", ""k-7 "", ""k-ly"", ""k110"", ""k8er"", ""kaz-"", ""kby-"", ""kiwe"", ""kpay"", ""ksy?"", ""l ks"", ""l2/t"", ""l? b"", ""la--"", ""ladp"", ""le'y"", ""lgo/"", ""lir'"", ""lme?"", ""ln/d"", ""lokd"", ""lt/w"", ""lt/y"", ""ly @"", ""lz-g"", ""m f#"", ""m px"", ""m yn"", ""m-as"", ""m.fl"", ""m/pu"", ""mlae"", ""mluk"", ""mnau"", ""mo/w"", ""mptv"", ""mpwr"", ""mx t"", ""myme"", ""n) 2"", ""n- c"", ""n/ry"", ""n2: "", ""new\"""", ""ngd'"", ""nhub"", ""ni'i"", ""ni- "", ""njoc"", ""njya"", ""no/x"", ""nr l"", ""nu 1"", ""nuq,"", ""nwrs"", ""ny/k"", ""nyi-"", ""nz-h"", ""o j9"", ""o mb"", ""o'ip"", ""ojiy"", ""ol2/"", ""olz-"", ""onz-"", ""ooce"", ""oro\"""", ""os\"" "", ""os19"", ""ow/2"", ""own2"", ""oxas"", ""oxpe"", ""p ms"", ""p uz"", ""p39 "", ""pa 6"", ""pau'"", ""pf-o"", ""pkit"", ""pms:"", ""po'i"", ""pps,"", ""ptvi"", ""pwra"", ""px-s"", ""q go"", ""q, g"", ""qeii"", ""r 1!"", ""r lt"", ""r wl"", ""r.je"", ""r.sp"", ""r/l'"", ""r/n."", ""r/os"", ""r1 t"", ""reyv"", ""rij-"", ""rm '"", ""rojb"", ""rp/f"", ""rpzo"", ""rwy'"", ""rx c"", ""rzea"", ""s \""n"", ""s-rh"", ""s/za"", ""s133"", ""s142"", ""s143"", ""s151"", ""s155"", ""s159"", ""s161"", ""s163"", ""s171"", ""s179"", ""s194"", ""s310"", ""s311"", ""s312"", ""s321"", ""sa-v"", ""sa/e"", ""saw?"", ""sdep"", ""shn'"", ""sk8e"", ""snao"", ""so/g"", ""soqu"", ""ssuy"", ""st.v"", ""sy-o"", ""t m3"", ""t'ay"", ""t) k"", ""t.va"", ""t.wi"", ""t/rh"", ""td f"", ""tk11"", ""tleu"", ""todm"", ""tuau"", ""ubcl"", ""ud60"", ""ufsz"", ""uh-1"", ""uh-b"", ""uhn,"", ""uhrs"", ""ulfy"", ""ump."", ""urp/"", ""utsr"", ""uurr"", ""uwif"", ""uytr"", ""v.12"", ""ve'k"", ""vi/p"", ""vir?"", ""vizf"", ""vol2"", ""w\"" j"", ""w/24"", ""w5ku"", ""waft"", ""wd e"", ""wifu"", ""wigt"", ""wk l"", ""wn2:"", ""wrst"", ""wy' "", ""x-za"", ""xa's"", ""xb-7"", ""xssa"", ""xy':"", ""y 4p"", ""y @#"", ""yag/"", ""yet/"", ""yggn"", ""ygoe"", ""yi-b"", ""ymdk"", ""yncu"", ""z '3"", ""z uy"", ""z-am"", ""zfak"", ""zsh "", ""zu'a"", ""zy'n"", ""zz '""]",517,1,155,0.0064516129032258064
5,block_infix_fingerprint_v005.json,256,local_split_entropy_equivalence_classes,154,4,0.0,0.1,title,title,120," ""no","["" \""no""]",1,5,155,0.03225806451612903
5,block_infix_fingerprint_v005.json,256,local_split_entropy_equivalence_classes,154,4,0.0,0.1,title,title,121," ""oz","["" \""oz"", "" 'ut"", "" (33"", "" + q"", "" f./"", "" h1n"", "" hhi"", "" lyy"", "" mhk"", "" mj'"", "" o &"", "" p/m"", "" po/"", "" t/s"", "" tsj"", "" xeo"", ""\""oz "", ""#608"", ""#619"", ""' ok"", ""' xm"", ""'-ab"", ""'byo"", ""'d!/"", ""'fav"", ""'so-"", ""'tek"", ""'toq"", ""'uts"", ""(12)"", ""(33)"", ""(kai"", "")t d"", ""*res"", ""+ ot"", ""+ pc"", ""+ ps"", ""+ qu"", "", m "", "",20,"", "",21,"", ""--al"", ""--ke"", ""-egl"", ""-ko/"", ""-oxo"", ""-p/s"", ""-rav"", ""-rii"", ""-ty?"", ""./ok"", ""/ ji"", ""/6 j"", ""/69/"", ""/abz"", ""/acd"", ""/etw"", ""/kfz"", ""/kup"", ""/l'o"", ""/lez"", ""/m 2"", ""/ma-"", ""/obg"", ""/sa "", ""/t.d"", ""/txt"", ""/vv "", ""/wiw"", ""/woc"", ""/zur"", ""0 (3"", ""0,21"", ""0.ep"", ""0e n"", ""1,22"", ""19,2"", ""2 ok"", ""20,2"", ""21,2"", ""2d's"", ""2f-1"", ""3 t/"", ""30em"", ""390t"", ""40.e"", ""42.e"", ""49 n"", ""50-6"", ""5e c"", ""68/6"", ""774-"", ""778-"", ""8/69"", ""8t/h"", ""9,20"", "": vn"", ""?/ve"", ""_anz"", ""a-ox"", ""acdc"", ""ad'd"", ""aepf"", ""ag-f"", ""aguh"", ""ahze"", ""apza"", ""argw"", ""as(s"", ""aunv"", ""awgi"", ""azyf"", ""b/ja"", ""bcol"", ""bg/l"", ""bgyn"", ""bo/c"", ""bopy"", ""bq k"", ""bux,"", ""c! h"", ""c-an"", ""c/ra"", ""c/te"", ""ccoi"", ""cdc/"", ""clu!"", ""cmay"", ""cs/o"", ""csa-"", ""cx-7"", ""d \""o"", ""d v4"", ""d!/i"", ""d!/w"", ""d'd!"", ""dbez"", ""dc/a"", ""dfax"", ""die_"", ""dvi/"", ""e h1"", ""e'-a"", ""e--k"", ""e-p/"", ""e-ut"", ""e_an"", ""ebco"", ""eeg!"", ""efno"", ""eg/j"", ""ekrs"", ""en!."", ""eoad"", ""eqa'"", ""esn-"", ""et?!"", ""ettj"", ""eukv"", ""f./n"", ""f2f-"", ""faeb"", ""fah!"", ""flu'"", ""fne "", ""fnoe"", ""fsal"", ""ful\"""", ""fz-v"", ""g-ic"", ""g/kf"", ""g4 c"", ""ga +"", ""ghbs"", ""go/y"", ""h!/w"", ""h?/h"", ""has("", ""has?"", ""hhis"", ""hku/"", ""hl.."", ""hl/m"", ""hllo"", ""hlt/"", ""hlue"", ""hne-"", ""hnyu"", ""hok/"", ""i-ty"", ""ictw"", ""ie_a"", ""ieg-"", ""iesd"", ""ig?/"", ""ihi,"", ""ilj,"", ""in/6"", ""ipsl"", ""ivsc"", ""j-ci"", ""jeu."", ""jg t"", ""jkic"", ""jukc"", ""kai)"", ""kcop"", ""kd2a"", ""kemn"", ""kioo"", ""kli-"", ""kli/"", ""klm "", ""kmss"", ""kmtv"", ""kt20"", ""kt? "", ""kujy"", ""l lk"", ""l'eo"", ""le1f"", ""lf/k"", ""lj's"", ""lldh"", ""loi!"", ""lpbe"", ""lph?"", ""lqua"", ""ls-i"", ""lx l"", ""lyzh"", ""m 6/"", ""m2d'"", ""m8t/"", ""ma/k"", ""mik-"", ""mmt/"", ""ms-r"", ""msn "", ""mss "", ""mt/b"", ""mtma"", ""mu/t"", ""mujk"", ""mwuc"", ""n p/"", ""n--a"", ""n/6 "", ""n/gy"", ""n1 v"", ""naep"", ""nalq"", ""nd'c"", ""ne'-"", ""nho'"", ""noa!"", ""o m1"", ""o/l'"", ""o/ye"", ""o126"", ""o156"", ""o201"", ""o211"", ""o? j"", ""oaz "", ""obgy"", ""oefn"", ""oeiz"", ""og/k"", ""oolz"", ""oxyt"", ""p-er"", ""p/un"", ""pa/j"", ""patg"", ""pbeh"", ""peea"", ""ph?!"", ""po/o"", ""ppy;"", ""pro?"", ""pthe"", ""py; "", ""pytn"", ""pzan"", ""r 3p"", ""r g4"", ""r/tx"", ""rapz"", ""reao"", ""reoa"", ""rfsa"", ""rgwo"", ""rjeg"", ""rktu"", ""rl- "", ""ropw"", ""rp-e"", ""rpez"", ""rpij"", ""s hh"", ""s/ob"", ""s?/v"", ""sgec"", ""sio?"", ""sn-s"", ""stlj"", ""su)!"", ""sudz"", ""syvs"", ""t gd"", ""t p "", ""t20 "", ""te--"", ""thte"", ""thy;"", ""tljo"", ""tm8t"", ""tnyc"", ""ttju"", ""txtm"", ""u w9"", ""u' j"", ""udyk"", ""uhi!"", ""uhl/"", ""uhr/"", ""ukve"", ""ulpb"", ""uply"", ""urz/"", ""uual"", ""uutd"", ""uvi,"", ""v 02"", ""v 05"", ""v v2"", ""vlih"", ""w/am"", ""w/sc"", ""wa/l"", ""wacd"", ""wauj"", ""wel-"", ""wgiv"", ""wnci"", ""wou!"", ""woz'"", ""wsy:"", ""wwha"", ""x c."", ""xc a"", ""xska"", ""xta/"", ""xth?"", ""xtm8"", ""xxha"", ""xyto"", ""y fx"", ""y t/"", ""y zp"", ""y' x"", ""y) c"", ""y/vv"", ""yemr"", ""yfre"", ""yhut"", ""ytoc"", ""yuo "", ""yvso"", ""z'ad"", ""z/di"", ""z/sh"", ""zeok"", ""zict"", ""znem"", ""zz/u""]",377,1,155,0.0064516129032258064
5,block_infix_fingerprint_v005.json,256,local_split_entropy_equivalence_classes,154,4,0.0,0.1,title,title,122," ""pa","["" \""pa"", ""8345"", ""i) v"", ""jup ""]",4,2,155,0.012903225806451613
5,block_infix_fingerprint_v005.json,256,local_split_entropy_equivalence_classes,154,4,0.0,0.1,title,title,123," ""pe","["" \""pe"", "" 'iv"", "" (py"", "" (ug"", "" -1."", "" 1 @"", "" 2/b"", "" 36s"", "" 4.9"", "" 53%"", "" 6:3"", "" 84-"", "" @11"", "" a58"", "" ap:"", "" b-a"", "" bse"", "" cnc"", "" d-z"", "" d.m"", "" dld"", "" f-a"", "" g-h"", "" ghq"", "" gpx"", "" j/t"", "" mjr"", "" mn "", "" mnt"", "" ni~"", "" o'o"", "" q i"", "" ri'"", "" rv/"", "" s &"", "" tsd"", "" uuv"", "" v/n"", "" vd "", "" vub"", "" vyx"", "" ylt"", "" z.?"", "" z/h"", "" ~ o"", "" ~ai"", ""\"" ka"", ""\""pet"", ""$129"", ""& vy"", ""&d c"", ""' bm"", ""' s*"", ""'haq"", ""'ida"", ""'luo"", ""'nih"", ""'s/s"", ""'ska"", ""'z t"", ""(n)i"", ""(pye"", ""(sag"", ""(seo"", ""(ugh"", ""(vai"", ""(xbr"", "")/dr"", "")/ho"", "")ice"", ""+clg"", "", 9-"", "", s/"", ""- cd"", ""- np"", ""--so"", ""-1.4"", ""-3n "", ""-558"", ""-6 +"", ""-84x"", ""-9mm"", ""-ex-"", ""-jo,"", ""-m-i"", ""-o, "", ""-t-a"", ""-t/o"", ""-y d"", "". f4"", "".--s"", ""./fu"", ""./ic"", "".l.-"", "".t d"", ""/a z"", ""/aa "", ""/azr"", ""/bb."", ""/cbc"", ""/dmx"", ""/dwi"", ""/gap"", ""/hod"", ""/j-k"", ""/j.t"", ""/ked"", ""/kwa"", ""/kyz"", ""/l l"", ""/m.c"", ""/nis"", ""/nol"", ""/sct"", ""/t-c"", ""/ule"", ""/xxx"", ""0-de"", ""0-em"", ""007?"", ""04 1"", ""1 @ "", ""1)/d"", ""10/s"", ""129,"", ""15-b"", ""18h1"", ""2 's"", ""2/br"", ""3 as"", ""3% m"", ""3/sm"", ""31)/"", ""36st"", ""3n ("", ""4 1:"", ""4k t"", ""4x90"", ""5 ir"", ""53% "", ""745 "", ""774 "", ""780 "", ""84-i"", ""84x9"", ""8h10"", "": a5"", "": rr"", ""=zah"", ""@ oc"", ""@ re"", ""@11,"", ""_suj"", ""a @1"", ""a hc"", ""a-ck"", ""a-m-"", ""a-s-"", ""a./s"", ""a/bb"", ""a/ei"", ""a58,"", ""a?/n"", ""aa-c"", ""aagb"", ""aalz"", ""aaok"", ""abb'"", ""afmo"", ""afrk"", ""ag=z"", ""agbl"", ""ahop"", ""aky-"", ""akyj"", ""aoks"", ""aosm"", ""aosv"", ""ap:n"", ""apyy"", ""ar(t"", ""ar-5"", ""asgi"", ""ay ~"", ""b' t"", ""b-cr"", ""bbcs"", ""bosj"", ""br-8"", ""bse!"", ""c-ku"", ""c-o "", ""c./r"", ""c/a "", ""ca-r"", ""cazm"", ""ck/q"", ""clga"", ""cncr"", ""cq/p"", ""cy 8"", ""cz/t"", ""d_su"", ""dd/p"", ""dexy"", ""dl @"", ""dld0"", ""dp o"", ""dput"", ""duo)"", ""dy-e"", ""dynm"", ""e a2"", ""e/g."", ""e/l "", ""earu"", ""ee \"""", ""ehhe"", ""ehmh"", ""ehyp"", ""eiis"", ""ejf "", ""ejya"", ""em-1"", ""en @"", ""er)s"", ""er/5"", ""esyy"", ""eum."", ""euwd"", ""evr."", ""ewga"", ""ex-3"", ""ex-6"", ""f/ta"", ""fia?"", ""fic)"", ""figb"", ""fkor"", ""fomy"", ""fpot"", ""ftsu"", ""fuhi"", ""fyai"", ""g f-"", ""g rv"", ""g-9:"", ""g/av"", ""g/gw"", ""g=za"", ""gehj"", ""gehy"", ""gei,"", ""gh/e"", ""ghhh"", ""gicy"", ""gid'"", ""gij,"", ""gn! "", ""go/g"", ""goap"", ""gpx "", ""h 4k"", ""h hw"", ""h z'"", ""h!/r"", ""hblo"", ""hc ("", ""he!:"", ""hei'"", ""hex-"", ""hihn"", ""hixt"", ""hlsi"", ""ho'z"", ""hrok"", ""htoj"", ""hydn"", ""ia @"", ""ibej"", ""iesr"", ""ijmt"", ""ikoa"", ""ikt?"", ""ikzo"", ""ilex"", ""ilsw"", ""ion1"", ""ioop"", ""ip/a"", ""ivyt"", ""j/th"", ""jen/"", ""jeot"", ""ji/d"", ""jmt "", ""jr k"", ""jr/b"", ""jyaa"", ""k l "", ""k v/"", ""ka/j"", ""kahm"", ""kbo/"", ""khwe"", ""kilz"", ""kkkl"", ""kkky"", ""ko/f"", ""kokl"", ""koo,"", ""ktip"", ""ku/o"", ""kyns"", ""kyze"", ""l r&"", ""l'pr"", ""l'sa"", ""l.--"", ""l.e "", ""la'o"", ""ld0s"", ""ldpu"", ""lds!"", ""lgao"", ""ll.e"", ""locq"", ""logw"", ""lthf"", ""luxa"", ""lzit"", ""m3 &"", ""mdsc"", ""mehh"", ""meym"", ""mh p"", ""miu,"", ""mjr "", ""mmua"", ""mndi"", ""mnts"", ""mozv"", ""mp-9"", ""my/e"", ""n bs"", ""n lv"", ""n\"" k"", ""n)ic"", ""n/'n"", ""n/j-"", ""n? v"", ""nabn"", ""ncrt"", ""nd+1"", ""nnri"", ""nodb"", ""nonw"", ""np-t"", ""npox"", ""nrir"", ""ntrn"", ""o q "", ""o'hh"", ""o'z "", ""o/ai"", ""o/sm"", ""ocq/"", ""od_s"", ""oe't"", ""oep."", ""of?!"", ""ofdi"", ""olkg"", ""omuj"", ""on1:"", ""onn?"", ""oofp"", ""oui/"", ""owom"", ""p mn"", ""p-9m"", ""p-y "", ""p/az"", ""p/k "", ""p/xx"", ""pajy"", ""pcow"", ""pd d"", ""pe/k"", ""pf-e"", ""poeu"", ""pp-y"", ""ppep"", ""pt-i"", ""pu &"", ""puhr"", ""px s"", ""q/po"", ""qb b"", ""qutt"", ""r 65"", ""r xp"", ""r&d "", ""r(te"", ""r-55"", ""r-84"", ""r/50"", ""r/bj"", ""r/kw"", ""rb-c"", ""re-q"", ""rf/a"", ""rf/f"", ""rg-b"", ""rggg"", ""rib,"", ""rin\"""", ""rjuf"", ""rl/c"", ""rmds"", ""rn-w"", ""rpfi"", ""rrgg"", ""rri!"", ""rsys"", ""ru/u"", ""rufz"", ""rv/e"", ""ryx/"", ""s. ."", ""s/dm"", ""s3 g"", ""sazv"", ""sdl "", ""se ~"", ""seaa"", ""sgo,"", ""sh/u"", ""shs "", ""skyi"", ""smii"", ""sssi"", ""ssuu"", ""t -1"", ""t/ia"", ""tag="", ""teua"", ""teyt"", ""tgip"", ""tioo"", ""tjol"", ""tkot"", ""tmug"", ""tpog"", ""trnt"", ""tsdl"", ""ttyd"", ""tydo"", ""u/ok"", ""uatg"", ""ubo?"", ""ueft"", ""ugpi"", ""ui/p"", ""uikd"", ""uikz"", ""ukkk"", ""ukyb"", ""un-2"", ""und+"", ""uo/d"", ""up/x"", ""upa2"", ""upya"", ""uunu"", ""uwd "", ""v (x"", ""v/el"", ""va/a"", ""vi/f"", ""vkla"", ""vo-a"", ""vr. "", ""vsor"", ""vube"", ""vyxs"", ""vyy?"", ""w e-"", ""w, 9"", ""w/sa"", ""w3 s"", ""wd g"", ""wd h"", ""wkai"", ""wkol"", ""wkst"", ""wry,"", ""x! l"", ""x-3n"", ""x-6 "", ""x-ev"", ""x/sc"", ""xbr-"", ""xsin"", ""y #9"", ""y 84"", ""y k-"", ""y z/"", ""y ~a"", ""y-o,"", ""y/cb"", ""ya 6"", ""ya/o"", ""yap/"", ""ylti"", ""ypt-"", ""yu/j"", ""yvim"", ""yx/r"", ""yxsi"", ""yy j"", ""yyke"", ""ze x"", ""zicz"", ""zitp"", ""~ oa"", ""~ais""]",527,1,155,0.0064516129032258064
5,block_infix_fingerprint_v005.json,256,local_split_entropy_equivalence_classes,154,4,0.0,0.1,title,title,124," ""se","["" \""se"", ""zsze""]",2,2,155,0.012903225806451613
5,block_infix_fingerprint_v005.json,256,local_split_entropy_equivalence_classes,154,4,0.0,0.1,title,title,125," ""su","["" \""su""]",1,3,155,0.01935483870967742
5,block_infix_fingerprint_v005.json,256,local_split_entropy_equivalence_classes,154,4,0.0,0.1,title,title,126," ""ta","["" \""ta"", ""atrn"", ""heb'""]",3,2,155,0.012903225806451613
5,block_infix_fingerprint_v005.json,256,local_split_entropy_equivalence_classes,154,4,0.0,0.1,title,title,127, # 4,"["" # 4"", ""dy-f"", ""sor!""]",3,2,155,0.012903225806451613
5,block_infix_fingerprint_v005.json,256,local_split_entropy_equivalence_classes,154,4,0.0,0.1,title,title,128, # 6,"["" # 6"", ""eupr"", ""g uj"", ""ipda"", ""ztid""]",5,2,155,0.012903225806451613
5,block_infix_fingerprint_v005.json,256,local_split_entropy_equivalence_classes,154,4,0.0,0.1,title,title,129, #$&,"["" #$&"", ""#$&%"", ""$&% "", ""% is"", ""&% i"", ""bicz"", ""dx 4"", ""eidn"", ""fpar"", ""tadc"", ""utxa""]",11,2,155,0.012903225806451613
5,block_infix_fingerprint_v005.json,256,local_split_entropy_equivalence_classes,154,4,0.0,0.1,title,title,130, #04,"["" #04""]",1,3,155,0.01935483870967742
5,block_infix_fingerprint_v005.json,256,local_split_entropy_equivalence_classes,154,4,0.0,0.1,title,title,131, #07,"["" #07"", ""dte,"", ""s***"", ""ukep""]",4,2,155,0.012903225806451613
5,block_infix_fingerprint_v005.json,256,local_split_entropy_equivalence_classes,154,4,0.0,0.1,title,title,132, #1',"["" #1'"", ""#1's""]",2,4,155,0.025806451612903226
5,block_infix_fingerprint_v005.json,256,local_split_entropy_equivalence_classes,154,4,0.0,0.1,title,title,133, #1),"["" #1)""]",1,3,155,0.01935483870967742
5,block_infix_fingerprint_v005.json,256,local_split_entropy_equivalence_classes,154,4,0.0,0.1,title,title,134, #1/,"["" #1/""]",1,6,155,0.03870967741935484
5,block_infix_fingerprint_v005.json,256,local_split_entropy_equivalence_classes,154,4,0.0,0.1,title,title,135, #2),"["" #2)""]",1,2,155,0.012903225806451613
5,block_infix_fingerprint_v005.json,256,local_split_entropy_equivalence_classes,154,4,0.0,0.1,title,title,136, #3/,"["" #3/""]",1,6,155,0.03870967741935484
5,block_infix_fingerprint_v005.json,256,local_split_entropy_equivalence_classes,154,4,0.0,0.1,title,title,137, #33,"["" #33""]",1,12,155,0.07741935483870968
5,block_infix_fingerprint_v005.json,256,local_split_entropy_equivalence_classes,154,4,0.0,0.1,title,title,138, #41,"["" #41""]",1,13,155,0.08387096774193549
5,block_infix_fingerprint_v005.json,256,local_split_entropy_equivalence_classes,154,4,0.0,0.1,title,title,139, #45,"["" #45""]",1,11,155,0.07096774193548387
5,block_infix_fingerprint_v005.json,256,local_split_entropy_equivalence_classes,154,4,0.0,0.1,title,title,140, #48,"["" #48""]",1,13,155,0.08387096774193549
5,block_infix_fingerprint_v005.json,256,local_split_entropy_equivalence_classes,154,4,0.0,0.1,title,title,141, #50,"["" #50""]",1,13,155,0.08387096774193549
5,block_infix_fingerprint_v005.json,256,local_split_entropy_equivalence_classes,154,4,0.0,0.1,title,title,142, #51,"["" #51""]",1,10,155,0.06451612903225806
5,block_infix_fingerprint_v005.json,256,local_split_entropy_equivalence_classes,154,4,0.0,0.1,title,title,143, #57,"["" #57""]",1,7,155,0.04516129032258064
5,block_infix_fingerprint_v005.json,256,local_split_entropy_equivalence_classes,154,4,0.0,0.1,title,title,144, #58,"["" #58""]",1,7,155,0.04516129032258064
5,block_infix_fingerprint_v005.json,256,local_split_entropy_equivalence_classes,154,4,0.0,0.1,title,title,145, #64,"["" #64""]",1,7,155,0.04516129032258064
5,block_infix_fingerprint_v005.json,256,local_split_entropy_equivalence_classes,154,4,0.0,0.1,title,title,146, #69,"["" #69""]",1,12,155,0.07741935483870968
5,block_infix_fingerprint_v005.json,256,local_split_entropy_equivalence_classes,154,4,0.0,0.1,title,title,147, #7 ,"["" #7 ""]",1,8,155,0.05161290322580645
5,block_infix_fingerprint_v005.json,256,local_split_entropy_equivalence_classes,154,4,0.0,0.1,title,title,148, #75,"["" #75""]",1,5,155,0.03225806451612903
5,block_infix_fingerprint_v005.json,256,local_split_entropy_equivalence_classes,154,4,0.0,0.1,title,title,149, #83,"["" #83""]",1,3,155,0.01935483870967742
5,block_infix_fingerprint_v005.json,256,local_split_entropy_equivalence_classes,154,4,0.0,0.1,title,title,150, #87,"["" #87""]",1,10,155,0.06451612903225806
5,block_infix_fingerprint_v005.json,256,local_split_entropy_equivalence_classes,154,4,0.0,0.1,title,title,151, #@$,"["" #@$"", "" &tu"", "" 5-t"", "" 7/s"", "" btw"", "" c-u"", "" ex)"", "" g-1"", "" k!l"", "" ls1"", "" na/"", "" og-"", "" swv"", "" tkm"", "" wuk"", "" ~wa"", ""!'/j"", ""!*& "", ""!lle"", ""#1/p"", ""#@$%"", ""$%!*"", ""$65,"", ""%!*&"", ""& tm"", ""&tur"", ""' ig"", ""'itz"", ""'k'l"", ""'mol"", ""'o n"", ""'tsq"", "")tau"", ""*& f"", ""+nor"", "", 51"", ""- hm"", ""-7, "", ""-b-a"", ""-gic"", ""-o g"", ""-ooc"", ""-suf"", ""-u-b"", "".0/t"", "".1-a"", "".50."", "".lv "", "".m's"", "".oh "", "".s v"", ""/03-"", ""/04-"", ""/07 "", ""/07,"", ""/12-"", ""/15,"", ""/15-"", ""/27-"", ""/31,"", ""/aco"", ""/aja"", ""/htv"", ""/ic "", ""/loi"", ""/own"", ""/tof"", ""/waf"", ""/xtr"", ""/zyk"", ""0/to"", ""00s-"", ""01c,"", ""01d;"", ""03/3"", ""1 22"", ""1-ar"", ""1/27"", ""1/30"", ""1/pi"", ""17 1"", ""19 2"", ""1c, "", ""1d; "", ""2.01"", ""2/04"", ""2/07"", ""2/27"", ""20 2"", ""201c"", ""201d"", ""21 2"", ""23/a"", ""27-0"", ""29 w"", ""3 (k"", ""3 ec"", ""3-di"", ""3/03"", ""3/12"", ""3/27"", ""3/31"", ""3/af"", ""3t n"", ""4/03"", ""4/07"", ""4/28"", ""417,"", ""4k v"", ""5-ts"", ""5/15"", ""5/18"", ""6, &"", ""602,"", ""65,0"", ""7, 6"", ""7, a"", ""7.de"", ""7/17"", ""7/sm"", ""776:"", ""875:"", ""9 20"", ""900s"", ""965:"", ""; 35"", ""? cr"", ""@$%!"", ""[s]k"", ""]kli"", ""a+no"", ""aasc"", ""ab'l"", ""ae/j"", ""aglj"", ""ah/d"", ""ahl!"", ""aim-"", ""ap-l"", ""arw,"", ""au!!"", ""aw/r"", ""axko"", ""ayfr"", ""azts"", ""b 29"", ""b oz"", ""b'll"", ""b.lv"", ""bs/w"", ""btw-"", ""c, 2"", ""cdyn"", ""cobd"", ""cryd"", ""d k!"", ""d; 3"", ""dab'"", ""db.l"", ""dbak"", ""de ~"", ""de'b"", ""djey"", ""djoz"", ""dzi?"", ""e ~w"", ""e!/j"", ""e'be"", ""e/aj"", ""e/ht"", ""e? x"", ""eegz"", ""eei "", ""eiam"", ""ejdr"", ""ekyr"", ""eqi "", ""ess~"", ""eyoh"", ""f kv"", ""f-uf"", ""f.oh"", ""f/ow"", ""faxt"", ""fdb."", ""fet'"", ""fpos"", ""fu/j"", ""fu/l"", ""fut."", ""ga- "", ""ghca"", ""glju"", ""gpx:"", ""grma"", ""gry."", ""gzom"", ""h 42"", ""h 48"", ""h 52"", ""h 6t"", ""h..?"", ""haxk"", ""hl! "", ""hluo"", ""hrc,"", ""hs/b"", ""hta:"", ""htib"", ""hy-o"", ""i 1e"", ""i'k'"", ""iamt"", ""ifdb"", ""ify'"", ""igoo"", ""igpx"", ""igt."", ""iqii"", ""j dd"", ""j-ar"", ""jakq"", ""jdri"", ""je-l"", ""jey:"", ""jisl"", ""jksv"", ""jobt"", ""jy b"", ""jy f"", ""jy t"", ""k aq"", ""k!/e"", ""k!ll"", ""k'lu"", ""k.ca"", ""k/of"", ""k? o"", ""kaa:"", ""kk' "", ""kli'"", ""ks q"", ""kybi"", ""l ls"", ""l!/h"", ""l/tu"", ""laiz"", ""lc n"", ""lcug"", ""ldyc"", ""le!'"", ""lekn"", ""lf-v"", ""lfow"", ""ljob"", ""lpok"", ""lreu"", ""ls-g"", ""ls1 "", ""lt/n"", ""lv -"", ""ly/x"", ""lyxh"", ""m h "", ""m! x"", ""mcdy"", ""md p"", ""mgei"", ""mij."", ""miqi"", ""mo/d"", ""mw p"", ""n $6"", ""n 5i"", ""n 6,"", ""n t/"", ""n!'/"", ""n'at"", ""nhuv"", ""nn ."", ""nrbq"", ""nt)t"", ""nt.)"", ""nuip"", ""o's'"", ""o.m'"", ""o[s]"", ""oe 9"", ""og-p"", ""oje-"", ""osi?"", ""oxwa"", ""ozvu"", ""peim"", ""peky"", ""pjus"", ""pro["", ""pwie"", ""r/3d"", ""r/zy"", ""ra+n"", ""rbq:"", ""rf/k"", ""ro[s"", ""rsa-"", ""rsk?"", ""rt ."", ""rumv"", ""rw, "", ""s &t"", ""s/ax"", ""s1 c"", ""s]kl"", ""se?!"", ""sehd"", ""sgr."", ""sidk"", ""su/b"", ""sub,"", ""t n0"", ""t)ta"", ""t/ey"", ""tcij"", ""tepz"", ""tso?"", ""tuky"", ""tv/u"", ""tw-c"", ""u g-"", ""u-b-"", ""u-nu"", ""uju-"", ""ukys"", ""umf'"", ""uon!"", ""uon-"", ""uoph"", ""ura+"", ""uulk"", ""uutj"", ""v!!!"", ""v-ka"", ""v/un"", ""vle!"", ""vuky"", ""w 08"", ""w-pr"", ""w/rj"", ""wenj"", ""wig?"", ""wn!'"", ""wuka"", ""x-7,"", ""xedr"", ""xhot"", ""xkon"", ""xtar"", ""xte,"", ""y bj"", ""y x?"", ""y!/n"", ""y-oo"", ""y/xt"", ""yinm"", ""ynns"", ""ypd,"", ""yr n"", ""yuon"", ""yxho"", ""zoav"", ""ztso"", ""zunb"", ""~wan""]",373,1,155,0.0064516129032258064
5,block_infix_fingerprint_v005.json,256,local_split_entropy_equivalence_classes,154,4,0.0,0.1,title,title,152, $17,"["" $17""]",1,3,155,0.01935483870967742
5,block_infix_fingerprint_v005.json,256,local_split_entropy_equivalence_classes,154,4,0.0,0.1,title,title,153, & 3,"["" & 3""]",1,13,155,0.08387096774193549
