metadata_version,metadata_file,fingerprint_width,feature_selection_method,hamming_cluster_count,ngram_size,min_block_frequency,max_block_frequency,table_name,column_name,bit_index,ngram,ngrams,alias_count,block_presence_count,total_block_count,block_frequency
0,block_infix_fingerprint_v000.json,8,local_split_entropy_equivalence_classes,154,3,0.0,0.01,title,title,0,  b,"[""  b"", ""#t "", ""''e"", "")au"", ""*fi"", ""-iq"", "".ji"", ""/*f"", ""/d2"", ""/ie"", ""/pt"", ""16'"", ""21?"", ""? &"", ""bgm"", ""c*o"", ""dfb"", ""dr0"", ""e&c"", ""ec*"", ""euo"", ""f/'"", ""g  "", ""g'h"", ""h#t"", ""h)a"", ""ho*"", ""i+ "", ""i-7"", ""jp/"", ""li+"", ""m?'"", ""n/*"", ""nqt"", ""or*"", ""p/9"", ""sh#"", ""t)i"", ""tb'"", ""ttd"", ""wtv"", ""x!/""]",42,1,155,0.0064516129032258064
0,block_infix_fingerprint_v000.json,8,local_split_entropy_equivalence_classes,154,3,0.0,0.01,title,title,1,  z,"[""  z"", "" *h"", "" yx"", ""'e,"", ""'m-"", ""*c*"", ""-gs"", ""14+"", ""1ns"", ""2ik"", ""3?!"", ""8.c"", ""8ad"", ""a  "", ""c*h"", ""e:6"", ""fcr"", ""j1n"", ""lm*"", ""m*o"", ""m2."", ""m8."", ""nfg"", ""nqm"", ""ocw"", ""p/3"", ""r  "", ""rt*"", ""t* "", ""t*c"", ""u-)"", ""wy/"", ""yxl"", ""~ g""]",34,1,155,0.0064516129032258064
0,block_infix_fingerprint_v000.json,8,local_split_entropy_equivalence_classes,154,3,0.0,0.01,title,title,2, !/,"["" !/"", "" m9"", "" q5"", "" wj"", ""! !"", ""&mi"", ""'r,"", ""(6 "", "",05"", ""-f?"", ""/uh"", ""16k"", ""2)!"", ""5is"", ""6),"", ""6k "", "":53"", "":ti"", ""a!\"""", ""a4o"", ""al4"", ""b'w"", ""bgw"", ""cg:"", ""er&"", ""ilx"", ""jms"", ""l:-"", ""m8/"", ""m?!"", ""mj:"", ""mkj"", ""mv3"", ""mxg"", ""o55"", ""o56"", ""o58"", ""o63"", ""o69"", ""o73"", ""o81"", ""o83"", ""o90"", ""o94"", ""qo:"", ""r**"", ""t50"", ""ta4"", ""vlb"", ""xm8"", ""ydv"", ""yvt"", ""yy-""]",53,1,155,0.0064516129032258064
0,block_infix_fingerprint_v000.json,8,local_split_entropy_equivalence_classes,154,3,0.0,0.01,title,title,3, !@,"["" !@"", "" c4"", "" {p"", ""!@#"", ""#$i"", ""$ d"", ""$$'"", ""$%^"", ""$'$"", ""% 7"", ""&*!"", ""-vy"", ""-xv"", "".-n"", "".tw"", "".z:"", ""0bo"", ""0gy"", ""3dn"", ""3s:"", ""40g"", ""6am"", ""7,9"", ""75!"", ""7ad"", ""99?"", ""9de"", "":fu"", ""@#$"", ""[di"", ""[oo"", ""^&*"", ""a&c"", ""ac("", ""ah;"", ""a~j"", ""bk:"", ""c21"", ""c5:"", ""c[d"", ""di$"", ""dj-"", ""e !"", ""e} "", ""ha&"", ""i$e"", ""jmw"", ""jpr"", ""jsu"", ""m.6"", ""mjm"", ""n.l"", ""n43"", ""n58"", ""ng2"", ""nmm"", ""npt"", ""nxl"", ""oc]"", ""pe3"", ""pr'"", ""qvr"", ""r {"", ""r(d"", ""re}"", ""s&d"", ""sc["", ""snm"", ""st]"", ""t21"", ""tjh"", ""tlf"", ""v2:"", ""xge"", ""xt2"", ""xv-"", ""y40"", ""y~t"", ""zdg"", ""zh)"", ""zhp"", ""{pa"", ""} s"", ""~jo"", ""~ti""]",85,1,155,0.0064516129032258064
0,block_infix_fingerprint_v000.json,8,local_split_entropy_equivalence_classes,154,3,0.0,0.01,title,title,4," "" ","["" \"" "", "" @."", ""# e"", ""$ e"", ""'vy"", ""(85"", ""(pq"", ""-y/"", "".0t"", "".5/"", ""/m-"", ""0/n"", ""0t "", ""2ra"", ""45i"", ""5/d"", ""59e"", ""7)!"", ""7q-"", ""97q"", ""@. "", ""a5 "", ""f9:"", ""fr:"", ""h88"", ""jfr"", ""jkm"", ""k)'"", ""lc'"", ""lz'"", ""mlf"", ""opq"", ""p/q"", ""pqp"", ""q-u"", ""qp "", ""r2n"", ""th8"", ""xjl"", ""z--"", ""z/q""]",41,1,155,0.0064516129032258064
0,block_infix_fingerprint_v000.json,8,local_split_entropy_equivalence_classes,154,3,0.0,0.01,title,title,5," "".","["" \""."", ""\"".."", ""&cc"", ""&ja"", ""*li"", ""+u."", "".\"" "", "".+u"", "".-l"", "".u "", ""/5."", ""1 %"", ""1 :"", ""1* "", ""11*"", ""2.p"", ""3.t"", ""53o"", ""6>9"", ""7er"", ""86>"", ""8ht"", "">98"", ""[ro"", ""a94"", ""ad*"", ""am9"", ""an&"", ""bh,"", ""ca]"", ""cmp"", ""d*l"", ""dx1"", ""e.+"", ""e.q"", ""e01"", ""ei8"", ""ew("", ""f26"", ""fbh"", ""fcg"", ""fdt"", ""fsj"", ""i8h"", ""jsw"", ""k&j"", ""ke0"", ""l',"", ""m(k"", ""m2s"", ""m99"", ""ms1"", ""mz,"", ""n&c"", ""nhv"", ""nlq"", ""om3"", ""oq:"", ""pa;"", ""ptd"", ""q.-"", ""ru;"", ""s.\"""", ""su$"", ""tvd"", ""u$e"", ""v15"", ""v49"", ""va1"", ""w(h"", ""wg."", ""x13"", ""xaj"", ""y):"", ""ydj"", ""yyg"", ""z-3""]",77,1,155,0.0064516129032258064
0,block_infix_fingerprint_v000.json,8,local_split_entropy_equivalence_classes,154,3,0.0,0.01,title,title,6," ""@","["" \""@"", "" c@"", ""!er"", ""\""@\"""", ""'uw"", ""(ub"", "")pu"", ""*4*"", ""+do"", ""/yn"", ""37x"", ""3p "", ""4*2"", ""7xs"", ""?!)"", ""@!e"", ""c@f"", ""e35"", ""fmy"", ""in1"", ""iyh"", ""ki~"", ""mvc"", ""njz"", ""oqt"", ""os+"", ""qto"", ""s+d"", ""sc4"", ""slt"", ""sw3"", ""t*4"", ""t7:"", ""vc3"", ""w $"", ""w--"", ""wdl"", ""y--"", ""zu)""]",39,1,155,0.0064516129032258064
0,block_infix_fingerprint_v000.json,8,local_split_entropy_equivalence_classes,154,3,0.0,0.01,title,title,7," ""j","["" \""j"", ""!ni"", ""\""ji"", ""#05"", ""$.t"", ""$23"", ""& \"""", ""'.0"", ""'1e"", ""'gt"", "".$."", "".eu"", ""07%"", ""13g"", ""15z"", ""1e'"", ""3co"", ""3go"", ""5zl"", ""62/"", ""7%'"", ""75%"", ""7a/"", ""a ~"", ""b25"", ""b2w"", ""e&s"", ""g'b"", ""g4c"", ""h'f"", ""jkv"", ""k)h"", ""k3!"", ""ke&"", ""mwy"", ""n@w"", ""njl"", ""o/4"", ""or3"", ""php"", ""re~"", ""s&p"", ""s25"", ""tdc"", ""tnb"", ""ty5"", ""u.$"", ""v3s"", ""wb2"", ""wrt"", ""y5 "", ""ygb"", ""z!n"", ""z'l""]",54,1,155,0.0064516129032258064
1,block_infix_fingerprint_v001.json,16,local_split_entropy_equivalence_classes,154,3,0.0,0.01,title,title,0,  b,"[""  b"", ""#t "", ""''e"", "")au"", ""*fi"", ""-iq"", "".ji"", ""/*f"", ""/d2"", ""/ie"", ""/pt"", ""16'"", ""21?"", ""? &"", ""bgm"", ""c*o"", ""dfb"", ""dr0"", ""e&c"", ""ec*"", ""euo"", ""f/'"", ""g  "", ""g'h"", ""h#t"", ""h)a"", ""ho*"", ""i+ "", ""i-7"", ""jp/"", ""li+"", ""m?'"", ""n/*"", ""nqt"", ""or*"", ""p/9"", ""sh#"", ""t)i"", ""tb'"", ""ttd"", ""wtv"", ""x!/""]",42,1,155,0.0064516129032258064
1,block_infix_fingerprint_v001.json,16,local_split_entropy_equivalence_classes,154,3,0.0,0.01,title,title,1,  z,"[""  z"", "" *h"", "" yx"", ""'e,"", ""'m-"", ""*c*"", ""-gs"", ""14+"", ""1ns"", ""2ik"", ""3?!"", ""8.c"", ""8ad"", ""a  "", ""c*h"", ""e:6"", ""fcr"", ""j1n"", ""lm*"", ""m*o"", ""m2."", ""m8."", ""nfg"", ""nqm"", ""ocw"", ""p/3"", ""r  "", ""rt*"", ""t* "", ""t*c"", ""u-)"", ""wy/"", ""yxl"", ""~ g""]",34,1,155,0.0064516129032258064
1,block_infix_fingerprint_v001.json,16,local_split_entropy_equivalence_classes,154,3,0.0,0.01,title,title,2, !/,"["" !/"", "" m9"", "" q5"", "" wj"", ""! !"", ""&mi"", ""'r,"", ""(6 "", "",05"", ""-f?"", ""/uh"", ""16k"", ""2)!"", ""5is"", ""6),"", ""6k "", "":53"", "":ti"", ""a!\"""", ""a4o"", ""al4"", ""b'w"", ""bgw"", ""cg:"", ""er&"", ""ilx"", ""jms"", ""l:-"", ""m8/"", ""m?!"", ""mj:"", ""mkj"", ""mv3"", ""mxg"", ""o55"", ""o56"", ""o58"", ""o63"", ""o69"", ""o73"", ""o81"", ""o83"", ""o90"", ""o94"", ""qo:"", ""r**"", ""t50"", ""ta4"", ""vlb"", ""xm8"", ""ydv"", ""yvt"", ""yy-""]",53,1,155,0.0064516129032258064
1,block_infix_fingerprint_v001.json,16,local_split_entropy_equivalence_classes,154,3,0.0,0.01,title,title,3, !@,"["" !@"", "" c4"", "" {p"", ""!@#"", ""#$i"", ""$ d"", ""$$'"", ""$%^"", ""$'$"", ""% 7"", ""&*!"", ""-vy"", ""-xv"", "".-n"", "".tw"", "".z:"", ""0bo"", ""0gy"", ""3dn"", ""3s:"", ""40g"", ""6am"", ""7,9"", ""75!"", ""7ad"", ""99?"", ""9de"", "":fu"", ""@#$"", ""[di"", ""[oo"", ""^&*"", ""a&c"", ""ac("", ""ah;"", ""a~j"", ""bk:"", ""c21"", ""c5:"", ""c[d"", ""di$"", ""dj-"", ""e !"", ""e} "", ""ha&"", ""i$e"", ""jmw"", ""jpr"", ""jsu"", ""m.6"", ""mjm"", ""n.l"", ""n43"", ""n58"", ""ng2"", ""nmm"", ""npt"", ""nxl"", ""oc]"", ""pe3"", ""pr'"", ""qvr"", ""r {"", ""r(d"", ""re}"", ""s&d"", ""sc["", ""snm"", ""st]"", ""t21"", ""tjh"", ""tlf"", ""v2:"", ""xge"", ""xt2"", ""xv-"", ""y40"", ""y~t"", ""zdg"", ""zh)"", ""zhp"", ""{pa"", ""} s"", ""~jo"", ""~ti""]",85,1,155,0.0064516129032258064
1,block_infix_fingerprint_v001.json,16,local_split_entropy_equivalence_classes,154,3,0.0,0.01,title,title,4," "" ","["" \"" "", "" @."", ""# e"", ""$ e"", ""'vy"", ""(85"", ""(pq"", ""-y/"", "".0t"", "".5/"", ""/m-"", ""0/n"", ""0t "", ""2ra"", ""45i"", ""5/d"", ""59e"", ""7)!"", ""7q-"", ""97q"", ""@. "", ""a5 "", ""f9:"", ""fr:"", ""h88"", ""jfr"", ""jkm"", ""k)'"", ""lc'"", ""lz'"", ""mlf"", ""opq"", ""p/q"", ""pqp"", ""q-u"", ""qp "", ""r2n"", ""th8"", ""xjl"", ""z--"", ""z/q""]",41,1,155,0.0064516129032258064
1,block_infix_fingerprint_v001.json,16,local_split_entropy_equivalence_classes,154,3,0.0,0.01,title,title,5," "".","["" \""."", ""\"".."", ""&cc"", ""&ja"", ""*li"", ""+u."", "".\"" "", "".+u"", "".-l"", "".u "", ""/5."", ""1 %"", ""1 :"", ""1* "", ""11*"", ""2.p"", ""3.t"", ""53o"", ""6>9"", ""7er"", ""86>"", ""8ht"", "">98"", ""[ro"", ""a94"", ""ad*"", ""am9"", ""an&"", ""bh,"", ""ca]"", ""cmp"", ""d*l"", ""dx1"", ""e.+"", ""e.q"", ""e01"", ""ei8"", ""ew("", ""f26"", ""fbh"", ""fcg"", ""fdt"", ""fsj"", ""i8h"", ""jsw"", ""k&j"", ""ke0"", ""l',"", ""m(k"", ""m2s"", ""m99"", ""ms1"", ""mz,"", ""n&c"", ""nhv"", ""nlq"", ""om3"", ""oq:"", ""pa;"", ""ptd"", ""q.-"", ""ru;"", ""s.\"""", ""su$"", ""tvd"", ""u$e"", ""v15"", ""v49"", ""va1"", ""w(h"", ""wg."", ""x13"", ""xaj"", ""y):"", ""ydj"", ""yyg"", ""z-3""]",77,1,155,0.0064516129032258064
1,block_infix_fingerprint_v001.json,16,local_split_entropy_equivalence_classes,154,3,0.0,0.01,title,title,6," ""@","["" \""@"", "" c@"", ""!er"", ""\""@\"""", ""'uw"", ""(ub"", "")pu"", ""*4*"", ""+do"", ""/yn"", ""37x"", ""3p "", ""4*2"", ""7xs"", ""?!)"", ""@!e"", ""c@f"", ""e35"", ""fmy"", ""in1"", ""iyh"", ""ki~"", ""mvc"", ""njz"", ""oqt"", ""os+"", ""qto"", ""s+d"", ""sc4"", ""slt"", ""sw3"", ""t*4"", ""t7:"", ""vc3"", ""w $"", ""w--"", ""wdl"", ""y--"", ""zu)""]",39,1,155,0.0064516129032258064
1,block_infix_fingerprint_v001.json,16,local_split_entropy_equivalence_classes,154,3,0.0,0.01,title,title,7," ""j","["" \""j"", ""!ni"", ""\""ji"", ""#05"", ""$.t"", ""$23"", ""& \"""", ""'.0"", ""'1e"", ""'gt"", "".$."", "".eu"", ""07%"", ""13g"", ""15z"", ""1e'"", ""3co"", ""3go"", ""5zl"", ""62/"", ""7%'"", ""75%"", ""7a/"", ""a ~"", ""b25"", ""b2w"", ""e&s"", ""g'b"", ""g4c"", ""h'f"", ""jkv"", ""k)h"", ""k3!"", ""ke&"", ""mwy"", ""n@w"", ""njl"", ""o/4"", ""or3"", ""php"", ""re~"", ""s&p"", ""s25"", ""tdc"", ""tnb"", ""ty5"", ""u.$"", ""v3s"", ""wb2"", ""wrt"", ""y5 "", ""ygb"", ""z!n"", ""z'l""]",54,1,155,0.0064516129032258064
1,block_infix_fingerprint_v001.json,16,local_split_entropy_equivalence_classes,154,3,0.0,0.01,title,title,8," ""q","["" \""q"", ""\""fi"", ""\""qu"", ""'wl"", "")fu"", "".-g"", "".1'"", "".d!"", ""0/e"", ""0?/"", ""0hr"", ""3ha"", ""6x0"", ""@ce"", ""a3z"", ""a5h"", ""ab5"", ""ck\"""", ""dx8"", ""e20"", ""f@c"", ""fb5"", ""flb"", ""flw"", ""g!\"""", ""gkc"", ""jmp"", ""kft"", ""la5"", ""os&"", ""p)f"", ""p3x"", ""pbj"", ""pr2"", ""ps\"""", ""r21"", ""r3h"", ""rxt"", ""sv:"", ""wlb"", ""x04"", ""xyd"", ""zsn""]",43,1,155,0.0064516129032258064
1,block_infix_fingerprint_v001.json,16,local_split_entropy_equivalence_classes,154,3,0.0,0.01,title,title,9," ""x","["" \""x"", ""\"" &"", ""\""it"", ""\""x\"""", ""#un"", ""'e!"", ""(cc"", ""(gm"", ""-ml"", "".i/"", ""/i:"", ""/iq"", ""0/z"", ""03h"", ""3an"", ""4/b"", ""47'"", ""6-a"", ""6h4"", ""7' "", ""75s"", ""8' "", ""as2"", ""cc?"", ""cn)"", ""g2 "", ""l30"", ""lrl"", ""m)!"", ""nm/"", ""p3/"", ""p91"", ""pnc"", ""vr'""]",34,1,155,0.0064516129032258064
1,block_infix_fingerprint_v001.json,16,local_split_entropy_equivalence_classes,154,3,0.0,0.01,title,title,10," ""y","["" \""y"", ""!!'"", ""\""ye"", ""$ t"", ""'-c"", ""'-p"", ""'-s"", ""'cs"", ""'u2"", ""-wn"", "".(f"", "".y,"", ""/2g"", ""/mn"", ""1.:"", ""2te"", ""3.:"", ""4'1"", ""4hr"", ""6bc"", ""a56"", ""ak2"", ""c.("", ""dfp"", ""di*"", ""e  "", ""f-,"", ""g'g"", ""h'-"", ""io#"", ""k/2"", ""k2e"", ""kln"", ""o!\"""", ""o# "", ""rpd"", ""s!\"""", ""sws"", ""ut\"""", ""uv?"", ""v1:"", ""vvk""]",42,1,155,0.0064516129032258064
1,block_infix_fingerprint_v001.json,16,local_split_entropy_equivalence_classes,154,3,0.0,0.01,title,title,11, #&,"["" #&"", "" 3w"", "" 8f"", ""!ja"", ""#&%"", ""&%#"", ""'ck"", ""'mp"", ""('t"", ""(*a"", ""*a "", ""+(d"", ""+li"", ""-bn"", ""-e?"", ""-t:"", "".kn"", ""0 7"", ""0ad"", ""10f"", ""2no"", ""4lo"", ""5.n"", ""6):"", ""8ft"", ""@lv"", ""_eq"", ""`m "", ""au2"", ""bcp"", ""d')"", ""d'q"", ""d)r"", ""d+("", ""e09"", ""ejp"", ""er4"", ""et_"", ""fxe"", ""g(o"", ""g@m"", ""gbf"", ""gp5"", ""gwl"", ""gxa"", ""h'r"", ""h.5"", ""h2n"", ""h52"", ""h_e"", ""hcw"", ""hkq"", ""i!j"", ""i*a"", ""i`m"", ""id4"", ""ixj"", ""jsg"", ""k3d"", ""kn'"", ""kq "", ""l+l"", ""lbd"", ""lo*"", ""m@m"", ""ni;"", ""o)o"", ""o@l"", ""om@"", ""ox1"", ""p50"", ""ppw"", ""py)"", ""r4l"", ""rgz"", ""rjj"", ""rs2"", ""rtq"", ""t_x"", ""te*"", ""th_"", ""tk-"", ""ul+"", ""v.f"", ""ve0"", ""w.y"", ""wji"", ""wmp"", ""xja"", ""y)a"", ""zt)""]",91,1,155,0.0064516129032258064
1,block_infix_fingerprint_v001.json,16,local_split_entropy_equivalence_classes,154,3,0.0,0.01,title,title,12, #*,"["" #*"", "" 1$"", "" 1]"", "" 2r"", "" @c"", "" [3"", "" _e"", "" _o"", "" t*"", "" u6"", ""$#@"", ""%$#"", ""(p1"", ""(sr"", "") q"", ""*%$"", ""*ll"", ""*r "", ""*wn"", ""..9"", "".v,"", ""/nj"", ""12]"", ""1nn"", ""1pt"", ""21l"", ""3d]"", ""3ge"", ""3jo"", ""4za"", ""5):"", ""6 7"", ""66s"", ""78,"", ""7on"", ""90]"", ""95%"", "":ec"", "":fl"", "":mo"", "":s:"", "":tr"", ""=am"", ""@!!"", ""@ct"", ""[15"", ""[3d"", ""[a]"", ""[o]"", ""]th"", ""_ t"", ""_ee"", ""_oo"", ""a19"", ""a]c"", ""aqf"", ""bhn"", ""bm7"", ""c7d"", ""cc7"", ""cr1"", ""d3j"", ""e _"", ""e:g"", ""e[a"", ""e_ "", ""ee_"", ""er="", ""ex@"", ""exj"", ""hml"", ""i7o"", ""i?,"", ""i] "", ""il4"", ""iuw"", ""j-8"", ""jc:"", ""jhb"", ""jo5"", ""l4z"", ""m*l"", ""m72"", ""mb2"", ""mg/"", ""mp2"", ""mrg"", ""mrv"", ""n:s"", ""nd3"", ""nmj"", ""nrx"", ""o]t"", ""oa1"", ""oo1"", ""ox3"", ""p13"", ""p2v"", ""p3n"", ""phx"", ""pi7"", ""pxx"", ""q-2"", ""qaj"", ""qf "", ""qoc"", ""r1n"", ""r1p"", ""r=a"", ""re="", ""re["", ""rh+"", ""rl;"", ""rxm"", ""s3g"", ""s:e"", ""sm*"", ""ss3"", ""t*w"", ""t.?"", ""tz@"", ""u!."", ""u67"", ""x @"", ""x@s"", ""xdr"", ""xju"", ""xyh"", ""yfn""]",129,1,155,0.0064516129032258064
1,block_infix_fingerprint_v001.json,16,local_split_entropy_equivalence_classes,154,3,0.0,0.01,title,title,13, #?,"["" #?"", "" jv"", "" v7"", ""$0 "", ""(az"", ""(g-"", ""(s-"", ""(uj"", ""**r"", ""+ni"", ""-kp"", ""12l"", ""1fi"", ""1m,"", ""2du"", ""2le"", ""30?"", ""85e"", "">ne"", ""ab2"", ""ay+"", ""b2f"", ""c:0"", ""ddx"", ""e3t"", ""e>n"", ""ea3"", ""em&"", ""f1:"", ""f2 "", ""fnw"", ""g.1"", ""g_l"", ""hhq"", ""i[s"", ""ie$"", ""jsn"", ""kpd"", ""l3 "", ""l4l"", ""l:1"", ""le>"", ""ly2"", ""ml:"", ""n27"", ""n59"", ""nwd"", ""nxy"", ""ogq"", ""ol4"", ""r36"", ""ru4"", ""s]t"", ""st2"", ""t(r"", ""tml"", ""u48"", ""ul("", ""v48"", ""v58"", ""v79"", ""vtl"", ""x19"", ""x70"", ""xi["", ""xuq"", ""xzu"", ""y+n"", ""y1f"", ""zln""]",70,1,155,0.0064516129032258064
1,block_infix_fingerprint_v001.json,16,local_split_entropy_equivalence_classes,154,3,0.0,0.01,title,title,14, #o,"["" #o"", "" #t"", "" . "", "" m!"", ""!k "", ""!ma"", ""#on"", ""#tw"", ""%!k"", ""'cy"", ""'uf"", ""(ys"", ""+ry"", ""+yu"", ""-o?"", ""-tp"", "".'d"", "".ix"", ""0.:"", ""0ke"", ""0kv"", ""24d"", ""2i2"", ""3!:"", ""4.i"", ""4he"", ""8mg"", ""9ho"", "":r "", ""_ y"", ""_18"", ""a15"", ""b+:"", ""ch9"", ""cl!"", ""d(y"", ""e7 "", ""e9n"", ""eiq"", ""f%!"", ""fk-"", ""fmx"", ""frs"", ""fvv"", ""gfc"", ""gk3"", ""h&r"", ""h'z"", ""h00"", ""h2s"", ""h6:"", ""h99"", ""h:r"", ""hi+"", ""hp'"", ""i+r"", ""ih?"", ""ik1"", ""ip5"", ""it2"", ""j-r"", ""jct"", ""je7"", ""kg2"", ""l!m"", ""l_1"", ""mgh"", ""nfh"", ""no+"", ""o _"", ""o+y"", ""pcm"", ""rpb"", ""rz."", ""rz1"", ""szg"", ""t2i"", ""tlv"", ""tps"", ""ub+"", ""v-z"", ""v.2"", ""wpm"", ""xb "", ""xe("", ""y'!"", ""z.r"", ""z18""]",88,1,155,0.0064516129032258064
1,block_infix_fingerprint_v001.json,16,local_split_entropy_equivalence_classes,154,3,0.0,0.01,title,title,15, $c,"["" $c"", "" -6"", "" 1y"", "" d,"", "" l@"", "" w+"", ""!bu"", ""$ch"", ""$lo"", ""''b"", ""'3:"", ""'ct"", ""'nf"", ""(a1"", ""(ct"", ""(yp"", "")th"", "")uf"", ""+1+"", ""+b="", ""-$2"", ""-)t"", ""-3."", ""-e1"", ""-ij"", "".3-"", "".av"", "".id"", ""/4l"", ""/76"", ""/82"", ""/vt"", ""00;"", ""04;"", ""06%"", ""08t"", ""0:e"", ""0;0"", ""0il"", ""1,9"", ""12'"", ""16w"", ""18?"", ""1;0"", ""1el"", ""1k:"", ""1kg"", ""1m2"", ""1yr"", ""22h"", ""27p"", ""29'"", ""2@2"", ""2h1"", ""2s:"", ""2wk"", ""3.g"", ""30i"", ""3:t"", ""3da"", ""4''"", ""41;"", ""42p"", ""49?"", ""4;4"", ""4co"", ""5'1"", ""5bx"", ""6'4"", ""6* "", ""63'"", ""67%"", ""6x8"", ""72k"", ""79_"", ""7p."", ""8'e"", ""82,"", ""8e8"", ""8k "", ""8xk"", ""9'4"", ""90+"", ""94?"", ""9_z"", "":24"", "";04"", "";41"", ""@bo"", ""_zn"", ""a(l"", ""a)n"", ""a1)"", ""a30"", ""ah+"", ""ah1"", ""b8-"", ""b=g"", ""bo*"", ""br/"", ""brj"", ""bx "", ""cmd"", ""cvu"", ""d'3"", ""e1!"", ""e88"", ""fdw"", ""fiw"", ""fpj"", ""g-$"", ""h15"", ""hz."", ""ie6"", ""kg-"", ""kn:"", ""kzy"", ""l--"", ""l@s"", ""m28"", ""mdj"", ""n1-"", ""oa."", ""p-)"", ""pt*"", ""pyq"", ""q'v"", ""q)u"", ""q.o"", ""rvg"", ""s.4"", ""t& "", ""t*h"", ""tk)"", ""tl)"", ""w+b"", ""w.f"", ""wd!"", ""x)r"", ""x-q"", ""x44"", ""xk6"", ""xoo"", ""xrc"", ""y''"", ""ykz"", ""z!b"", ""z./"", ""zgh""]",149,1,155,0.0064516129032258064
2,block_infix_fingerprint_v002.json,32,local_split_entropy_equivalence_classes,154,3,0.0,0.01,title,title,0,  b,"[""  b"", ""#t "", ""''e"", "")au"", ""*fi"", ""-iq"", "".ji"", ""/*f"", ""/d2"", ""/ie"", ""/pt"", ""16'"", ""21?"", ""? &"", ""bgm"", ""c*o"", ""dfb"", ""dr0"", ""e&c"", ""ec*"", ""euo"", ""f/'"", ""g  "", ""g'h"", ""h#t"", ""h)a"", ""ho*"", ""i+ "", ""i-7"", ""jp/"", ""li+"", ""m?'"", ""n/*"", ""nqt"", ""or*"", ""p/9"", ""sh#"", ""t)i"", ""tb'"", ""ttd"", ""wtv"", ""x!/""]",42,1,155,0.0064516129032258064
2,block_infix_fingerprint_v002.json,32,local_split_entropy_equivalence_classes,154,3,0.0,0.01,title,title,1,  z,"[""  z"", "" *h"", "" yx"", ""'e,"", ""'m-"", ""*c*"", ""-gs"", ""14+"", ""1ns"", ""2ik"", ""3?!"", ""8.c"", ""8ad"", ""a  "", ""c*h"", ""e:6"", ""fcr"", ""j1n"", ""lm*"", ""m*o"", ""m2."", ""m8."", ""nfg"", ""nqm"", ""ocw"", ""p/3"", ""r  "", ""rt*"", ""t* "", ""t*c"", ""u-)"", ""wy/"", ""yxl"", ""~ g""]",34,1,155,0.0064516129032258064
2,block_infix_fingerprint_v002.json,32,local_split_entropy_equivalence_classes,154,3,0.0,0.01,title,title,2, !/,"["" !/"", "" m9"", "" q5"", "" wj"", ""! !"", ""&mi"", ""'r,"", ""(6 "", "",05"", ""-f?"", ""/uh"", ""16k"", ""2)!"", ""5is"", ""6),"", ""6k "", "":53"", "":ti"", ""a!\"""", ""a4o"", ""al4"", ""b'w"", ""bgw"", ""cg:"", ""er&"", ""ilx"", ""jms"", ""l:-"", ""m8/"", ""m?!"", ""mj:"", ""mkj"", ""mv3"", ""mxg"", ""o55"", ""o56"", ""o58"", ""o63"", ""o69"", ""o73"", ""o81"", ""o83"", ""o90"", ""o94"", ""qo:"", ""r**"", ""t50"", ""ta4"", ""vlb"", ""xm8"", ""ydv"", ""yvt"", ""yy-""]",53,1,155,0.0064516129032258064
2,block_infix_fingerprint_v002.json,32,local_split_entropy_equivalence_classes,154,3,0.0,0.01,title,title,3, !@,"["" !@"", "" c4"", "" {p"", ""!@#"", ""#$i"", ""$ d"", ""$$'"", ""$%^"", ""$'$"", ""% 7"", ""&*!"", ""-vy"", ""-xv"", "".-n"", "".tw"", "".z:"", ""0bo"", ""0gy"", ""3dn"", ""3s:"", ""40g"", ""6am"", ""7,9"", ""75!"", ""7ad"", ""99?"", ""9de"", "":fu"", ""@#$"", ""[di"", ""[oo"", ""^&*"", ""a&c"", ""ac("", ""ah;"", ""a~j"", ""bk:"", ""c21"", ""c5:"", ""c[d"", ""di$"", ""dj-"", ""e !"", ""e} "", ""ha&"", ""i$e"", ""jmw"", ""jpr"", ""jsu"", ""m.6"", ""mjm"", ""n.l"", ""n43"", ""n58"", ""ng2"", ""nmm"", ""npt"", ""nxl"", ""oc]"", ""pe3"", ""pr'"", ""qvr"", ""r {"", ""r(d"", ""re}"", ""s&d"", ""sc["", ""snm"", ""st]"", ""t21"", ""tjh"", ""tlf"", ""v2:"", ""xge"", ""xt2"", ""xv-"", ""y40"", ""y~t"", ""zdg"", ""zh)"", ""zhp"", ""{pa"", ""} s"", ""~jo"", ""~ti""]",85,1,155,0.0064516129032258064
2,block_infix_fingerprint_v002.json,32,local_split_entropy_equivalence_classes,154,3,0.0,0.01,title,title,4," "" ","["" \"" "", "" @."", ""# e"", ""$ e"", ""'vy"", ""(85"", ""(pq"", ""-y/"", "".0t"", "".5/"", ""/m-"", ""0/n"", ""0t "", ""2ra"", ""45i"", ""5/d"", ""59e"", ""7)!"", ""7q-"", ""97q"", ""@. "", ""a5 "", ""f9:"", ""fr:"", ""h88"", ""jfr"", ""jkm"", ""k)'"", ""lc'"", ""lz'"", ""mlf"", ""opq"", ""p/q"", ""pqp"", ""q-u"", ""qp "", ""r2n"", ""th8"", ""xjl"", ""z--"", ""z/q""]",41,1,155,0.0064516129032258064
2,block_infix_fingerprint_v002.json,32,local_split_entropy_equivalence_classes,154,3,0.0,0.01,title,title,5," "".","["" \""."", ""\"".."", ""&cc"", ""&ja"", ""*li"", ""+u."", "".\"" "", "".+u"", "".-l"", "".u "", ""/5."", ""1 %"", ""1 :"", ""1* "", ""11*"", ""2.p"", ""3.t"", ""53o"", ""6>9"", ""7er"", ""86>"", ""8ht"", "">98"", ""[ro"", ""a94"", ""ad*"", ""am9"", ""an&"", ""bh,"", ""ca]"", ""cmp"", ""d*l"", ""dx1"", ""e.+"", ""e.q"", ""e01"", ""ei8"", ""ew("", ""f26"", ""fbh"", ""fcg"", ""fdt"", ""fsj"", ""i8h"", ""jsw"", ""k&j"", ""ke0"", ""l',"", ""m(k"", ""m2s"", ""m99"", ""ms1"", ""mz,"", ""n&c"", ""nhv"", ""nlq"", ""om3"", ""oq:"", ""pa;"", ""ptd"", ""q.-"", ""ru;"", ""s.\"""", ""su$"", ""tvd"", ""u$e"", ""v15"", ""v49"", ""va1"", ""w(h"", ""wg."", ""x13"", ""xaj"", ""y):"", ""ydj"", ""yyg"", ""z-3""]",77,1,155,0.0064516129032258064
2,block_infix_fingerprint_v002.json,32,local_split_entropy_equivalence_classes,154,3,0.0,0.01,title,title,6," ""@","["" \""@"", "" c@"", ""!er"", ""\""@\"""", ""'uw"", ""(ub"", "")pu"", ""*4*"", ""+do"", ""/yn"", ""37x"", ""3p "", ""4*2"", ""7xs"", ""?!)"", ""@!e"", ""c@f"", ""e35"", ""fmy"", ""in1"", ""iyh"", ""ki~"", ""mvc"", ""njz"", ""oqt"", ""os+"", ""qto"", ""s+d"", ""sc4"", ""slt"", ""sw3"", ""t*4"", ""t7:"", ""vc3"", ""w $"", ""w--"", ""wdl"", ""y--"", ""zu)""]",39,1,155,0.0064516129032258064
2,block_infix_fingerprint_v002.json,32,local_split_entropy_equivalence_classes,154,3,0.0,0.01,title,title,7," ""j","["" \""j"", ""!ni"", ""\""ji"", ""#05"", ""$.t"", ""$23"", ""& \"""", ""'.0"", ""'1e"", ""'gt"", "".$."", "".eu"", ""07%"", ""13g"", ""15z"", ""1e'"", ""3co"", ""3go"", ""5zl"", ""62/"", ""7%'"", ""75%"", ""7a/"", ""a ~"", ""b25"", ""b2w"", ""e&s"", ""g'b"", ""g4c"", ""h'f"", ""jkv"", ""k)h"", ""k3!"", ""ke&"", ""mwy"", ""n@w"", ""njl"", ""o/4"", ""or3"", ""php"", ""re~"", ""s&p"", ""s25"", ""tdc"", ""tnb"", ""ty5"", ""u.$"", ""v3s"", ""wb2"", ""wrt"", ""y5 "", ""ygb"", ""z!n"", ""z'l""]",54,1,155,0.0064516129032258064
2,block_infix_fingerprint_v002.json,32,local_split_entropy_equivalence_classes,154,3,0.0,0.01,title,title,8," ""q","["" \""q"", ""\""fi"", ""\""qu"", ""'wl"", "")fu"", "".-g"", "".1'"", "".d!"", ""0/e"", ""0?/"", ""0hr"", ""3ha"", ""6x0"", ""@ce"", ""a3z"", ""a5h"", ""ab5"", ""ck\"""", ""dx8"", ""e20"", ""f@c"", ""fb5"", ""flb"", ""flw"", ""g!\"""", ""gkc"", ""jmp"", ""kft"", ""la5"", ""os&"", ""p)f"", ""p3x"", ""pbj"", ""pr2"", ""ps\"""", ""r21"", ""r3h"", ""rxt"", ""sv:"", ""wlb"", ""x04"", ""xyd"", ""zsn""]",43,1,155,0.0064516129032258064
2,block_infix_fingerprint_v002.json,32,local_split_entropy_equivalence_classes,154,3,0.0,0.01,title,title,9," ""x","["" \""x"", ""\"" &"", ""\""it"", ""\""x\"""", ""#un"", ""'e!"", ""(cc"", ""(gm"", ""-ml"", "".i/"", ""/i:"", ""/iq"", ""0/z"", ""03h"", ""3an"", ""4/b"", ""47'"", ""6-a"", ""6h4"", ""7' "", ""75s"", ""8' "", ""as2"", ""cc?"", ""cn)"", ""g2 "", ""l30"", ""lrl"", ""m)!"", ""nm/"", ""p3/"", ""p91"", ""pnc"", ""vr'""]",34,1,155,0.0064516129032258064
2,block_infix_fingerprint_v002.json,32,local_split_entropy_equivalence_classes,154,3,0.0,0.01,title,title,10," ""y","["" \""y"", ""!!'"", ""\""ye"", ""$ t"", ""'-c"", ""'-p"", ""'-s"", ""'cs"", ""'u2"", ""-wn"", "".(f"", "".y,"", ""/2g"", ""/mn"", ""1.:"", ""2te"", ""3.:"", ""4'1"", ""4hr"", ""6bc"", ""a56"", ""ak2"", ""c.("", ""dfp"", ""di*"", ""e  "", ""f-,"", ""g'g"", ""h'-"", ""io#"", ""k/2"", ""k2e"", ""kln"", ""o!\"""", ""o# "", ""rpd"", ""s!\"""", ""sws"", ""ut\"""", ""uv?"", ""v1:"", ""vvk""]",42,1,155,0.0064516129032258064
2,block_infix_fingerprint_v002.json,32,local_split_entropy_equivalence_classes,154,3,0.0,0.01,title,title,11, #&,"["" #&"", "" 3w"", "" 8f"", ""!ja"", ""#&%"", ""&%#"", ""'ck"", ""'mp"", ""('t"", ""(*a"", ""*a "", ""+(d"", ""+li"", ""-bn"", ""-e?"", ""-t:"", "".kn"", ""0 7"", ""0ad"", ""10f"", ""2no"", ""4lo"", ""5.n"", ""6):"", ""8ft"", ""@lv"", ""_eq"", ""`m "", ""au2"", ""bcp"", ""d')"", ""d'q"", ""d)r"", ""d+("", ""e09"", ""ejp"", ""er4"", ""et_"", ""fxe"", ""g(o"", ""g@m"", ""gbf"", ""gp5"", ""gwl"", ""gxa"", ""h'r"", ""h.5"", ""h2n"", ""h52"", ""h_e"", ""hcw"", ""hkq"", ""i!j"", ""i*a"", ""i`m"", ""id4"", ""ixj"", ""jsg"", ""k3d"", ""kn'"", ""kq "", ""l+l"", ""lbd"", ""lo*"", ""m@m"", ""ni;"", ""o)o"", ""o@l"", ""om@"", ""ox1"", ""p50"", ""ppw"", ""py)"", ""r4l"", ""rgz"", ""rjj"", ""rs2"", ""rtq"", ""t_x"", ""te*"", ""th_"", ""tk-"", ""ul+"", ""v.f"", ""ve0"", ""w.y"", ""wji"", ""wmp"", ""xja"", ""y)a"", ""zt)""]",91,1,155,0.0064516129032258064
2,block_infix_fingerprint_v002.json,32,local_split_entropy_equivalence_classes,154,3,0.0,0.01,title,title,12, #*,"["" #*"", "" 1$"", "" 1]"", "" 2r"", "" @c"", "" [3"", "" _e"", "" _o"", "" t*"", "" u6"", ""$#@"", ""%$#"", ""(p1"", ""(sr"", "") q"", ""*%$"", ""*ll"", ""*r "", ""*wn"", ""..9"", "".v,"", ""/nj"", ""12]"", ""1nn"", ""1pt"", ""21l"", ""3d]"", ""3ge"", ""3jo"", ""4za"", ""5):"", ""6 7"", ""66s"", ""78,"", ""7on"", ""90]"", ""95%"", "":ec"", "":fl"", "":mo"", "":s:"", "":tr"", ""=am"", ""@!!"", ""@ct"", ""[15"", ""[3d"", ""[a]"", ""[o]"", ""]th"", ""_ t"", ""_ee"", ""_oo"", ""a19"", ""a]c"", ""aqf"", ""bhn"", ""bm7"", ""c7d"", ""cc7"", ""cr1"", ""d3j"", ""e _"", ""e:g"", ""e[a"", ""e_ "", ""ee_"", ""er="", ""ex@"", ""exj"", ""hml"", ""i7o"", ""i?,"", ""i] "", ""il4"", ""iuw"", ""j-8"", ""jc:"", ""jhb"", ""jo5"", ""l4z"", ""m*l"", ""m72"", ""mb2"", ""mg/"", ""mp2"", ""mrg"", ""mrv"", ""n:s"", ""nd3"", ""nmj"", ""nrx"", ""o]t"", ""oa1"", ""oo1"", ""ox3"", ""p13"", ""p2v"", ""p3n"", ""phx"", ""pi7"", ""pxx"", ""q-2"", ""qaj"", ""qf "", ""qoc"", ""r1n"", ""r1p"", ""r=a"", ""re="", ""re["", ""rh+"", ""rl;"", ""rxm"", ""s3g"", ""s:e"", ""sm*"", ""ss3"", ""t*w"", ""t.?"", ""tz@"", ""u!."", ""u67"", ""x @"", ""x@s"", ""xdr"", ""xju"", ""xyh"", ""yfn""]",129,1,155,0.0064516129032258064
2,block_infix_fingerprint_v002.json,32,local_split_entropy_equivalence_classes,154,3,0.0,0.01,title,title,13, #?,"["" #?"", "" jv"", "" v7"", ""$0 "", ""(az"", ""(g-"", ""(s-"", ""(uj"", ""**r"", ""+ni"", ""-kp"", ""12l"", ""1fi"", ""1m,"", ""2du"", ""2le"", ""30?"", ""85e"", "">ne"", ""ab2"", ""ay+"", ""b2f"", ""c:0"", ""ddx"", ""e3t"", ""e>n"", ""ea3"", ""em&"", ""f1:"", ""f2 "", ""fnw"", ""g.1"", ""g_l"", ""hhq"", ""i[s"", ""ie$"", ""jsn"", ""kpd"", ""l3 "", ""l4l"", ""l:1"", ""le>"", ""ly2"", ""ml:"", ""n27"", ""n59"", ""nwd"", ""nxy"", ""ogq"", ""ol4"", ""r36"", ""ru4"", ""s]t"", ""st2"", ""t(r"", ""tml"", ""u48"", ""ul("", ""v48"", ""v58"", ""v79"", ""vtl"", ""x19"", ""x70"", ""xi["", ""xuq"", ""xzu"", ""y+n"", ""y1f"", ""zln""]",70,1,155,0.0064516129032258064
2,block_infix_fingerprint_v002.json,32,local_split_entropy_equivalence_classes,154,3,0.0,0.01,title,title,14, #o,"["" #o"", "" #t"", "" . "", "" m!"", ""!k "", ""!ma"", ""#on"", ""#tw"", ""%!k"", ""'cy"", ""'uf"", ""(ys"", ""+ry"", ""+yu"", ""-o?"", ""-tp"", "".'d"", "".ix"", ""0.:"", ""0ke"", ""0kv"", ""24d"", ""2i2"", ""3!:"", ""4.i"", ""4he"", ""8mg"", ""9ho"", "":r "", ""_ y"", ""_18"", ""a15"", ""b+:"", ""ch9"", ""cl!"", ""d(y"", ""e7 "", ""e9n"", ""eiq"", ""f%!"", ""fk-"", ""fmx"", ""frs"", ""fvv"", ""gfc"", ""gk3"", ""h&r"", ""h'z"", ""h00"", ""h2s"", ""h6:"", ""h99"", ""h:r"", ""hi+"", ""hp'"", ""i+r"", ""ih?"", ""ik1"", ""ip5"", ""it2"", ""j-r"", ""jct"", ""je7"", ""kg2"", ""l!m"", ""l_1"", ""mgh"", ""nfh"", ""no+"", ""o _"", ""o+y"", ""pcm"", ""rpb"", ""rz."", ""rz1"", ""szg"", ""t2i"", ""tlv"", ""tps"", ""ub+"", ""v-z"", ""v.2"", ""wpm"", ""xb "", ""xe("", ""y'!"", ""z.r"", ""z18""]",88,1,155,0.0064516129032258064
2,block_infix_fingerprint_v002.json,32,local_split_entropy_equivalence_classes,154,3,0.0,0.01,title,title,15, $c,"["" $c"", "" -6"", "" 1y"", "" d,"", "" l@"", "" w+"", ""!bu"", ""$ch"", ""$lo"", ""''b"", ""'3:"", ""'ct"", ""'nf"", ""(a1"", ""(ct"", ""(yp"", "")th"", "")uf"", ""+1+"", ""+b="", ""-$2"", ""-)t"", ""-3."", ""-e1"", ""-ij"", "".3-"", "".av"", "".id"", ""/4l"", ""/76"", ""/82"", ""/vt"", ""00;"", ""04;"", ""06%"", ""08t"", ""0:e"", ""0;0"", ""0il"", ""1,9"", ""12'"", ""16w"", ""18?"", ""1;0"", ""1el"", ""1k:"", ""1kg"", ""1m2"", ""1yr"", ""22h"", ""27p"", ""29'"", ""2@2"", ""2h1"", ""2s:"", ""2wk"", ""3.g"", ""30i"", ""3:t"", ""3da"", ""4''"", ""41;"", ""42p"", ""49?"", ""4;4"", ""4co"", ""5'1"", ""5bx"", ""6'4"", ""6* "", ""63'"", ""67%"", ""6x8"", ""72k"", ""79_"", ""7p."", ""8'e"", ""82,"", ""8e8"", ""8k "", ""8xk"", ""9'4"", ""90+"", ""94?"", ""9_z"", "":24"", "";04"", "";41"", ""@bo"", ""_zn"", ""a(l"", ""a)n"", ""a1)"", ""a30"", ""ah+"", ""ah1"", ""b8-"", ""b=g"", ""bo*"", ""br/"", ""brj"", ""bx "", ""cmd"", ""cvu"", ""d'3"", ""e1!"", ""e88"", ""fdw"", ""fiw"", ""fpj"", ""g-$"", ""h15"", ""hz."", ""ie6"", ""kg-"", ""kn:"", ""kzy"", ""l--"", ""l@s"", ""m28"", ""mdj"", ""n1-"", ""oa."", ""p-)"", ""pt*"", ""pyq"", ""q'v"", ""q)u"", ""q.o"", ""rvg"", ""s.4"", ""t& "", ""t*h"", ""tk)"", ""tl)"", ""w+b"", ""w.f"", ""wd!"", ""x)r"", ""x-q"", ""x44"", ""xk6"", ""xoo"", ""xrc"", ""y''"", ""ykz"", ""z!b"", ""z./"", ""zgh""]",149,1,155,0.0064516129032258064
2,block_infix_fingerprint_v002.json,32,local_split_entropy_equivalence_classes,154,3,0.0,0.01,title,title,16, $e,"["" $e"", "" +:"", "" t]"", ""!?."", ""!al"", ""#5c"", ""#sh"", ""#st"", ""$37"", ""$6 "", ""$fr"", ""$wi"", ""% ("", ""% y"", ""&4e"", ""&be"", ""''q"", ""'8m"", ""'lt"", ""(96"", "")cy"", "")hi"", "")to"", ""*ba"", ""*bi"", ""+5+"", "",42"", "",83"", ""-2p"", ""-z3"", ""-zn"", ""..4"", "".j'"", ""/62"", ""0 $"", ""0,4"", ""0,9"", ""0:l"", ""0a "", ""1 ."", ""1b "", ""1mc"", ""2 ."", ""2 8"", ""2,8"", ""2-:"", ""24w"", ""29o"", ""2bp"", ""2n "", ""2n:"", ""2to"", ""2x9"", ""3.z"", ""33x"", ""35o"", ""37p"", ""3:d"", ""3az"", ""3b7"", ""4 ."", ""44k"", ""44s"", ""47]"", ""49j"", ""4o0"", ""4we"", ""5+5"", ""5fi"", ""5ny"", ""5o5"", ""6-w"", ""65/"", ""6:5"", ""6ft"", ""7])"", ""8-o"", ""88n"", ""8da"", ""8m/"", ""8ma"", ""9'8"", ""93r"", ""9bg"", ""9je"", "":1."", "":3,"", "":de"", ""<: "", ""= k"", ""=11"", ""><:"", ""?ma"", ""[16"", ""[ap"", ""]ac"", ""a1:"", ""a2b"", ""an5"", ""b7:"", ""bg8"", ""bpe"", ""d.3"", ""dgg"", ""e)c"", ""e.9"", ""e]a"", ""h30"", ""is1"", ""jby"", ""kp:"", ""m ="", ""m''"", ""m@x"", ""na+"", ""nlj"", ""o05"", ""oqq"", ""q.."", ""qno"", ""qq."", ""rk;"", ""s)h"", ""s3,"", ""sd'"", ""se*"", ""st&"", ""svn"", ""t&4"", ""t&b"", ""t)e"", ""t2g"", ""v':"", ""wsv"", ""x $"", ""x.f"", ""x::"", ""xq?"", ""xqn"", ""yr;"", ""zy)""]",141,1,155,0.0064516129032258064
2,block_infix_fingerprint_v002.json,32,local_split_entropy_equivalence_classes,154,3,0.0,0.01,title,title,17, $i,"["" $i"", "" qz"", ""!w "", ""\""lo"", ""#fa"", ""#ne"", ""$it"", ""&ge"", ""(5 "", ""(n'"", "")/z"", ""-4?"", ""-ct"", ""-n1"", ""-ys"", "".ev"", "".j:"", ""/jt"", ""/z-"", ""29k"", ""40m"", ""7yr"", ""a14"", ""aoq"", ""cju"", ""ct6"", ""d_g"", ""dwp"", ""e50"", ""ey\"""", ""f:u"", ""h'k"", ""j:t"", ""jpn"", ""k):"", ""lc/"", ""m41"", ""n&g"", ""p47"", ""qog"", ""qzx"", ""s!w"", ""s/4"", ""smp"", ""um4"", ""x1!"", ""xcq"", ""y/3"", ""zzq""]",49,1,155,0.0064516129032258064
2,block_infix_fingerprint_v002.json,32,local_split_entropy_equivalence_classes,154,3,0.0,0.01,title,title,18, $l,"["" $l"", ""\"" -"", ""\""i\"""", ""$la"", ""%/t"", ""*tf"", ""-rc"", "".-u"", ""/\""m"", ""/2n"", ""/e3"", ""/rb"", ""1%/"", ""25?"", ""4- "", ""7/o"", ""bd/"", ""cck"", ""dwl"", ""e/\"""", ""g?\"""", ""gs]"", ""i.x"", ""lws"", ""mmw"", ""ny\"""", ""rl2"", ""spm"", ""sqw"", ""t @""]",30,1,155,0.0064516129032258064
2,block_infix_fingerprint_v002.json,32,local_split_entropy_equivalence_classes,154,3,0.0,0.01,title,title,19, $p,"["" $p"", "" ()"", "" 7i"", "" l:"", ""&t'"", ""();"", ""(l."", ""(qi"", ""(sd"", "")gr"", ""*04"", ""*t:"", ""-g!"", "".cr"", ""0f-"", ""20l"", ""2om"", ""2ov"", ""2x5"", ""3 9"", ""4:9"", ""70f"", ""7i "", ""9bc"", "":a "", ""=pr"", ""[ar"", ""[te"", ""b-8"", ""bn'"", ""ct+"", ""d-9"", ""dd7"", ""ds*"", ""f :"", ""fvu"", ""fx2"", ""g30"", ""gfj"", ""gjr"", ""gv1"", ""gwd"", ""gzz"", ""h&t"", ""h@h"", ""hi8"", ""hjr"", ""hp5"", ""hpg"", ""hvg"", ""i4n"", ""i:g"", ""im@"", ""iw'"", ""j 4"", ""j'p"", ""jj:"", ""jrm"", ""k.2"", ""kt("", ""md?"", ""mu~"", ""nsx"", ""oqv"", ""pe*"", ""pe2"", ""pv:"", ""q 8"", ""r)g"", ""rfv"", ""rh&"", ""ro2"", ""s*0"", ""s*a"", ""s=p"", ""t %"", ""t+m"", ""ti;"", ""tjb"", ""ts="", ""uow"", ""u~j"", ""v13"", ""vg3"", ""wpd"", ""wph"", ""yvl"", ""z.:"", ""ztz"", ""~jy""]",90,1,155,0.0064516129032258064
2,block_infix_fingerprint_v002.json,32,local_split_entropy_equivalence_classes,154,3,0.0,0.01,title,title,20, $u,"["" $u"", "" 5y"", "" b@"", "" i0"", "" p,"", ""#%k"", ""#?!"", ""$up"", ""&yo"", ""''j"", ""''s"", ""'a:"", ""'sd"", ""(*h"", ""(3."", ""(h."", ""(xv"", "")rm"", ""*ha"", ""*ka"", ""-bs"", ""-gj"", ""-hn"", ""-q:"", ""-x3"", "".m@"", ""//j"", ""0i0"", ""15y"", ""18i"", ""2o,"", ""2od"", ""3 $"", ""3km"", ""42?"", ""5ec"", ""5to"", ""5ye"", ""5ys"", ""7mw"", ""9s)"", "":) "", "":mt"", ""?!i"", ""@#?"", ""@ma"", ""@ny"", ""@te"", ""a(a"", ""a)r"", ""an4"", ""b@m"", ""d&t"", ""d@h"", ""dz?"", ""e&m"", ""e+:"", ""e:1"", ""e@n"", ""eg2"", ""eql"", ""f*k"", ""g54"", ""g7m"", ""g:m"", ""gd-"", ""gvs"", ""gz:"", ""h**"", ""h24"", ""i''"", ""i'b"", ""i0 "", ""i0i"", ""i36"", ""i4i"", ""ib3"", ""ii0"", ""il$"", ""iwl"", ""j'r"", ""j.3"", ""j.i"", ""jcv"", ""je;"", ""m5."", ""m@t"", ""n(v"", ""ne@"", ""ns*"", ""od@"", ""pe+"", ""ps&"", ""qa-"", ""re#"", ""rx'"", ""ry5"", ""s&y"", ""s//"", ""sl!"", ""sx/"", ""uvt"", ""v''"", ""vgv"", ""wi?"", ""x3c"", ""xv)"", ""zgj"", ""zzg""]",109,1,155,0.0064516129032258064
2,block_infix_fingerprint_v002.json,32,local_split_entropy_equivalence_classes,154,3,0.0,0.01,title,title,21, %*,"["" %*"", ""#&i"", ""%*#"", ""&n/"", ""*#&"", ""*if"", ""*no"", "",73"", "".3,"", "".4,"", "".5,"", "".6,"", "".9,"", ""/ w"", ""/jc"", ""0-,"", ""01!"", ""2sc"", ""4yo"", ""5.e"", ""50?"", ""9/l"", ""@zi"", ""_wu"", ""ax)"", ""ck2"", ""e4y"", ""fe4"", ""go\"""", ""h/q"", ""ih/"", ""jn4"", ""k&n"", ""k2s"", ""kds"", ""kpw"", ""l'@"", ""r %"", ""ro6"", ""rvd"", ""tlg"", ""u23"", ""vnf"", ""wlh"", ""yp/""]",45,1,155,0.0064516129032258064
2,block_infix_fingerprint_v002.json,32,local_split_entropy_equivalence_classes,154,3,0.0,0.01,title,title,22, %@,"["" %@"", ""#.."", ""#di"", ""#we"", ""$ p"", ""% -"", ""%@#"", ""&is"", ""''0"", ""'sr"", ""('9"", ""(a("", ""(h1"", ""(v."", "")ab"", "")lo"", "")si"", ""+m+"", "",39"", ""-->"", ""-6-"", ""-a)"", "".2/"", "".ak"", "".pi"", ""//o"", ""/a9"", ""00d"", ""05g"", ""0ch"", ""0dn"", ""1'0"", ""1))"", ""15x"", ""1=4"", ""1=a"", ""2-l"", ""22w"", ""25x"", ""2el"", ""2ld"", ""2me"", ""3.p"", ""34x"", ""3:7"", ""3_9"", ""3di"", ""3ic"", ""3ja"", ""3m2"", ""3pa"", ""3wo"", ""4.h"", ""43o"", ""47o"", ""4sa"", ""5,8"", ""51o"", ""5lb"", ""5x3"", ""66g"", ""6:6"", ""6da"", ""6di"", ""6go"", ""6gu"", ""7+1"", ""7.c"", ""7an"", ""7gs"", ""7is"", ""7si"", ""8'l"", ""9''"", ""91s"", ""9:a"", ""9_0"", ""9bi"", "":09"", "":66"", "":77"", "":vs"", ""<--"", ""=10"", ""=ad"", ""@#."", ""@ba"", ""@ur"", ""] s"", ""_9_"", ""a'v"", ""a6-"", ""a6/"", ""a66"", ""ac1"", ""b':"", ""by;"", ""c+m"", ""c17"", ""ch&"", ""co@"", ""ct2"", ""d.k"", ""d7i"", ""df:"", ""df@"", ""e %"", ""f(x"", ""f@b"", ""g)r"", ""h&i"", ""k.0"", ""m+b"", ""n1)"", ""n?'"", ""na3"", ""na6"", ""nd7"", ""o30"", ""o@k"", ""p.z"", ""pxt"", ""qki"", ""qop"", ""s:v"", ""t2r"", ""te3"", ""tvx"", ""u',"", ""v.)"", ""ve7"", ""vxq"", ""wk@"", ""wpc"", ""wpx"", ""x)a"", ""x2="", ""xe;"", ""ycs"", ""ylh""]",140,1,155,0.0064516129032258064
2,block_infix_fingerprint_v002.json,32,local_split_entropy_equivalence_classes,154,3,0.0,0.01,title,title,23, &1,"["" &1"", "" y/"", ""&10"", ""(mm"", ""+2+"", ""+o "", ""-q/"", ""-xt"", "".u3"", ""//w"", ""13k"", ""2+o"", ""3-j"", ""3x9"", ""43a"", ""54a"", ""55a"", ""5m,"", ""64b"", ""67a"", ""69a"", ""72b"", ""81a"", ""82k"", ""84a"", ""9+2"", ""91b"", ""94/"", ""96a"", ""ep5"", ""f'/"", ""h)/"", ""h+2"", ""he;"", ""oo;"", ""op1"", ""p17"", ""s.-"", ""u37"", ""u:/"", ""w- "", ""wb'"", ""x9+"", ""y/ ""]",44,1,155,0.0064516129032258064
2,block_infix_fingerprint_v002.json,32,local_split_entropy_equivalence_classes,154,3,0.0,0.01,title,title,24, &a,"["" &a"", "" 4c"", "" 9\"""", ""&an"", "")!/"", ""/-t"", ""17k"", ""2x3"", ""6/j"", ""7se"", ""9\"" "", ""a/9"", ""az2"", ""bgc"", ""c-j"", ""ca2"", ""ex7"", ""ga~"", ""gc:"", ""h3m"", ""kc'"", ""kk/"", ""le2"", ""mg'"", ""mtf"", ""mx5"", ""n/-"", ""n?-"", ""nh'"", ""no~"", ""o.!"", ""ou;"", ""r40"", ""t&n"", ""ws1"", ""x:t"", ""xr4""]",37,1,155,0.0064516129032258064
2,block_infix_fingerprint_v002.json,32,local_split_entropy_equivalence_classes,154,3,0.0,0.01,title,title,25," (""","["" (\"""", "" jz"", ""\""24"", ""#ni"", ""% u"", ""'v/"", ""(\""2"", ""(dy"", ""(j'"", ""+fr"", ""-#5"", ""-xh"", ""/d "", ""/nm"", ""/v."", ""0 ="", ""0x3"", ""2+f"", ""24\"""", ""2ro"", ""3i "", ""3ra"", ""3xl"", ""4\"" "", ""4-r"", ""5da"", ""6-#"", "":im"", ""= 0"", ""[bg"", ""_fo"", ""b4u"", ""bg]"", ""bl:"", ""bpu"", ""csq"", ""hsd"", ""i_f"", ""jn)"", ""jw "", ""jzd"", ""k-x"", ""li_"", ""n:i"", ""q45"", ""re\"""", ""sgm"", ""u'!"", ""v/y"", ""w ["", ""w.!"", ""wg/"", ""xfm"", ""xl.""]",54,1,155,0.0064516129032258064
2,block_infix_fingerprint_v002.json,32,local_split_entropy_equivalence_classes,154,3,0.0,0.01,title,title,26, ($,"["" ($"", "" 7c"", ""#3,"", ""' +"", ""':."", ""($2"", "") 0"", ""**n"", ""-e!"", ""-nd"", "".b!"", "".r:"", "".ut"", ""12c"", ""2bm"", ""2cm"", ""2jd"", ""3_s"", ""4x8"", ""51t"", ""5h5"", ""73_"", ""7ve"", ""> ("", ""ad;"", ""am]"", ""bks"", ""d19"", ""d20"", ""djb"", ""djr"", ""e[r"", ""et&"", ""ey@"", ""f!v"", ""g.y"", ""gnf"", ""go1"", ""h55"", ""ik2"", ""jdg"", ""ju."", ""k2j"", ""md1"", ""ndx"", ""nfy"", ""o1:"", ""ph5"", ""qa:"", ""qib"", ""qik"", ""qos"", ""r)v"", ""r+o"", ""rqo"", ""s'k"", ""scd"", ""su;"", ""t4-"", ""te["", ""ux2"", ""wlz"", ""wnn"", ""ww3"", ""x2b"", ""y@2"", ""yb'"", ""yd2"", ""z-8""]",69,1,155,0.0064516129032258064
2,block_infix_fingerprint_v002.json,32,local_split_entropy_equivalence_classes,154,3,0.0,0.01,title,title,27, (_,"["" (_"", "" [8"", "" [9"", "" [i"", "" [k"", ""\""gi"", ""$ o"", ""'] "", ""-j5"", ""-uv"", ""-xy"", "". ["", ""0b5"", ""0t2"", ""1b7"", ""1c9"", ""2w5"", ""7p4"", ""7r4"", ""7r5"", ""8h4"", ""8s5"", ""8w5"", ""9's"", ""9-d"", ""[ d"", ""[86"", ""[99"", ""[ab"", ""[ag"", ""[be"", ""[da"", ""[fl"", ""[ha"", ""[hu"", ""[is"", ""[ki"", ""[lo"", ""[ma"", ""[on"", ""[si"", ""[sp"", ""[st"", ""[ta"", ""[to"", ""[tr"", ""[up"", ""] b"", ""] h"", ""] i"", ""] m"", ""] n"", ""] t"", ""] y"", ""_) "", ""a.]"", ""a] "", ""b56"", ""b78"", ""b] "", ""c97"", ""ck]"", ""czb"", ""d ]"", ""d] "", ""e']"", ""ey]"", ""f-0"", ""ft]"", ""g(i"", ""g*."", ""h46"", ""h] "", ""il]"", ""j5/"", ""jfa"", ""ks]"", ""l] "", ""le]"", ""ly]"", ""mhw"", ""ne]"", ""ng("", ""ny]"", ""p46"", ""p] "", ""ps]"", ""r49"", ""r51"", ""s51"", ""sa]"", ""se]"", ""ta]"", ""th]"", ""ub]"", ""up]"", ""ve]"", ""w50"", ""w56"", ""wzw"", ""xvl"", ""y] "", ""ynj"", ""zk:""]",104,1,155,0.0064516129032258064
2,block_infix_fingerprint_v002.json,32,local_split_entropy_equivalence_classes,154,3,0.0,0.01,title,title,28, *%,"["" *%"", ""%^$"", ""'lw"", ""'mg"", ""(qa"", ""*%^"", ""/rn"", ""3)3"", ""3/f"", ""3h5"", ""5(n"", ""=1 "", ""?!'"", ""^$#"", ""c3h"", ""cbf"", ""e.2"", ""g.v"", ""h5("", ""hl2"", ""l2n"", ""o2b"", ""o3)"", ""p/'"", ""quf"", ""ryq"", ""tg4"", ""vr/""]",28,1,155,0.0064516129032258064
2,block_infix_fingerprint_v002.json,32,local_split_entropy_equivalence_classes,154,3,0.0,0.01,title,title,29, *(,"["" *("", "" k7"", "" {t"", ""# 8"", ""* *"", ""*(n"", ""-tn"", "".vc"", ""1)l"", ""1./"", ""44?"", ""8- "", ""8pa"", ""[p."", ""a(1"", ""bu("", ""ct;"", ""e#0"", ""e()"", ""e**"", ""ed_"", ""er`"", ""es&"", ""fe+"", ""g.?"", ""go5"", ""i.]"", ""ihq"", ""itq"", ""le*"", ""ljt"", ""m?)"", ""nk;"", ""ol8"", ""on<"", ""r`s"", ""rs}"", ""s {"", ""s&v"", ""s4l"", ""sfs"", ""snd"", ""tqm"", ""tx?"", ""u(t"", ""ue#"", ""uj."", ""uq!"", ""uuq"", ""v3:"", ""v4 "", ""vkr"", ""vmb"", ""vpn"", ""wn;"", ""yc!"", ""yd?"", ""zf "", ""{th""]",59,1,155,0.0064516129032258064
2,block_infix_fingerprint_v002.json,32,local_split_entropy_equivalence_classes,154,3,0.0,0.01,title,title,30, */,"["" */"", "" h,"", "" h4"", "" l,"", "" l/"", "" v?"", ""!tv"", ""#!\"""", ""$te"", ""(kt"", ""*/@"", ""*k?"", ""/@?"", ""65?"", ""?#!"", ""@?#"", ""a$t"", ""a:t"", ""btg"", ""e-7"", ""f *"", ""h'!"", ""h.v"", ""h4 "", ""hfc"", ""if)"", ""io2"", ""jly"", ""l'?"", ""lz/"", ""m71"", ""m77"", ""mk1"", ""mxf"", ""o2."", ""r)n"", ""t2h"", ""tc#"", ""ti3"", ""u30"", ""v!t"", ""vv,"", ""wa$"", ""z/x"", ""zz)""]",45,1,155,0.0064516129032258064
2,block_infix_fingerprint_v002.json,32,local_split_entropy_equivalence_classes,154,3,0.0,0.01,title,title,31, *c,"["" *c"", "" 0k"", "" a?"", ""!?'"", ""'?!"", ""'l-"", ""(ly"", "")sg"", ""*ce"", ""-i?"", "".xm"", ""0h4"", ""15f"", ""1:n"", ""1t5"", ""3.n"", ""5f1"", ""63,"", ""8ki"", "":ca"", ""?!:"", ""@k."", ""[wo"", ""]ol"", ""_38"", ""_me"", ""a:c"", ""a_ "", ""a_3"", ""d *"", ""d(d"", ""d?)"", ""e2h"", ""er_"", ""f1t"", ""g)n"", ""g4r"", ""g5:"", ""gpg"", ""hdw"", ""hf:"", ""id3"", ""jcp"", ""jhh"", ""jkg"", ""jt4"", ""k[r"", ""ka_"", ""kgs"", ""kh1"", ""kjb"", ""knx"", ""l89"", ""lgp"", ""lv?"", ""lx8"", ""m4w"", ""na_"", ""nbw"", ""o)s"", ""oo$"", ""qdn"", ""qre"", ""r]o"", ""r_m"", ""rl8"", ""s.2"", ""sd-"", ""te2"", ""u'?"", ""v/ "", ""vfa"", ""vnb"", ""w!)"", ""xv,""]",75,1,155,0.0064516129032258064
3,block_infix_fingerprint_v003.json,64,local_split_entropy_equivalence_classes,154,3,0.0,0.01,title,title,0,  b,"[""  b"", ""#t "", ""''e"", "")au"", ""*fi"", ""-iq"", "".ji"", ""/*f"", ""/d2"", ""/ie"", ""/pt"", ""16'"", ""21?"", ""? &"", ""bgm"", ""c*o"", ""dfb"", ""dr0"", ""e&c"", ""ec*"", ""euo"", ""f/'"", ""g  "", ""g'h"", ""h#t"", ""h)a"", ""ho*"", ""i+ "", ""i-7"", ""jp/"", ""li+"", ""m?'"", ""n/*"", ""nqt"", ""or*"", ""p/9"", ""sh#"", ""t)i"", ""tb'"", ""ttd"", ""wtv"", ""x!/""]",42,1,155,0.0064516129032258064
3,block_infix_fingerprint_v003.json,64,local_split_entropy_equivalence_classes,154,3,0.0,0.01,title,title,1,  z,"[""  z"", "" *h"", "" yx"", ""'e,"", ""'m-"", ""*c*"", ""-gs"", ""14+"", ""1ns"", ""2ik"", ""3?!"", ""8.c"", ""8ad"", ""a  "", ""c*h"", ""e:6"", ""fcr"", ""j1n"", ""lm*"", ""m*o"", ""m2."", ""m8."", ""nfg"", ""nqm"", ""ocw"", ""p/3"", ""r  "", ""rt*"", ""t* "", ""t*c"", ""u-)"", ""wy/"", ""yxl"", ""~ g""]",34,1,155,0.0064516129032258064
3,block_infix_fingerprint_v003.json,64,local_split_entropy_equivalence_classes,154,3,0.0,0.01,title,title,2, !/,"["" !/"", "" m9"", "" q5"", "" wj"", ""! !"", ""&mi"", ""'r,"", ""(6 "", "",05"", ""-f?"", ""/uh"", ""16k"", ""2)!"", ""5is"", ""6),"", ""6k "", "":53"", "":ti"", ""a!\"""", ""a4o"", ""al4"", ""b'w"", ""bgw"", ""cg:"", ""er&"", ""ilx"", ""jms"", ""l:-"", ""m8/"", ""m?!"", ""mj:"", ""mkj"", ""mv3"", ""mxg"", ""o55"", ""o56"", ""o58"", ""o63"", ""o69"", ""o73"", ""o81"", ""o83"", ""o90"", ""o94"", ""qo:"", ""r**"", ""t50"", ""ta4"", ""vlb"", ""xm8"", ""ydv"", ""yvt"", ""yy-""]",53,1,155,0.0064516129032258064
3,block_infix_fingerprint_v003.json,64,local_split_entropy_equivalence_classes,154,3,0.0,0.01,title,title,3, !@,"["" !@"", "" c4"", "" {p"", ""!@#"", ""#$i"", ""$ d"", ""$$'"", ""$%^"", ""$'$"", ""% 7"", ""&*!"", ""-vy"", ""-xv"", "".-n"", "".tw"", "".z:"", ""0bo"", ""0gy"", ""3dn"", ""3s:"", ""40g"", ""6am"", ""7,9"", ""75!"", ""7ad"", ""99?"", ""9de"", "":fu"", ""@#$"", ""[di"", ""[oo"", ""^&*"", ""a&c"", ""ac("", ""ah;"", ""a~j"", ""bk:"", ""c21"", ""c5:"", ""c[d"", ""di$"", ""dj-"", ""e !"", ""e} "", ""ha&"", ""i$e"", ""jmw"", ""jpr"", ""jsu"", ""m.6"", ""mjm"", ""n.l"", ""n43"", ""n58"", ""ng2"", ""nmm"", ""npt"", ""nxl"", ""oc]"", ""pe3"", ""pr'"", ""qvr"", ""r {"", ""r(d"", ""re}"", ""s&d"", ""sc["", ""snm"", ""st]"", ""t21"", ""tjh"", ""tlf"", ""v2:"", ""xge"", ""xt2"", ""xv-"", ""y40"", ""y~t"", ""zdg"", ""zh)"", ""zhp"", ""{pa"", ""} s"", ""~jo"", ""~ti""]",85,1,155,0.0064516129032258064
3,block_infix_fingerprint_v003.json,64,local_split_entropy_equivalence_classes,154,3,0.0,0.01,title,title,4," "" ","["" \"" "", "" @."", ""# e"", ""$ e"", ""'vy"", ""(85"", ""(pq"", ""-y/"", "".0t"", "".5/"", ""/m-"", ""0/n"", ""0t "", ""2ra"", ""45i"", ""5/d"", ""59e"", ""7)!"", ""7q-"", ""97q"", ""@. "", ""a5 "", ""f9:"", ""fr:"", ""h88"", ""jfr"", ""jkm"", ""k)'"", ""lc'"", ""lz'"", ""mlf"", ""opq"", ""p/q"", ""pqp"", ""q-u"", ""qp "", ""r2n"", ""th8"", ""xjl"", ""z--"", ""z/q""]",41,1,155,0.0064516129032258064
3,block_infix_fingerprint_v003.json,64,local_split_entropy_equivalence_classes,154,3,0.0,0.01,title,title,5," "".","["" \""."", ""\"".."", ""&cc"", ""&ja"", ""*li"", ""+u."", "".\"" "", "".+u"", "".-l"", "".u "", ""/5."", ""1 %"", ""1 :"", ""1* "", ""11*"", ""2.p"", ""3.t"", ""53o"", ""6>9"", ""7er"", ""86>"", ""8ht"", "">98"", ""[ro"", ""a94"", ""ad*"", ""am9"", ""an&"", ""bh,"", ""ca]"", ""cmp"", ""d*l"", ""dx1"", ""e.+"", ""e.q"", ""e01"", ""ei8"", ""ew("", ""f26"", ""fbh"", ""fcg"", ""fdt"", ""fsj"", ""i8h"", ""jsw"", ""k&j"", ""ke0"", ""l',"", ""m(k"", ""m2s"", ""m99"", ""ms1"", ""mz,"", ""n&c"", ""nhv"", ""nlq"", ""om3"", ""oq:"", ""pa;"", ""ptd"", ""q.-"", ""ru;"", ""s.\"""", ""su$"", ""tvd"", ""u$e"", ""v15"", ""v49"", ""va1"", ""w(h"", ""wg."", ""x13"", ""xaj"", ""y):"", ""ydj"", ""yyg"", ""z-3""]",77,1,155,0.0064516129032258064
3,block_infix_fingerprint_v003.json,64,local_split_entropy_equivalence_classes,154,3,0.0,0.01,title,title,6," ""@","["" \""@"", "" c@"", ""!er"", ""\""@\"""", ""'uw"", ""(ub"", "")pu"", ""*4*"", ""+do"", ""/yn"", ""37x"", ""3p "", ""4*2"", ""7xs"", ""?!)"", ""@!e"", ""c@f"", ""e35"", ""fmy"", ""in1"", ""iyh"", ""ki~"", ""mvc"", ""njz"", ""oqt"", ""os+"", ""qto"", ""s+d"", ""sc4"", ""slt"", ""sw3"", ""t*4"", ""t7:"", ""vc3"", ""w $"", ""w--"", ""wdl"", ""y--"", ""zu)""]",39,1,155,0.0064516129032258064
3,block_infix_fingerprint_v003.json,64,local_split_entropy_equivalence_classes,154,3,0.0,0.01,title,title,7," ""j","["" \""j"", ""!ni"", ""\""ji"", ""#05"", ""$.t"", ""$23"", ""& \"""", ""'.0"", ""'1e"", ""'gt"", "".$."", "".eu"", ""07%"", ""13g"", ""15z"", ""1e'"", ""3co"", ""3go"", ""5zl"", ""62/"", ""7%'"", ""75%"", ""7a/"", ""a ~"", ""b25"", ""b2w"", ""e&s"", ""g'b"", ""g4c"", ""h'f"", ""jkv"", ""k)h"", ""k3!"", ""ke&"", ""mwy"", ""n@w"", ""njl"", ""o/4"", ""or3"", ""php"", ""re~"", ""s&p"", ""s25"", ""tdc"", ""tnb"", ""ty5"", ""u.$"", ""v3s"", ""wb2"", ""wrt"", ""y5 "", ""ygb"", ""z!n"", ""z'l""]",54,1,155,0.0064516129032258064
3,block_infix_fingerprint_v003.json,64,local_split_entropy_equivalence_classes,154,3,0.0,0.01,title,title,8," ""q","["" \""q"", ""\""fi"", ""\""qu"", ""'wl"", "")fu"", "".-g"", "".1'"", "".d!"", ""0/e"", ""0?/"", ""0hr"", ""3ha"", ""6x0"", ""@ce"", ""a3z"", ""a5h"", ""ab5"", ""ck\"""", ""dx8"", ""e20"", ""f@c"", ""fb5"", ""flb"", ""flw"", ""g!\"""", ""gkc"", ""jmp"", ""kft"", ""la5"", ""os&"", ""p)f"", ""p3x"", ""pbj"", ""pr2"", ""ps\"""", ""r21"", ""r3h"", ""rxt"", ""sv:"", ""wlb"", ""x04"", ""xyd"", ""zsn""]",43,1,155,0.0064516129032258064
3,block_infix_fingerprint_v003.json,64,local_split_entropy_equivalence_classes,154,3,0.0,0.01,title,title,9," ""x","["" \""x"", ""\"" &"", ""\""it"", ""\""x\"""", ""#un"", ""'e!"", ""(cc"", ""(gm"", ""-ml"", "".i/"", ""/i:"", ""/iq"", ""0/z"", ""03h"", ""3an"", ""4/b"", ""47'"", ""6-a"", ""6h4"", ""7' "", ""75s"", ""8' "", ""as2"", ""cc?"", ""cn)"", ""g2 "", ""l30"", ""lrl"", ""m)!"", ""nm/"", ""p3/"", ""p91"", ""pnc"", ""vr'""]",34,1,155,0.0064516129032258064
3,block_infix_fingerprint_v003.json,64,local_split_entropy_equivalence_classes,154,3,0.0,0.01,title,title,10," ""y","["" \""y"", ""!!'"", ""\""ye"", ""$ t"", ""'-c"", ""'-p"", ""'-s"", ""'cs"", ""'u2"", ""-wn"", "".(f"", "".y,"", ""/2g"", ""/mn"", ""1.:"", ""2te"", ""3.:"", ""4'1"", ""4hr"", ""6bc"", ""a56"", ""ak2"", ""c.("", ""dfp"", ""di*"", ""e  "", ""f-,"", ""g'g"", ""h'-"", ""io#"", ""k/2"", ""k2e"", ""kln"", ""o!\"""", ""o# "", ""rpd"", ""s!\"""", ""sws"", ""ut\"""", ""uv?"", ""v1:"", ""vvk""]",42,1,155,0.0064516129032258064
3,block_infix_fingerprint_v003.json,64,local_split_entropy_equivalence_classes,154,3,0.0,0.01,title,title,11, #&,"["" #&"", "" 3w"", "" 8f"", ""!ja"", ""#&%"", ""&%#"", ""'ck"", ""'mp"", ""('t"", ""(*a"", ""*a "", ""+(d"", ""+li"", ""-bn"", ""-e?"", ""-t:"", "".kn"", ""0 7"", ""0ad"", ""10f"", ""2no"", ""4lo"", ""5.n"", ""6):"", ""8ft"", ""@lv"", ""_eq"", ""`m "", ""au2"", ""bcp"", ""d')"", ""d'q"", ""d)r"", ""d+("", ""e09"", ""ejp"", ""er4"", ""et_"", ""fxe"", ""g(o"", ""g@m"", ""gbf"", ""gp5"", ""gwl"", ""gxa"", ""h'r"", ""h.5"", ""h2n"", ""h52"", ""h_e"", ""hcw"", ""hkq"", ""i!j"", ""i*a"", ""i`m"", ""id4"", ""ixj"", ""jsg"", ""k3d"", ""kn'"", ""kq "", ""l+l"", ""lbd"", ""lo*"", ""m@m"", ""ni;"", ""o)o"", ""o@l"", ""om@"", ""ox1"", ""p50"", ""ppw"", ""py)"", ""r4l"", ""rgz"", ""rjj"", ""rs2"", ""rtq"", ""t_x"", ""te*"", ""th_"", ""tk-"", ""ul+"", ""v.f"", ""ve0"", ""w.y"", ""wji"", ""wmp"", ""xja"", ""y)a"", ""zt)""]",91,1,155,0.0064516129032258064
3,block_infix_fingerprint_v003.json,64,local_split_entropy_equivalence_classes,154,3,0.0,0.01,title,title,12, #*,"["" #*"", "" 1$"", "" 1]"", "" 2r"", "" @c"", "" [3"", "" _e"", "" _o"", "" t*"", "" u6"", ""$#@"", ""%$#"", ""(p1"", ""(sr"", "") q"", ""*%$"", ""*ll"", ""*r "", ""*wn"", ""..9"", "".v,"", ""/nj"", ""12]"", ""1nn"", ""1pt"", ""21l"", ""3d]"", ""3ge"", ""3jo"", ""4za"", ""5):"", ""6 7"", ""66s"", ""78,"", ""7on"", ""90]"", ""95%"", "":ec"", "":fl"", "":mo"", "":s:"", "":tr"", ""=am"", ""@!!"", ""@ct"", ""[15"", ""[3d"", ""[a]"", ""[o]"", ""]th"", ""_ t"", ""_ee"", ""_oo"", ""a19"", ""a]c"", ""aqf"", ""bhn"", ""bm7"", ""c7d"", ""cc7"", ""cr1"", ""d3j"", ""e _"", ""e:g"", ""e[a"", ""e_ "", ""ee_"", ""er="", ""ex@"", ""exj"", ""hml"", ""i7o"", ""i?,"", ""i] "", ""il4"", ""iuw"", ""j-8"", ""jc:"", ""jhb"", ""jo5"", ""l4z"", ""m*l"", ""m72"", ""mb2"", ""mg/"", ""mp2"", ""mrg"", ""mrv"", ""n:s"", ""nd3"", ""nmj"", ""nrx"", ""o]t"", ""oa1"", ""oo1"", ""ox3"", ""p13"", ""p2v"", ""p3n"", ""phx"", ""pi7"", ""pxx"", ""q-2"", ""qaj"", ""qf "", ""qoc"", ""r1n"", ""r1p"", ""r=a"", ""re="", ""re["", ""rh+"", ""rl;"", ""rxm"", ""s3g"", ""s:e"", ""sm*"", ""ss3"", ""t*w"", ""t.?"", ""tz@"", ""u!."", ""u67"", ""x @"", ""x@s"", ""xdr"", ""xju"", ""xyh"", ""yfn""]",129,1,155,0.0064516129032258064
3,block_infix_fingerprint_v003.json,64,local_split_entropy_equivalence_classes,154,3,0.0,0.01,title,title,13, #?,"["" #?"", "" jv"", "" v7"", ""$0 "", ""(az"", ""(g-"", ""(s-"", ""(uj"", ""**r"", ""+ni"", ""-kp"", ""12l"", ""1fi"", ""1m,"", ""2du"", ""2le"", ""30?"", ""85e"", "">ne"", ""ab2"", ""ay+"", ""b2f"", ""c:0"", ""ddx"", ""e3t"", ""e>n"", ""ea3"", ""em&"", ""f1:"", ""f2 "", ""fnw"", ""g.1"", ""g_l"", ""hhq"", ""i[s"", ""ie$"", ""jsn"", ""kpd"", ""l3 "", ""l4l"", ""l:1"", ""le>"", ""ly2"", ""ml:"", ""n27"", ""n59"", ""nwd"", ""nxy"", ""ogq"", ""ol4"", ""r36"", ""ru4"", ""s]t"", ""st2"", ""t(r"", ""tml"", ""u48"", ""ul("", ""v48"", ""v58"", ""v79"", ""vtl"", ""x19"", ""x70"", ""xi["", ""xuq"", ""xzu"", ""y+n"", ""y1f"", ""zln""]",70,1,155,0.0064516129032258064
3,block_infix_fingerprint_v003.json,64,local_split_entropy_equivalence_classes,154,3,0.0,0.01,title,title,14, #o,"["" #o"", "" #t"", "" . "", "" m!"", ""!k "", ""!ma"", ""#on"", ""#tw"", ""%!k"", ""'cy"", ""'uf"", ""(ys"", ""+ry"", ""+yu"", ""-o?"", ""-tp"", "".'d"", "".ix"", ""0.:"", ""0ke"", ""0kv"", ""24d"", ""2i2"", ""3!:"", ""4.i"", ""4he"", ""8mg"", ""9ho"", "":r "", ""_ y"", ""_18"", ""a15"", ""b+:"", ""ch9"", ""cl!"", ""d(y"", ""e7 "", ""e9n"", ""eiq"", ""f%!"", ""fk-"", ""fmx"", ""frs"", ""fvv"", ""gfc"", ""gk3"", ""h&r"", ""h'z"", ""h00"", ""h2s"", ""h6:"", ""h99"", ""h:r"", ""hi+"", ""hp'"", ""i+r"", ""ih?"", ""ik1"", ""ip5"", ""it2"", ""j-r"", ""jct"", ""je7"", ""kg2"", ""l!m"", ""l_1"", ""mgh"", ""nfh"", ""no+"", ""o _"", ""o+y"", ""pcm"", ""rpb"", ""rz."", ""rz1"", ""szg"", ""t2i"", ""tlv"", ""tps"", ""ub+"", ""v-z"", ""v.2"", ""wpm"", ""xb "", ""xe("", ""y'!"", ""z.r"", ""z18""]",88,1,155,0.0064516129032258064
3,block_infix_fingerprint_v003.json,64,local_split_entropy_equivalence_classes,154,3,0.0,0.01,title,title,15, $c,"["" $c"", "" -6"", "" 1y"", "" d,"", "" l@"", "" w+"", ""!bu"", ""$ch"", ""$lo"", ""''b"", ""'3:"", ""'ct"", ""'nf"", ""(a1"", ""(ct"", ""(yp"", "")th"", "")uf"", ""+1+"", ""+b="", ""-$2"", ""-)t"", ""-3."", ""-e1"", ""-ij"", "".3-"", "".av"", "".id"", ""/4l"", ""/76"", ""/82"", ""/vt"", ""00;"", ""04;"", ""06%"", ""08t"", ""0:e"", ""0;0"", ""0il"", ""1,9"", ""12'"", ""16w"", ""18?"", ""1;0"", ""1el"", ""1k:"", ""1kg"", ""1m2"", ""1yr"", ""22h"", ""27p"", ""29'"", ""2@2"", ""2h1"", ""2s:"", ""2wk"", ""3.g"", ""30i"", ""3:t"", ""3da"", ""4''"", ""41;"", ""42p"", ""49?"", ""4;4"", ""4co"", ""5'1"", ""5bx"", ""6'4"", ""6* "", ""63'"", ""67%"", ""6x8"", ""72k"", ""79_"", ""7p."", ""8'e"", ""82,"", ""8e8"", ""8k "", ""8xk"", ""9'4"", ""90+"", ""94?"", ""9_z"", "":24"", "";04"", "";41"", ""@bo"", ""_zn"", ""a(l"", ""a)n"", ""a1)"", ""a30"", ""ah+"", ""ah1"", ""b8-"", ""b=g"", ""bo*"", ""br/"", ""brj"", ""bx "", ""cmd"", ""cvu"", ""d'3"", ""e1!"", ""e88"", ""fdw"", ""fiw"", ""fpj"", ""g-$"", ""h15"", ""hz."", ""ie6"", ""kg-"", ""kn:"", ""kzy"", ""l--"", ""l@s"", ""m28"", ""mdj"", ""n1-"", ""oa."", ""p-)"", ""pt*"", ""pyq"", ""q'v"", ""q)u"", ""q.o"", ""rvg"", ""s.4"", ""t& "", ""t*h"", ""tk)"", ""tl)"", ""w+b"", ""w.f"", ""wd!"", ""x)r"", ""x-q"", ""x44"", ""xk6"", ""xoo"", ""xrc"", ""y''"", ""ykz"", ""z!b"", ""z./"", ""zgh""]",149,1,155,0.0064516129032258064
3,block_infix_fingerprint_v003.json,64,local_split_entropy_equivalence_classes,154,3,0.0,0.01,title,title,16, $e,"["" $e"", "" +:"", "" t]"", ""!?."", ""!al"", ""#5c"", ""#sh"", ""#st"", ""$37"", ""$6 "", ""$fr"", ""$wi"", ""% ("", ""% y"", ""&4e"", ""&be"", ""''q"", ""'8m"", ""'lt"", ""(96"", "")cy"", "")hi"", "")to"", ""*ba"", ""*bi"", ""+5+"", "",42"", "",83"", ""-2p"", ""-z3"", ""-zn"", ""..4"", "".j'"", ""/62"", ""0 $"", ""0,4"", ""0,9"", ""0:l"", ""0a "", ""1 ."", ""1b "", ""1mc"", ""2 ."", ""2 8"", ""2,8"", ""2-:"", ""24w"", ""29o"", ""2bp"", ""2n "", ""2n:"", ""2to"", ""2x9"", ""3.z"", ""33x"", ""35o"", ""37p"", ""3:d"", ""3az"", ""3b7"", ""4 ."", ""44k"", ""44s"", ""47]"", ""49j"", ""4o0"", ""4we"", ""5+5"", ""5fi"", ""5ny"", ""5o5"", ""6-w"", ""65/"", ""6:5"", ""6ft"", ""7])"", ""8-o"", ""88n"", ""8da"", ""8m/"", ""8ma"", ""9'8"", ""93r"", ""9bg"", ""9je"", "":1."", "":3,"", "":de"", ""<: "", ""= k"", ""=11"", ""><:"", ""?ma"", ""[16"", ""[ap"", ""]ac"", ""a1:"", ""a2b"", ""an5"", ""b7:"", ""bg8"", ""bpe"", ""d.3"", ""dgg"", ""e)c"", ""e.9"", ""e]a"", ""h30"", ""is1"", ""jby"", ""kp:"", ""m ="", ""m''"", ""m@x"", ""na+"", ""nlj"", ""o05"", ""oqq"", ""q.."", ""qno"", ""qq."", ""rk;"", ""s)h"", ""s3,"", ""sd'"", ""se*"", ""st&"", ""svn"", ""t&4"", ""t&b"", ""t)e"", ""t2g"", ""v':"", ""wsv"", ""x $"", ""x.f"", ""x::"", ""xq?"", ""xqn"", ""yr;"", ""zy)""]",141,1,155,0.0064516129032258064
3,block_infix_fingerprint_v003.json,64,local_split_entropy_equivalence_classes,154,3,0.0,0.01,title,title,17, $i,"["" $i"", "" qz"", ""!w "", ""\""lo"", ""#fa"", ""#ne"", ""$it"", ""&ge"", ""(5 "", ""(n'"", "")/z"", ""-4?"", ""-ct"", ""-n1"", ""-ys"", "".ev"", "".j:"", ""/jt"", ""/z-"", ""29k"", ""40m"", ""7yr"", ""a14"", ""aoq"", ""cju"", ""ct6"", ""d_g"", ""dwp"", ""e50"", ""ey\"""", ""f:u"", ""h'k"", ""j:t"", ""jpn"", ""k):"", ""lc/"", ""m41"", ""n&g"", ""p47"", ""qog"", ""qzx"", ""s!w"", ""s/4"", ""smp"", ""um4"", ""x1!"", ""xcq"", ""y/3"", ""zzq""]",49,1,155,0.0064516129032258064
3,block_infix_fingerprint_v003.json,64,local_split_entropy_equivalence_classes,154,3,0.0,0.01,title,title,18, $l,"["" $l"", ""\"" -"", ""\""i\"""", ""$la"", ""%/t"", ""*tf"", ""-rc"", "".-u"", ""/\""m"", ""/2n"", ""/e3"", ""/rb"", ""1%/"", ""25?"", ""4- "", ""7/o"", ""bd/"", ""cck"", ""dwl"", ""e/\"""", ""g?\"""", ""gs]"", ""i.x"", ""lws"", ""mmw"", ""ny\"""", ""rl2"", ""spm"", ""sqw"", ""t @""]",30,1,155,0.0064516129032258064
3,block_infix_fingerprint_v003.json,64,local_split_entropy_equivalence_classes,154,3,0.0,0.01,title,title,19, $p,"["" $p"", "" ()"", "" 7i"", "" l:"", ""&t'"", ""();"", ""(l."", ""(qi"", ""(sd"", "")gr"", ""*04"", ""*t:"", ""-g!"", "".cr"", ""0f-"", ""20l"", ""2om"", ""2ov"", ""2x5"", ""3 9"", ""4:9"", ""70f"", ""7i "", ""9bc"", "":a "", ""=pr"", ""[ar"", ""[te"", ""b-8"", ""bn'"", ""ct+"", ""d-9"", ""dd7"", ""ds*"", ""f :"", ""fvu"", ""fx2"", ""g30"", ""gfj"", ""gjr"", ""gv1"", ""gwd"", ""gzz"", ""h&t"", ""h@h"", ""hi8"", ""hjr"", ""hp5"", ""hpg"", ""hvg"", ""i4n"", ""i:g"", ""im@"", ""iw'"", ""j 4"", ""j'p"", ""jj:"", ""jrm"", ""k.2"", ""kt("", ""md?"", ""mu~"", ""nsx"", ""oqv"", ""pe*"", ""pe2"", ""pv:"", ""q 8"", ""r)g"", ""rfv"", ""rh&"", ""ro2"", ""s*0"", ""s*a"", ""s=p"", ""t %"", ""t+m"", ""ti;"", ""tjb"", ""ts="", ""uow"", ""u~j"", ""v13"", ""vg3"", ""wpd"", ""wph"", ""yvl"", ""z.:"", ""ztz"", ""~jy""]",90,1,155,0.0064516129032258064
3,block_infix_fingerprint_v003.json,64,local_split_entropy_equivalence_classes,154,3,0.0,0.01,title,title,20, $u,"["" $u"", "" 5y"", "" b@"", "" i0"", "" p,"", ""#%k"", ""#?!"", ""$up"", ""&yo"", ""''j"", ""''s"", ""'a:"", ""'sd"", ""(*h"", ""(3."", ""(h."", ""(xv"", "")rm"", ""*ha"", ""*ka"", ""-bs"", ""-gj"", ""-hn"", ""-q:"", ""-x3"", "".m@"", ""//j"", ""0i0"", ""15y"", ""18i"", ""2o,"", ""2od"", ""3 $"", ""3km"", ""42?"", ""5ec"", ""5to"", ""5ye"", ""5ys"", ""7mw"", ""9s)"", "":) "", "":mt"", ""?!i"", ""@#?"", ""@ma"", ""@ny"", ""@te"", ""a(a"", ""a)r"", ""an4"", ""b@m"", ""d&t"", ""d@h"", ""dz?"", ""e&m"", ""e+:"", ""e:1"", ""e@n"", ""eg2"", ""eql"", ""f*k"", ""g54"", ""g7m"", ""g:m"", ""gd-"", ""gvs"", ""gz:"", ""h**"", ""h24"", ""i''"", ""i'b"", ""i0 "", ""i0i"", ""i36"", ""i4i"", ""ib3"", ""ii0"", ""il$"", ""iwl"", ""j'r"", ""j.3"", ""j.i"", ""jcv"", ""je;"", ""m5."", ""m@t"", ""n(v"", ""ne@"", ""ns*"", ""od@"", ""pe+"", ""ps&"", ""qa-"", ""re#"", ""rx'"", ""ry5"", ""s&y"", ""s//"", ""sl!"", ""sx/"", ""uvt"", ""v''"", ""vgv"", ""wi?"", ""x3c"", ""xv)"", ""zgj"", ""zzg""]",109,1,155,0.0064516129032258064
3,block_infix_fingerprint_v003.json,64,local_split_entropy_equivalence_classes,154,3,0.0,0.01,title,title,21, %*,"["" %*"", ""#&i"", ""%*#"", ""&n/"", ""*#&"", ""*if"", ""*no"", "",73"", "".3,"", "".4,"", "".5,"", "".6,"", "".9,"", ""/ w"", ""/jc"", ""0-,"", ""01!"", ""2sc"", ""4yo"", ""5.e"", ""50?"", ""9/l"", ""@zi"", ""_wu"", ""ax)"", ""ck2"", ""e4y"", ""fe4"", ""go\"""", ""h/q"", ""ih/"", ""jn4"", ""k&n"", ""k2s"", ""kds"", ""kpw"", ""l'@"", ""r %"", ""ro6"", ""rvd"", ""tlg"", ""u23"", ""vnf"", ""wlh"", ""yp/""]",45,1,155,0.0064516129032258064
3,block_infix_fingerprint_v003.json,64,local_split_entropy_equivalence_classes,154,3,0.0,0.01,title,title,22, %@,"["" %@"", ""#.."", ""#di"", ""#we"", ""$ p"", ""% -"", ""%@#"", ""&is"", ""''0"", ""'sr"", ""('9"", ""(a("", ""(h1"", ""(v."", "")ab"", "")lo"", "")si"", ""+m+"", "",39"", ""-->"", ""-6-"", ""-a)"", "".2/"", "".ak"", "".pi"", ""//o"", ""/a9"", ""00d"", ""05g"", ""0ch"", ""0dn"", ""1'0"", ""1))"", ""15x"", ""1=4"", ""1=a"", ""2-l"", ""22w"", ""25x"", ""2el"", ""2ld"", ""2me"", ""3.p"", ""34x"", ""3:7"", ""3_9"", ""3di"", ""3ic"", ""3ja"", ""3m2"", ""3pa"", ""3wo"", ""4.h"", ""43o"", ""47o"", ""4sa"", ""5,8"", ""51o"", ""5lb"", ""5x3"", ""66g"", ""6:6"", ""6da"", ""6di"", ""6go"", ""6gu"", ""7+1"", ""7.c"", ""7an"", ""7gs"", ""7is"", ""7si"", ""8'l"", ""9''"", ""91s"", ""9:a"", ""9_0"", ""9bi"", "":09"", "":66"", "":77"", "":vs"", ""<--"", ""=10"", ""=ad"", ""@#."", ""@ba"", ""@ur"", ""] s"", ""_9_"", ""a'v"", ""a6-"", ""a6/"", ""a66"", ""ac1"", ""b':"", ""by;"", ""c+m"", ""c17"", ""ch&"", ""co@"", ""ct2"", ""d.k"", ""d7i"", ""df:"", ""df@"", ""e %"", ""f(x"", ""f@b"", ""g)r"", ""h&i"", ""k.0"", ""m+b"", ""n1)"", ""n?'"", ""na3"", ""na6"", ""nd7"", ""o30"", ""o@k"", ""p.z"", ""pxt"", ""qki"", ""qop"", ""s:v"", ""t2r"", ""te3"", ""tvx"", ""u',"", ""v.)"", ""ve7"", ""vxq"", ""wk@"", ""wpc"", ""wpx"", ""x)a"", ""x2="", ""xe;"", ""ycs"", ""ylh""]",140,1,155,0.0064516129032258064
3,block_infix_fingerprint_v003.json,64,local_split_entropy_equivalence_classes,154,3,0.0,0.01,title,title,23, &1,"["" &1"", "" y/"", ""&10"", ""(mm"", ""+2+"", ""+o "", ""-q/"", ""-xt"", "".u3"", ""//w"", ""13k"", ""2+o"", ""3-j"", ""3x9"", ""43a"", ""54a"", ""55a"", ""5m,"", ""64b"", ""67a"", ""69a"", ""72b"", ""81a"", ""82k"", ""84a"", ""9+2"", ""91b"", ""94/"", ""96a"", ""ep5"", ""f'/"", ""h)/"", ""h+2"", ""he;"", ""oo;"", ""op1"", ""p17"", ""s.-"", ""u37"", ""u:/"", ""w- "", ""wb'"", ""x9+"", ""y/ ""]",44,1,155,0.0064516129032258064
3,block_infix_fingerprint_v003.json,64,local_split_entropy_equivalence_classes,154,3,0.0,0.01,title,title,24, &a,"["" &a"", "" 4c"", "" 9\"""", ""&an"", "")!/"", ""/-t"", ""17k"", ""2x3"", ""6/j"", ""7se"", ""9\"" "", ""a/9"", ""az2"", ""bgc"", ""c-j"", ""ca2"", ""ex7"", ""ga~"", ""gc:"", ""h3m"", ""kc'"", ""kk/"", ""le2"", ""mg'"", ""mtf"", ""mx5"", ""n/-"", ""n?-"", ""nh'"", ""no~"", ""o.!"", ""ou;"", ""r40"", ""t&n"", ""ws1"", ""x:t"", ""xr4""]",37,1,155,0.0064516129032258064
3,block_infix_fingerprint_v003.json,64,local_split_entropy_equivalence_classes,154,3,0.0,0.01,title,title,25," (""","["" (\"""", "" jz"", ""\""24"", ""#ni"", ""% u"", ""'v/"", ""(\""2"", ""(dy"", ""(j'"", ""+fr"", ""-#5"", ""-xh"", ""/d "", ""/nm"", ""/v."", ""0 ="", ""0x3"", ""2+f"", ""24\"""", ""2ro"", ""3i "", ""3ra"", ""3xl"", ""4\"" "", ""4-r"", ""5da"", ""6-#"", "":im"", ""= 0"", ""[bg"", ""_fo"", ""b4u"", ""bg]"", ""bl:"", ""bpu"", ""csq"", ""hsd"", ""i_f"", ""jn)"", ""jw "", ""jzd"", ""k-x"", ""li_"", ""n:i"", ""q45"", ""re\"""", ""sgm"", ""u'!"", ""v/y"", ""w ["", ""w.!"", ""wg/"", ""xfm"", ""xl.""]",54,1,155,0.0064516129032258064
3,block_infix_fingerprint_v003.json,64,local_split_entropy_equivalence_classes,154,3,0.0,0.01,title,title,26, ($,"["" ($"", "" 7c"", ""#3,"", ""' +"", ""':."", ""($2"", "") 0"", ""**n"", ""-e!"", ""-nd"", "".b!"", "".r:"", "".ut"", ""12c"", ""2bm"", ""2cm"", ""2jd"", ""3_s"", ""4x8"", ""51t"", ""5h5"", ""73_"", ""7ve"", ""> ("", ""ad;"", ""am]"", ""bks"", ""d19"", ""d20"", ""djb"", ""djr"", ""e[r"", ""et&"", ""ey@"", ""f!v"", ""g.y"", ""gnf"", ""go1"", ""h55"", ""ik2"", ""jdg"", ""ju."", ""k2j"", ""md1"", ""ndx"", ""nfy"", ""o1:"", ""ph5"", ""qa:"", ""qib"", ""qik"", ""qos"", ""r)v"", ""r+o"", ""rqo"", ""s'k"", ""scd"", ""su;"", ""t4-"", ""te["", ""ux2"", ""wlz"", ""wnn"", ""ww3"", ""x2b"", ""y@2"", ""yb'"", ""yd2"", ""z-8""]",69,1,155,0.0064516129032258064
3,block_infix_fingerprint_v003.json,64,local_split_entropy_equivalence_classes,154,3,0.0,0.01,title,title,27, (_,"["" (_"", "" [8"", "" [9"", "" [i"", "" [k"", ""\""gi"", ""$ o"", ""'] "", ""-j5"", ""-uv"", ""-xy"", "". ["", ""0b5"", ""0t2"", ""1b7"", ""1c9"", ""2w5"", ""7p4"", ""7r4"", ""7r5"", ""8h4"", ""8s5"", ""8w5"", ""9's"", ""9-d"", ""[ d"", ""[86"", ""[99"", ""[ab"", ""[ag"", ""[be"", ""[da"", ""[fl"", ""[ha"", ""[hu"", ""[is"", ""[ki"", ""[lo"", ""[ma"", ""[on"", ""[si"", ""[sp"", ""[st"", ""[ta"", ""[to"", ""[tr"", ""[up"", ""] b"", ""] h"", ""] i"", ""] m"", ""] n"", ""] t"", ""] y"", ""_) "", ""a.]"", ""a] "", ""b56"", ""b78"", ""b] "", ""c97"", ""ck]"", ""czb"", ""d ]"", ""d] "", ""e']"", ""ey]"", ""f-0"", ""ft]"", ""g(i"", ""g*."", ""h46"", ""h] "", ""il]"", ""j5/"", ""jfa"", ""ks]"", ""l] "", ""le]"", ""ly]"", ""mhw"", ""ne]"", ""ng("", ""ny]"", ""p46"", ""p] "", ""ps]"", ""r49"", ""r51"", ""s51"", ""sa]"", ""se]"", ""ta]"", ""th]"", ""ub]"", ""up]"", ""ve]"", ""w50"", ""w56"", ""wzw"", ""xvl"", ""y] "", ""ynj"", ""zk:""]",104,1,155,0.0064516129032258064
3,block_infix_fingerprint_v003.json,64,local_split_entropy_equivalence_classes,154,3,0.0,0.01,title,title,28, *%,"["" *%"", ""%^$"", ""'lw"", ""'mg"", ""(qa"", ""*%^"", ""/rn"", ""3)3"", ""3/f"", ""3h5"", ""5(n"", ""=1 "", ""?!'"", ""^$#"", ""c3h"", ""cbf"", ""e.2"", ""g.v"", ""h5("", ""hl2"", ""l2n"", ""o2b"", ""o3)"", ""p/'"", ""quf"", ""ryq"", ""tg4"", ""vr/""]",28,1,155,0.0064516129032258064
3,block_infix_fingerprint_v003.json,64,local_split_entropy_equivalence_classes,154,3,0.0,0.01,title,title,29, *(,"["" *("", "" k7"", "" {t"", ""# 8"", ""* *"", ""*(n"", ""-tn"", "".vc"", ""1)l"", ""1./"", ""44?"", ""8- "", ""8pa"", ""[p."", ""a(1"", ""bu("", ""ct;"", ""e#0"", ""e()"", ""e**"", ""ed_"", ""er`"", ""es&"", ""fe+"", ""g.?"", ""go5"", ""i.]"", ""ihq"", ""itq"", ""le*"", ""ljt"", ""m?)"", ""nk;"", ""ol8"", ""on<"", ""r`s"", ""rs}"", ""s {"", ""s&v"", ""s4l"", ""sfs"", ""snd"", ""tqm"", ""tx?"", ""u(t"", ""ue#"", ""uj."", ""uq!"", ""uuq"", ""v3:"", ""v4 "", ""vkr"", ""vmb"", ""vpn"", ""wn;"", ""yc!"", ""yd?"", ""zf "", ""{th""]",59,1,155,0.0064516129032258064
3,block_infix_fingerprint_v003.json,64,local_split_entropy_equivalence_classes,154,3,0.0,0.01,title,title,30, */,"["" */"", "" h,"", "" h4"", "" l,"", "" l/"", "" v?"", ""!tv"", ""#!\"""", ""$te"", ""(kt"", ""*/@"", ""*k?"", ""/@?"", ""65?"", ""?#!"", ""@?#"", ""a$t"", ""a:t"", ""btg"", ""e-7"", ""f *"", ""h'!"", ""h.v"", ""h4 "", ""hfc"", ""if)"", ""io2"", ""jly"", ""l'?"", ""lz/"", ""m71"", ""m77"", ""mk1"", ""mxf"", ""o2."", ""r)n"", ""t2h"", ""tc#"", ""ti3"", ""u30"", ""v!t"", ""vv,"", ""wa$"", ""z/x"", ""zz)""]",45,1,155,0.0064516129032258064
3,block_infix_fingerprint_v003.json,64,local_split_entropy_equivalence_classes,154,3,0.0,0.01,title,title,31, *c,"["" *c"", "" 0k"", "" a?"", ""!?'"", ""'?!"", ""'l-"", ""(ly"", "")sg"", ""*ce"", ""-i?"", "".xm"", ""0h4"", ""15f"", ""1:n"", ""1t5"", ""3.n"", ""5f1"", ""63,"", ""8ki"", "":ca"", ""?!:"", ""@k."", ""[wo"", ""]ol"", ""_38"", ""_me"", ""a:c"", ""a_ "", ""a_3"", ""d *"", ""d(d"", ""d?)"", ""e2h"", ""er_"", ""f1t"", ""g)n"", ""g4r"", ""g5:"", ""gpg"", ""hdw"", ""hf:"", ""id3"", ""jcp"", ""jhh"", ""jkg"", ""jt4"", ""k[r"", ""ka_"", ""kgs"", ""kh1"", ""kjb"", ""knx"", ""l89"", ""lgp"", ""lv?"", ""lx8"", ""m4w"", ""na_"", ""nbw"", ""o)s"", ""oo$"", ""qdn"", ""qre"", ""r]o"", ""r_m"", ""rl8"", ""s.2"", ""sd-"", ""te2"", ""u'?"", ""v/ "", ""vfa"", ""vnb"", ""w!)"", ""xv,""]",75,1,155,0.0064516129032258064
3,block_infix_fingerprint_v003.json,64,local_split_entropy_equivalence_classes,154,3,0.0,0.01,title,title,32, *u,"["" *u"", "" 0~"", "" 7'"", "" n#"", ""#mb"", ""'kz"", ""(24"", ""(a-"", ""*uc"", ""-xu"", "".sq"", ""/7)"", ""0~s"", ""1.z"", ""1de"", ""3 6"", ""3gp"", ""4,6"", ""45d"", ""5!?"", ""5dt"", ""6-j"", ""75'"", ""=ra"", ""@rd"", ""[om"", ""_on"", ""a'f"", ""acx"", ""ag+"", ""aw@"", ""c.2"", ""d'@"", ""d+:"", ""e'j"", ""eqo"", ""fr~"", ""gzd"", ""i+t"", ""ie1"", ""jhm"", ""joq"", ""jpx"", ""ju)"", ""k.v"", ""k3t"", ""ka$"", ""ki+"", ""ku_"", ""kww"", ""l&d"", ""l'x"", ""lmx"", ""lt2"", ""lv-"", ""lvc"", ""m51"", ""mi("", ""mo="", ""mx)"", ""n#m"", ""nc)"", ""np'"", ""o=r"", ""o?n"", ""oq-"", ""pv9"", ""pvu"", ""q-a"", ""r(i"", ""rd+"", ""rhk"", ""rmx"", ""t22"", ""tpp"", ""u_o"", ""v1d"", ""v66"", ""v99"", ""ve3"", ""vh8"", ""w@r"", ""yzd"", ""~s.""]",84,1,155,0.0064516129032258064
3,block_infix_fingerprint_v003.json,64,local_split_entropy_equivalence_classes,154,3,0.0,0.01,title,title,33, +2,"["" +2"", "" -q"", "" ; "", "" q2"", ""$ta"", ""'km"", ""(k1"", ""*#k"", ""+2c"", ""+kr"", "",1."", "",1/"", "",93"", ""-2c"", ""-i&"", ""/ua"", ""08g"", ""0x2"", ""1r:"", ""2c-"", ""33d"", ""3ys"", ""5ko"", ""6,9"", ""8/m"", ""8gw"", ""[eo"", ""[or"", ""_78"", ""a1r"", ""an+"", ""an9"", ""asx"", ""axz"", ""bng"", ""c_7"", ""cdk"", ""dd;"", ""dk."", ""dkc"", ""e*s"", ""eb?"", ""ep$"", ""euq"", ""f*#"", ""ff1"", ""g-0"", ""gm/"", ""hcy"", ""hvl"", ""hvr"", ""i&j"", ""ih:"", ""k3y"", ""lvg"", ""mdm"", ""n*u"", ""n+k"", ""n-,"", ""n93"", ""njv"", ""nk3"", ""nlw"", ""nmw"", ""ny7"", ""nz1"", ""o--"", ""ov3"", ""p$t"", ""p4w"", ""pg1"", ""r ;"", ""r*s"", ""s*e"", ""sj."", ""sxa"", ""t.9"", ""tf9"", ""tkb"", ""u*r"", ""ug)"", ""xu'"", ""y.z"", ""y77"", ""ybj"", ""zwl""]",86,1,155,0.0064516129032258064
3,block_infix_fingerprint_v003.json,64,local_split_entropy_equivalence_classes,154,3,0.0,0.01,title,title,34, +9,"["" +9"", "" 4j"", "" r]"", "" z3"", "" zx"", ""!-a"", ""'29"", ""'e:"", ""(ek"", ""+9,"", ""+p]"", ""+y="", ""- !"", ""-pg"", "".ee"", ""/4]"", ""07h"", ""11]"", ""1] "", ""24j"", ""3d5"", ""3ou"", ""4ji"", ""58]"", ""73]"", ""7ho"", ""8] "", ""90!"", ""91!"", ""9se"", ""=li"", ""@s]"", ""[ t"", ""[1/"", ""[2:"", ""[aw"", ""[ct"", ""[em"", ""[en"", ""[kl"", ""[yb"", ""] 4"", ""] e"", ""] f"", ""]3 "", ""]du"", ""]ki"", ""]pa"", ""_sq"", ""aq."", ""as]"", ""c]3"", ""c]:"", ""cu!"", ""d10"", ""d52"", ""dkk"", ""dl!"", ""e(z"", ""em]"", ""ep;"", ""ev!"", ""gxt"", ""hc:"", ""i]k"", ""in]"", ""ip3"", ""is_"", ""js!"", ""k72"", ""kdk"", ""knc"", ""l+p"", ""ljp"", ""ll]"", ""lr8"", ""m] "", ""n]c"", ""n]d"", ""ncg"", ""o!-"", ""oe="", ""p3o"", ""pct"", ""r'y"", ""r)m"", ""rd1"", ""re*"", ""rwk"", ""s*c"", ""s]c"", ""s]p"", ""sbh"", ""sn)"", ""sqr"", ""t ]"", ""tf."", ""tgb"", ""tn?"", ""u'z"", ""u-x"", ""vvr"", ""vzn"", ""w_s"", ""wm:"", ""wrd"", ""x&y"", ""x+y"", ""x31"", ""x96"", ""xh-"", ""xij"", ""xk7"", ""xpd"", ""y3l"", ""y=0"", ""ya`"", ""ygf"", ""ymz"", ""yzf"", ""z'm"", ""z.)"", ""z.b"", ""z.u"", ""z32"", ""z3d"", ""zhm"", ""zmd"", ""zn-"", ""ztc"", ""zxi"", ""~ y"", ""~ex""]",133,1,155,0.0064516129032258064
3,block_infix_fingerprint_v003.json,64,local_split_entropy_equivalence_classes,154,3,0.0,0.01,title,title,35, -!,"["" -!"", ""#%$"", ""%$i"", ""'tm"", "")ai"", ""*mo"", ""+s "", "",24"", ""-yz"", "".bb"", "".ky"", ""2gm"", ""5y:"", ""5yc"", ""7,3"", ""74'"", ""8ar"", ""9dr"", "":5y"", ""=pa"", ""[um"", ""_pa"", ""btq"", ""cn:"", ""cz-"", ""d*m"", ""dgh"", ""er9"", ""ey_"", ""flh"", ""g.j"", ""gmz"", ""h(o"", ""h21"", ""h=p"", ""i(s"", ""i/4"", ""k'h"", ""k9-"", ""l)a"", ""ls+"", ""mo["", ""mv2"", ""mvg"", ""mw2"", ""mwm"", ""n+m"", ""n8a"", ""nt["", ""nu]"", ""o(r"", ""oyq"", ""p(l"", ""p+s"", ""p5y"", ""p:5"", ""pcc"", ""pdc"", ""pm?"", ""qoy"", ""r+s"", ""r/8"", ""r9d"", ""rcj"", ""ri("", ""ry&"", ""s+ "", ""t[u"", ""tb-"", ""th="", ""tq "", ""u]m"", ""ud2"", ""um]"", ""uo."", ""v.k"", ""v22"", ""w20"", ""wv:"", ""xp:"", ""xug"", ""y&m"", ""y_p""]",83,1,155,0.0064516129032258064
3,block_infix_fingerprint_v003.json,64,local_split_entropy_equivalence_classes,154,3,0.0,0.01,title,title,36, -8,"["" -8"", "" ;-"", "" t?"", ""!-v"", ""!16"", ""&do"", ""-9!"", ""-y,"", "".-r"", "".ye"", ""0''"", ""0o."", ""2'4"", ""3-e"", ""48?"", ""65'"", ""8/i"", "":na"", "";-)"", "";dr"", ""? 8"", ""?me"", ""[ah"", ""_ c"", ""a4e"", ""ai~"", ""cf?"", ""cq,"", ""d#7"", ""e ?"", ""e!1"", ""e2s"", ""ea4"", ""ed#"", ""ek7"", ""em@"", ""evx"", ""e~v"", ""g78"", ""if;"", ""i~e"", ""jfu"", ""k ;"", ""k73"", ""l;d"", ""lu5"", ""m!-"", ""mjy"", ""ng7"", ""o?m"", ""p&d"", ""pz!"", ""r:n"", ""r@5"", ""scf"", ""sp'"", ""t68"", ""tl;"", ""tp2"", ""tq-"", ""u-9"", ""u47"", ""u55"", ""ujw"", ""up&"", ""v.u"", ""v19"", ""v62"", ""vgl"", ""vmc"", ""vpw"", ""w.1"", ""w4m"", ""wcd"", ""wh-"", ""y _"", ""ya1"", ""zk "", ""zl,"", ""~ a"", ""~e~"", ""~ve""]",82,1,155,0.0064516129032258064
3,block_infix_fingerprint_v003.json,64,local_split_entropy_equivalence_classes,154,3,0.0,0.01,title,title,37, -b,"["" -b"", "" 3l"", ""!on"", ""!tz"", ""$95"", ""% q"", ""(36"", ""(8)"", "")-s"", ""* 7"", ""+le"", ""/$1"", ""/b "", ""/jy"", ""0s!"", ""2+l"", ""35p"", ""4/f"", ""5ga"", ""6 *"", ""65g"", ""65k"", ""7st"", ""8)/"", ""9 6"", ""; \"""", ""=br"", ""@er"", ""@xt"", ""bl!"", ""e9 "", ""em7"", ""f/y"", ""f11"", ""fgs"", ""fky"", ""fl4"", ""h/$"", ""i+d"", ""i@s"", ""jnk"", ""kcs"", ""l!t"", ""l3:"", ""l4:"", ""m7,"", ""mrh"", ""n)-"", ""nt4"", ""p11"", ""pc?"", ""pi@"", ""rt="", ""rt@"", ""t!o"", ""t1b"", ""t=b"", ""t@e"", ""y2d"", ""z-q""]",60,1,155,0.0064516129032258064
3,block_infix_fingerprint_v003.json,64,local_split_entropy_equivalence_classes,154,3,0.0,0.01,title,title,38, -f,"["" -f"", "" -p"", "" ?!"", "" s5"", ""\"" g"", ""$7."", ""(gw"", "")be"", "",3:"", "",76"", ""-4/"", ""-c3"", "".c/"", ""/1:"", ""/iw"", ""08?"", ""??!"", ""_cr"", ""`ph"", ""a37"", ""a`s"", ""agq"", ""bf/"", ""d_c"", ""e60"", ""ex("", ""fg!"", ""gnl"", ""gu/"", ""i'p"", ""i`s"", ""jt?"", ""k \"""", ""k/5"", ""lxb"", ""m:t"", ""ma`"", ""n)b"", ""nrd"", ""olx"", ""pzz"", ""ri`"", ""s55"", ""sgn"", ""x(t"", ""xa4"", ""yu;""]",47,1,155,0.0064516129032258064
3,block_infix_fingerprint_v003.json,64,local_split_entropy_equivalence_classes,154,3,0.0,0.01,title,title,39, -z,"["" -z"", "" //"", "" 3i"", "" q8"", ""# i"", ""'zw"", ""*al"", "".t:"", ""// "", ""2-'"", ""32t"", ""3is"", ""42t"", ""@ j"", ""a@m"", ""bl)"", ""cxa"", ""df'"", ""e95"", ""g*a"", ""g*s"", ""hvc"", ""i :"", ""ifh"", ""kcz"", ""kqi"", ""me9"", ""o3a"", ""ob)"", ""okq"", ""oo3"", ""q80"", ""s(?"", ""svc"", ""swy"", ""t4t"", ""t82"", ""tbd"", ""tc3"", ""tdf"", ""u @"", ""uy)"", ""w':"", ""wa@"", ""wk4"", ""ww9"", ""wy2"", ""~an""]",48,1,155,0.0064516129032258064
3,block_infix_fingerprint_v003.json,64,local_split_entropy_equivalence_classes,154,3,0.0,0.01,title,title,40, .0,"["" .0"", "" u$"", "",25"", ""/vl"", ""0o:"", ""2.:"", ""23j"", ""2mx"", ""5-w"", ""52m"", ""55f"", ""5fu"", ""@#c"", ""b@#"", ""bc1"", ""c1:"", ""clc"", ""cpb"", ""eb@"", ""h4u"", ""i'8"", ""j x"", ""l5 "", ""pf)"", ""sf9"", ""ta2"", ""vvn"", ""wuv"", ""x08"", ""x09"", ""x; "", ""xx;""]",32,1,155,0.0064516129032258064
3,block_infix_fingerprint_v003.json,64,local_split_entropy_equivalence_classes,154,3,0.0,0.01,title,title,41, .5,"["" .5"", "" 2]"", "" [6"", "" e="", ""&ah"", ""'a1"", "")k "", "")ly"", "")mu"", ""*bo"", ""*ul"", "".& "", "".8%"", "".gu"", "".s/"", ""/y "", ""0oz"", ""16j"", ""2.c"", ""2or"", ""33,"", ""45%"", ""6ja"", ""6x-"", ""7.-"", ""96x"", "":ax"", "":cr"", "":jo"", "":pl"", ""; 2"", ""[6]"", ""_ea"", ""a(w"", ""bfn"", ""br)"", ""c&a"", ""cvb"", ""czp"", ""d!,"", ""du@"", ""e:j"", ""g*u"", ""gm!"", ""grf"", ""h_r"", ""hhw"", ""hv!"", ""in*"", ""jcu"", ""jn:"", ""k')"", ""k8:"", ""kvc"", ""n*b"", ""n_e"", ""nl:"", ""nt~"", ""o(c"", ""o.;"", ""o?)"", ""p38"", ""phh"", ""pml"", ""pnw"", ""ppz"", ""qft"", ""s.&"", ""s::"", ""sbk"", ""sc&"", ""se2"", ""sh_"", ""skc"", ""tp-"", ""u@ "", ""w)l"", ""y.3"", ""y.4"", ""y.5"", ""yi?"", ""z-u"", ""zh-"", ""zm,"", ""~wo""]",85,1,155,0.0064516129032258064
3,block_infix_fingerprint_v003.json,64,local_split_entropy_equivalence_classes,154,3,0.0,0.01,title,title,42, .7,"["" .7"", "" 6s"", "" v&"", ""'c:"", ""'z:"", ""(gv"", ""(y."", ""-bc"", "".xl"", ""29s"", ""3a."", ""48/"", ""4tm"", ""58o"", ""59,"", ""6s "", ""7ju"", ""9s "", "":ts"", ""[(i"", ""[:t"", ""[pl"", ""_74"", ""a3b"", ""ad2"", ""b+ "", ""b30"", ""b4t"", ""b61"", ""b83"", ""b_s"", ""bd3"", ""br'"", ""c'l"", ""c4:"", ""ch2"", ""cl/"", ""cpd"", ""cvj"", ""d)]"", ""d//"", ""d25"", ""d2g"", ""d3 "", ""d3v"", ""d7a"", ""e(d"", ""gff"", ""gvc"", ""h22"", ""iix"", ""ka]"", ""l.5"", ""nk$"", ""o36"", ""oy_"", ""p'x"", ""p32"", ""p:l"", ""r.x"", ""rj-"", ""s[("", ""sa3"", ""t?."", ""tfx"", ""ub8"", ""us["", ""v&a"", ""vh:"", ""vpl"", ""vr,"", ""y_7"", ""yzg""]",73,1,155,0.0064516129032258064
3,block_infix_fingerprint_v003.json,64,local_split_entropy_equivalence_classes,154,3,0.0,0.01,title,title,43, .8,"["" .8"", "" m)"", ""!1 "", ""\""eg"", ""#1_"", ""#bc"", ""#fi"", ""#po"", ""#qu"", ""#ve"", ""$mo"", ""'-o"", ""'c."", ""'nt"", "") +"", "")-p"", "")ty"", "")ve"", ""*67"", ""*me"", ""+ ("", "",33"", ""-'k"", ""-1="", ""-76"", ""-k."", ""-rd"", ""-wf"", "". :"", ""..7"", "".5a"", "".m:"", "".zh"", ""//z"", ""/2b"", ""/57"", ""/fx"", ""/p4"", ""0!1"", ""0,7"", ""0:9"", ""1/j"", ""10n"", ""12i"", ""14h"", ""19x"", ""1>1"", ""1_l"", ""1c4"", ""1h9"", ""1i "", ""1mi"", ""2/5"", ""21>"", ""25'"", ""2ob"", ""2p2"", ""2ts"", ""3'1"", ""30h"", ""38n"", ""3ei"", ""3fo"", ""3r1"", ""4##"", ""4,2"", ""4/8"", ""4a4"", ""4cl"", ""4gl"", ""4h0"", ""4wo"", ""4xl"", ""5'0"", ""5,3"", ""5-e"", ""5/h"", ""51m"", ""56k"", ""57m"", ""5=1"", ""5do"", ""5ey"", ""5h4"", ""5ob"", ""5po"", ""5wo"", ""65d"", ""6=0"", ""6b:"", ""6dd"", ""7 6"", ""73d"", ""76d"", ""7bo"", ""7mm"", ""7na"", ""7x5"", ""83!"", ""84c"", ""89+"", ""94#"", ""9os"", ""9xx"", "":4 "", "":96"", ""=2:"", ""=5="", "">19"", "">>d"", "">dr"", ""?an"", ""?e?"", ""[me"", ""] g"", ""] v"", ""]ha"", ""]ma"", ""_vi"", ""a-'"", ""a3t"", ""a70"", ""a9 "", ""abx"", ""apx"", ""bcf"", ""bf-"", ""bjs"", ""bxa"", ""c4,"", ""dj."", ""dz/"", ""e?a"", ""e]h"", ""ey$"", ""g] "", ""gg\"""", ""h05"", ""h92"", ""i!'"", ""ie4"", ""ig]"", ""iy:"", ""jdb"", ""kr3"", ""lc2"", ""lt_"", ""lxv"", ""m50"", ""p2r"", ""qap"", ""r00"", ""r1c"", ""r3w"", ""r83"", ""s)-"", ""t.5"", ""t_v"", ""tm-"", ""v.3"", ""vbh"", ""wtd"", ""wvl"", ""x5,"", ""xhd"", ""xkp"", ""ytj"", ""yzk""]",168,1,155,0.0064516129032258064
3,block_infix_fingerprint_v003.json,64,local_split_entropy_equivalence_classes,154,3,0.0,0.01,title,title,44, /s,"["" /s"", "" <m"", "" s3"", "" xz"", ""!?)"", ""#bf"", ""#im"", ""#to"", ""&g "", ""'__"", ""'ua"", ""( w"", ""(!?"", ""(51"", ""(gg"", ""(om"", ""(yi"", "")ct"", "")im"", "")lt"", ""*go"", ""+1,"", ""+1:"", ""+46"", "",08"", "",54"", "",58"", ""-'-"", ""..>"", "".9%"", ""/cz"", ""0_1"", ""0h "", ""0zw"", ""12d"", ""13s"", ""1_0"", ""20z"", ""27m"", ""2do"", ""3:6"", ""3se"", ""42d"", ""49,"", ""4de"", ""5 6"", ""56'"", ""5up"", ""6 4"", ""61!"", ""6x4"", ""7% "", ""75d"", ""7m2"", ""9%:"", ""97%"", "": +"", "": <"", ""<mo"", ""@le"", ""@pp"", ""_' "", ""_1_"", ""__'"", ""a)c"", ""a4-"", ""a4d"", ""b)n"", ""bq;"", ""bvd"", ""dz,"", ""e)m"", ""en$"", ""f&g"", ""hc-"", ""hmv"", ""j 7"", ""l)l"", ""m@l"", ""n$a"", ""p/z"", ""p2u"", ""pg'"", ""q; "", ""sf&"", ""tv6"", ""tv7"", ""tww"", ""u!'"", ""up2"", ""v2-"", ""v6 "", ""wcg"", ""wrw"", ""wtt"", ""wwc"", ""x /"", ""xzs"", ""z@p""]",99,1,155,0.0064516129032258064
3,block_infix_fingerprint_v003.json,64,local_split_entropy_equivalence_classes,154,3,0.0,0.01,title,title,45, 0s,"["" 0s"", "" f2"", "" kx"", "" qf"", ""#ca"", ""#na"", ""#ps"", ""#ye"", ""#yo"", ""$1:"", ""$ti"", ""$uc"", ""&ei"", ""'2/"", ""'= "", ""(39"", "")as"", "")el"", "")in"", "")ir"", "")n."", "")un"", ""+te"", "",3 "", ""-pm"", "".1a"", "".:."", "".::"", "".ad"", ""/(n"", ""/1'"", ""/3,"", ""/75"", ""/g "", ""/k/"", ""/n)"", ""0+2"", ""0/8"", ""00*"", ""05%"", ""05t"", ""06h"", ""0b/"", ""0h3"", ""16f"", ""18q"", ""1=z"", ""1by"", ""1h1"", ""1s "", ""24p"", ""25o"", ""28%"", ""2by"", ""2ey"", ""2xu"", ""3.y"", ""3/8"", ""39o"", ""3@4"", ""3b:"", ""3ep"", ""3fa"", ""3ni"", ""4(3"", ""43@"", ""44o"", ""45/"", ""48+"", ""4hg"", ""4p "", ""4sh"", ""4x("", ""5 %"", ""50n"", ""56%"", ""5_r"", ""5ma"", ""5os"", ""6'2"", ""65_"", ""6f9"", ""6hk"", ""6x2"", ""7:m"", ""7aw"", ""7he"", ""7x6"", ""8(i"", ""8+o"", ""88("", ""8:i"", ""8a-"", ""8ig"", ""8q:"", ""8up"", ""94("", ""95e"", "":.:"", "":::"", "":am"", "":en"", "":iv"", ""<an"", ""=zo"", "">ki"", ""@43"", ""@be"", ""@in"", ""[w]"", ""]de"", ""]ve"", ""_ki"", ""a&o"", ""a)s"", ""a86"", ""a_k"", ""ae4"", ""af)"", ""b/6"", ""b21"", ""b2a"", ""bgs"", ""bsx"", ""btb"", ""by4"", ""c/2"", ""cm!"", ""cpf"", ""e&e"", ""e)i"", ""e)u"", ""e4h"", ""e]d"", ""e]v"", ""eb2"", ""f32"", ""frc"", ""gcp"", ""h36"", ""hvk"", ""i>k"", ""iw-"", ""kxo"", ""m *"", ""m)i"", ""m-x"", ""n@ "", ""n@7"", ""ne+"", ""o::"", ""qf3"", ""qqu"", ""r)a"", ""r/("", ""t'="", ""t)r"", ""ta_"", ""ti>"", ""v) "", ""w] "", ""wpv"", ""wvr"", ""wxo"", ""x(1"", ""x3d"", ""x6x"", ""x:e"", ""xbw""]",169,1,155,0.0064516129032258064
3,block_infix_fingerprint_v003.json,64,local_split_entropy_equivalence_classes,154,3,0.0,0.01,title,title,46, 1j,"["" 1j"", ""'m:"", ""(70"", ""(ew"", "")il"", "")oe"", ""*21"", ""*t,"", ""-p!"", ""-xa"", ""-xl"", "".:c"", ""11y"", ""1jo"", "":da"", "":i-"", "":ii"", "":ot"", "":ya"", ""=fo"", ""a)i"", ""b-y"", ""b.k"", ""b.v"", ""bc?"", ""br("", ""bz-"", ""ccv"", ""cg2"", ""d!v"", ""d.;"", ""d4g"", ""d74"", ""e:y"", ""ewv"", ""f $"", ""fu1"", ""g//"", ""g25"", ""g4l"", ""g=f"", ""gb2"", ""grk"", ""h.z"", ""h:d"", ""hqo"", ""i'x"", ""i:i"", ""ib!"", ""jk."", ""jvn"", ""k51"", ""k:o"", ""ke*"", ""l@n"", ""lhq"", ""lmz"", ""m:i"", ""ng="", ""o70"", ""obp"", ""ojp"", ""pl@"", ""q.d"", ""qud"", ""rk5"", ""ro7"", ""s#@"", ""s(p"", ""t)a"", ""t*2"", ""u11"", ""ujp"", ""us("", ""v'0"", ""xb'"", ""xhl""]",77,1,155,0.0064516129032258064
3,block_infix_fingerprint_v003.json,64,local_split_entropy_equivalence_classes,154,3,0.0,0.01,title,title,47, 1l,"["" 1l"", ""!po"", ""$14"", ""'1s"", ""(bd"", "")av"", "")sh"", ""-#2"", ""/5-"", ""/6%"", ""/h2"", ""/n*"", ""0x1"", ""16+"", ""2:."", ""3p2"", ""4/j"", ""5'e"", ""6%/"", ""6tz"", ""7/j"", ""8/t"", ""84/"", ""9i "", ""@di"", ""a!p"", ""b3b"", ""bb3"", ""bdp"", ""bj!"", ""bvg"", ""dr/"", ""dy4"", ""e/."", ""fl?"", ""fn/"", ""i/5"", ""iuj"", ""jtm"", ""n*e"", ""o/ "", ""p2c"", ""pt)"", ""pvs"", ""q/j"", ""r*d"", ""s)s"", ""sgw"", ""tc-"", ""txn"", ""u:s"", ""ur1"", ""xtx"", ""y/6""]",54,1,155,0.0064516129032258064
3,block_infix_fingerprint_v003.json,64,local_split_entropy_equivalence_classes,154,3,0.0,0.01,title,title,48, 1v,"["" 1v"", ""-) "", ""-s'"", "".i:"", "".im"", ""0ja"", ""20j"", ""=m6"", ""@ u"", ""b @"", ""dmm"", ""dnw"", ""f'g"", ""fdc"", ""frr"", ""g*o"", ""g?)"", ""j/l"", ""kws"", ""o2e"", ""od\"""", ""ol*"", ""qih"", ""r-)"", ""s/ "", ""sf2"", ""si*"", ""sp?"", ""t&d""]",29,1,155,0.0064516129032258064
3,block_infix_fingerprint_v003.json,64,local_split_entropy_equivalence_classes,154,3,0.0,0.01,title,title,49, 2+,"["" 2+"", "" o("", ""\""al"", ""#3-"", ""$11"", ""'?:"", ""(ij"", ""+4 "", ""-a2"", "".j "", "".ov"", ""/'b"", ""/'j"", ""/rz"", ""2+3"", ""2+4"", ""2.g"", ""2rs"", ""3sg"", ""4/n"", ""4sc"", ""@ge"", ""af1"", ""b@g"", ""d$:"", ""dbc"", ""hv:"", ""iy'"", ""k'/"", ""k'?"", ""lzz"", ""nbs"", ""o(h"", ""q&q"", ""xaw"", ""z/'"", ""~ k""]",37,1,155,0.0064516129032258064
3,block_infix_fingerprint_v003.json,64,local_split_entropy_equivalence_classes,154,3,0.0,0.01,title,title,50, 2f,"["" 2f"", ""\"" v"", ""\""bi"", ""$ i"", ""(29"", ""**y"", ""*ku"", ""-c@"", "".- "", ""/c&"", ""2dt"", ""2gs"", ""34/"", ""3wh"", ""48'"", ""5/w"", ""7-d"", ""7/w"", ""9:z"", "":n?"", "":ze"", ""_st"", ""a*m"", ""c&d"", ""d-,"", ""d:n"", ""fcz"", ""fl8"", ""h@n"", ""i*k"", ""i15"", ""jl)"", ""k$ "", ""kfs"", ""l ="", ""l8:"", ""lv,"", ""n1/"", ""o.x"", ""p**"", ""ri1"", ""s-8"", ""s/8"", ""t_s"", ""td/"", ""w'?"", ""wd-""]",47,1,155,0.0064516129032258064
3,block_infix_fingerprint_v003.json,64,local_split_entropy_equivalence_classes,154,3,0.0,0.01,title,title,51, 2i,"["" 2i"", "" @w"", "" r4"", "" yj"", ""&ha"", ""&mr"", ""(80"", ""* t"", ""-jk"", ""-lj"", ""/7t"", ""0ci"", ""8tv"", ""99!"", ""9x0"", ""]em"", ""aj?"", ""cb,"", ""d6 "", ""er["", ""g* "", ""gh;"", ""ht&"", ""k43"", ""klp"", ""mr&"", ""p9 "", ""r44"", ""r[c"", ""r]e"", ""t&h"", ""ta1"", ""td6"", ""u8t"", ""uc:"", ""uv!"", ""vb3"", ""vg-"", ""vwe"", ""w.2"", ""xn/"", ""yj:"", ""zhj""]",43,1,155,0.0064516129032258064
3,block_infix_fingerprint_v003.json,64,local_split_entropy_equivalence_classes,154,3,0.0,0.01,title,title,52, 2m,"["" 2m"", ""!!*"", ""!*c"", ""(+/"", ""(+o"", ""(lr"", ""(pm"", "")zo"", ""*!!"", ""+/-"", ""+e:"", ""+h+"", ""+o-"", ""-7."", ""-85"", ""-ff"", ""-s4"", ""/-)"", ""/j "", ""17m"", ""5mi"", ""6ta"", ""92m"", ""[al"", ""b):"", ""b*!"", ""bhp"", ""d21"", ""dy2"", ""dz-"", ""e)r"", ""e3/"", ""eu;"", ""gmv"", ""h)l"", ""h+e"", ""hd."", ""hi("", ""i(z"", ""i.5"", ""jjn"", ""ke3"", ""kkm"", ""klb"", ""kwy"", ""lr,"", ""ly8"", ""m.2"", ""mgk"", ""n+:"", ""nf'"", ""oe9"", ""p99"", ""qm,"", ""qsw"", ""qxt"", ""r'c"", ""r2k"", ""r4:"", ""rg1"", ""rl$"", ""s&j"", ""s+h"", ""s1-"", ""s11"", ""s_1"", ""si]"", ""sp."", ""sxl"", ""up9"", ""wd)"", ""wt-"", ""xph"", ""xu!"", ""xuf"", ""y80"", ""ykm"", ""ywd"", ""z)z"", ""zkn"", ""zrv""]",81,1,155,0.0064516129032258064
3,block_infix_fingerprint_v003.json,64,local_split_entropy_equivalence_classes,154,3,0.0,0.01,title,title,53, 2w,"["" 2w"", "" 4m"", "" 7j"", "" d_"", "" w1"", ""!) "", ""!2 "", ""!; "", ""$t "", ""&l:"", ""&pa"", ""'dd"", ""'gd"", ""(ie"", ""(nd"", ""(u_"", "")zr"", ""**c"", ""-1)"", ""-pt"", "".6%"", "".sm"", ""0px"", ""1z1"", ""2sw"", ""37g"", ""3ar"", ""3i5"", ""4mo"", ""4pa"", ""7gy"", ""7jo"", ""_08"", ""_ad"", ""a05"", ""ba;"", ""bqa"", ""co$"", ""fp'"", ""fu("", ""fy2"", ""g2:"", ""grj"", ""h&g"", ""h&l"", ""h-8"", ""h1z"", ""h33"", ""h3a"", ""h3i"", ""hd5"", ""hp1"", ""hvx"", ""i'-"", ""i)'"", ""ibq"", ""ihg"", ""j-h"", ""ja0"", ""jex"", ""jf?"", ""jmn"", ""k&p"", ""k48"", ""md!"", ""mjj"", ""mn?"", ""nk&"", ""o$t"", ""o2s"", ""p!;"", ""p15"", ""ps*"", ""q.s"", ""sf)"", ""t!2"", ""t)z"", ""tnr"", ""tpk"", ""u_0"", ""ul8"", ""v-y"", ""vx "", ""w'v"", ""w10"", ""xg2"", ""y4p"", ""z.,""]",88,1,155,0.0064516129032258064
3,block_infix_fingerprint_v003.json,64,local_split_entropy_equivalence_classes,154,3,0.0,0.01,title,title,54, 3;,"["" 3;"", "" p!"", ""\"" f"", ""\""tr"", ""#5,"", ""#@&"", ""$/m"", ""$/t"", ""&%!"", ""'/9"", ""'fx"", "",57"", ""/jf"", ""/r&"", ""/tt"", ""0.l"", ""04e"", ""0to"", ""0x7"", ""3/r"", ""3@t"", ""45p"", ""4:7"", ""4e2"", ""5,2"", ""5/i"", ""6de"", ""7/c"", ""70x"", ""8kt"", ""8x4"", ""9/b"", "":29"", "":39"", "":pr"", "":ur"", "">pl"", ""?/q"", ""@&%"", ""@an"", ""at5"", ""bj,"", ""bn4"", ""dm'"", ""e28"", ""fl9"", ""fx'"", ""h2e"", ""hhy"", ""i$$"", ""jzv"", ""l9:"", ""ld^"", ""li$"", ""m)o"", ""mnw"", ""n4 "", ""nfb"", ""pe;"", ""r$/"", ""r/9"", ""r:u"", ""s04"", ""s3x"", ""tbb"", ""tl/"", ""w@a"", ""ww/"", ""x45"", ""y /""]",70,1,155,0.0064516129032258064
3,block_infix_fingerprint_v003.json,64,local_split_entropy_equivalence_classes,154,3,0.0,0.01,title,title,55, 3],"["" 3]"", "" 5x"", "" 9j"", "" > "", "" [z"", ""!ck"", ""$h!"", ""&b'"", ""&ju"", ""&ki"", ""&sh"", ""'py"", ""'zr"", ""( c"", "".c)"", "".ec"", "".k'"", "".st"", ""/h."", ""4r2"", ""6- "", ""60%"", ""70c"", ""9ja"", "":3 "", "":ru"", ""=4r"", ""=ga"", ""> f"", ""@!c"", ""@&k"", ""[eu"", ""[ze"", ""__b"", ""_bl"", ""bx!"", ""bx@"", ""ck0"", ""cr_"", ""dqa"", ""e:r"", ""ec("", ""es_"", ""eu]"", ""f@&"", ""gbw"", ""grs"", ""ixq"", ""jht"", ""k >"", ""k)o"", ""k01"", ""ky&"", ""lwc"", ""n4e"", ""nt&"", ""o:3"", ""pn1"", ""q.j"", ""qey"", ""qij"", ""qqq"", ""qsi"", ""qtp"", ""r )"", ""r__"", ""rn2"", ""rs3"", ""ru="", ""rx."", ""rxc"", ""s.z"", ""s=4"", ""s@m"", ""sa;"", ""sbx"", ""sfm"", ""sj'"", ""t :"", ""t'v"", ""u.u"", ""u=g"", ""uq/"", ""v ["", ""wn4"", ""x@!"", ""xiy"", ""xyk"", ""y&j"", ""zm'""]",90,1,155,0.0064516129032258064
3,block_infix_fingerprint_v003.json,64,local_split_entropy_equivalence_classes,154,3,0.0,0.01,title,title,56, 3b,"["" 3b"", ""&ar"", ""'lc"", ""'uz"", "")ee"", ""*h,"", ""+ci"", "".af"", "".d("", "".dy"", ""30]"", ""5.m"", ""68]"", ""8ou"", "":u "", ""@do"", ""@fi"", ""[17"", ""[18"", ""[a "", ""_tr"", ""a22"", ""au("", ""c-6"", ""ce@"", ""dvy"", ""e@d"", ""e@f"", ""en&"", ""g:u"", ""i+c"", ""i45"", ""jmc"", ""k ["", ""ki4"", ""l:k"", ""lu$"", ""lx,"", ""m-7"", ""m18"", ""mfc"", ""n&a"", ""ns3"", ""ntq"", ""nvs"", ""nx!"", ""on%"", ""ptx"", ""q'k"", ""r_t"", ""rn("", ""ro1"", ""s'f"", ""ti+"", ""u(x"", ""uvb"", ""vd1"", ""wv."", ""y)e"", ""yeq""]",60,1,155,0.0064516129032258064
3,block_infix_fingerprint_v003.json,64,local_split_entropy_equivalence_classes,154,3,0.0,0.01,title,title,57, 3o,"["" 3o"", "" 7?"", "" h'"", "" p?"", ""%*k"", ""(wg"", ""--i"", ""-hr"", "".?)"", ""/cd"", ""8:o"", "":- "", "":or"", ""=1."", ""al~"", ""bm?"", ""d--"", ""d:2"", ""f%*"", ""f'c"", ""hmp"", ""mgt"", ""n3t"", ""o)/"", ""oh8"", ""pf/"", ""qns"", ""s:-"", ""sqn"", ""uq'"", ""w3,"", ""wf-"", ""wfm"", ""xw-"", ""yvz""]",35,1,155,0.0064516129032258064
3,block_infix_fingerprint_v003.json,64,local_split_entropy_equivalence_classes,154,3,0.0,0.01,title,title,58, 4&,"["" 4&"", ""\""f\"""", ""'bb"", ""'fd"", ""(11"", "".!:"", "".a!"", ""/lk"", ""12g"", ""27'"", ""2gw"", ""3 +"", ""3s2"", ""4&5"", ""4m:"", ""69e"", ""73!"", ""8'2"", ""99x"", ""b.2"", ""c(s"", ""c-z"", ""d17"", ""d3'"", ""ddk"", ""de~"", ""e(l"", ""eqm"", ""e~d"", ""f\"" "", ""f'k"", ""fd3"", ""it@"", ""jhl"", ""jv:"", ""k3s"", ""kgh"", ""kjv"", ""kpp"", ""kr."", ""kz9"", ""l.j"", ""m'p"", ""m4m"", ""nqe"", ""qso"", ""ra("", ""u(r"", ""udq"", ""uqs"", ""v'c"", ""xt)"", ""ynq"", ""z9 "", ""ztn""]",55,1,155,0.0064516129032258064
3,block_infix_fingerprint_v003.json,64,local_split_entropy_equivalence_classes,154,3,0.0,0.01,title,title,59, 4b,"["" 4b"", ""\""mu"", ""'oq"", "")/p"", ""-gf"", ""4b "", ""6 3"", ""6/e"", ""@bi"", ""@cn"", ""e40"", ""f16"", ""f2k"", ""ff2"", ""fwg"", ""gf "", ""gkt"", ""i5,"", ""jzl"", ""ki\"""", ""l?)"", ""lhl"", ""n@b"", ""nht"", ""nxc"", ""ocb"", ""t@c"", ""wgk"", ""wn@"", ""xt@"", ""y)/"", ""ycm"", ""yx-""]",33,1,155,0.0064516129032258064
3,block_infix_fingerprint_v003.json,64,local_split_entropy_equivalence_classes,154,3,0.0,0.01,title,title,60, 4l,"["" 4l"", "" :3"", "" i+"", "" j&"", ""!)s"", ""#1]"", ""%t "", ""'25"", ""'nl"", ""'s;"", ""(f)"", "")ho"", "")ki"", "")s "", "")s("", ""+ii"", "",c,"", "",h,"", "",i,"", "",n,"", "",o,"", "",u,"", "".+r"", ""/cm"", ""07r"", ""2.)"", ""2ki"", ""30n"", ""36'"", ""4l4"", ""4m4"", ""4nt"", ""7.v"", ""8''"", "":al"", ""_ye"", ""a$ "", ""a(!"", ""ac;"", ""c,h"", ""cdb"", ""cdr"", ""dh."", ""e2k"", ""e8 "", ""e_s"", ""f)e"", ""f6 "", ""h,i"", ""he_"", ""hg:"", ""i(f"", ""i,n"", ""j&d"", ""jw?"", ""k)s"", ""k15"", ""l4m"", ""li("", ""mk2"", ""n,g"", ""n_y"", ""ne8"", ""nk1"", ""o,u"", ""ot+"", ""r')"", ""r)k"", ""s-0"", ""sa("", ""sjw"", ""svs"", ""sx8"", ""t,o"", ""t.+"", ""tdv"", ""tfp"", ""u,c"", ""ufy"", ""uy6"", ""v'o"", ""v.8"", ""v.y"", ""vt?"", ""vx2"", ""w)h"", ""wn("", ""wwu"", ""x80"", ""y69"", ""yt:""]",91,1,155,0.0064516129032258064
3,block_infix_fingerprint_v003.json,64,local_split_entropy_equivalence_classes,154,3,0.0,0.01,title,title,61, 5+,"["" 5+"", "" <h"", "" n1"", "" t7"", "" ~k"", "")dr"", ""/2."", ""0w "", ""1gh"", ""56e"", ""5bo"", ""8; "", ""98;"", ""<he"", ""@eu"", ""@na"", ""a)d"", ""al*"", ""ap;"", ""c ~"", ""de;"", ""e2c"", ""gi)"", ""in8"", ""lxe"", ""n1g"", ""n88"", ""n@n"", ""o/q"", ""o~ "", ""pg!"", ""r@e"", ""rbm"", ""s\"":"", ""sb1"", ""se>"", ""sm."", ""tgt"", ""v.5"", ""x <"", ""x2."", ""xct"", ""y-q"", ""~ke""]",44,1,155,0.0064516129032258064
3,block_infix_fingerprint_v003.json,64,local_split_entropy_equivalence_classes,154,3,0.0,0.01,title,title,62, 5;,"["" 5;"", "" 6x"", ""#oc"", ""#pu"", ""#sp"", ""$21"", ""%, "", ""'-w"", ""'7t"", ""'a!"", ""'hd"", ""'uy"", ""(5:"", ""(lt"", ""(oi"", "")rs"", "")us"", ""*mm"", ""+1-"", ""+39"", ""+5:"", ""+ri"", "",04"", "",43"", ""-7="", ""-c)"", ""-h."", ""-ns"", ""-uw"", ""-z!"", "".a,"", "".az"", "".h-"", "".xz"", ""/ n"", ""//q"", ""/9:"", ""/r:"", ""0%,"", ""0in"", ""0mq"", ""0sh"", ""0wo"", ""0x0"", ""0xb"", ""1-z"", ""1.n"", ""10w"", ""15!"", ""15h"", ""1>8"", ""1be"", ""1m "", ""1ui"", ""2 $"", ""2+5"", ""21m"", ""21u"", ""25g"", ""25s"", ""2:6"", ""2=0"", ""2=3"", ""2h_"", ""2ma"", ""32o"", ""36k"", ""3in"", ""3mm"", ""3v "", ""3x5"", ""4 #"", ""4.x"", ""43'"", ""45m"", ""48o"", ""4:6"", ""50o"", ""54h"", ""59'"", ""5; "", ""5f-"", ""5gs"", ""5hs"", ""5m2"", ""5sh"", ""61>"", ""6x1"", ""6xp"", ""7'0"", ""7,7"", ""70i"", ""72="", ""79n"", ""7=7"", ""7da"", ""7x "", ""80c"", ""80m"", ""8an"", ""98t"", ""9ny"", "":41"", "":49"", ""=1?"", ""=72"", "">88"", ""_dv"", ""a&k"", ""a+r"", ""a3d"", ""a44"", ""c- "", ""cm4"", ""dfz"", ""dlr"", ""dv."", ""e)2"", ""es4"", ""et0"", ""ev+"", ""f'a"", ""f/1"", ""fhj"", ""g8/"", ""g:2"", ""h!'"", ""ie3"", ""if1"", ""ix3"", ""j 6"", ""j 8"", ""jl:"", ""jth"", ""ku;"", ""l,'"", ""ld("", ""ljb"", ""lnc"", ""m01"", ""mtj"", ""n)u"", ""n.9"", ""nqn"", ""o)e"", ""o)t"", ""ou("", ""p(q"", ""q'u"", ""q)r"", ""qb:"", ""r'."", ""s2m"", ""t''"", ""t00"", ""ta+"", ""tp1"", ""um0"", ""us2"", ""uvw"", ""v+1"", ""wp:"", ""ww?"", ""wwp"", ""x2o"", ""xpm"", ""yk-"", ""ylg"", ""yqb"", ""zcs"", ""zg!""]",171,1,155,0.0064516129032258064
3,block_infix_fingerprint_v003.json,64,local_split_entropy_equivalence_classes,154,3,0.0,0.01,title,title,63, 5c,"["" 5c"", ""#1,"", ""(tf"", "")/e"", "",38"", "",68"", ""/$2"", ""/t3"", ""0b "", ""1,6"", ""11k"", ""21k"", ""33a"", ""36l"", ""39b"", ""4/$"", ""47b"", ""56b"", ""5ba"", ""63b"", ""6lb"", ""70b"", ""73a"", ""74a"", ""74k"", ""78b"", ""81k"", ""85b"", ""88a"", ""89b"", ""9-p"", ""97b"", ""99a"", ""99b"", ""bf3"", ""cc/"", ""fl,"", ""gp/"", ""hf."", ""l)/"", ""m5b"", ""qup"", ""r-4"", ""r:1"", ""t30"", ""vp?""]",46,1,155,0.0064516129032258064
4,block_infix_fingerprint_v004.json,128,local_split_entropy_equivalence_classes,154,3,0.0,0.01,title,title,0,  b,"[""  b"", ""#t "", ""''e"", "")au"", ""*fi"", ""-iq"", "".ji"", ""/*f"", ""/d2"", ""/ie"", ""/pt"", ""16'"", ""21?"", ""? &"", ""bgm"", ""c*o"", ""dfb"", ""dr0"", ""e&c"", ""ec*"", ""euo"", ""f/'"", ""g  "", ""g'h"", ""h#t"", ""h)a"", ""ho*"", ""i+ "", ""i-7"", ""jp/"", ""li+"", ""m?'"", ""n/*"", ""nqt"", ""or*"", ""p/9"", ""sh#"", ""t)i"", ""tb'"", ""ttd"", ""wtv"", ""x!/""]",42,1,155,0.0064516129032258064
4,block_infix_fingerprint_v004.json,128,local_split_entropy_equivalence_classes,154,3,0.0,0.01,title,title,1,  z,"[""  z"", "" *h"", "" yx"", ""'e,"", ""'m-"", ""*c*"", ""-gs"", ""14+"", ""1ns"", ""2ik"", ""3?!"", ""8.c"", ""8ad"", ""a  "", ""c*h"", ""e:6"", ""fcr"", ""j1n"", ""lm*"", ""m*o"", ""m2."", ""m8."", ""nfg"", ""nqm"", ""ocw"", ""p/3"", ""r  "", ""rt*"", ""t* "", ""t*c"", ""u-)"", ""wy/"", ""yxl"", ""~ g""]",34,1,155,0.0064516129032258064
4,block_infix_fingerprint_v004.json,128,local_split_entropy_equivalence_classes,154,3,0.0,0.01,title,title,2, !/,"["" !/"", "" m9"", "" q5"", "" wj"", ""! !"", ""&mi"", ""'r,"", ""(6 "", "",05"", ""-f?"", ""/uh"", ""16k"", ""2)!"", ""5is"", ""6),"", ""6k "", "":53"", "":ti"", ""a!\"""", ""a4o"", ""al4"", ""b'w"", ""bgw"", ""cg:"", ""er&"", ""ilx"", ""jms"", ""l:-"", ""m8/"", ""m?!"", ""mj:"", ""mkj"", ""mv3"", ""mxg"", ""o55"", ""o56"", ""o58"", ""o63"", ""o69"", ""o73"", ""o81"", ""o83"", ""o90"", ""o94"", ""qo:"", ""r**"", ""t50"", ""ta4"", ""vlb"", ""xm8"", ""ydv"", ""yvt"", ""yy-""]",53,1,155,0.0064516129032258064
4,block_infix_fingerprint_v004.json,128,local_split_entropy_equivalence_classes,154,3,0.0,0.01,title,title,3, !@,"["" !@"", "" c4"", "" {p"", ""!@#"", ""#$i"", ""$ d"", ""$$'"", ""$%^"", ""$'$"", ""% 7"", ""&*!"", ""-vy"", ""-xv"", "".-n"", "".tw"", "".z:"", ""0bo"", ""0gy"", ""3dn"", ""3s:"", ""40g"", ""6am"", ""7,9"", ""75!"", ""7ad"", ""99?"", ""9de"", "":fu"", ""@#$"", ""[di"", ""[oo"", ""^&*"", ""a&c"", ""ac("", ""ah;"", ""a~j"", ""bk:"", ""c21"", ""c5:"", ""c[d"", ""di$"", ""dj-"", ""e !"", ""e} "", ""ha&"", ""i$e"", ""jmw"", ""jpr"", ""jsu"", ""m.6"", ""mjm"", ""n.l"", ""n43"", ""n58"", ""ng2"", ""nmm"", ""npt"", ""nxl"", ""oc]"", ""pe3"", ""pr'"", ""qvr"", ""r {"", ""r(d"", ""re}"", ""s&d"", ""sc["", ""snm"", ""st]"", ""t21"", ""tjh"", ""tlf"", ""v2:"", ""xge"", ""xt2"", ""xv-"", ""y40"", ""y~t"", ""zdg"", ""zh)"", ""zhp"", ""{pa"", ""} s"", ""~jo"", ""~ti""]",85,1,155,0.0064516129032258064
4,block_infix_fingerprint_v004.json,128,local_split_entropy_equivalence_classes,154,3,0.0,0.01,title,title,4," "" ","["" \"" "", "" @."", ""# e"", ""$ e"", ""'vy"", ""(85"", ""(pq"", ""-y/"", "".0t"", "".5/"", ""/m-"", ""0/n"", ""0t "", ""2ra"", ""45i"", ""5/d"", ""59e"", ""7)!"", ""7q-"", ""97q"", ""@. "", ""a5 "", ""f9:"", ""fr:"", ""h88"", ""jfr"", ""jkm"", ""k)'"", ""lc'"", ""lz'"", ""mlf"", ""opq"", ""p/q"", ""pqp"", ""q-u"", ""qp "", ""r2n"", ""th8"", ""xjl"", ""z--"", ""z/q""]",41,1,155,0.0064516129032258064
4,block_infix_fingerprint_v004.json,128,local_split_entropy_equivalence_classes,154,3,0.0,0.01,title,title,5," "".","["" \""."", ""\"".."", ""&cc"", ""&ja"", ""*li"", ""+u."", "".\"" "", "".+u"", "".-l"", "".u "", ""/5."", ""1 %"", ""1 :"", ""1* "", ""11*"", ""2.p"", ""3.t"", ""53o"", ""6>9"", ""7er"", ""86>"", ""8ht"", "">98"", ""[ro"", ""a94"", ""ad*"", ""am9"", ""an&"", ""bh,"", ""ca]"", ""cmp"", ""d*l"", ""dx1"", ""e.+"", ""e.q"", ""e01"", ""ei8"", ""ew("", ""f26"", ""fbh"", ""fcg"", ""fdt"", ""fsj"", ""i8h"", ""jsw"", ""k&j"", ""ke0"", ""l',"", ""m(k"", ""m2s"", ""m99"", ""ms1"", ""mz,"", ""n&c"", ""nhv"", ""nlq"", ""om3"", ""oq:"", ""pa;"", ""ptd"", ""q.-"", ""ru;"", ""s.\"""", ""su$"", ""tvd"", ""u$e"", ""v15"", ""v49"", ""va1"", ""w(h"", ""wg."", ""x13"", ""xaj"", ""y):"", ""ydj"", ""yyg"", ""z-3""]",77,1,155,0.0064516129032258064
4,block_infix_fingerprint_v004.json,128,local_split_entropy_equivalence_classes,154,3,0.0,0.01,title,title,6," ""@","["" \""@"", "" c@"", ""!er"", ""\""@\"""", ""'uw"", ""(ub"", "")pu"", ""*4*"", ""+do"", ""/yn"", ""37x"", ""3p "", ""4*2"", ""7xs"", ""?!)"", ""@!e"", ""c@f"", ""e35"", ""fmy"", ""in1"", ""iyh"", ""ki~"", ""mvc"", ""njz"", ""oqt"", ""os+"", ""qto"", ""s+d"", ""sc4"", ""slt"", ""sw3"", ""t*4"", ""t7:"", ""vc3"", ""w $"", ""w--"", ""wdl"", ""y--"", ""zu)""]",39,1,155,0.0064516129032258064
4,block_infix_fingerprint_v004.json,128,local_split_entropy_equivalence_classes,154,3,0.0,0.01,title,title,7," ""j","["" \""j"", ""!ni"", ""\""ji"", ""#05"", ""$.t"", ""$23"", ""& \"""", ""'.0"", ""'1e"", ""'gt"", "".$."", "".eu"", ""07%"", ""13g"", ""15z"", ""1e'"", ""3co"", ""3go"", ""5zl"", ""62/"", ""7%'"", ""75%"", ""7a/"", ""a ~"", ""b25"", ""b2w"", ""e&s"", ""g'b"", ""g4c"", ""h'f"", ""jkv"", ""k)h"", ""k3!"", ""ke&"", ""mwy"", ""n@w"", ""njl"", ""o/4"", ""or3"", ""php"", ""re~"", ""s&p"", ""s25"", ""tdc"", ""tnb"", ""ty5"", ""u.$"", ""v3s"", ""wb2"", ""wrt"", ""y5 "", ""ygb"", ""z!n"", ""z'l""]",54,1,155,0.0064516129032258064
4,block_infix_fingerprint_v004.json,128,local_split_entropy_equivalence_classes,154,3,0.0,0.01,title,title,8," ""q","["" \""q"", ""\""fi"", ""\""qu"", ""'wl"", "")fu"", "".-g"", "".1'"", "".d!"", ""0/e"", ""0?/"", ""0hr"", ""3ha"", ""6x0"", ""@ce"", ""a3z"", ""a5h"", ""ab5"", ""ck\"""", ""dx8"", ""e20"", ""f@c"", ""fb5"", ""flb"", ""flw"", ""g!\"""", ""gkc"", ""jmp"", ""kft"", ""la5"", ""os&"", ""p)f"", ""p3x"", ""pbj"", ""pr2"", ""ps\"""", ""r21"", ""r3h"", ""rxt"", ""sv:"", ""wlb"", ""x04"", ""xyd"", ""zsn""]",43,1,155,0.0064516129032258064
4,block_infix_fingerprint_v004.json,128,local_split_entropy_equivalence_classes,154,3,0.0,0.01,title,title,9," ""x","["" \""x"", ""\"" &"", ""\""it"", ""\""x\"""", ""#un"", ""'e!"", ""(cc"", ""(gm"", ""-ml"", "".i/"", ""/i:"", ""/iq"", ""0/z"", ""03h"", ""3an"", ""4/b"", ""47'"", ""6-a"", ""6h4"", ""7' "", ""75s"", ""8' "", ""as2"", ""cc?"", ""cn)"", ""g2 "", ""l30"", ""lrl"", ""m)!"", ""nm/"", ""p3/"", ""p91"", ""pnc"", ""vr'""]",34,1,155,0.0064516129032258064
4,block_infix_fingerprint_v004.json,128,local_split_entropy_equivalence_classes,154,3,0.0,0.01,title,title,10," ""y","["" \""y"", ""!!'"", ""\""ye"", ""$ t"", ""'-c"", ""'-p"", ""'-s"", ""'cs"", ""'u2"", ""-wn"", "".(f"", "".y,"", ""/2g"", ""/mn"", ""1.:"", ""2te"", ""3.:"", ""4'1"", ""4hr"", ""6bc"", ""a56"", ""ak2"", ""c.("", ""dfp"", ""di*"", ""e  "", ""f-,"", ""g'g"", ""h'-"", ""io#"", ""k/2"", ""k2e"", ""kln"", ""o!\"""", ""o# "", ""rpd"", ""s!\"""", ""sws"", ""ut\"""", ""uv?"", ""v1:"", ""vvk""]",42,1,155,0.0064516129032258064
4,block_infix_fingerprint_v004.json,128,local_split_entropy_equivalence_classes,154,3,0.0,0.01,title,title,11, #&,"["" #&"", "" 3w"", "" 8f"", ""!ja"", ""#&%"", ""&%#"", ""'ck"", ""'mp"", ""('t"", ""(*a"", ""*a "", ""+(d"", ""+li"", ""-bn"", ""-e?"", ""-t:"", "".kn"", ""0 7"", ""0ad"", ""10f"", ""2no"", ""4lo"", ""5.n"", ""6):"", ""8ft"", ""@lv"", ""_eq"", ""`m "", ""au2"", ""bcp"", ""d')"", ""d'q"", ""d)r"", ""d+("", ""e09"", ""ejp"", ""er4"", ""et_"", ""fxe"", ""g(o"", ""g@m"", ""gbf"", ""gp5"", ""gwl"", ""gxa"", ""h'r"", ""h.5"", ""h2n"", ""h52"", ""h_e"", ""hcw"", ""hkq"", ""i!j"", ""i*a"", ""i`m"", ""id4"", ""ixj"", ""jsg"", ""k3d"", ""kn'"", ""kq "", ""l+l"", ""lbd"", ""lo*"", ""m@m"", ""ni;"", ""o)o"", ""o@l"", ""om@"", ""ox1"", ""p50"", ""ppw"", ""py)"", ""r4l"", ""rgz"", ""rjj"", ""rs2"", ""rtq"", ""t_x"", ""te*"", ""th_"", ""tk-"", ""ul+"", ""v.f"", ""ve0"", ""w.y"", ""wji"", ""wmp"", ""xja"", ""y)a"", ""zt)""]",91,1,155,0.0064516129032258064
4,block_infix_fingerprint_v004.json,128,local_split_entropy_equivalence_classes,154,3,0.0,0.01,title,title,12, #*,"["" #*"", "" 1$"", "" 1]"", "" 2r"", "" @c"", "" [3"", "" _e"", "" _o"", "" t*"", "" u6"", ""$#@"", ""%$#"", ""(p1"", ""(sr"", "") q"", ""*%$"", ""*ll"", ""*r "", ""*wn"", ""..9"", "".v,"", ""/nj"", ""12]"", ""1nn"", ""1pt"", ""21l"", ""3d]"", ""3ge"", ""3jo"", ""4za"", ""5):"", ""6 7"", ""66s"", ""78,"", ""7on"", ""90]"", ""95%"", "":ec"", "":fl"", "":mo"", "":s:"", "":tr"", ""=am"", ""@!!"", ""@ct"", ""[15"", ""[3d"", ""[a]"", ""[o]"", ""]th"", ""_ t"", ""_ee"", ""_oo"", ""a19"", ""a]c"", ""aqf"", ""bhn"", ""bm7"", ""c7d"", ""cc7"", ""cr1"", ""d3j"", ""e _"", ""e:g"", ""e[a"", ""e_ "", ""ee_"", ""er="", ""ex@"", ""exj"", ""hml"", ""i7o"", ""i?,"", ""i] "", ""il4"", ""iuw"", ""j-8"", ""jc:"", ""jhb"", ""jo5"", ""l4z"", ""m*l"", ""m72"", ""mb2"", ""mg/"", ""mp2"", ""mrg"", ""mrv"", ""n:s"", ""nd3"", ""nmj"", ""nrx"", ""o]t"", ""oa1"", ""oo1"", ""ox3"", ""p13"", ""p2v"", ""p3n"", ""phx"", ""pi7"", ""pxx"", ""q-2"", ""qaj"", ""qf "", ""qoc"", ""r1n"", ""r1p"", ""r=a"", ""re="", ""re["", ""rh+"", ""rl;"", ""rxm"", ""s3g"", ""s:e"", ""sm*"", ""ss3"", ""t*w"", ""t.?"", ""tz@"", ""u!."", ""u67"", ""x @"", ""x@s"", ""xdr"", ""xju"", ""xyh"", ""yfn""]",129,1,155,0.0064516129032258064
4,block_infix_fingerprint_v004.json,128,local_split_entropy_equivalence_classes,154,3,0.0,0.01,title,title,13, #?,"["" #?"", "" jv"", "" v7"", ""$0 "", ""(az"", ""(g-"", ""(s-"", ""(uj"", ""**r"", ""+ni"", ""-kp"", ""12l"", ""1fi"", ""1m,"", ""2du"", ""2le"", ""30?"", ""85e"", "">ne"", ""ab2"", ""ay+"", ""b2f"", ""c:0"", ""ddx"", ""e3t"", ""e>n"", ""ea3"", ""em&"", ""f1:"", ""f2 "", ""fnw"", ""g.1"", ""g_l"", ""hhq"", ""i[s"", ""ie$"", ""jsn"", ""kpd"", ""l3 "", ""l4l"", ""l:1"", ""le>"", ""ly2"", ""ml:"", ""n27"", ""n59"", ""nwd"", ""nxy"", ""ogq"", ""ol4"", ""r36"", ""ru4"", ""s]t"", ""st2"", ""t(r"", ""tml"", ""u48"", ""ul("", ""v48"", ""v58"", ""v79"", ""vtl"", ""x19"", ""x70"", ""xi["", ""xuq"", ""xzu"", ""y+n"", ""y1f"", ""zln""]",70,1,155,0.0064516129032258064
4,block_infix_fingerprint_v004.json,128,local_split_entropy_equivalence_classes,154,3,0.0,0.01,title,title,14, #o,"["" #o"", "" #t"", "" . "", "" m!"", ""!k "", ""!ma"", ""#on"", ""#tw"", ""%!k"", ""'cy"", ""'uf"", ""(ys"", ""+ry"", ""+yu"", ""-o?"", ""-tp"", "".'d"", "".ix"", ""0.:"", ""0ke"", ""0kv"", ""24d"", ""2i2"", ""3!:"", ""4.i"", ""4he"", ""8mg"", ""9ho"", "":r "", ""_ y"", ""_18"", ""a15"", ""b+:"", ""ch9"", ""cl!"", ""d(y"", ""e7 "", ""e9n"", ""eiq"", ""f%!"", ""fk-"", ""fmx"", ""frs"", ""fvv"", ""gfc"", ""gk3"", ""h&r"", ""h'z"", ""h00"", ""h2s"", ""h6:"", ""h99"", ""h:r"", ""hi+"", ""hp'"", ""i+r"", ""ih?"", ""ik1"", ""ip5"", ""it2"", ""j-r"", ""jct"", ""je7"", ""kg2"", ""l!m"", ""l_1"", ""mgh"", ""nfh"", ""no+"", ""o _"", ""o+y"", ""pcm"", ""rpb"", ""rz."", ""rz1"", ""szg"", ""t2i"", ""tlv"", ""tps"", ""ub+"", ""v-z"", ""v.2"", ""wpm"", ""xb "", ""xe("", ""y'!"", ""z.r"", ""z18""]",88,1,155,0.0064516129032258064
4,block_infix_fingerprint_v004.json,128,local_split_entropy_equivalence_classes,154,3,0.0,0.01,title,title,15, $c,"["" $c"", "" -6"", "" 1y"", "" d,"", "" l@"", "" w+"", ""!bu"", ""$ch"", ""$lo"", ""''b"", ""'3:"", ""'ct"", ""'nf"", ""(a1"", ""(ct"", ""(yp"", "")th"", "")uf"", ""+1+"", ""+b="", ""-$2"", ""-)t"", ""-3."", ""-e1"", ""-ij"", "".3-"", "".av"", "".id"", ""/4l"", ""/76"", ""/82"", ""/vt"", ""00;"", ""04;"", ""06%"", ""08t"", ""0:e"", ""0;0"", ""0il"", ""1,9"", ""12'"", ""16w"", ""18?"", ""1;0"", ""1el"", ""1k:"", ""1kg"", ""1m2"", ""1yr"", ""22h"", ""27p"", ""29'"", ""2@2"", ""2h1"", ""2s:"", ""2wk"", ""3.g"", ""30i"", ""3:t"", ""3da"", ""4''"", ""41;"", ""42p"", ""49?"", ""4;4"", ""4co"", ""5'1"", ""5bx"", ""6'4"", ""6* "", ""63'"", ""67%"", ""6x8"", ""72k"", ""79_"", ""7p."", ""8'e"", ""82,"", ""8e8"", ""8k "", ""8xk"", ""9'4"", ""90+"", ""94?"", ""9_z"", "":24"", "";04"", "";41"", ""@bo"", ""_zn"", ""a(l"", ""a)n"", ""a1)"", ""a30"", ""ah+"", ""ah1"", ""b8-"", ""b=g"", ""bo*"", ""br/"", ""brj"", ""bx "", ""cmd"", ""cvu"", ""d'3"", ""e1!"", ""e88"", ""fdw"", ""fiw"", ""fpj"", ""g-$"", ""h15"", ""hz."", ""ie6"", ""kg-"", ""kn:"", ""kzy"", ""l--"", ""l@s"", ""m28"", ""mdj"", ""n1-"", ""oa."", ""p-)"", ""pt*"", ""pyq"", ""q'v"", ""q)u"", ""q.o"", ""rvg"", ""s.4"", ""t& "", ""t*h"", ""tk)"", ""tl)"", ""w+b"", ""w.f"", ""wd!"", ""x)r"", ""x-q"", ""x44"", ""xk6"", ""xoo"", ""xrc"", ""y''"", ""ykz"", ""z!b"", ""z./"", ""zgh""]",149,1,155,0.0064516129032258064
4,block_infix_fingerprint_v004.json,128,local_split_entropy_equivalence_classes,154,3,0.0,0.01,title,title,16, $e,"["" $e"", "" +:"", "" t]"", ""!?."", ""!al"", ""#5c"", ""#sh"", ""#st"", ""$37"", ""$6 "", ""$fr"", ""$wi"", ""% ("", ""% y"", ""&4e"", ""&be"", ""''q"", ""'8m"", ""'lt"", ""(96"", "")cy"", "")hi"", "")to"", ""*ba"", ""*bi"", ""+5+"", "",42"", "",83"", ""-2p"", ""-z3"", ""-zn"", ""..4"", "".j'"", ""/62"", ""0 $"", ""0,4"", ""0,9"", ""0:l"", ""0a "", ""1 ."", ""1b "", ""1mc"", ""2 ."", ""2 8"", ""2,8"", ""2-:"", ""24w"", ""29o"", ""2bp"", ""2n "", ""2n:"", ""2to"", ""2x9"", ""3.z"", ""33x"", ""35o"", ""37p"", ""3:d"", ""3az"", ""3b7"", ""4 ."", ""44k"", ""44s"", ""47]"", ""49j"", ""4o0"", ""4we"", ""5+5"", ""5fi"", ""5ny"", ""5o5"", ""6-w"", ""65/"", ""6:5"", ""6ft"", ""7])"", ""8-o"", ""88n"", ""8da"", ""8m/"", ""8ma"", ""9'8"", ""93r"", ""9bg"", ""9je"", "":1."", "":3,"", "":de"", ""<: "", ""= k"", ""=11"", ""><:"", ""?ma"", ""[16"", ""[ap"", ""]ac"", ""a1:"", ""a2b"", ""an5"", ""b7:"", ""bg8"", ""bpe"", ""d.3"", ""dgg"", ""e)c"", ""e.9"", ""e]a"", ""h30"", ""is1"", ""jby"", ""kp:"", ""m ="", ""m''"", ""m@x"", ""na+"", ""nlj"", ""o05"", ""oqq"", ""q.."", ""qno"", ""qq."", ""rk;"", ""s)h"", ""s3,"", ""sd'"", ""se*"", ""st&"", ""svn"", ""t&4"", ""t&b"", ""t)e"", ""t2g"", ""v':"", ""wsv"", ""x $"", ""x.f"", ""x::"", ""xq?"", ""xqn"", ""yr;"", ""zy)""]",141,1,155,0.0064516129032258064
4,block_infix_fingerprint_v004.json,128,local_split_entropy_equivalence_classes,154,3,0.0,0.01,title,title,17, $i,"["" $i"", "" qz"", ""!w "", ""\""lo"", ""#fa"", ""#ne"", ""$it"", ""&ge"", ""(5 "", ""(n'"", "")/z"", ""-4?"", ""-ct"", ""-n1"", ""-ys"", "".ev"", "".j:"", ""/jt"", ""/z-"", ""29k"", ""40m"", ""7yr"", ""a14"", ""aoq"", ""cju"", ""ct6"", ""d_g"", ""dwp"", ""e50"", ""ey\"""", ""f:u"", ""h'k"", ""j:t"", ""jpn"", ""k):"", ""lc/"", ""m41"", ""n&g"", ""p47"", ""qog"", ""qzx"", ""s!w"", ""s/4"", ""smp"", ""um4"", ""x1!"", ""xcq"", ""y/3"", ""zzq""]",49,1,155,0.0064516129032258064
4,block_infix_fingerprint_v004.json,128,local_split_entropy_equivalence_classes,154,3,0.0,0.01,title,title,18, $l,"["" $l"", ""\"" -"", ""\""i\"""", ""$la"", ""%/t"", ""*tf"", ""-rc"", "".-u"", ""/\""m"", ""/2n"", ""/e3"", ""/rb"", ""1%/"", ""25?"", ""4- "", ""7/o"", ""bd/"", ""cck"", ""dwl"", ""e/\"""", ""g?\"""", ""gs]"", ""i.x"", ""lws"", ""mmw"", ""ny\"""", ""rl2"", ""spm"", ""sqw"", ""t @""]",30,1,155,0.0064516129032258064
4,block_infix_fingerprint_v004.json,128,local_split_entropy_equivalence_classes,154,3,0.0,0.01,title,title,19, $p,"["" $p"", "" ()"", "" 7i"", "" l:"", ""&t'"", ""();"", ""(l."", ""(qi"", ""(sd"", "")gr"", ""*04"", ""*t:"", ""-g!"", "".cr"", ""0f-"", ""20l"", ""2om"", ""2ov"", ""2x5"", ""3 9"", ""4:9"", ""70f"", ""7i "", ""9bc"", "":a "", ""=pr"", ""[ar"", ""[te"", ""b-8"", ""bn'"", ""ct+"", ""d-9"", ""dd7"", ""ds*"", ""f :"", ""fvu"", ""fx2"", ""g30"", ""gfj"", ""gjr"", ""gv1"", ""gwd"", ""gzz"", ""h&t"", ""h@h"", ""hi8"", ""hjr"", ""hp5"", ""hpg"", ""hvg"", ""i4n"", ""i:g"", ""im@"", ""iw'"", ""j 4"", ""j'p"", ""jj:"", ""jrm"", ""k.2"", ""kt("", ""md?"", ""mu~"", ""nsx"", ""oqv"", ""pe*"", ""pe2"", ""pv:"", ""q 8"", ""r)g"", ""rfv"", ""rh&"", ""ro2"", ""s*0"", ""s*a"", ""s=p"", ""t %"", ""t+m"", ""ti;"", ""tjb"", ""ts="", ""uow"", ""u~j"", ""v13"", ""vg3"", ""wpd"", ""wph"", ""yvl"", ""z.:"", ""ztz"", ""~jy""]",90,1,155,0.0064516129032258064
4,block_infix_fingerprint_v004.json,128,local_split_entropy_equivalence_classes,154,3,0.0,0.01,title,title,20, $u,"["" $u"", "" 5y"", "" b@"", "" i0"", "" p,"", ""#%k"", ""#?!"", ""$up"", ""&yo"", ""''j"", ""''s"", ""'a:"", ""'sd"", ""(*h"", ""(3."", ""(h."", ""(xv"", "")rm"", ""*ha"", ""*ka"", ""-bs"", ""-gj"", ""-hn"", ""-q:"", ""-x3"", "".m@"", ""//j"", ""0i0"", ""15y"", ""18i"", ""2o,"", ""2od"", ""3 $"", ""3km"", ""42?"", ""5ec"", ""5to"", ""5ye"", ""5ys"", ""7mw"", ""9s)"", "":) "", "":mt"", ""?!i"", ""@#?"", ""@ma"", ""@ny"", ""@te"", ""a(a"", ""a)r"", ""an4"", ""b@m"", ""d&t"", ""d@h"", ""dz?"", ""e&m"", ""e+:"", ""e:1"", ""e@n"", ""eg2"", ""eql"", ""f*k"", ""g54"", ""g7m"", ""g:m"", ""gd-"", ""gvs"", ""gz:"", ""h**"", ""h24"", ""i''"", ""i'b"", ""i0 "", ""i0i"", ""i36"", ""i4i"", ""ib3"", ""ii0"", ""il$"", ""iwl"", ""j'r"", ""j.3"", ""j.i"", ""jcv"", ""je;"", ""m5."", ""m@t"", ""n(v"", ""ne@"", ""ns*"", ""od@"", ""pe+"", ""ps&"", ""qa-"", ""re#"", ""rx'"", ""ry5"", ""s&y"", ""s//"", ""sl!"", ""sx/"", ""uvt"", ""v''"", ""vgv"", ""wi?"", ""x3c"", ""xv)"", ""zgj"", ""zzg""]",109,1,155,0.0064516129032258064
4,block_infix_fingerprint_v004.json,128,local_split_entropy_equivalence_classes,154,3,0.0,0.01,title,title,21, %*,"["" %*"", ""#&i"", ""%*#"", ""&n/"", ""*#&"", ""*if"", ""*no"", "",73"", "".3,"", "".4,"", "".5,"", "".6,"", "".9,"", ""/ w"", ""/jc"", ""0-,"", ""01!"", ""2sc"", ""4yo"", ""5.e"", ""50?"", ""9/l"", ""@zi"", ""_wu"", ""ax)"", ""ck2"", ""e4y"", ""fe4"", ""go\"""", ""h/q"", ""ih/"", ""jn4"", ""k&n"", ""k2s"", ""kds"", ""kpw"", ""l'@"", ""r %"", ""ro6"", ""rvd"", ""tlg"", ""u23"", ""vnf"", ""wlh"", ""yp/""]",45,1,155,0.0064516129032258064
4,block_infix_fingerprint_v004.json,128,local_split_entropy_equivalence_classes,154,3,0.0,0.01,title,title,22, %@,"["" %@"", ""#.."", ""#di"", ""#we"", ""$ p"", ""% -"", ""%@#"", ""&is"", ""''0"", ""'sr"", ""('9"", ""(a("", ""(h1"", ""(v."", "")ab"", "")lo"", "")si"", ""+m+"", "",39"", ""-->"", ""-6-"", ""-a)"", "".2/"", "".ak"", "".pi"", ""//o"", ""/a9"", ""00d"", ""05g"", ""0ch"", ""0dn"", ""1'0"", ""1))"", ""15x"", ""1=4"", ""1=a"", ""2-l"", ""22w"", ""25x"", ""2el"", ""2ld"", ""2me"", ""3.p"", ""34x"", ""3:7"", ""3_9"", ""3di"", ""3ic"", ""3ja"", ""3m2"", ""3pa"", ""3wo"", ""4.h"", ""43o"", ""47o"", ""4sa"", ""5,8"", ""51o"", ""5lb"", ""5x3"", ""66g"", ""6:6"", ""6da"", ""6di"", ""6go"", ""6gu"", ""7+1"", ""7.c"", ""7an"", ""7gs"", ""7is"", ""7si"", ""8'l"", ""9''"", ""91s"", ""9:a"", ""9_0"", ""9bi"", "":09"", "":66"", "":77"", "":vs"", ""<--"", ""=10"", ""=ad"", ""@#."", ""@ba"", ""@ur"", ""] s"", ""_9_"", ""a'v"", ""a6-"", ""a6/"", ""a66"", ""ac1"", ""b':"", ""by;"", ""c+m"", ""c17"", ""ch&"", ""co@"", ""ct2"", ""d.k"", ""d7i"", ""df:"", ""df@"", ""e %"", ""f(x"", ""f@b"", ""g)r"", ""h&i"", ""k.0"", ""m+b"", ""n1)"", ""n?'"", ""na3"", ""na6"", ""nd7"", ""o30"", ""o@k"", ""p.z"", ""pxt"", ""qki"", ""qop"", ""s:v"", ""t2r"", ""te3"", ""tvx"", ""u',"", ""v.)"", ""ve7"", ""vxq"", ""wk@"", ""wpc"", ""wpx"", ""x)a"", ""x2="", ""xe;"", ""ycs"", ""ylh""]",140,1,155,0.0064516129032258064
4,block_infix_fingerprint_v004.json,128,local_split_entropy_equivalence_classes,154,3,0.0,0.01,title,title,23, &1,"["" &1"", "" y/"", ""&10"", ""(mm"", ""+2+"", ""+o "", ""-q/"", ""-xt"", "".u3"", ""//w"", ""13k"", ""2+o"", ""3-j"", ""3x9"", ""43a"", ""54a"", ""55a"", ""5m,"", ""64b"", ""67a"", ""69a"", ""72b"", ""81a"", ""82k"", ""84a"", ""9+2"", ""91b"", ""94/"", ""96a"", ""ep5"", ""f'/"", ""h)/"", ""h+2"", ""he;"", ""oo;"", ""op1"", ""p17"", ""s.-"", ""u37"", ""u:/"", ""w- "", ""wb'"", ""x9+"", ""y/ ""]",44,1,155,0.0064516129032258064
4,block_infix_fingerprint_v004.json,128,local_split_entropy_equivalence_classes,154,3,0.0,0.01,title,title,24, &a,"["" &a"", "" 4c"", "" 9\"""", ""&an"", "")!/"", ""/-t"", ""17k"", ""2x3"", ""6/j"", ""7se"", ""9\"" "", ""a/9"", ""az2"", ""bgc"", ""c-j"", ""ca2"", ""ex7"", ""ga~"", ""gc:"", ""h3m"", ""kc'"", ""kk/"", ""le2"", ""mg'"", ""mtf"", ""mx5"", ""n/-"", ""n?-"", ""nh'"", ""no~"", ""o.!"", ""ou;"", ""r40"", ""t&n"", ""ws1"", ""x:t"", ""xr4""]",37,1,155,0.0064516129032258064
4,block_infix_fingerprint_v004.json,128,local_split_entropy_equivalence_classes,154,3,0.0,0.01,title,title,25," (""","["" (\"""", "" jz"", ""\""24"", ""#ni"", ""% u"", ""'v/"", ""(\""2"", ""(dy"", ""(j'"", ""+fr"", ""-#5"", ""-xh"", ""/d "", ""/nm"", ""/v."", ""0 ="", ""0x3"", ""2+f"", ""24\"""", ""2ro"", ""3i "", ""3ra"", ""3xl"", ""4\"" "", ""4-r"", ""5da"", ""6-#"", "":im"", ""= 0"", ""[bg"", ""_fo"", ""b4u"", ""bg]"", ""bl:"", ""bpu"", ""csq"", ""hsd"", ""i_f"", ""jn)"", ""jw "", ""jzd"", ""k-x"", ""li_"", ""n:i"", ""q45"", ""re\"""", ""sgm"", ""u'!"", ""v/y"", ""w ["", ""w.!"", ""wg/"", ""xfm"", ""xl.""]",54,1,155,0.0064516129032258064
4,block_infix_fingerprint_v004.json,128,local_split_entropy_equivalence_classes,154,3,0.0,0.01,title,title,26, ($,"["" ($"", "" 7c"", ""#3,"", ""' +"", ""':."", ""($2"", "") 0"", ""**n"", ""-e!"", ""-nd"", "".b!"", "".r:"", "".ut"", ""12c"", ""2bm"", ""2cm"", ""2jd"", ""3_s"", ""4x8"", ""51t"", ""5h5"", ""73_"", ""7ve"", ""> ("", ""ad;"", ""am]"", ""bks"", ""d19"", ""d20"", ""djb"", ""djr"", ""e[r"", ""et&"", ""ey@"", ""f!v"", ""g.y"", ""gnf"", ""go1"", ""h55"", ""ik2"", ""jdg"", ""ju."", ""k2j"", ""md1"", ""ndx"", ""nfy"", ""o1:"", ""ph5"", ""qa:"", ""qib"", ""qik"", ""qos"", ""r)v"", ""r+o"", ""rqo"", ""s'k"", ""scd"", ""su;"", ""t4-"", ""te["", ""ux2"", ""wlz"", ""wnn"", ""ww3"", ""x2b"", ""y@2"", ""yb'"", ""yd2"", ""z-8""]",69,1,155,0.0064516129032258064
4,block_infix_fingerprint_v004.json,128,local_split_entropy_equivalence_classes,154,3,0.0,0.01,title,title,27, (_,"["" (_"", "" [8"", "" [9"", "" [i"", "" [k"", ""\""gi"", ""$ o"", ""'] "", ""-j5"", ""-uv"", ""-xy"", "". ["", ""0b5"", ""0t2"", ""1b7"", ""1c9"", ""2w5"", ""7p4"", ""7r4"", ""7r5"", ""8h4"", ""8s5"", ""8w5"", ""9's"", ""9-d"", ""[ d"", ""[86"", ""[99"", ""[ab"", ""[ag"", ""[be"", ""[da"", ""[fl"", ""[ha"", ""[hu"", ""[is"", ""[ki"", ""[lo"", ""[ma"", ""[on"", ""[si"", ""[sp"", ""[st"", ""[ta"", ""[to"", ""[tr"", ""[up"", ""] b"", ""] h"", ""] i"", ""] m"", ""] n"", ""] t"", ""] y"", ""_) "", ""a.]"", ""a] "", ""b56"", ""b78"", ""b] "", ""c97"", ""ck]"", ""czb"", ""d ]"", ""d] "", ""e']"", ""ey]"", ""f-0"", ""ft]"", ""g(i"", ""g*."", ""h46"", ""h] "", ""il]"", ""j5/"", ""jfa"", ""ks]"", ""l] "", ""le]"", ""ly]"", ""mhw"", ""ne]"", ""ng("", ""ny]"", ""p46"", ""p] "", ""ps]"", ""r49"", ""r51"", ""s51"", ""sa]"", ""se]"", ""ta]"", ""th]"", ""ub]"", ""up]"", ""ve]"", ""w50"", ""w56"", ""wzw"", ""xvl"", ""y] "", ""ynj"", ""zk:""]",104,1,155,0.0064516129032258064
4,block_infix_fingerprint_v004.json,128,local_split_entropy_equivalence_classes,154,3,0.0,0.01,title,title,28, *%,"["" *%"", ""%^$"", ""'lw"", ""'mg"", ""(qa"", ""*%^"", ""/rn"", ""3)3"", ""3/f"", ""3h5"", ""5(n"", ""=1 "", ""?!'"", ""^$#"", ""c3h"", ""cbf"", ""e.2"", ""g.v"", ""h5("", ""hl2"", ""l2n"", ""o2b"", ""o3)"", ""p/'"", ""quf"", ""ryq"", ""tg4"", ""vr/""]",28,1,155,0.0064516129032258064
4,block_infix_fingerprint_v004.json,128,local_split_entropy_equivalence_classes,154,3,0.0,0.01,title,title,29, *(,"["" *("", "" k7"", "" {t"", ""# 8"", ""* *"", ""*(n"", ""-tn"", "".vc"", ""1)l"", ""1./"", ""44?"", ""8- "", ""8pa"", ""[p."", ""a(1"", ""bu("", ""ct;"", ""e#0"", ""e()"", ""e**"", ""ed_"", ""er`"", ""es&"", ""fe+"", ""g.?"", ""go5"", ""i.]"", ""ihq"", ""itq"", ""le*"", ""ljt"", ""m?)"", ""nk;"", ""ol8"", ""on<"", ""r`s"", ""rs}"", ""s {"", ""s&v"", ""s4l"", ""sfs"", ""snd"", ""tqm"", ""tx?"", ""u(t"", ""ue#"", ""uj."", ""uq!"", ""uuq"", ""v3:"", ""v4 "", ""vkr"", ""vmb"", ""vpn"", ""wn;"", ""yc!"", ""yd?"", ""zf "", ""{th""]",59,1,155,0.0064516129032258064
4,block_infix_fingerprint_v004.json,128,local_split_entropy_equivalence_classes,154,3,0.0,0.01,title,title,30, */,"["" */"", "" h,"", "" h4"", "" l,"", "" l/"", "" v?"", ""!tv"", ""#!\"""", ""$te"", ""(kt"", ""*/@"", ""*k?"", ""/@?"", ""65?"", ""?#!"", ""@?#"", ""a$t"", ""a:t"", ""btg"", ""e-7"", ""f *"", ""h'!"", ""h.v"", ""h4 "", ""hfc"", ""if)"", ""io2"", ""jly"", ""l'?"", ""lz/"", ""m71"", ""m77"", ""mk1"", ""mxf"", ""o2."", ""r)n"", ""t2h"", ""tc#"", ""ti3"", ""u30"", ""v!t"", ""vv,"", ""wa$"", ""z/x"", ""zz)""]",45,1,155,0.0064516129032258064
4,block_infix_fingerprint_v004.json,128,local_split_entropy_equivalence_classes,154,3,0.0,0.01,title,title,31, *c,"["" *c"", "" 0k"", "" a?"", ""!?'"", ""'?!"", ""'l-"", ""(ly"", "")sg"", ""*ce"", ""-i?"", "".xm"", ""0h4"", ""15f"", ""1:n"", ""1t5"", ""3.n"", ""5f1"", ""63,"", ""8ki"", "":ca"", ""?!:"", ""@k."", ""[wo"", ""]ol"", ""_38"", ""_me"", ""a:c"", ""a_ "", ""a_3"", ""d *"", ""d(d"", ""d?)"", ""e2h"", ""er_"", ""f1t"", ""g)n"", ""g4r"", ""g5:"", ""gpg"", ""hdw"", ""hf:"", ""id3"", ""jcp"", ""jhh"", ""jkg"", ""jt4"", ""k[r"", ""ka_"", ""kgs"", ""kh1"", ""kjb"", ""knx"", ""l89"", ""lgp"", ""lv?"", ""lx8"", ""m4w"", ""na_"", ""nbw"", ""o)s"", ""oo$"", ""qdn"", ""qre"", ""r]o"", ""r_m"", ""rl8"", ""s.2"", ""sd-"", ""te2"", ""u'?"", ""v/ "", ""vfa"", ""vnb"", ""w!)"", ""xv,""]",75,1,155,0.0064516129032258064
4,block_infix_fingerprint_v004.json,128,local_split_entropy_equivalence_classes,154,3,0.0,0.01,title,title,32, *u,"["" *u"", "" 0~"", "" 7'"", "" n#"", ""#mb"", ""'kz"", ""(24"", ""(a-"", ""*uc"", ""-xu"", "".sq"", ""/7)"", ""0~s"", ""1.z"", ""1de"", ""3 6"", ""3gp"", ""4,6"", ""45d"", ""5!?"", ""5dt"", ""6-j"", ""75'"", ""=ra"", ""@rd"", ""[om"", ""_on"", ""a'f"", ""acx"", ""ag+"", ""aw@"", ""c.2"", ""d'@"", ""d+:"", ""e'j"", ""eqo"", ""fr~"", ""gzd"", ""i+t"", ""ie1"", ""jhm"", ""joq"", ""jpx"", ""ju)"", ""k.v"", ""k3t"", ""ka$"", ""ki+"", ""ku_"", ""kww"", ""l&d"", ""l'x"", ""lmx"", ""lt2"", ""lv-"", ""lvc"", ""m51"", ""mi("", ""mo="", ""mx)"", ""n#m"", ""nc)"", ""np'"", ""o=r"", ""o?n"", ""oq-"", ""pv9"", ""pvu"", ""q-a"", ""r(i"", ""rd+"", ""rhk"", ""rmx"", ""t22"", ""tpp"", ""u_o"", ""v1d"", ""v66"", ""v99"", ""ve3"", ""vh8"", ""w@r"", ""yzd"", ""~s.""]",84,1,155,0.0064516129032258064
4,block_infix_fingerprint_v004.json,128,local_split_entropy_equivalence_classes,154,3,0.0,0.01,title,title,33, +2,"["" +2"", "" -q"", "" ; "", "" q2"", ""$ta"", ""'km"", ""(k1"", ""*#k"", ""+2c"", ""+kr"", "",1."", "",1/"", "",93"", ""-2c"", ""-i&"", ""/ua"", ""08g"", ""0x2"", ""1r:"", ""2c-"", ""33d"", ""3ys"", ""5ko"", ""6,9"", ""8/m"", ""8gw"", ""[eo"", ""[or"", ""_78"", ""a1r"", ""an+"", ""an9"", ""asx"", ""axz"", ""bng"", ""c_7"", ""cdk"", ""dd;"", ""dk."", ""dkc"", ""e*s"", ""eb?"", ""ep$"", ""euq"", ""f*#"", ""ff1"", ""g-0"", ""gm/"", ""hcy"", ""hvl"", ""hvr"", ""i&j"", ""ih:"", ""k3y"", ""lvg"", ""mdm"", ""n*u"", ""n+k"", ""n-,"", ""n93"", ""njv"", ""nk3"", ""nlw"", ""nmw"", ""ny7"", ""nz1"", ""o--"", ""ov3"", ""p$t"", ""p4w"", ""pg1"", ""r ;"", ""r*s"", ""s*e"", ""sj."", ""sxa"", ""t.9"", ""tf9"", ""tkb"", ""u*r"", ""ug)"", ""xu'"", ""y.z"", ""y77"", ""ybj"", ""zwl""]",86,1,155,0.0064516129032258064
4,block_infix_fingerprint_v004.json,128,local_split_entropy_equivalence_classes,154,3,0.0,0.01,title,title,34, +9,"["" +9"", "" 4j"", "" r]"", "" z3"", "" zx"", ""!-a"", ""'29"", ""'e:"", ""(ek"", ""+9,"", ""+p]"", ""+y="", ""- !"", ""-pg"", "".ee"", ""/4]"", ""07h"", ""11]"", ""1] "", ""24j"", ""3d5"", ""3ou"", ""4ji"", ""58]"", ""73]"", ""7ho"", ""8] "", ""90!"", ""91!"", ""9se"", ""=li"", ""@s]"", ""[ t"", ""[1/"", ""[2:"", ""[aw"", ""[ct"", ""[em"", ""[en"", ""[kl"", ""[yb"", ""] 4"", ""] e"", ""] f"", ""]3 "", ""]du"", ""]ki"", ""]pa"", ""_sq"", ""aq."", ""as]"", ""c]3"", ""c]:"", ""cu!"", ""d10"", ""d52"", ""dkk"", ""dl!"", ""e(z"", ""em]"", ""ep;"", ""ev!"", ""gxt"", ""hc:"", ""i]k"", ""in]"", ""ip3"", ""is_"", ""js!"", ""k72"", ""kdk"", ""knc"", ""l+p"", ""ljp"", ""ll]"", ""lr8"", ""m] "", ""n]c"", ""n]d"", ""ncg"", ""o!-"", ""oe="", ""p3o"", ""pct"", ""r'y"", ""r)m"", ""rd1"", ""re*"", ""rwk"", ""s*c"", ""s]c"", ""s]p"", ""sbh"", ""sn)"", ""sqr"", ""t ]"", ""tf."", ""tgb"", ""tn?"", ""u'z"", ""u-x"", ""vvr"", ""vzn"", ""w_s"", ""wm:"", ""wrd"", ""x&y"", ""x+y"", ""x31"", ""x96"", ""xh-"", ""xij"", ""xk7"", ""xpd"", ""y3l"", ""y=0"", ""ya`"", ""ygf"", ""ymz"", ""yzf"", ""z'm"", ""z.)"", ""z.b"", ""z.u"", ""z32"", ""z3d"", ""zhm"", ""zmd"", ""zn-"", ""ztc"", ""zxi"", ""~ y"", ""~ex""]",133,1,155,0.0064516129032258064
4,block_infix_fingerprint_v004.json,128,local_split_entropy_equivalence_classes,154,3,0.0,0.01,title,title,35, -!,"["" -!"", ""#%$"", ""%$i"", ""'tm"", "")ai"", ""*mo"", ""+s "", "",24"", ""-yz"", "".bb"", "".ky"", ""2gm"", ""5y:"", ""5yc"", ""7,3"", ""74'"", ""8ar"", ""9dr"", "":5y"", ""=pa"", ""[um"", ""_pa"", ""btq"", ""cn:"", ""cz-"", ""d*m"", ""dgh"", ""er9"", ""ey_"", ""flh"", ""g.j"", ""gmz"", ""h(o"", ""h21"", ""h=p"", ""i(s"", ""i/4"", ""k'h"", ""k9-"", ""l)a"", ""ls+"", ""mo["", ""mv2"", ""mvg"", ""mw2"", ""mwm"", ""n+m"", ""n8a"", ""nt["", ""nu]"", ""o(r"", ""oyq"", ""p(l"", ""p+s"", ""p5y"", ""p:5"", ""pcc"", ""pdc"", ""pm?"", ""qoy"", ""r+s"", ""r/8"", ""r9d"", ""rcj"", ""ri("", ""ry&"", ""s+ "", ""t[u"", ""tb-"", ""th="", ""tq "", ""u]m"", ""ud2"", ""um]"", ""uo."", ""v.k"", ""v22"", ""w20"", ""wv:"", ""xp:"", ""xug"", ""y&m"", ""y_p""]",83,1,155,0.0064516129032258064
4,block_infix_fingerprint_v004.json,128,local_split_entropy_equivalence_classes,154,3,0.0,0.01,title,title,36, -8,"["" -8"", "" ;-"", "" t?"", ""!-v"", ""!16"", ""&do"", ""-9!"", ""-y,"", "".-r"", "".ye"", ""0''"", ""0o."", ""2'4"", ""3-e"", ""48?"", ""65'"", ""8/i"", "":na"", "";-)"", "";dr"", ""? 8"", ""?me"", ""[ah"", ""_ c"", ""a4e"", ""ai~"", ""cf?"", ""cq,"", ""d#7"", ""e ?"", ""e!1"", ""e2s"", ""ea4"", ""ed#"", ""ek7"", ""em@"", ""evx"", ""e~v"", ""g78"", ""if;"", ""i~e"", ""jfu"", ""k ;"", ""k73"", ""l;d"", ""lu5"", ""m!-"", ""mjy"", ""ng7"", ""o?m"", ""p&d"", ""pz!"", ""r:n"", ""r@5"", ""scf"", ""sp'"", ""t68"", ""tl;"", ""tp2"", ""tq-"", ""u-9"", ""u47"", ""u55"", ""ujw"", ""up&"", ""v.u"", ""v19"", ""v62"", ""vgl"", ""vmc"", ""vpw"", ""w.1"", ""w4m"", ""wcd"", ""wh-"", ""y _"", ""ya1"", ""zk "", ""zl,"", ""~ a"", ""~e~"", ""~ve""]",82,1,155,0.0064516129032258064
4,block_infix_fingerprint_v004.json,128,local_split_entropy_equivalence_classes,154,3,0.0,0.01,title,title,37, -b,"["" -b"", "" 3l"", ""!on"", ""!tz"", ""$95"", ""% q"", ""(36"", ""(8)"", "")-s"", ""* 7"", ""+le"", ""/$1"", ""/b "", ""/jy"", ""0s!"", ""2+l"", ""35p"", ""4/f"", ""5ga"", ""6 *"", ""65g"", ""65k"", ""7st"", ""8)/"", ""9 6"", ""; \"""", ""=br"", ""@er"", ""@xt"", ""bl!"", ""e9 "", ""em7"", ""f/y"", ""f11"", ""fgs"", ""fky"", ""fl4"", ""h/$"", ""i+d"", ""i@s"", ""jnk"", ""kcs"", ""l!t"", ""l3:"", ""l4:"", ""m7,"", ""mrh"", ""n)-"", ""nt4"", ""p11"", ""pc?"", ""pi@"", ""rt="", ""rt@"", ""t!o"", ""t1b"", ""t=b"", ""t@e"", ""y2d"", ""z-q""]",60,1,155,0.0064516129032258064
4,block_infix_fingerprint_v004.json,128,local_split_entropy_equivalence_classes,154,3,0.0,0.01,title,title,38, -f,"["" -f"", "" -p"", "" ?!"", "" s5"", ""\"" g"", ""$7."", ""(gw"", "")be"", "",3:"", "",76"", ""-4/"", ""-c3"", "".c/"", ""/1:"", ""/iw"", ""08?"", ""??!"", ""_cr"", ""`ph"", ""a37"", ""a`s"", ""agq"", ""bf/"", ""d_c"", ""e60"", ""ex("", ""fg!"", ""gnl"", ""gu/"", ""i'p"", ""i`s"", ""jt?"", ""k \"""", ""k/5"", ""lxb"", ""m:t"", ""ma`"", ""n)b"", ""nrd"", ""olx"", ""pzz"", ""ri`"", ""s55"", ""sgn"", ""x(t"", ""xa4"", ""yu;""]",47,1,155,0.0064516129032258064
4,block_infix_fingerprint_v004.json,128,local_split_entropy_equivalence_classes,154,3,0.0,0.01,title,title,39, -z,"["" -z"", "" //"", "" 3i"", "" q8"", ""# i"", ""'zw"", ""*al"", "".t:"", ""// "", ""2-'"", ""32t"", ""3is"", ""42t"", ""@ j"", ""a@m"", ""bl)"", ""cxa"", ""df'"", ""e95"", ""g*a"", ""g*s"", ""hvc"", ""i :"", ""ifh"", ""kcz"", ""kqi"", ""me9"", ""o3a"", ""ob)"", ""okq"", ""oo3"", ""q80"", ""s(?"", ""svc"", ""swy"", ""t4t"", ""t82"", ""tbd"", ""tc3"", ""tdf"", ""u @"", ""uy)"", ""w':"", ""wa@"", ""wk4"", ""ww9"", ""wy2"", ""~an""]",48,1,155,0.0064516129032258064
4,block_infix_fingerprint_v004.json,128,local_split_entropy_equivalence_classes,154,3,0.0,0.01,title,title,40, .0,"["" .0"", "" u$"", "",25"", ""/vl"", ""0o:"", ""2.:"", ""23j"", ""2mx"", ""5-w"", ""52m"", ""55f"", ""5fu"", ""@#c"", ""b@#"", ""bc1"", ""c1:"", ""clc"", ""cpb"", ""eb@"", ""h4u"", ""i'8"", ""j x"", ""l5 "", ""pf)"", ""sf9"", ""ta2"", ""vvn"", ""wuv"", ""x08"", ""x09"", ""x; "", ""xx;""]",32,1,155,0.0064516129032258064
4,block_infix_fingerprint_v004.json,128,local_split_entropy_equivalence_classes,154,3,0.0,0.01,title,title,41, .5,"["" .5"", "" 2]"", "" [6"", "" e="", ""&ah"", ""'a1"", "")k "", "")ly"", "")mu"", ""*bo"", ""*ul"", "".& "", "".8%"", "".gu"", "".s/"", ""/y "", ""0oz"", ""16j"", ""2.c"", ""2or"", ""33,"", ""45%"", ""6ja"", ""6x-"", ""7.-"", ""96x"", "":ax"", "":cr"", "":jo"", "":pl"", ""; 2"", ""[6]"", ""_ea"", ""a(w"", ""bfn"", ""br)"", ""c&a"", ""cvb"", ""czp"", ""d!,"", ""du@"", ""e:j"", ""g*u"", ""gm!"", ""grf"", ""h_r"", ""hhw"", ""hv!"", ""in*"", ""jcu"", ""jn:"", ""k')"", ""k8:"", ""kvc"", ""n*b"", ""n_e"", ""nl:"", ""nt~"", ""o(c"", ""o.;"", ""o?)"", ""p38"", ""phh"", ""pml"", ""pnw"", ""ppz"", ""qft"", ""s.&"", ""s::"", ""sbk"", ""sc&"", ""se2"", ""sh_"", ""skc"", ""tp-"", ""u@ "", ""w)l"", ""y.3"", ""y.4"", ""y.5"", ""yi?"", ""z-u"", ""zh-"", ""zm,"", ""~wo""]",85,1,155,0.0064516129032258064
4,block_infix_fingerprint_v004.json,128,local_split_entropy_equivalence_classes,154,3,0.0,0.01,title,title,42, .7,"["" .7"", "" 6s"", "" v&"", ""'c:"", ""'z:"", ""(gv"", ""(y."", ""-bc"", "".xl"", ""29s"", ""3a."", ""48/"", ""4tm"", ""58o"", ""59,"", ""6s "", ""7ju"", ""9s "", "":ts"", ""[(i"", ""[:t"", ""[pl"", ""_74"", ""a3b"", ""ad2"", ""b+ "", ""b30"", ""b4t"", ""b61"", ""b83"", ""b_s"", ""bd3"", ""br'"", ""c'l"", ""c4:"", ""ch2"", ""cl/"", ""cpd"", ""cvj"", ""d)]"", ""d//"", ""d25"", ""d2g"", ""d3 "", ""d3v"", ""d7a"", ""e(d"", ""gff"", ""gvc"", ""h22"", ""iix"", ""ka]"", ""l.5"", ""nk$"", ""o36"", ""oy_"", ""p'x"", ""p32"", ""p:l"", ""r.x"", ""rj-"", ""s[("", ""sa3"", ""t?."", ""tfx"", ""ub8"", ""us["", ""v&a"", ""vh:"", ""vpl"", ""vr,"", ""y_7"", ""yzg""]",73,1,155,0.0064516129032258064
4,block_infix_fingerprint_v004.json,128,local_split_entropy_equivalence_classes,154,3,0.0,0.01,title,title,43, .8,"["" .8"", "" m)"", ""!1 "", ""\""eg"", ""#1_"", ""#bc"", ""#fi"", ""#po"", ""#qu"", ""#ve"", ""$mo"", ""'-o"", ""'c."", ""'nt"", "") +"", "")-p"", "")ty"", "")ve"", ""*67"", ""*me"", ""+ ("", "",33"", ""-'k"", ""-1="", ""-76"", ""-k."", ""-rd"", ""-wf"", "". :"", ""..7"", "".5a"", "".m:"", "".zh"", ""//z"", ""/2b"", ""/57"", ""/fx"", ""/p4"", ""0!1"", ""0,7"", ""0:9"", ""1/j"", ""10n"", ""12i"", ""14h"", ""19x"", ""1>1"", ""1_l"", ""1c4"", ""1h9"", ""1i "", ""1mi"", ""2/5"", ""21>"", ""25'"", ""2ob"", ""2p2"", ""2ts"", ""3'1"", ""30h"", ""38n"", ""3ei"", ""3fo"", ""3r1"", ""4##"", ""4,2"", ""4/8"", ""4a4"", ""4cl"", ""4gl"", ""4h0"", ""4wo"", ""4xl"", ""5'0"", ""5,3"", ""5-e"", ""5/h"", ""51m"", ""56k"", ""57m"", ""5=1"", ""5do"", ""5ey"", ""5h4"", ""5ob"", ""5po"", ""5wo"", ""65d"", ""6=0"", ""6b:"", ""6dd"", ""7 6"", ""73d"", ""76d"", ""7bo"", ""7mm"", ""7na"", ""7x5"", ""83!"", ""84c"", ""89+"", ""94#"", ""9os"", ""9xx"", "":4 "", "":96"", ""=2:"", ""=5="", "">19"", "">>d"", "">dr"", ""?an"", ""?e?"", ""[me"", ""] g"", ""] v"", ""]ha"", ""]ma"", ""_vi"", ""a-'"", ""a3t"", ""a70"", ""a9 "", ""abx"", ""apx"", ""bcf"", ""bf-"", ""bjs"", ""bxa"", ""c4,"", ""dj."", ""dz/"", ""e?a"", ""e]h"", ""ey$"", ""g] "", ""gg\"""", ""h05"", ""h92"", ""i!'"", ""ie4"", ""ig]"", ""iy:"", ""jdb"", ""kr3"", ""lc2"", ""lt_"", ""lxv"", ""m50"", ""p2r"", ""qap"", ""r00"", ""r1c"", ""r3w"", ""r83"", ""s)-"", ""t.5"", ""t_v"", ""tm-"", ""v.3"", ""vbh"", ""wtd"", ""wvl"", ""x5,"", ""xhd"", ""xkp"", ""ytj"", ""yzk""]",168,1,155,0.0064516129032258064
4,block_infix_fingerprint_v004.json,128,local_split_entropy_equivalence_classes,154,3,0.0,0.01,title,title,44, /s,"["" /s"", "" <m"", "" s3"", "" xz"", ""!?)"", ""#bf"", ""#im"", ""#to"", ""&g "", ""'__"", ""'ua"", ""( w"", ""(!?"", ""(51"", ""(gg"", ""(om"", ""(yi"", "")ct"", "")im"", "")lt"", ""*go"", ""+1,"", ""+1:"", ""+46"", "",08"", "",54"", "",58"", ""-'-"", ""..>"", "".9%"", ""/cz"", ""0_1"", ""0h "", ""0zw"", ""12d"", ""13s"", ""1_0"", ""20z"", ""27m"", ""2do"", ""3:6"", ""3se"", ""42d"", ""49,"", ""4de"", ""5 6"", ""56'"", ""5up"", ""6 4"", ""61!"", ""6x4"", ""7% "", ""75d"", ""7m2"", ""9%:"", ""97%"", "": +"", "": <"", ""<mo"", ""@le"", ""@pp"", ""_' "", ""_1_"", ""__'"", ""a)c"", ""a4-"", ""a4d"", ""b)n"", ""bq;"", ""bvd"", ""dz,"", ""e)m"", ""en$"", ""f&g"", ""hc-"", ""hmv"", ""j 7"", ""l)l"", ""m@l"", ""n$a"", ""p/z"", ""p2u"", ""pg'"", ""q; "", ""sf&"", ""tv6"", ""tv7"", ""tww"", ""u!'"", ""up2"", ""v2-"", ""v6 "", ""wcg"", ""wrw"", ""wtt"", ""wwc"", ""x /"", ""xzs"", ""z@p""]",99,1,155,0.0064516129032258064
4,block_infix_fingerprint_v004.json,128,local_split_entropy_equivalence_classes,154,3,0.0,0.01,title,title,45, 0s,"["" 0s"", "" f2"", "" kx"", "" qf"", ""#ca"", ""#na"", ""#ps"", ""#ye"", ""#yo"", ""$1:"", ""$ti"", ""$uc"", ""&ei"", ""'2/"", ""'= "", ""(39"", "")as"", "")el"", "")in"", "")ir"", "")n."", "")un"", ""+te"", "",3 "", ""-pm"", "".1a"", "".:."", "".::"", "".ad"", ""/(n"", ""/1'"", ""/3,"", ""/75"", ""/g "", ""/k/"", ""/n)"", ""0+2"", ""0/8"", ""00*"", ""05%"", ""05t"", ""06h"", ""0b/"", ""0h3"", ""16f"", ""18q"", ""1=z"", ""1by"", ""1h1"", ""1s "", ""24p"", ""25o"", ""28%"", ""2by"", ""2ey"", ""2xu"", ""3.y"", ""3/8"", ""39o"", ""3@4"", ""3b:"", ""3ep"", ""3fa"", ""3ni"", ""4(3"", ""43@"", ""44o"", ""45/"", ""48+"", ""4hg"", ""4p "", ""4sh"", ""4x("", ""5 %"", ""50n"", ""56%"", ""5_r"", ""5ma"", ""5os"", ""6'2"", ""65_"", ""6f9"", ""6hk"", ""6x2"", ""7:m"", ""7aw"", ""7he"", ""7x6"", ""8(i"", ""8+o"", ""88("", ""8:i"", ""8a-"", ""8ig"", ""8q:"", ""8up"", ""94("", ""95e"", "":.:"", "":::"", "":am"", "":en"", "":iv"", ""<an"", ""=zo"", "">ki"", ""@43"", ""@be"", ""@in"", ""[w]"", ""]de"", ""]ve"", ""_ki"", ""a&o"", ""a)s"", ""a86"", ""a_k"", ""ae4"", ""af)"", ""b/6"", ""b21"", ""b2a"", ""bgs"", ""bsx"", ""btb"", ""by4"", ""c/2"", ""cm!"", ""cpf"", ""e&e"", ""e)i"", ""e)u"", ""e4h"", ""e]d"", ""e]v"", ""eb2"", ""f32"", ""frc"", ""gcp"", ""h36"", ""hvk"", ""i>k"", ""iw-"", ""kxo"", ""m *"", ""m)i"", ""m-x"", ""n@ "", ""n@7"", ""ne+"", ""o::"", ""qf3"", ""qqu"", ""r)a"", ""r/("", ""t'="", ""t)r"", ""ta_"", ""ti>"", ""v) "", ""w] "", ""wpv"", ""wvr"", ""wxo"", ""x(1"", ""x3d"", ""x6x"", ""x:e"", ""xbw""]",169,1,155,0.0064516129032258064
4,block_infix_fingerprint_v004.json,128,local_split_entropy_equivalence_classes,154,3,0.0,0.01,title,title,46, 1j,"["" 1j"", ""'m:"", ""(70"", ""(ew"", "")il"", "")oe"", ""*21"", ""*t,"", ""-p!"", ""-xa"", ""-xl"", "".:c"", ""11y"", ""1jo"", "":da"", "":i-"", "":ii"", "":ot"", "":ya"", ""=fo"", ""a)i"", ""b-y"", ""b.k"", ""b.v"", ""bc?"", ""br("", ""bz-"", ""ccv"", ""cg2"", ""d!v"", ""d.;"", ""d4g"", ""d74"", ""e:y"", ""ewv"", ""f $"", ""fu1"", ""g//"", ""g25"", ""g4l"", ""g=f"", ""gb2"", ""grk"", ""h.z"", ""h:d"", ""hqo"", ""i'x"", ""i:i"", ""ib!"", ""jk."", ""jvn"", ""k51"", ""k:o"", ""ke*"", ""l@n"", ""lhq"", ""lmz"", ""m:i"", ""ng="", ""o70"", ""obp"", ""ojp"", ""pl@"", ""q.d"", ""qud"", ""rk5"", ""ro7"", ""s#@"", ""s(p"", ""t)a"", ""t*2"", ""u11"", ""ujp"", ""us("", ""v'0"", ""xb'"", ""xhl""]",77,1,155,0.0064516129032258064
4,block_infix_fingerprint_v004.json,128,local_split_entropy_equivalence_classes,154,3,0.0,0.01,title,title,47, 1l,"["" 1l"", ""!po"", ""$14"", ""'1s"", ""(bd"", "")av"", "")sh"", ""-#2"", ""/5-"", ""/6%"", ""/h2"", ""/n*"", ""0x1"", ""16+"", ""2:."", ""3p2"", ""4/j"", ""5'e"", ""6%/"", ""6tz"", ""7/j"", ""8/t"", ""84/"", ""9i "", ""@di"", ""a!p"", ""b3b"", ""bb3"", ""bdp"", ""bj!"", ""bvg"", ""dr/"", ""dy4"", ""e/."", ""fl?"", ""fn/"", ""i/5"", ""iuj"", ""jtm"", ""n*e"", ""o/ "", ""p2c"", ""pt)"", ""pvs"", ""q/j"", ""r*d"", ""s)s"", ""sgw"", ""tc-"", ""txn"", ""u:s"", ""ur1"", ""xtx"", ""y/6""]",54,1,155,0.0064516129032258064
4,block_infix_fingerprint_v004.json,128,local_split_entropy_equivalence_classes,154,3,0.0,0.01,title,title,48, 1v,"["" 1v"", ""-) "", ""-s'"", "".i:"", "".im"", ""0ja"", ""20j"", ""=m6"", ""@ u"", ""b @"", ""dmm"", ""dnw"", ""f'g"", ""fdc"", ""frr"", ""g*o"", ""g?)"", ""j/l"", ""kws"", ""o2e"", ""od\"""", ""ol*"", ""qih"", ""r-)"", ""s/ "", ""sf2"", ""si*"", ""sp?"", ""t&d""]",29,1,155,0.0064516129032258064
4,block_infix_fingerprint_v004.json,128,local_split_entropy_equivalence_classes,154,3,0.0,0.01,title,title,49, 2+,"["" 2+"", "" o("", ""\""al"", ""#3-"", ""$11"", ""'?:"", ""(ij"", ""+4 "", ""-a2"", "".j "", "".ov"", ""/'b"", ""/'j"", ""/rz"", ""2+3"", ""2+4"", ""2.g"", ""2rs"", ""3sg"", ""4/n"", ""4sc"", ""@ge"", ""af1"", ""b@g"", ""d$:"", ""dbc"", ""hv:"", ""iy'"", ""k'/"", ""k'?"", ""lzz"", ""nbs"", ""o(h"", ""q&q"", ""xaw"", ""z/'"", ""~ k""]",37,1,155,0.0064516129032258064
4,block_infix_fingerprint_v004.json,128,local_split_entropy_equivalence_classes,154,3,0.0,0.01,title,title,50, 2f,"["" 2f"", ""\"" v"", ""\""bi"", ""$ i"", ""(29"", ""**y"", ""*ku"", ""-c@"", "".- "", ""/c&"", ""2dt"", ""2gs"", ""34/"", ""3wh"", ""48'"", ""5/w"", ""7-d"", ""7/w"", ""9:z"", "":n?"", "":ze"", ""_st"", ""a*m"", ""c&d"", ""d-,"", ""d:n"", ""fcz"", ""fl8"", ""h@n"", ""i*k"", ""i15"", ""jl)"", ""k$ "", ""kfs"", ""l ="", ""l8:"", ""lv,"", ""n1/"", ""o.x"", ""p**"", ""ri1"", ""s-8"", ""s/8"", ""t_s"", ""td/"", ""w'?"", ""wd-""]",47,1,155,0.0064516129032258064
4,block_infix_fingerprint_v004.json,128,local_split_entropy_equivalence_classes,154,3,0.0,0.01,title,title,51, 2i,"["" 2i"", "" @w"", "" r4"", "" yj"", ""&ha"", ""&mr"", ""(80"", ""* t"", ""-jk"", ""-lj"", ""/7t"", ""0ci"", ""8tv"", ""99!"", ""9x0"", ""]em"", ""aj?"", ""cb,"", ""d6 "", ""er["", ""g* "", ""gh;"", ""ht&"", ""k43"", ""klp"", ""mr&"", ""p9 "", ""r44"", ""r[c"", ""r]e"", ""t&h"", ""ta1"", ""td6"", ""u8t"", ""uc:"", ""uv!"", ""vb3"", ""vg-"", ""vwe"", ""w.2"", ""xn/"", ""yj:"", ""zhj""]",43,1,155,0.0064516129032258064
4,block_infix_fingerprint_v004.json,128,local_split_entropy_equivalence_classes,154,3,0.0,0.01,title,title,52, 2m,"["" 2m"", ""!!*"", ""!*c"", ""(+/"", ""(+o"", ""(lr"", ""(pm"", "")zo"", ""*!!"", ""+/-"", ""+e:"", ""+h+"", ""+o-"", ""-7."", ""-85"", ""-ff"", ""-s4"", ""/-)"", ""/j "", ""17m"", ""5mi"", ""6ta"", ""92m"", ""[al"", ""b):"", ""b*!"", ""bhp"", ""d21"", ""dy2"", ""dz-"", ""e)r"", ""e3/"", ""eu;"", ""gmv"", ""h)l"", ""h+e"", ""hd."", ""hi("", ""i(z"", ""i.5"", ""jjn"", ""ke3"", ""kkm"", ""klb"", ""kwy"", ""lr,"", ""ly8"", ""m.2"", ""mgk"", ""n+:"", ""nf'"", ""oe9"", ""p99"", ""qm,"", ""qsw"", ""qxt"", ""r'c"", ""r2k"", ""r4:"", ""rg1"", ""rl$"", ""s&j"", ""s+h"", ""s1-"", ""s11"", ""s_1"", ""si]"", ""sp."", ""sxl"", ""up9"", ""wd)"", ""wt-"", ""xph"", ""xu!"", ""xuf"", ""y80"", ""ykm"", ""ywd"", ""z)z"", ""zkn"", ""zrv""]",81,1,155,0.0064516129032258064
4,block_infix_fingerprint_v004.json,128,local_split_entropy_equivalence_classes,154,3,0.0,0.01,title,title,53, 2w,"["" 2w"", "" 4m"", "" 7j"", "" d_"", "" w1"", ""!) "", ""!2 "", ""!; "", ""$t "", ""&l:"", ""&pa"", ""'dd"", ""'gd"", ""(ie"", ""(nd"", ""(u_"", "")zr"", ""**c"", ""-1)"", ""-pt"", "".6%"", "".sm"", ""0px"", ""1z1"", ""2sw"", ""37g"", ""3ar"", ""3i5"", ""4mo"", ""4pa"", ""7gy"", ""7jo"", ""_08"", ""_ad"", ""a05"", ""ba;"", ""bqa"", ""co$"", ""fp'"", ""fu("", ""fy2"", ""g2:"", ""grj"", ""h&g"", ""h&l"", ""h-8"", ""h1z"", ""h33"", ""h3a"", ""h3i"", ""hd5"", ""hp1"", ""hvx"", ""i'-"", ""i)'"", ""ibq"", ""ihg"", ""j-h"", ""ja0"", ""jex"", ""jf?"", ""jmn"", ""k&p"", ""k48"", ""md!"", ""mjj"", ""mn?"", ""nk&"", ""o$t"", ""o2s"", ""p!;"", ""p15"", ""ps*"", ""q.s"", ""sf)"", ""t!2"", ""t)z"", ""tnr"", ""tpk"", ""u_0"", ""ul8"", ""v-y"", ""vx "", ""w'v"", ""w10"", ""xg2"", ""y4p"", ""z.,""]",88,1,155,0.0064516129032258064
4,block_infix_fingerprint_v004.json,128,local_split_entropy_equivalence_classes,154,3,0.0,0.01,title,title,54, 3;,"["" 3;"", "" p!"", ""\"" f"", ""\""tr"", ""#5,"", ""#@&"", ""$/m"", ""$/t"", ""&%!"", ""'/9"", ""'fx"", "",57"", ""/jf"", ""/r&"", ""/tt"", ""0.l"", ""04e"", ""0to"", ""0x7"", ""3/r"", ""3@t"", ""45p"", ""4:7"", ""4e2"", ""5,2"", ""5/i"", ""6de"", ""7/c"", ""70x"", ""8kt"", ""8x4"", ""9/b"", "":29"", "":39"", "":pr"", "":ur"", "">pl"", ""?/q"", ""@&%"", ""@an"", ""at5"", ""bj,"", ""bn4"", ""dm'"", ""e28"", ""fl9"", ""fx'"", ""h2e"", ""hhy"", ""i$$"", ""jzv"", ""l9:"", ""ld^"", ""li$"", ""m)o"", ""mnw"", ""n4 "", ""nfb"", ""pe;"", ""r$/"", ""r/9"", ""r:u"", ""s04"", ""s3x"", ""tbb"", ""tl/"", ""w@a"", ""ww/"", ""x45"", ""y /""]",70,1,155,0.0064516129032258064
4,block_infix_fingerprint_v004.json,128,local_split_entropy_equivalence_classes,154,3,0.0,0.01,title,title,55, 3],"["" 3]"", "" 5x"", "" 9j"", "" > "", "" [z"", ""!ck"", ""$h!"", ""&b'"", ""&ju"", ""&ki"", ""&sh"", ""'py"", ""'zr"", ""( c"", "".c)"", "".ec"", "".k'"", "".st"", ""/h."", ""4r2"", ""6- "", ""60%"", ""70c"", ""9ja"", "":3 "", "":ru"", ""=4r"", ""=ga"", ""> f"", ""@!c"", ""@&k"", ""[eu"", ""[ze"", ""__b"", ""_bl"", ""bx!"", ""bx@"", ""ck0"", ""cr_"", ""dqa"", ""e:r"", ""ec("", ""es_"", ""eu]"", ""f@&"", ""gbw"", ""grs"", ""ixq"", ""jht"", ""k >"", ""k)o"", ""k01"", ""ky&"", ""lwc"", ""n4e"", ""nt&"", ""o:3"", ""pn1"", ""q.j"", ""qey"", ""qij"", ""qqq"", ""qsi"", ""qtp"", ""r )"", ""r__"", ""rn2"", ""rs3"", ""ru="", ""rx."", ""rxc"", ""s.z"", ""s=4"", ""s@m"", ""sa;"", ""sbx"", ""sfm"", ""sj'"", ""t :"", ""t'v"", ""u.u"", ""u=g"", ""uq/"", ""v ["", ""wn4"", ""x@!"", ""xiy"", ""xyk"", ""y&j"", ""zm'""]",90,1,155,0.0064516129032258064
4,block_infix_fingerprint_v004.json,128,local_split_entropy_equivalence_classes,154,3,0.0,0.01,title,title,56, 3b,"["" 3b"", ""&ar"", ""'lc"", ""'uz"", "")ee"", ""*h,"", ""+ci"", "".af"", "".d("", "".dy"", ""30]"", ""5.m"", ""68]"", ""8ou"", "":u "", ""@do"", ""@fi"", ""[17"", ""[18"", ""[a "", ""_tr"", ""a22"", ""au("", ""c-6"", ""ce@"", ""dvy"", ""e@d"", ""e@f"", ""en&"", ""g:u"", ""i+c"", ""i45"", ""jmc"", ""k ["", ""ki4"", ""l:k"", ""lu$"", ""lx,"", ""m-7"", ""m18"", ""mfc"", ""n&a"", ""ns3"", ""ntq"", ""nvs"", ""nx!"", ""on%"", ""ptx"", ""q'k"", ""r_t"", ""rn("", ""ro1"", ""s'f"", ""ti+"", ""u(x"", ""uvb"", ""vd1"", ""wv."", ""y)e"", ""yeq""]",60,1,155,0.0064516129032258064
4,block_infix_fingerprint_v004.json,128,local_split_entropy_equivalence_classes,154,3,0.0,0.01,title,title,57, 3o,"["" 3o"", "" 7?"", "" h'"", "" p?"", ""%*k"", ""(wg"", ""--i"", ""-hr"", "".?)"", ""/cd"", ""8:o"", "":- "", "":or"", ""=1."", ""al~"", ""bm?"", ""d--"", ""d:2"", ""f%*"", ""f'c"", ""hmp"", ""mgt"", ""n3t"", ""o)/"", ""oh8"", ""pf/"", ""qns"", ""s:-"", ""sqn"", ""uq'"", ""w3,"", ""wf-"", ""wfm"", ""xw-"", ""yvz""]",35,1,155,0.0064516129032258064
4,block_infix_fingerprint_v004.json,128,local_split_entropy_equivalence_classes,154,3,0.0,0.01,title,title,58, 4&,"["" 4&"", ""\""f\"""", ""'bb"", ""'fd"", ""(11"", "".!:"", "".a!"", ""/lk"", ""12g"", ""27'"", ""2gw"", ""3 +"", ""3s2"", ""4&5"", ""4m:"", ""69e"", ""73!"", ""8'2"", ""99x"", ""b.2"", ""c(s"", ""c-z"", ""d17"", ""d3'"", ""ddk"", ""de~"", ""e(l"", ""eqm"", ""e~d"", ""f\"" "", ""f'k"", ""fd3"", ""it@"", ""jhl"", ""jv:"", ""k3s"", ""kgh"", ""kjv"", ""kpp"", ""kr."", ""kz9"", ""l.j"", ""m'p"", ""m4m"", ""nqe"", ""qso"", ""ra("", ""u(r"", ""udq"", ""uqs"", ""v'c"", ""xt)"", ""ynq"", ""z9 "", ""ztn""]",55,1,155,0.0064516129032258064
4,block_infix_fingerprint_v004.json,128,local_split_entropy_equivalence_classes,154,3,0.0,0.01,title,title,59, 4b,"["" 4b"", ""\""mu"", ""'oq"", "")/p"", ""-gf"", ""4b "", ""6 3"", ""6/e"", ""@bi"", ""@cn"", ""e40"", ""f16"", ""f2k"", ""ff2"", ""fwg"", ""gf "", ""gkt"", ""i5,"", ""jzl"", ""ki\"""", ""l?)"", ""lhl"", ""n@b"", ""nht"", ""nxc"", ""ocb"", ""t@c"", ""wgk"", ""wn@"", ""xt@"", ""y)/"", ""ycm"", ""yx-""]",33,1,155,0.0064516129032258064
4,block_infix_fingerprint_v004.json,128,local_split_entropy_equivalence_classes,154,3,0.0,0.01,title,title,60, 4l,"["" 4l"", "" :3"", "" i+"", "" j&"", ""!)s"", ""#1]"", ""%t "", ""'25"", ""'nl"", ""'s;"", ""(f)"", "")ho"", "")ki"", "")s "", "")s("", ""+ii"", "",c,"", "",h,"", "",i,"", "",n,"", "",o,"", "",u,"", "".+r"", ""/cm"", ""07r"", ""2.)"", ""2ki"", ""30n"", ""36'"", ""4l4"", ""4m4"", ""4nt"", ""7.v"", ""8''"", "":al"", ""_ye"", ""a$ "", ""a(!"", ""ac;"", ""c,h"", ""cdb"", ""cdr"", ""dh."", ""e2k"", ""e8 "", ""e_s"", ""f)e"", ""f6 "", ""h,i"", ""he_"", ""hg:"", ""i(f"", ""i,n"", ""j&d"", ""jw?"", ""k)s"", ""k15"", ""l4m"", ""li("", ""mk2"", ""n,g"", ""n_y"", ""ne8"", ""nk1"", ""o,u"", ""ot+"", ""r')"", ""r)k"", ""s-0"", ""sa("", ""sjw"", ""svs"", ""sx8"", ""t,o"", ""t.+"", ""tdv"", ""tfp"", ""u,c"", ""ufy"", ""uy6"", ""v'o"", ""v.8"", ""v.y"", ""vt?"", ""vx2"", ""w)h"", ""wn("", ""wwu"", ""x80"", ""y69"", ""yt:""]",91,1,155,0.0064516129032258064
4,block_infix_fingerprint_v004.json,128,local_split_entropy_equivalence_classes,154,3,0.0,0.01,title,title,61, 5+,"["" 5+"", "" <h"", "" n1"", "" t7"", "" ~k"", "")dr"", ""/2."", ""0w "", ""1gh"", ""56e"", ""5bo"", ""8; "", ""98;"", ""<he"", ""@eu"", ""@na"", ""a)d"", ""al*"", ""ap;"", ""c ~"", ""de;"", ""e2c"", ""gi)"", ""in8"", ""lxe"", ""n1g"", ""n88"", ""n@n"", ""o/q"", ""o~ "", ""pg!"", ""r@e"", ""rbm"", ""s\"":"", ""sb1"", ""se>"", ""sm."", ""tgt"", ""v.5"", ""x <"", ""x2."", ""xct"", ""y-q"", ""~ke""]",44,1,155,0.0064516129032258064
4,block_infix_fingerprint_v004.json,128,local_split_entropy_equivalence_classes,154,3,0.0,0.01,title,title,62, 5;,"["" 5;"", "" 6x"", ""#oc"", ""#pu"", ""#sp"", ""$21"", ""%, "", ""'-w"", ""'7t"", ""'a!"", ""'hd"", ""'uy"", ""(5:"", ""(lt"", ""(oi"", "")rs"", "")us"", ""*mm"", ""+1-"", ""+39"", ""+5:"", ""+ri"", "",04"", "",43"", ""-7="", ""-c)"", ""-h."", ""-ns"", ""-uw"", ""-z!"", "".a,"", "".az"", "".h-"", "".xz"", ""/ n"", ""//q"", ""/9:"", ""/r:"", ""0%,"", ""0in"", ""0mq"", ""0sh"", ""0wo"", ""0x0"", ""0xb"", ""1-z"", ""1.n"", ""10w"", ""15!"", ""15h"", ""1>8"", ""1be"", ""1m "", ""1ui"", ""2 $"", ""2+5"", ""21m"", ""21u"", ""25g"", ""25s"", ""2:6"", ""2=0"", ""2=3"", ""2h_"", ""2ma"", ""32o"", ""36k"", ""3in"", ""3mm"", ""3v "", ""3x5"", ""4 #"", ""4.x"", ""43'"", ""45m"", ""48o"", ""4:6"", ""50o"", ""54h"", ""59'"", ""5; "", ""5f-"", ""5gs"", ""5hs"", ""5m2"", ""5sh"", ""61>"", ""6x1"", ""6xp"", ""7'0"", ""7,7"", ""70i"", ""72="", ""79n"", ""7=7"", ""7da"", ""7x "", ""80c"", ""80m"", ""8an"", ""98t"", ""9ny"", "":41"", "":49"", ""=1?"", ""=72"", "">88"", ""_dv"", ""a&k"", ""a+r"", ""a3d"", ""a44"", ""c- "", ""cm4"", ""dfz"", ""dlr"", ""dv."", ""e)2"", ""es4"", ""et0"", ""ev+"", ""f'a"", ""f/1"", ""fhj"", ""g8/"", ""g:2"", ""h!'"", ""ie3"", ""if1"", ""ix3"", ""j 6"", ""j 8"", ""jl:"", ""jth"", ""ku;"", ""l,'"", ""ld("", ""ljb"", ""lnc"", ""m01"", ""mtj"", ""n)u"", ""n.9"", ""nqn"", ""o)e"", ""o)t"", ""ou("", ""p(q"", ""q'u"", ""q)r"", ""qb:"", ""r'."", ""s2m"", ""t''"", ""t00"", ""ta+"", ""tp1"", ""um0"", ""us2"", ""uvw"", ""v+1"", ""wp:"", ""ww?"", ""wwp"", ""x2o"", ""xpm"", ""yk-"", ""ylg"", ""yqb"", ""zcs"", ""zg!""]",171,1,155,0.0064516129032258064
4,block_infix_fingerprint_v004.json,128,local_split_entropy_equivalence_classes,154,3,0.0,0.01,title,title,63, 5c,"["" 5c"", ""#1,"", ""(tf"", "")/e"", "",38"", "",68"", ""/$2"", ""/t3"", ""0b "", ""1,6"", ""11k"", ""21k"", ""33a"", ""36l"", ""39b"", ""4/$"", ""47b"", ""56b"", ""5ba"", ""63b"", ""6lb"", ""70b"", ""73a"", ""74a"", ""74k"", ""78b"", ""81k"", ""85b"", ""88a"", ""89b"", ""9-p"", ""97b"", ""99a"", ""99b"", ""bf3"", ""cc/"", ""fl,"", ""gp/"", ""hf."", ""l)/"", ""m5b"", ""qup"", ""r-4"", ""r:1"", ""t30"", ""vp?""]",46,1,155,0.0064516129032258064
4,block_infix_fingerprint_v004.json,128,local_split_entropy_equivalence_classes,154,3,0.0,0.01,title,title,64, 5s,"["" 5s"", "" `t"", ""#de"", ""$77"", ""&de"", ""-i6"", "".h/"", "".k-"", ""0/d"", ""09?"", ""3h4"", ""5-h"", ""5/p"", ""5sn"", ""`th"", ""a&d"", ""d+p"", ""dnm"", ""g.-"", ""h35"", ""h45"", ""hg!"", ""hmf"", ""i69"", ""jfy"", ""mgd"", ""mxe"", ""qbv"", ""r?)"", ""rqb"", ""s `"", ""tf-"", ""tl4"", ""trq"", ""v5 "", ""v7 "", ""w.u"", ""ya&"", ""z!.""]",39,1,155,0.0064516129032258064
4,block_infix_fingerprint_v004.json,128,local_split_entropy_equivalence_classes,154,3,0.0,0.01,title,title,65, 5w,"["" 5w"", "" 7m"", ""&at"", ""'':"", ""(eq"", "",72"", ""-@t"", ""-p2"", "".-i"", ""/73"", ""/x2"", ""1ro"", ""1rs"", ""2.-"", ""33'"", ""4'3"", ""45h"", ""5hp"", ""5wa"", ""65e"", ""7mo"", "":d:"", "":e:"", ""[fa"", ""_ma"", ""c.f"", ""cf2"", ""d,2"", ""d:e"", ""dfd"", ""dfk"", ""dhs"", ""dmp"", ""dnz"", ""dv4"", ""dv:"", ""dwf"", ""dz)"", ""e41"", ""e:d"", ""e_m"", ""f.,"", ""f1r"", ""fk6"", ""fkh"", ""flt"", ""fm8"", ""gk:"", ""hk,"", ""ik("", ""im_"", ""iv3"", ""k(a"", ""k.x"", ""k64"", ""kzh"", ""l_m"", ""l_w"", ""lm#"", ""lm]"", ""m#1"", ""m89"", ""n !"", ""n)."", ""n.-"", ""nlt"", ""nmh"", ""ot4"", ""ov)"", ""p-x"", ""ph)"", ""prm"", ""qqe"", ""rhg"", ""rxl"", ""s&a"", ""sh2"", ""t _"", ""t33"", ""t4m"", ""us4"", ""v3r"", ""v45"", ""wf/"", ""wfn"", ""xo-"", ""xu-"", ""y'u"", ""y-1"", ""yr!"", ""zyh""]",91,1,155,0.0064516129032258064
4,block_infix_fingerprint_v004.json,128,local_split_entropy_equivalence_classes,154,3,0.0,0.01,title,title,66, 7!,"["" 7!"", "" g@"", "" r/"", ""$$)"", ""'e/"", ""(a$"", ""+sc"", "",16"", ""-d,"", ""-f!"", "".uk"", ""/jx"", ""/pv"", ""2bu"", ""6.d"", ""=fu"", ""a6 "", ""ad3"", ""btj"", ""ce="", ""cpy"", ""d36"", ""dl?"", ""e=f"", ""eq-"", ""fo7"", ""g\""."", ""g-6"", ""g12"", ""g@y"", ""jx5"", ""k2b"", ""l),"", ""m'y"", ""o7 "", ""p4u"", ""qi'"", ""uyc"", ""v3!"", ""wm!"", ""wm,"", ""xdl""]",42,1,155,0.0064516129032258064
4,block_infix_fingerprint_v004.json,128,local_split_entropy_equivalence_classes,154,3,0.0,0.01,title,title,67, 7f,"["" 7f"", "" ;)"", "" @f"", "" i&"", ""'n!"", ""(eb"", ""(l-"", "")st"", "")wr"", ""*k'"", ""--p"", "".#n"", ""/dx"", ""02_"", ""04!"", ""06!"", ""11+"", ""2_0"", ""3ie"", ""3te"", ""4l:"", ""88'"", ""9/i"", "":la"", ""@ff"", ""]si"", ""_06"", ""_10"", ""a3i"", ""a47"", ""ay2"", ""b*s"", ""b77"", ""bk-"", ""ccf"", ""ctd"", ""d81"", ""df/"", ""dfx"", ""dnt"", ""dv-"", ""dvx"", ""e)w"", ""e2 "", ""ex$"", ""eyx"", ""f*s"", ""f4l"", ""fln"", ""hzr"", ""i&m"", ""j:l"", ""jyq"", ""l'v"", ""lm4"", ""lnn"", ""m:2"", ""mc?"", ""n ;"", ""n]s"", ""nd8"", ""nd_"", ""nzj"", ""p.9"", ""qof"", ""r1:"", ""r_1"", ""sg?"", ""sy7"", ""tr1"", ""u5 "", ""v59"", ""vhu"", ""vxl"", ""x$p"", ""x.#"", ""y74"", ""yqi"", ""yxp"", ""zr ""]",80,1,155,0.0064516129032258064
4,block_infix_fingerprint_v004.json,128,local_split_entropy_equivalence_classes,154,3,0.0,0.01,title,title,68, 8c,"["" 8c"", ""%t!"", "")-e"", ""/uu"", ""5'/"", ""7x8"", ""8c "", ""9=8"", ""= 4"", ""=81"", ""?)."", ""@ki"", ""@nr"", ""d'!"", ""dms"", ""e)-"", ""fdk"", ""fu;"", ""gx-"", ""hdm"", ""io_"", ""jb,"", ""jn?"", ""km8"", ""m86"", ""n.'"", ""njc"", ""nrk"", ""o60"", ""o71"", ""o72"", ""o75"", ""o85"", ""o87"", ""o88"", ""o96"", ""p4o"", ""swl"", ""thz"", ""to\"""", ""tt@"", ""tv+"", ""v/k"", ""wnk"", ""x9="", ""xki"", ""xxk"", ""yiq"", ""z4 "", ""zkm""]",50,1,155,0.0064516129032258064
4,block_infix_fingerprint_v004.json,128,local_split_entropy_equivalence_classes,154,3,0.0,0.01,title,title,69, 8x,"["" 8x"", "" =p"", "" rq"", "" {."", ""'-g"", ""'kk"", ""'s1"", ""*%k"", "",60"", ""1; "", ""21;"", ""27h"", ""2lu"", ""2o3"", ""2wa"", ""3,6"", ""45}"", ""4eb"", ""5} "", ""6 9"", ""69,"", ""76'"", ""7bt"", ""7hr"", ""81/"", ""8:e"", "":ci"", ""=ny"", ""=ph"", ""bp."", ""bzh"", ""c2l"", ""d:c"", ""dk9"", ""dp2"", ""dxo"", ""e2w"", ""e=n"", ""ec2"", ""ef2"", ""f'."", ""f*%"", ""f2p"", ""fgt"", ""fv "", ""g&c"", ""g),"", ""g2-"", ""gg&"", ""h-6"", ""hwn"", ""il("", ""il1"", ""it>"", ""jkb"", ""k90"", ""ke2"", ""kfv"", ""ljw"", ""m81"", ""mo;"", ""mo_"", ""mqo"", ""n-6"", ""ne="", ""no("", ""nt8"", ""o(s"", ""o37"", ""o_l"", ""od4"", ""og2"", ""qov"", ""r$a"", ""r)."", ""r09"", ""rhw"", ""srz"", ""t>l"", ""tft"", ""u :"", ""u5:"", ""uqr"", ""ur0"", ""v46"", ""v81"", ""y.i"", ""yp,"", ""yxk"", ""{.2"", ""} z""]",91,1,155,0.0064516129032258064
4,block_infix_fingerprint_v004.json,128,local_split_entropy_equivalence_classes,154,3,0.0,0.01,title,title,70, 9!,"["" 9!"", "" uq"", ""#9/"", ""'f*"", "",09"", ""-v:"", ""/dk"", ""1:b"", ""25b"", ""42b"", ""51b"", ""57b"", ""58a"", ""58b"", ""66a"", ""6:2"", ""71b"", ""74b"", ""9/e"", ""94b"", "":be"", ""=wh"", ""ag5"", ""fe#"", ""hkk"", ""ho3"", ""iq,"", ""j/j"", ""lnj"", ""n??"", ""o32"", ""r??"", ""rvk"", ""s&l"", ""x=w"", ""zz?""]",36,1,155,0.0064516129032258064
4,block_infix_fingerprint_v004.json,128,local_split_entropy_equivalence_classes,154,3,0.0,0.01,title,title,71, 9b,"["" 9b"", ""%ke"", ""&%k"", ""&s "", ""*&%"", ""2-u"", ""2rm"", ""4 5"", ""4e)"", ""9pm"", "";no"", ""a-0"", ""d)/"", ""dcv"", ""dv,"", ""dzp"", ""f*&"", ""h2b"", ""hdb"", ""i/'"", ""iz@"", ""jd."", ""jkd"", ""m&s"", ""n {"", ""o5t"", ""pi\"""", ""pi)"", ""pm,"", ""po5"", ""pp)"", ""pvb"", ""r'r"", ""s;n"", ""tc,"", ""te]"", ""ui}"", ""v/o"", ""vr6"", ""w-n"", ""y-3"", ""zdx"", ""zp ""]",43,1,155,0.0064516129032258064
4,block_infix_fingerprint_v004.json,128,local_split_entropy_equivalence_classes,154,3,0.0,0.01,title,title,72, 9m,"["" 9m"", "" q4"", "" v*"", ""\""da"", ""%! "", ""'zs"", ""(fy"", ""(kh"", ""*h/"", ""*i."", ""++ "", ""//y"", ""/m*"", ""/vc"", ""2fs"", ""92f"", ""a++"", ""a31"", ""ah2"", ""b//"", ""bfk"", ""dzz"", ""fc'"", ""iwp"", ""jlv"", ""m32"", ""m62"", ""njk"", ""q43"", ""st_"", ""t_w"", ""tlz"", ""tvw"", ""uwz"", ""v**"", ""v/v"", ""v27"", ""v3'"", ""vd?"", ""viw"", ""vji"", ""vww"", ""wbz"", ""wfs"", ""yg?""]",45,1,155,0.0064516129032258064
4,block_infix_fingerprint_v004.json,128,local_split_entropy_equivalence_classes,154,3,0.0,0.01,title,title,73, 9v,"["" 9v"", "" @s"", "" y1"", ""!sh"", ""#5-"", ""#fo"", ""$74"", ""&w,"", ""'/n"", ""'l/"", "")/y"", "".wm"", ""/y2"", ""0.b"", ""06'"", ""1ks"", ""24g"", ""3.f"", ""3x4"", ""4/c"", ""4/d"", ""4ga"", ""55p"", ""7/d"", ""95c"", ""9di"", ""9v "", "":3-"", ""ak3"", ""b26"", ""ccz"", ""cuh"", ""d$ "", ""d&c"", ""dc-"", ""djw"", ""h @"", ""i)/"", ""l'w"", ""lhc"", ""m'?"", ""mhh"", ""mvf"", ""rh-"", ""rw-"", ""vff"", ""wlc"", ""wmv"", ""wt:"", ""y.w"", ""zcc"", ""zll""]",52,1,155,0.0064516129032258064
4,block_infix_fingerprint_v004.json,128,local_split_entropy_equivalence_classes,154,3,0.0,0.01,title,title,74, :6,"["" :6"", ""#*t"", ""$ -"", ""$o$"", ""% z"", ""(1c"", ""(ef"", ""*po"", ""*ra"", ""+1e"", ""+b+"", ""-'6"", ""-fb"", "".g:"", "".s,"", ""/z:"", ""0wz"", ""1co"", ""1le"", ""1ll"", ""1n "", ""1nb"", ""2cu"", ""2d:"", ""2mo"", ""3tu"", ""4'0"", ""4ed"", ""4ie"", ""4k'"", ""5es"", ""6-'"", ""8:6"", ""9ns"", "":1)"", "";ye"", ""a1n"", ""ap*"", ""ap}"", ""ar+"", ""at2"", ""atq"", ""b+g"", ""b0w"", ""bn)"", ""cr."", ""d()"", ""e {"", ""e)e"", ""f/5"", ""fn-"", ""fo1"", ""i9n"", ""i:t"", ""iqc"", ""jd,"", ""l:l"", ""lrp"", ""n5e"", ""nb0"", ""no;"", ""o$ "", ""o1l"", ""o;y"", ""o_1"", ""p(g"", ""p*p"", ""p1l"", ""p31"", ""pqd"", ""pwl"", ""qce"", ""qyl"", ""r$o"", ""r+1"", ""r+b"", ""r3t"", ""ra1"", ""rp3"", ""s#*"", ""s*o"", ""s-7"", ""s1l"", ""s4:"", ""s4k"", ""scc"", ""si9"", ""ss*"", ""t1n"", ""t2m"", ""to_"", ""tqa"", ""uh)"", ""uqq"", ""utq"", ""uxy"", ""ve#"", ""wz,"", ""x.v"", ""y4t"", ""ysx"", ""zdv"", ""zr:"", ""ztk""]",104,1,155,0.0064516129032258064
4,block_infix_fingerprint_v004.json,128,local_split_entropy_equivalence_classes,154,3,0.0,0.01,title,title,75, <<,"["" <<"", "" `a"", ""* d"", ""/cv"", ""/xz"", ""<<b"", ""<bi"", ""> o"", "">> "", ""`aw"", ""bi>"", ""e+ "", ""i>>"", ""ke+"", ""lnb"", ""me1"", ""n `"", ""nfk"", ""nj/"", ""nt\"""", ""o <"", ""re5"", ""v./"", ""xe'"", ""ya]"", ""yex""]",26,1,155,0.0064516129032258064
4,block_infix_fingerprint_v004.json,128,local_split_entropy_equivalence_classes,154,3,0.0,0.01,title,title,76, =t,"["" =t"", ""!tc"", ""'ww"", ""(ml"", ""* k"", ""- _"", ""-ej"", ""-nj"", ""-oe"", "".sy"", ""56/"", ""7pe"", ""8o2"", ""9h2"", ""=tr"", "">si"", ""?ba"", ""@ed"", ""_ -"", ""_sc"", ""`yn"", ""a?b"", ""a`y"", ""ak;"", ""ax3"", ""az1"", ""b!t"", ""bfc"", ""bfz"", ""bps"", ""bx."", ""c19"", ""ch7"", ""ckq"", ""cl,"", ""cr7"", ""ctp"", ""cu4"", ""cu@"", ""cwp"", ""d'p"", ""d77"", ""d7p"", ""e1'"", ""e>s"", ""ec)"", ""em0"", ""g'$"", ""g_g"", ""gdw"", ""h28"", ""hsz"", ""i3d"", ""in9"", ""ir3"", ""iwm"", ""j'd"", ""k'v"", ""ky2"", ""l(e"", ""l+r"", ""l.)"", ""ll("", ""lu_"", ""m.z"", ""m08"", ""mnb"", ""mp+"", ""ne>"", ""o*m"", ""o.y"", ""p'l"", ""pnk"", ""r25"", ""r3d"", ""sw1"", ""to*"", ""u4t"", ""u@e"", ""u_s"", ""wmh"", ""yz!"", ""z14""]",83,1,155,0.0064516129032258064
4,block_infix_fingerprint_v004.json,128,local_split_entropy_equivalence_classes,154,3,0.0,0.01,title,title,77, >>,"["" >>"", "" d7"", "" fg"", "" j1"", "" j3"", "" p0"", ""!fe"", ""$al"", ""&m,"", ""'1 "", ""(rx"", "")kl"", "")w "", ""**8"", ""+l'"", ""+zh"", "".sw"", ""1fe"", ""1m:"", ""1os"", ""4 q"", ""8jj"", ""98j"", "":xp"", "">>>"", "">>f"", "">fa"", ""[ol"", ""[ri"", ""`i:"", ""b'k"", ""cy)"", ""de+"", ""e+l"", ""e:x"", ""g >"", ""h)'"", ""ht["", ""hxo"", ""iqn"", ""j1."", ""jcb"", ""jgs"", ""jwc"", ""jzu"", ""k(n"", ""k40"", ""knf"", ""krl"", ""kwm"", ""l!f"", ""l&m"", ""l1f"", ""lg/"", ""lgf"", ""m+z"", ""m24"", ""n)k"", ""n.x"", ""o)w"", ""o`i"", ""p08"", ""qe,"", ""qeb"", ""rc."", ""rg;"", ""rvf"", ""rx)"", ""rxu"", ""t(c"", ""t[s"", ""u-6"", ""vlz"", ""wml"", ""x):"", ""x,."", ""zkh""]",77,1,155,0.0064516129032258064
4,block_infix_fingerprint_v004.json,128,local_split_entropy_equivalence_classes,154,3,0.0,0.01,title,title,78, ?u,"["" ?u"", ""\""ba"", ""'xt"", ""(77"", ""(c."", ""+99"", ""-o."", "".-o"", "".5!"", ""1+9"", ""58k"", ""6in"", ""8kg"", ""?)m"", ""?ue"", ""crl"", ""e(?"", ""e6 "", ""f17"", ""fe("", ""j/c"", ""jz-"", ""kgm"", ""lzr"", ""m78"", ""r1-"", ""r54"", ""re6"", ""u8 "", ""uf1"", ""v-9"", ""v.l"", ""w3'"", ""w81"", ""whd"", ""whr"", ""wjr"", ""wjz"", ""x.k"", ""x2k"", ""x9 "", ""xk8"", ""xuh"", ""ynp""]",44,1,155,0.0064516129032258064
4,block_infix_fingerprint_v004.json,128,local_split_entropy_equivalence_classes,154,3,0.0,0.01,title,title,79, @$,"["" @$"", "" j2"", "" n7"", "" r6"", "" y7"", "" y8"", ""$$h"", ""'mt"", ""'n)"", ""(ir"", ""(o'"", ""1*'"", ""18s"", ""34!"", ""41'"", ""53t"", ""7-c"", ""7.p"", ""71'"", ""8se"", "":di"", ""@$$"", ""@s "", ""@s/"", ""b:d"", ""b:n"", ""bhs"", ""bl-"", ""cyv"", ""dcs"", ""e(e"", ""f!'"", ""g1:"", ""gpm"", ""h ~"", ""hpm"", ""k.;"", ""kk."", ""l37"", ""m.!"", ""n44"", ""na]"", ""nrs"", ""nt@"", ""o4 "", ""po4"", ""r!,"", ""r'b"", ""r)r"", ""r6 "", ""s/6"", ""sg1"", ""t@s"", ""ts9"", ""ul3"", ""um9"", ""vrv"", ""wrg"", ""y7-"", ""y8-""]",60,1,155,0.0064516129032258064
4,block_infix_fingerprint_v004.json,128,local_split_entropy_equivalence_classes,154,3,0.0,0.01,title,title,80, @1,"["" @1"", ""\"" k"", ""\""pe"", ""(py"", ""(ug"", ""+cl"", ""-1."", ""-3n"", ""-9m"", ""-o,"", ""/kw"", ""/l "", ""/xx"", ""07?"", ""1 @"", ""1)/"", ""36s"", ""3n "", ""4x9"", ""53%"", ""6st"", ""80%"", ""84x"", ""8h1"", ""=za"", ""@11"", ""_su"", ""a58"", ""ag="", ""clg"", ""cq/"", ""d+1"", ""d0s"", ""d_s"", ""dld"", ""g=z"", ""ghq"", ""jmt"", ""mjr"", ""ni~"", ""p/x"", ""pa2"", ""r-5"", ""r/5"", ""sdl"", ""vyx"", ""x-6"", ""yxs"", ""z.?"", ""~ o"", ""~ai""]",51,1,155,0.0064516129032258064
4,block_infix_fingerprint_v004.json,128,local_split_entropy_equivalence_classes,154,3,0.0,0.01,title,title,81, @a,"["" @a"", "" b6"", "" e)"", "" g!"", "" n9"", "" v0"", ""!% "", ""#!%"", ""'j."", ""('j"", ""(ox"", ""(sg"", ""(y)"", "")ad"", "")lj"", ""**!"", ""-3s"", ""-tb"", "".oe"", ""/ej"", ""21c"", ""23t"", ""25c"", ""3-v"", ""31t"", ""3s!"", ""45'"", ""52t"", ""8ml"", ""95!"", ""9ei"", ""9x:"", ""?ic"", ""@ 2"", ""@ak"", ""@y "", ""b63"", ""bcr"", ""c'-"", ""c_w"", ""cgw"", ""d,'"", ""d@y"", ""en9"", ""hpd"", ""hvz"", ""jtk"", ""l(y"", ""n9e"", ""n9n"", ""nd@"", ""oz)"", ""p!t"", ""pfx"", ""rmq"", ""rv?"", ""sd)"", ""sgg"", ""sn."", ""sp!"", ""t9x"", ""t?i"", ""to]"", ""uj,"", ""uo?"", ""v0."", ""wrm"", ""y')"", ""y)i""]",69,1,155,0.0064516129032258064
4,block_infix_fingerprint_v004.json,128,local_split_entropy_equivalence_classes,154,3,0.0,0.01,title,title,82, @l,"["" @l"", "" lq"", ""\""dr"", ""*si"", ""/iu"", ""1:6"", ""3/p"", ""3p!"", ""6/n"", ""@ll"", ""ag2"", ""cc-"", ""ed\"""", ""ej/"", ""fmr"", ""g2o"", ""hj-"", ""kcc"", ""kdn"", ""kl!"", ""kvs"", ""l8r"", ""lpd"", ""lr1"", ""lzj"", ""m'q"", ""vcn"", ""x'e""]",28,1,155,0.0064516129032258064
4,block_infix_fingerprint_v004.json,128,local_split_entropy_equivalence_classes,154,3,0.0,0.01,title,title,83, ``,"["" ``"", ""\""la"", ""'iy"", ""(2h"", ""(8:"", ""*&@"", ""*ee"", ""*sy"", "",90"", ""/kk"", ""0gt"", ""2hr"", ""3,9"", ""35x"", ""36r"", ""6rx"", ""94'"", ""``g"", ""`go"", ""bgg"", ""cq!"", ""e*e"", ""h `"", ""i.!"", ""il8"", ""k\"" "", ""l*&"", ""mc/"", ""mk/"", ""otq"", ""p1 "", ""pkw"", ""sk\"""", ""v.w"", ""vsv"", ""wr,"", ""xr-"", ""ze*""]",38,1,155,0.0064516129032258064
4,block_infix_fingerprint_v004.json,128,local_split_entropy_equivalence_classes,154,3,0.0,0.01,title,title,84, `e,"["" `e"", ""!!1"", ""!11"", ""\""hu"", ""$*%"", ""$33"", ""%er"", ""(4/"", "")/t"", "")ch"", "")do"", ""*% "", ""-a'"", ""/'g"", ""/y-"", ""0%e"", ""0tv"", ""40z"", ""6+1"", ""7 #"", ""79*"", ""9-y"", ""> p"", ""[e]"", ""`em"", ""ba("", ""cqf"", ""d.y"", ""dz."", ""e `"", ""e)d"", ""iql"", ""kzm"", ""m27"", ""qfd"", ""rh:"", ""rp)"", ""s> "", ""un["", ""wm2"", ""ws>"", ""wu?"", ""z.c""]",43,1,155,0.0064516129032258064
4,block_infix_fingerprint_v004.json,128,local_split_entropy_equivalence_classes,154,3,0.0,0.01,title,title,85, b#,"["" b#"", ""&c)"", ""'h2"", ""'xc"", ""(b&"", ""(ts"", "")-m"", ""*kl"", ""*tb"", "".c?"", "".ej"", ""/zb"", ""0rr"", ""2ri"", ""3ee"", ""41e"", ""6-c"", ""a~i"", ""b&c"", ""bf1"", ""d(o"", ""e3e"", ""epg"", ""f'x"", ""f4 "", ""fr-"", ""ggj"", ""gnw"", ""gs2"", ""ha1"", ""hdv"", ""ifw"", ""p(p"", ""p)-"", ""pg7"", ""s2r"", ""sa~"", ""twt"", ""u2g"", ""w&w"", ""ye3"", ""~i!""]",42,1,155,0.0064516129032258064
4,block_infix_fingerprint_v004.json,128,local_split_entropy_equivalence_classes,154,3,0.0,0.01,title,title,86, b5,"["" b5"", "" y6"", ""##i"", ""(dj"", ""(ty"", "")kt"", ""-d1"", "".2b"", "".ok"", "".pb"", "".zw"", ""/2s"", ""/8t"", ""14]"", ""1al"", ""6ts"", ""70%"", ""9 9"", ""ar6"", ""ax;"", ""c:s"", ""crm"", ""csg"", ""d1a"", ""dlf"", ""eoq"", ""f##"", ""g-3"", ""h(s"", ""i)e"", ""im1"", ""k3/"", ""knq"", ""l-3"", ""l3d"", ""n(?"", ""o(t"", ""o-8"", ""o0k"", ""ob;"", ""ov("", ""ow["", ""p'p"", ""pbn"", ""pgn"", ""po0"", ""r3-"", ""r69"", ""sdd"", ""t2p"", ""tbc"", ""uc-"", ""v'g"", ""v(i"", ""w.?"", ""w[s"", ""wbm"", ""wzr"", ""x)t"", ""y6-""]",60,1,155,0.0064516129032258064
4,block_infix_fingerprint_v004.json,128,local_split_entropy_equivalence_classes,154,3,0.0,0.01,title,title,87, d?,"["" d?"", ""(25"", ""(nj"", ""*nt"", ""/86"", ""/88"", ""/92"", ""32x"", ""48f"", ""87/"", ""8fp"", ""a:)"", ""ag7"", ""c&c"", ""c*n"", ""c3-"", ""dpd"", ""e-'"", ""e/8"", ""ejg"", ""gn)"", ""gyw"", ""h\""?"", ""hkn"", ""hp/"", ""m-8"", ""n)?"", ""o~!"", ""pdy"", ""r)'"", ""r3m"", ""sz/"", ""txy"", ""u?-"", ""ygk"", ""zox""]",36,1,155,0.0064516129032258064
4,block_infix_fingerprint_v004.json,128,local_split_entropy_equivalence_classes,154,3,0.0,0.01,title,title,88, e1,"["" e1"", "" r$"", ""#1?"", "")eq"", ""*k-"", ""-zc"", "".uw"", ""/'h"", ""0n,"", ""20k"", ""4ge"", ""61t"", ""b)t"", ""e$:"", ""e15"", ""e1n"", ""fe\"""", ""fnb"", ""ox6"", ""p?'"", ""pf'"", ""ptp"", ""r$5"", ""s'8"", ""us+"", ""x02"", ""x06"", ""x07"", ""yzl"", ""zc-""]",30,1,155,0.0064516129032258064
4,block_infix_fingerprint_v004.json,128,local_split_entropy_equivalence_classes,154,3,0.0,0.01,title,title,89," f,","["" f,"", "" z0"", ""\""/n"", ""$h?"", ""'f-"", ""(b."", ""(tj"", "")mi"", "".?-"", ""//e"", ""33m"", ""?/1"", ""a\""/"", ""av?"", ""bkw"", ""bmp"", ""bt;"", ""c.!"", ""e(t"", ""fg:"", ""i)m"", ""jx3"", ""kwl"", ""l65"", ""lxg"", ""ma~"", ""p:/"", ""pr?"", ""sc6"", ""sc8"", ""sl6"", ""tfg"", ""uhz"", ""xcy"", ""xf-"", ""ykv"", ""zzd""]",37,1,155,0.0064516129032258064
4,block_infix_fingerprint_v004.json,128,local_split_entropy_equivalence_classes,154,3,0.0,0.01,title,title,90, f5,"["" f5"", ""!re"", ""'3 "", ""(9 "", ""(dz"", "") 5"", ""+33"", ""+bl"", ""-' "", ""--'"", "".k:"", "".uu"", ""0re"", ""1ev"", ""2.i"", ""2.k"", ""25h"", ""2d/"", ""4hi"", ""7'2"", ""89!"", "":ph"", ""@17"", ""[:p"", ""_60"", ""a65"", ""ar9"", ""ay_"", ""bbg"", ""bhw"", ""d@1"", ""dc3"", ""dkw"", ""e14"", ""e1e"", ""ea;"", ""eqs"", ""f.2"", ""f20"", ""fb:"", ""fi."", ""fs)"", ""gr "", ""h!n"", ""hgg"", ""hhg"", ""hsq"", ""jlt"", ""k:3"", ""kbb"", ""kv:"", ""la("", ""ldq"", ""m!r"", ""m(d"", ""nb:"", ""ne*"", ""o,0"", ""pdv"", ""qsp"", ""r97"", ""re3"", ""sb,"", ""sh+"", ""uxc"", ""v17"", ""wgt"", ""wt,"", ""wt."", ""x?!"", ""xa)"", ""xu,"", ""y_6"", ""yg-""]",74,1,155,0.0064516129032258064
4,block_infix_fingerprint_v004.json,128,local_split_entropy_equivalence_classes,154,3,0.0,0.01,title,title,91, f?,"["" f?"", ""#k'"", ""(ky"", ""(wu"", ""-l1"", ""/o-"", ""/x:"", ""1gp"", ""1t,"", ""1tc"", ""41+"", ""41n"", ""4c4"", ""b&o"", ""b1t"", ""c41"", ""cs6"", ""dm."", ""e'8"", ""f1g"", ""flx"", ""gcf"", ""h1t"", ""js,"", ""jwy"", ""l.?"", ""s6,"", ""v41"", ""wuu"", ""ytc"", ""zd.""]",31,1,155,0.0064516129032258064
4,block_infix_fingerprint_v004.json,128,local_split_entropy_equivalence_classes,154,3,0.0,0.01,title,title,92, g&,"["" g&"", "" i4"", "" ~y"", ""&@k"", ""&m-"", ""'mc"", ""(dv"", ""(s3"", ""*s!"", ""/f:"", ""/h "", ""/p-"", ""/w."", ""2!)"", ""38?"", ""6b/"", ""8en"", ""@k?"", ""axq"", ""bvn"", ""cj5"", ""e)!"", ""f&@"", ""g&g"", ""g35"", ""h&m"", ""i-3"", ""j5 "", ""jkw"", ""l63"", ""lr2"", ""lvp"", ""ml6"", ""mx/"", ""o53"", ""o54"", ""o67"", ""o89"", ""o93"", ""o98"", ""q-f"", ""qi,"", ""r*a"", ""s40"", ""slq"", ""st4"", ""t38"", ""v2!"", ""vd)"", ""vkj"", ""vxe"", ""wrv"", ""xvx"", ""y)'"", ""~yu""]",55,1,155,0.0064516129032258064
4,block_infix_fingerprint_v004.json,128,local_split_entropy_equivalence_classes,154,3,0.0,0.01,title,title,93, g?,"["" g?"", ""'ld"", ""(oa"", ""+00"", ""-#7"", ""/ i"", ""/2t"", ""/34"", ""02e"", ""2ex"", ""32s"", ""97t"", ""@! "", ""bu~"", ""f?/"", ""g/ "", ""jc,"", ""jk'"", ""k'6"", ""n45"", ""ppx"", ""q/w"", ""s&@"", ""s.9"", ""vms"", ""x.:"", ""xr7"", ""y',"", ""y/2"", ""~to""]",30,1,155,0.0064516129032258064
4,block_infix_fingerprint_v004.json,128,local_split_entropy_equivalence_classes,154,3,0.0,0.01,title,title,94, gk,"["" gk"", "" w0"", ""$h:"", ""'7 "", ""(dc"", ""(gc"", ""-kf"", ""/nc"", ""0gz"", ""1/r"", ""2g:"", ""39e"", ""4-o"", ""9-l"", "";as"", ""b=m"", ""c),"", ""c:h"", ""d00"", ""dc)"", ""fj'"", ""g2g"", ""gc)"", ""gj-"", ""gzv"", ""i/9"", ""ka3"", ""lv1"", ""lwf"", ""mt7"", ""n23"", ""nd&"", ""nn2"", ""t /"", ""t72"", ""tv1"", ""w0g"", ""zbz"", ""zv ""]",39,1,155,0.0064516129032258064
4,block_infix_fingerprint_v004.json,128,local_split_entropy_equivalence_classes,154,3,0.0,0.01,title,title,95, h),"["" h)"", ""/hn"", ""0bs"", ""3'."", ""3j "", ""4.:"", ""4a/"", ""7/n"", ""88%"", "":sy"", ""_fe"", ""a@n"", ""ak_"", ""bdd"", ""by2"", ""c39"", ""cbd"", ""gzt"", ""hc3"", ""k_f"", ""p'j"", ""pa@"", ""t'8"", ""v7/"", ""x59"", ""ypv"", ""z.w"", ""ztf""]",28,1,155,0.0064516129032258064
4,block_infix_fingerprint_v004.json,128,local_split_entropy_equivalence_classes,154,3,0.0,0.01,title,title,96, h*,"["" h*"", "" k*"", ""#2,"", ""$% "", "",94"", ""-4x"", "".2l"", "".jp"", "".ke"", ""/mx"", ""2l "", ""33k"", ""4m3"", ""5,9"", ""72?"", ""8l "", ""a8l"", ""a~?"", ""ecx"", ""g33"", ""g4m"", ""h*y"", ""ip#"", ""jr?"", ""k'm"", ""k*a"", ""l*a"", ""lpn"", ""mrp"", ""no\"""", ""o-4"", ""o??"", ""ox)"", ""p#2"", ""p*l"", ""r3 "", ""rjy"", ""rq!"", ""rv."", ""sc5"", ""sc7"", ""t6:"", ""upq"", ""wr3"", ""y*m"", ""~?!""]",46,1,155,0.0064516129032258064
4,block_infix_fingerprint_v004.json,128,local_split_entropy_equivalence_classes,154,3,0.0,0.01,title,title,97, h+,"["" h+"", ""\"" u"", ""'/l"", ""'/y"", ""'hn"", ""-58"", ""-v,"", ""/56"", ""/fm"", ""/n'"", ""0me"", ""1.m"", ""3d,"", ""a26"", ""blc"", ""cc!"", ""do~"", ""g.q"", ""g/6"", ""h+ "", ""h2:"", ""hkm"", ""i.?"", ""i/2"", ""j/p"", ""jcs"", ""k-6"", ""k5/"", ""m',"", ""nv)"", ""oj/"", ""o~n"", ""o~s"", ""p?!"", ""phm"", ""r71"", ""sc?"", ""se\"""", ""sr7"", ""vnl"", ""vrp"", ""xtd"", ""y-9"", ""yk'"", ""ymw"", ""yz)"", ""z!i"", ""z'?"", ""znf"", ""~na"", ""~su""]",51,1,155,0.0064516129032258064
4,block_infix_fingerprint_v004.json,128,local_split_entropy_equivalence_classes,154,3,0.0,0.01,title,title,98, h0,"["" h0"", "" {h"", ""!?*"", ""&a)"", ""''a"", ""(3r"", ""(gf"", ""(hk"", ""(q&"", ""-'7"", ""-zb"", ""//p"", ""0le"", ""0x5"", ""2oi"", ""2op"", ""4:e"", ""4ui"", ""5.j"", ""6-n"", ""7v."", ""8-'"", ""8pu"", ""9'e"", ""?* "", ""[pr"", ""_ex"", ""a'?"", ""bdy"", ""dzr"", ""e4u"", ""eo7"", ""er}"", ""f//"", ""fa."", ""goq"", ""h0l"", ""hds"", ""hkg"", ""hmg"", ""hq-"", ""i'z"", ""i(g"", ""il_"", ""is2"", ""jcf"", ""je4"", ""k {"", ""k(e"", ""kg)"", ""kmd"", ""l/4"", ""l_e"", ""mcy"", ""mm)"", ""o7:"", ""ovz"", ""pi("", ""q-e"", ""qpu"", ""ry4"", ""s2o"", ""st@"", ""u $"", ""uoa"", ""uqp"", ""va;"", ""vpo"", ""wk("", ""wn3"", ""xg3"", ""y4s"", ""zl'"", ""znh"", ""{hd""]",75,1,155,0.0064516129032258064
4,block_infix_fingerprint_v004.json,128,local_split_entropy_equivalence_classes,154,3,0.0,0.01,title,title,99, h1,"["" h1"", "" w9"", ""\""oz"", ""(33"", ""+ q"", "",22"", ""-p/"", ""/kf"", ""/tx"", ""/vv"", ""0.e"", ""2d'"", ""2f-"", ""8t/"", ""?/v"", ""_an"", ""as("", ""cdc"", ""d2a"", ""dwb"", ""e'-"", ""e1f"", ""e_a"", ""hbs"", ""ie_"", ""kd2"", ""kmt"", ""kt2"", ""m8t"", ""mg2"", ""n/6"", ""py;"", ""xyt""]",33,1,155,0.0064516129032258064
4,block_infix_fingerprint_v004.json,128,local_split_entropy_equivalence_classes,154,3,0.0,0.01,title,title,100, j!,"["" j!"", ""\""si"", ""&j/"", ""&sa"", ""-gt"", ""-w "", ""15c"", ""1b3"", ""34r"", ""4 8"", ""4 9"", ""4r "", ""63/"", ""9s/"", "":br"", "":se"", ""@go"", ""a.4"", ""ah@"", ""c!?"", ""c)!"", ""d8a"", ""e2r"", ""e:b"", ""e>l"", ""el2"", ""fg "", ""fx5"", ""h34"", ""h5 "", ""h@g"", ""hvy"", ""jtp"", ""k9s"", ""m1-"", ""n)g"", ""ocj"", ""ok\"""", ""pcj"", ""ph3"", ""ps9"", ""pwb"", ""r)!"", ""re>"", ""scp"", ""t/9"", ""tmp"", ""ur+"", ""w)b"", ""ws9"", ""yrp"", ""z $""]",52,1,155,0.0064516129032258064
4,block_infix_fingerprint_v004.json,128,local_split_entropy_equivalence_classes,154,3,0.0,0.01,title,title,101, j0,"["" j0"", "" j?"", ""#$ "", ""&#$"", ""(7-"", ""(7o"", ""(t."", "".ac"", "".ze"", ""/tm"", ""83/"", ""? ["", ""_ai"", ""a)o"", ""a*l"", ""c?/"", ""dr!"", ""e4)"", ""em_"", ""eo8"", ""f#c"", ""fy)"", ""gl'"", ""gs;"", ""iv("", ""j03"", ""jfi"", ""k??"", ""kld"", ""l(i"", ""l*t"", ""m(a"", ""m_a"", ""mp;"", ""n/3"", ""ol("", ""pyv"", ""qsm"", ""s?]"", ""t*e"", ""tms"", ""twg"", ""ty8"", ""ub2"", ""v(r"", ""vc1"", ""vkv"", ""w.j"", ""y8k"", ""y:2""]",50,1,155,0.0064516129032258064
4,block_infix_fingerprint_v004.json,128,local_split_entropy_equivalence_classes,154,3,0.0,0.01,title,title,102," m,","["" m,"", ""&fi"", ""'cq"", ""(lg"", ""*vi"", ""-m4"", "".t'"", ""0):"", ""0u8"", ""2o)"", ""4c-"", ""4n "", ""7-v"", ""7-x"", ""8es"", ""8le"", ""> a"", ""@re"", ""@ta"", ""[oh"", ""_a_"", ""_ha"", ""_in"", ""a:r"", ""a_h"", ""an_"", ""ax6"", ""ay$"", ""bdm"", ""c87"", ""c__"", ""ch3"", ""cmm"", ""cq'"", ""cv:"", ""cvk"", ""cz@"", ""db5"", ""du("", ""dzg"", ""e!m"", ""e1-"", ""e^3"", ""et*"", ""fwb"", ""g4:"", ""ik&"", ""io]"", ""it5"", ""jnl"", ""k&f"", ""k5:"", ""lbp"", ""mc_"", ""mk5"", ""mnc"", ""n2o"", ""n_a"", ""n_i"", ""ncw"", ""ne^"", ""nqv"", ""nvd"", ""oc8"", ""p45"", ""p4c"", ""p6k"", ""p@r"", ""pg4"", ""r0u"", ""scm"", ""sxp"", ""t*v"", ""t-)"", ""t.8"", ""to;"", ""tr0"", ""tz)"", ""u.'"", ""u8l"", ""vdd"", ""xbi"", ""y.-"", ""z@t""]",84,1,155,0.0064516129032258064
4,block_infix_fingerprint_v004.json,128,local_split_entropy_equivalence_classes,154,3,0.0,0.01,title,title,103, n!,"["" n!"", "" q+"", "" x+"", ""#0:"", ""#5)"", ""$=m"", ""'/u"", ""'b!"", ""'e-"", ""('p"", ""(hs"", "",62"", ""-9s"", ""-fx"", "".f:"", ""/58"", ""/ek"", ""/ks"", ""/p!"", ""35d"", ""57/"", ""7,6"", ""7/5"", "":cl"", ""b!'"", ""bm,"", ""bwr"", ""c.z"", ""d.!"", ""jix"", ""jm,"", ""jng"", ""n3 "", ""pvj"", ""q+a"", ""q.1"", ""s:c"", ""st6"", ""tj'"", ""uxr"", ""vct"", ""w.6"", ""wp!"", ""wpp"", ""x+4"", ""xd)"", ""yiv"", ""zd,""]",48,1,155,0.0064516129032258064
4,block_infix_fingerprint_v004.json,128,local_split_entropy_equivalence_classes,154,3,0.0,0.01,title,title,104, n5,"["" n5"", ""\""sa"", ""'pj"", "")ce"", "")je"", ""./."", ""//d"", ""/sx"", ""0/i"", ""10?"", ""1ar"", ""31?"", ""3er"", ""5 8"", ""8//"", ""@av"", ""a$e"", ""a27"", ""bfh"", ""eq."", ""fa("", ""fg,"", ""fhb"", ""ge\"""", ""h/'"", ""ha$"", ""ho("", ""ia2"", ""ig\"""", ""ks="", ""l@a"", ""m.3"", ""m/2"", ""n)j"", ""ne6"", ""o?,"", ""p(c"", ""prh"", ""qks"", ""rqk"", ""s=m"", ""sw/"", ""up("", ""wc/""]",44,1,155,0.0064516129032258064
4,block_infix_fingerprint_v004.json,128,local_split_entropy_equivalence_classes,154,3,0.0,0.01,title,title,105, p4,"["" p4"", ""(j)"", ""(ss"", ""-5m"", ""-nt"", ""-z,"", "".by"", ""/dl"", ""/ox"", ""22'"", ""3/ "", ""3/z"", ""8/l"", ""a3a"", ""a42"", ""axj"", ""b13"", ""bjf"", ""c/z"", ""dnk"", ""es3"", ""g'z"", ""hhr"", ""j)e"", ""jf-"", ""m(j"", ""ma3"", ""n-7"", ""o/2"", ""o51"", ""o57"", ""o59"", ""o64"", ""o66"", ""o91"", ""o99"", ""rdx"", ""s35"", ""sbn"", ""srh"", ""whn"", ""wlp"", ""xjo"", ""y.'""]",44,1,155,0.0064516129032258064
4,block_infix_fingerprint_v004.json,128,local_split_entropy_equivalence_classes,154,3,0.0,0.01,title,title,106, q7,"["" q7"", "" s8"", ""\""br"", ""\""ov"", ""\""ro"", ""'!/"", ""'o,"", ""(k."", ""(lc"", ""(ws"", "")/u"", "")po"", ""*'s"", ""**'"", ""-'a"", ""--g"", ""-hv"", ""/s5"", ""1 \"""", ""1)!"", ""1? "", ""2a1"", ""3)!"", ""35h"", ""3as"", ""a5/"", ""c)/"", ""c**"", ""d)p"", ""db9"", ""eg@"", ""k.)"", ""kc:"", ""kk2"", ""lr-"", ""m+m"", ""m2a"", ""m35"", ""md-"", ""mff"", ""mfx"", ""mkc"", ""mm9"", ""mrf"", ""o52"", ""o61"", ""o62"", ""o76"", ""o79"", ""o82"", ""o84"", ""p3a"", ""q7 "", ""s80"", ""s?\"""", ""xc7"", ""xm-""]",57,1,155,0.0064516129032258064
4,block_infix_fingerprint_v004.json,128,local_split_entropy_equivalence_classes,154,3,0.0,0.01,title,title,107, qp,"["" qp"", ""#fm"", ""'-r"", ""'j'"", ""--w"", ""-e/"", ""/1/"", ""/ls"", ""2(x"", ""24b"", ""2xl"", ""40a"", ""42a"", ""48a"", ""52a"", ""55b"", ""56a"", ""61b"", ""63a"", ""68a"", ""70a"", ""71a"", ""79b"", ""86b"", ""93a"", ""93b"", ""94a"", ""a39"", ""bq-"", ""h $"", ""n14"", ""rt\"""", ""u.o"", ""un1"", ""vj'"", ""w !"", ""wc'"", ""x)i"", ""xps"", ""y:p"", ""yk/""]",41,1,155,0.0064516129032258064
4,block_infix_fingerprint_v004.json,128,local_split_entropy_equivalence_classes,154,3,0.0,0.01,title,title,108, s%,"["" s%"", ""$9m"", ""%^@"", ""''h"", ""''p"", ""'e("", ""'hk"", ""(v "", "")ba"", ""+me"", ""+ve"", ""-1]"", ""-yk"", ""-zz"", ""/hs"", ""02;"", ""2; "", ""2]:"", ""2b3"", ""5''"", ""55'"", ""6@7"", ""7'5"", ""8 z"", ""81%"", ""82!"", ""96@"", ""9m!"", ""= 7"", ""=x+"", ""? 9"", ""@7'"", ""[0-"", ""[2]"", ""[ti"", ""[ve"", ""] u"", ""^@ "", ""_tw"", ""_wi"", ""a'q"", ""a46"", ""btz"", ""bzd"", ""bzs"", ""ce+"", ""cp)"", ""di("", ""e(m"", ""e+v"", ""en_"", ""es*"", ""h67"", ""ha4"", ""hk."", ""hps"", ""hx/"", ""i(m"", ""id_"", ""ih."", ""k.m"", ""k/1"", ""k?."", ""kw/"", ""l:g"", ""lqv"", ""m'm"", ""m)b"", ""me="", ""n''"", ""n_w"", ""nfj"", ""nh4"", ""or2"", ""ou+"", ""ph6"", ""qt-"", ""rp2"", ""s%^"", ""s*:"", ""sfb"", ""t_r"", ""th*"", ""tk/"", ""tt3"", ""u+m"", ""uoq"", ""v'j"", ""vg:"", ""vhk"", ""vhx"", ""vpi"", ""w4:"", ""wfp"", ""wuq"", ""ww4"", ""wwd"", ""wxi"", ""wyi"", ""wzl"", ""x+1"", ""x/x"", ""x3x"", ""x5 "", ""x=x"", ""xhp"", ""xu/"", ""xuk"", ""xwf"", ""y'y"", ""yrc"", ""yyx"", ""zcm"", ""zh!"", ""zn!"", ""zr-"", ""zvg""]",117,1,155,0.0064516129032258064
4,block_infix_fingerprint_v004.json,128,local_split_entropy_equivalence_classes,154,3,0.0,0.01,title,title,109, s),"["" s)"", "" w4"", ""$et"", ""'cj"", ""'dz"", ""'w."", ""'xo"", ""'zg"", ""(ls"", "")^3"", ""**:"", ""+gy"", ""+st"", ""-9l"", "".om"", ""/ff"", ""/m,"", ""16h"", ""23h"", ""23o"", ""3:9"", ""5/4"", ""6h1"", ""7ga"", ""9,5"", ""9li"", "":99"", "":ka"", ""@ko"", ""\\li"", ""a:k"", ""ar@"", ""ce\\"", ""cj7"", ""de1"", ""dvg"", ""e)^"", ""e+1"", ""e+g"", ""e\\l"", ""gd."", ""j'n"", ""j7'"", ""jnj"", ""jnz"", ""jw/"", ""k'f"", ""k.4"", ""khh"", ""km6"", ""ljv"", ""lo;"", ""m58"", ""m64"", ""ml,"", ""mqe"", ""mt4"", ""o'9"", ""pdj"", ""qk'"", ""r@k"", ""sdz"", ""se+"", ""w$ "", ""w4c"", ""wi!"", ""x:s"", ""xdy"", ""ygs"", ""z'r"", ""zg'""]",71,1,155,0.0064516129032258064
4,block_infix_fingerprint_v004.json,128,local_split_entropy_equivalence_classes,154,3,0.0,0.01,title,title,110, s+,"["" s+"", ""\""ri"", ""$3,"", ""+t "", ""-hj"", ""-i/"", "".!/"", ""/v-"", ""0ri"", ""3-o"", ""a2k"", ""c-q"", ""cdf"", ""crh"", ""d:1"", ""e.1"", ""e.3"", ""g\""?"", ""i !"", ""il2"", ""j/v"", ""ka2"", ""l+t"", ""mvt"", ""mxa"", ""ofx"", ""op7"", ""oqa"", ""ox9"", ""prg"", ""r11"", ""s+g"", ""sp)"", ""t(t"", ""tjr"", ""x!?"", ""xp,"", ""ynv""]",38,1,155,0.0064516129032258064
4,block_infix_fingerprint_v004.json,128,local_split_entropy_equivalence_classes,154,3,0.0,0.01,title,title,111, s7,"["" s7"", ""\""ar"", ""%:n"", ""'nb"", ""(2v"", ""*v*"", "",56"", ""-'r"", ""--,"", ""-kj"", ""-m."", ""-ms"", ""-sr"", ""6-v"", ""64!"", ""64?"", ""7,5"", ""8,2"", ""8te"", ""@ 5"", ""a*v"", ""ai1"", ""c*a"", ""cgc"", ""co3"", ""cx "", ""d24"", ""da3"", ""da5"", ""e63"", ""e?\"""", ""f43"", ""fcx"", ""i1 "", ""k8t"", ""ln1"", ""no4"", ""o65"", ""o74"", ""o78"", ""o80"", ""o86"", ""o92"", ""o95"", ""o97"", ""p)/"", ""rk1"", ""s)m"", ""s.0"", ""scg"", ""sg,"", ""u21"", ""v*e"", ""w +"", ""xl7"", ""z'w"", ""zl1""]",57,1,155,0.0064516129032258064
4,block_infix_fingerprint_v004.json,128,local_split_entropy_equivalence_classes,154,3,0.0,0.01,title,title,112, t9,"["" t9"", ""$29"", ""$6,"", ""(92"", "")ph"", "",64"", ""--0"", "".-a"", ""19!"", ""3bc"", ""4--"", ""4/v"", ""6,6"", ""_tv"", ""bb!"", ""dcp"", ""ds2"", ""fd,"", ""i.u"", ""jbc"", ""n):"", ""na2"", ""nfp"", ""rhh"", ""s')"", ""sbp"", ""t9 "", ""tg1"", ""u--"", ""un*"", ""uu/"", ""vd_"", ""wkc""]",33,1,155,0.0064516129032258064
4,block_infix_fingerprint_v004.json,128,local_split_entropy_equivalence_classes,154,3,0.0,0.01,title,title,113, u3,"["" u3"", "" u8"", ""#@%"", ""%& "", ""* s"", ""*wa"", ""-md"", ""-wv"", ""-x,"", ""4sn"", ""94t"", ""@%&"", ""c'g"", ""cbh"", ""em$"", ""h.j"", ""hz/"", ""k* "", ""k*w"", ""l$#"", ""md)"", ""opx"", ""phv"", ""po3"", ""scb"", ""sk*"", ""snp"", ""u)/"", ""u2'"", ""u3-"", ""u86"", ""us\"""", ""vwt"", ""wv)""]",34,1,155,0.0064516129032258064
4,block_infix_fingerprint_v004.json,128,local_split_entropy_equivalence_classes,154,3,0.0,0.01,title,title,114, v!,"["" v!"", ""!de"", ""&wi"", ""'bn"", ""'oz"", ""(ia"", ""(ue"", "")oo"", "".rh"", ""/ p"", ""4.l"", ""4d:"", ""9.c"", "":bo"", "":hu"", "":ko"", ""@.c"", ""a:b"", ""au3"", ""b42"", ""bxx"", ""bzr"", ""c')"", ""c(r"", ""c/ "", ""ca;"", ""cdn"", ""cmn"", ""d+r"", ""e&w"", ""e9."", ""ee&"", ""f.'"", ""h:h"", ""hr("", ""i/8"", ""i:k"", ""ic;"", ""kkv"", ""l@."", ""lj-"", ""lm;"", ""ly5"", ""m(u"", ""mf:"", ""n1?"", ""n77"", ""nkq"", ""on7"", ""pc,"", ""ry_"", ""s!d"", ""u3 "", ""v!d"", ""vy1"", ""wh2"", ""y52"", ""y_w"", ""yb-"", ""yo)"", ""yvb"", ""zrk""]",62,1,155,0.0064516129032258064
4,block_infix_fingerprint_v004.json,128,local_split_entropy_equivalence_classes,154,3,0.0,0.01,title,title,115, yw,"["" yw"", ""'sg"", ""(vs"", ""./u"", ""/'3"", ""/gp"", ""/vh"", ""/vm"", ""2#3"", ""8 '"", ""@l."", ""al2"", ""dh/"", ""fwy"", ""gsq"", ""h3:"", ""i'g"", ""jj."", ""jlc"", ""l21"", ""lrr"", ""n')"", ""o2!"", ""qc,"", ""qwr"", ""r@l"", ""ru8"", ""s /"", ""s29"", ""u/x"", ""u80"", ""wrk"", ""x':"", ""yw'""]",34,1,155,0.0064516129032258064
4,block_infix_fingerprint_v004.json,128,local_split_entropy_equivalence_classes,154,3,0.0,0.01,title,title,116, yz,"["" yz"", ""\"" l"", ""\"" q"", ""\""am"", ""# w"", ""& $"", ""'m?"", ""*s,"", ""..-"", ""/.5"", ""/tj"", ""0g "", ""15?"", ""2bk"", ""2ry"", ""31a"", ""32b"", ""35a"", ""35b"", ""36b"", ""37b"", ""43b"", ""46b"", ""50g"", ""51a"", ""53a"", ""59a"", ""65b"", ""67b"", ""75b"", ""79a"", ""8/o"", ""84b"", ""85a"", ""88b"", ""90b"", ""92k"", ""94x"", ""96b"", ""?\"" "", ""c/5"", ""fkm"", ""g2b"", ""h4g"", ""j.g"", ""k/."", ""kns"", ""l?\"""", ""p'm"", ""pd'"", ""rj'"", ""ry7"", ""u?\"""", ""y71"", ""yg2""]",55,1,155,0.0064516129032258064
4,block_infix_fingerprint_v004.json,128,local_split_entropy_equivalence_classes,154,3,0.0,0.01,title,title,117, z8,"["" z8"", ""#6/"", ""#9-"", ""$ b"", ""*tt"", ""-??"", ""-f4"", ""/pb"", ""0rb"", ""10r"", ""2)/"", ""2-?"", ""4 +"", ""4k,"", ""5if"", ""??)"", ""_ab"", ""_ro"", ""a !"", ""d_r"", ""ecg"", ""f4u"", ""fpf"", ""g'?"", ""gu)"", ""hmn"", ""hx3"", ""i),"", ""ij!"", ""jfb"", ""jlr"", ""m40"", ""mnf"", ""nv'"", ""o:)"", ""pkk"", ""rz)"", ""sbd"", ""tf,"", ""tjy"", ""twd"", ""tx3"", ""u !"", ""v'/"", ""wgv"", ""wx3"", ""xo:"", ""z/y"", ""~ t""]",49,1,155,0.0064516129032258064
4,block_infix_fingerprint_v004.json,128,local_split_entropy_equivalence_classes,154,3,0.0,0.01,title,title,118, {r,"["" {r"", ""\""ed"", ""# 7"", ""#4-"", ""#by"", ""(bc"", ""(fd"", ""(zw"", ""*ga"", ""-l9"", ""./y"", "".ys"", ""/'m"", ""/2c"", ""/63"", ""0-:"", ""1)}"", ""1/u"", ""2-5"", ""2.f"", ""2ce"", ""2ei"", ""2st"", ""4/g"", ""4ea"", ""5n:"", ""7s/"", ""91o"", ""97s"", ""cfs"", ""cz("", ""d ~"", ""d:t"", ""dp)"", ""e\""e"", ""f18"", ""fl5"", ""gf,"", ""hi~"", ""m5n"", ""mqt"", ""mtg"", ""nt*"", ""o)n"", ""qt."", ""r5-"", ""t*g"", ""tvj"", ""u4e"", ""wd5"", ""ytb"", ""z(o"", ""zpy"", ""{ri"", ""~ j""]",55,1,155,0.0064516129032258064
4,block_infix_fingerprint_v004.json,128,local_split_entropy_equivalence_classes,154,3,0.0,0.01,title,title,119, ~l,"["" ~l"", ""!az"", ""&p@"", ""'9 "", ""(gb"", "")uc"", ""*d*"", ""*n*"", ""-! "", "".n'"", ""/3'"", ""0vv"", ""29+"", ""3':"", ""42'"", ""6-d"", ""61'"", ""8/y"", ""? '"", ""ak1"", ""b0v"", ""b52"", ""c62"", ""d*s"", ""db'"", ""dff"", ""f*r"", ""gbc"", ""gd:"", ""gox"", ""h&p"", ""h3o"", ""hp:"", ""i*n"", ""i*s"", ""i+m"", ""j1 "", ""jpo"", ""k-8"", ""kb0"", ""n*d"", ""o-!"", ""osx"", ""ow~"", ""p51"", ""p@b"", ""r)u"", ""r*e"", ""uyh"", ""v $"", ""vvt"", ""~lo""]",52,1,155,0.0064516129032258064
4,block_infix_fingerprint_v004.json,128,local_split_entropy_equivalence_classes,154,3,0.0,0.01,title,title,120, ~s,"["" ~s"", ""!3/"", "")/l"", ""-iu"", ""/3o"", ""/ao"", ""/tc"", ""2it"", ""4 /"", ""8.f"", ""9/a"", ""ac2"", ""c2,"", ""dg!"", ""g-4"", ""h!3"", ""ls2"", ""n2i"", ""ns~"", ""r/ "", ""ry1"", ""y17"", ""~ r"", ""~dr"", ""~so""]",25,1,155,0.0064516129032258064
4,block_infix_fingerprint_v004.json,128,local_split_entropy_equivalence_classes,154,3,0.0,0.01,title,title,121,!#k,"[""!#k"", ""#: "", ""$er"", ""'f,"", ""'sv"", ""(*t"", ""(6-"", ""(dd"", ""(sf"", ""(w."", "")ze"", ""* -"", ""**?"", ""+ ."", ""+01"", "".ln"", "".xi"", ""0+0"", ""1':"", ""11#"", ""1gn"", ""1k1"", ""2et"", ""4ho"", ""5.x"", ""5/r"", ""78/"", ""89'"", ""a';"", ""c(o"", ""co6"", ""d!#"", ""d-8"", ""dn."", ""f,'"", ""f?:"", ""fd:"", ""gfd"", ""gp2"", ""gp:"", ""gr!"", ""he1"", ""hx:"", ""ir]"", ""k1:"", ""k42"", ""l(l"", ""l)z"", ""lhv"", ""ns#"", ""o@t"", ""oc("", ""p.!"", ""p02"", ""q? "", ""qt:"", ""r2e"", ""r4 "", ""s#:"", ""s1g"", ""tfj"", ""tk4"", ""tkt"", ""ur4"", ""v1k"", ""vk "", ""vs'"", ""vvc"", ""w8 "", ""wgp"", ""wzy"", ""xej"", ""xgo"", ""y4h"", ""yg:"", ""z.t"", ""~do""]",77,1,155,0.0064516129032258064
4,block_infix_fingerprint_v004.json,128,local_split_entropy_equivalence_classes,154,3,0.0,0.01,title,title,122,!)-,"[""!)-"", ""$$w"", ""$wa"", ""&bu"", ""(gh"", ""(ks"", "")-1"", "")pe"", "")wa"", ""-u!"", "".ck"", "".n!"", ""0.c"", ""16]"", ""1cm"", ""20?"", ""50f"", ""6] "", ""9,7"", ""=(e"", ""@3a"", ""@nt"", ""[19"", ""[dv"", ""] ["", ""_ni"", ""a)w"", ""aa$"", ""b*a"", ""b2b"", ""bk3"", ""bu$"", ""c#c"", ""c*l"", ""c=("", ""cll"", ""cq2"", ""ct@"", ""de]"", ""e <"", ""e(k"", ""e*l"", ""e@3"", ""ej:"", ""fdj"", ""g-x"", ""h&b"", ""ip2"", ""jf!"", ""jkc"", ""jp."", ""k,'"", ""kcy"", ""l*m"", ""l*u"", ""lnz"", ""n@2"", ""ncv"", ""njg"", ""oe@"", ""on$"", ""oy@"", ""p25"", ""q2 "", ""rwg"", ""rxw"", ""s64"", ""s_g"", ""sh&"", ""sy;"", ""t@m"", ""t_n"", ""u$i"", ""u*b"", ""v.t"", ""vd]"", ""vj:"", ""xlb"", ""y@n"", ""yp:""]",80,1,155,0.0064516129032258064
4,block_infix_fingerprint_v004.json,128,local_split_entropy_equivalence_classes,154,3,0.0,0.01,title,title,123,!* ,"[""!* "", ""#!*"", ""'ug"", ""* g"", ""+11"", ""-uj"", "".p-"", ""0 \"""", ""00$"", ""1 ~"", ""2ko"", ""4/3"", ""@hu"", ""a:n"", ""dj?"", ""ei2"", ""hq)"", ""i2k"", ""ij:"", ""j2:"", ""lf~"", ""me~"", ""ni2"", ""ojg"", ""q 7"", ""r@h"", ""v- "", ""vws"", ""ye~"", ""zlb"", ""~be"", ""~br"", ""~th""]",33,1,155,0.0064516129032258064
4,block_infix_fingerprint_v004.json,128,local_split_entropy_equivalence_classes,154,3,0.0,0.01,title,title,124,!*&,"[""!*&"", ""!ll"", ""#@$"", ""$%!"", ""%!*"", ""&tu"", ""*& "", ""+no"", ""-7,"", "".lv"", "".oh"", ""/ht"", ""/rj"", ""/zy"", ""01c"", ""01d"", ""1c,"", ""1d;"", ""7.d"", ""@$%"", ""]kl"", ""a+n"", ""axk"", ""cdy"", ""db."", ""fdb"", ""ifd"", ""k!l"", ""nrb"", ""o[s"", ""ra+"", ""rbq"", ""rw,"", ""s]k"", ""ss~"", ""t.)"", ""tkm"", ""tw-"", ""v/u"", ""xko"", ""yxh"", ""~wa""]",42,1,155,0.0064516129032258064
4,block_infix_fingerprint_v004.json,128,local_split_entropy_equivalence_classes,154,3,0.0,0.01,title,title,125,!?-,"[""!?-"", ""('i"", ""(p7"", ""(u "", "")sc"", ""./?"", "".il"", ""/pk"", ""22t"", ""2la"", ""3dx"", ""5*:"", ""5-l"", ""7.b"", ""7os"", "":ny"", ""=si"", ""?-h"", ""_22"", ""_ri"", ""a(d"", ""a2l"", ""al="", ""aqj"", ""b.!"", ""bxl"", ""c5*"", ""ch("", ""f):"", ""fn)"", ""glh"", ""h(t"", ""ht_"", ""ic2"", ""jsy"", ""kxx"", ""ky6"", ""l=s"", ""mcx"", ""mjs"", ""mnx"", ""mr_"", ""mxd"", ""mzt"", ""na("", ""na1"", ""nbk"", ""oz;"", ""p3r"", ""p41"", ""pbw"", ""qbo"", ""qea"", ""qje"", ""r'w"", ""r'z"", ""r_r"", ""rt7"", ""ry("", ""s1:"", ""t(i"", ""t)s"", ""t_2"", ""ta("", ""u')"", ""uw,"", ""v:n"", ""vfe"", ""wi."", ""xc-"", ""y(n"", ""y65"", ""ztv""]",73,1,155,0.0064516129032258064
4,block_infix_fingerprint_v004.json,128,local_split_entropy_equivalence_classes,154,3,0.0,0.01,title,title,126,!ai,"[""!ai"", ""!d2"", ""!un"", ""'rs"", ""'vv"", ""(2-"", ""(a9"", ""+1]"", ""+an"", ""+n+"", ""- ["", ""-4)"", ""-?!"", "".* "", ""/pw"", ""/w0"", ""0 ["", ""01e"", ""0os"", ""1.i"", ""10]"", ""11o"", ""1m3"", ""2% "", ""2'/"", ""2:h"", ""33p"", ""44'"", ""52%"", ""62'"", ""74/"", "":h:"", "":n:"", "":o:"", "":t:"", ""[bu"", ""[la"", ""[n+"", ""_ch"", ""a.*"", ""a9-"", ""c'r"", ""djy"", ""dzl"", ""f-q"", ""h:i"", ""h?)"", ""i:n"", ""k!u"", ""k9:"", ""kdj"", ""kn@"", ""lo]"", ""mvb"", ""n!a"", ""n+1"", ""n12"", ""n25"", ""n:g"", ""n:o"", ""n_l"", ""nq,"", ""nu2"", ""nwg"", ""o+a"", ""o:t"", ""o_c"", ""oc4"", ""ooq"", ""p83"", ""pbk"", ""rh'"", ""sw."", ""t:h"", ""uyp"", ""vbk"", ""w00"", ""yyc"", ""z'/""]",79,1,155,0.0064516129032258064
4,block_infix_fingerprint_v004.json,128,local_split_entropy_equivalence_classes,154,3,0.0,0.01,title,title,127,!da,"[""!da"", ""'d-"", ""'i)"", ""'k."", ""(cd"", ""(ix"", ""-5r"", ""-f3"", "".5m"", ""//k"", ""/b2"", ""/jr"", ""0s/"", ""1'4"", ""5r "", "":t "", ""= v"", ""a+m"", ""ai\"""", ""b14"", ""b7 "", ""b?!"", ""bgh"", ""du)"", ""en1"", ""frn"", ""ha+"", ""hx5"", ""lv:"", ""mnn"", ""n:t"", ""o//"", ""pd)"", ""q/l"", ""r!d"", ""sn:"", ""sxy"", ""wc?"", ""zlw"", ""ztt""]",40,1,155,0.0064516129032258064
5,block_infix_fingerprint_v005.json,256,local_split_entropy_equivalence_classes,154,3,0.0,0.01,title,title,0,  b,"[""  b"", ""#t "", ""''e"", "")au"", ""*fi"", ""-iq"", "".ji"", ""/*f"", ""/d2"", ""/ie"", ""/pt"", ""16'"", ""21?"", ""? &"", ""bgm"", ""c*o"", ""dfb"", ""dr0"", ""e&c"", ""ec*"", ""euo"", ""f/'"", ""g  "", ""g'h"", ""h#t"", ""h)a"", ""ho*"", ""i+ "", ""i-7"", ""jp/"", ""li+"", ""m?'"", ""n/*"", ""nqt"", ""or*"", ""p/9"", ""sh#"", ""t)i"", ""tb'"", ""ttd"", ""wtv"", ""x!/""]",42,1,155,0.0064516129032258064
5,block_infix_fingerprint_v005.json,256,local_split_entropy_equivalence_classes,154,3,0.0,0.01,title,title,1,  z,"[""  z"", "" *h"", "" yx"", ""'e,"", ""'m-"", ""*c*"", ""-gs"", ""14+"", ""1ns"", ""2ik"", ""3?!"", ""8.c"", ""8ad"", ""a  "", ""c*h"", ""e:6"", ""fcr"", ""j1n"", ""lm*"", ""m*o"", ""m2."", ""m8."", ""nfg"", ""nqm"", ""ocw"", ""p/3"", ""r  "", ""rt*"", ""t* "", ""t*c"", ""u-)"", ""wy/"", ""yxl"", ""~ g""]",34,1,155,0.0064516129032258064
5,block_infix_fingerprint_v005.json,256,local_split_entropy_equivalence_classes,154,3,0.0,0.01,title,title,2, !/,"["" !/"", "" m9"", "" q5"", "" wj"", ""! !"", ""&mi"", ""'r,"", ""(6 "", "",05"", ""-f?"", ""/uh"", ""16k"", ""2)!"", ""5is"", ""6),"", ""6k "", "":53"", "":ti"", ""a!\"""", ""a4o"", ""al4"", ""b'w"", ""bgw"", ""cg:"", ""er&"", ""ilx"", ""jms"", ""l:-"", ""m8/"", ""m?!"", ""mj:"", ""mkj"", ""mv3"", ""mxg"", ""o55"", ""o56"", ""o58"", ""o63"", ""o69"", ""o73"", ""o81"", ""o83"", ""o90"", ""o94"", ""qo:"", ""r**"", ""t50"", ""ta4"", ""vlb"", ""xm8"", ""ydv"", ""yvt"", ""yy-""]",53,1,155,0.0064516129032258064
5,block_infix_fingerprint_v005.json,256,local_split_entropy_equivalence_classes,154,3,0.0,0.01,title,title,3, !@,"["" !@"", "" c4"", "" {p"", ""!@#"", ""#$i"", ""$ d"", ""$$'"", ""$%^"", ""$'$"", ""% 7"", ""&*!"", ""-vy"", ""-xv"", "".-n"", "".tw"", "".z:"", ""0bo"", ""0gy"", ""3dn"", ""3s:"", ""40g"", ""6am"", ""7,9"", ""75!"", ""7ad"", ""99?"", ""9de"", "":fu"", ""@#$"", ""[di"", ""[oo"", ""^&*"", ""a&c"", ""ac("", ""ah;"", ""a~j"", ""bk:"", ""c21"", ""c5:"", ""c[d"", ""di$"", ""dj-"", ""e !"", ""e} "", ""ha&"", ""i$e"", ""jmw"", ""jpr"", ""jsu"", ""m.6"", ""mjm"", ""n.l"", ""n43"", ""n58"", ""ng2"", ""nmm"", ""npt"", ""nxl"", ""oc]"", ""pe3"", ""pr'"", ""qvr"", ""r {"", ""r(d"", ""re}"", ""s&d"", ""sc["", ""snm"", ""st]"", ""t21"", ""tjh"", ""tlf"", ""v2:"", ""xge"", ""xt2"", ""xv-"", ""y40"", ""y~t"", ""zdg"", ""zh)"", ""zhp"", ""{pa"", ""} s"", ""~jo"", ""~ti""]",85,1,155,0.0064516129032258064
5,block_infix_fingerprint_v005.json,256,local_split_entropy_equivalence_classes,154,3,0.0,0.01,title,title,4," "" ","["" \"" "", "" @."", ""# e"", ""$ e"", ""'vy"", ""(85"", ""(pq"", ""-y/"", "".0t"", "".5/"", ""/m-"", ""0/n"", ""0t "", ""2ra"", ""45i"", ""5/d"", ""59e"", ""7)!"", ""7q-"", ""97q"", ""@. "", ""a5 "", ""f9:"", ""fr:"", ""h88"", ""jfr"", ""jkm"", ""k)'"", ""lc'"", ""lz'"", ""mlf"", ""opq"", ""p/q"", ""pqp"", ""q-u"", ""qp "", ""r2n"", ""th8"", ""xjl"", ""z--"", ""z/q""]",41,1,155,0.0064516129032258064
5,block_infix_fingerprint_v005.json,256,local_split_entropy_equivalence_classes,154,3,0.0,0.01,title,title,5," "".","["" \""."", ""\"".."", ""&cc"", ""&ja"", ""*li"", ""+u."", "".\"" "", "".+u"", "".-l"", "".u "", ""/5."", ""1 %"", ""1 :"", ""1* "", ""11*"", ""2.p"", ""3.t"", ""53o"", ""6>9"", ""7er"", ""86>"", ""8ht"", "">98"", ""[ro"", ""a94"", ""ad*"", ""am9"", ""an&"", ""bh,"", ""ca]"", ""cmp"", ""d*l"", ""dx1"", ""e.+"", ""e.q"", ""e01"", ""ei8"", ""ew("", ""f26"", ""fbh"", ""fcg"", ""fdt"", ""fsj"", ""i8h"", ""jsw"", ""k&j"", ""ke0"", ""l',"", ""m(k"", ""m2s"", ""m99"", ""ms1"", ""mz,"", ""n&c"", ""nhv"", ""nlq"", ""om3"", ""oq:"", ""pa;"", ""ptd"", ""q.-"", ""ru;"", ""s.\"""", ""su$"", ""tvd"", ""u$e"", ""v15"", ""v49"", ""va1"", ""w(h"", ""wg."", ""x13"", ""xaj"", ""y):"", ""ydj"", ""yyg"", ""z-3""]",77,1,155,0.0064516129032258064
5,block_infix_fingerprint_v005.json,256,local_split_entropy_equivalence_classes,154,3,0.0,0.01,title,title,6," ""@","["" \""@"", "" c@"", ""!er"", ""\""@\"""", ""'uw"", ""(ub"", "")pu"", ""*4*"", ""+do"", ""/yn"", ""37x"", ""3p "", ""4*2"", ""7xs"", ""?!)"", ""@!e"", ""c@f"", ""e35"", ""fmy"", ""in1"", ""iyh"", ""ki~"", ""mvc"", ""njz"", ""oqt"", ""os+"", ""qto"", ""s+d"", ""sc4"", ""slt"", ""sw3"", ""t*4"", ""t7:"", ""vc3"", ""w $"", ""w--"", ""wdl"", ""y--"", ""zu)""]",39,1,155,0.0064516129032258064
5,block_infix_fingerprint_v005.json,256,local_split_entropy_equivalence_classes,154,3,0.0,0.01,title,title,7," ""j","["" \""j"", ""!ni"", ""\""ji"", ""#05"", ""$.t"", ""$23"", ""& \"""", ""'.0"", ""'1e"", ""'gt"", "".$."", "".eu"", ""07%"", ""13g"", ""15z"", ""1e'"", ""3co"", ""3go"", ""5zl"", ""62/"", ""7%'"", ""75%"", ""7a/"", ""a ~"", ""b25"", ""b2w"", ""e&s"", ""g'b"", ""g4c"", ""h'f"", ""jkv"", ""k)h"", ""k3!"", ""ke&"", ""mwy"", ""n@w"", ""njl"", ""o/4"", ""or3"", ""php"", ""re~"", ""s&p"", ""s25"", ""tdc"", ""tnb"", ""ty5"", ""u.$"", ""v3s"", ""wb2"", ""wrt"", ""y5 "", ""ygb"", ""z!n"", ""z'l""]",54,1,155,0.0064516129032258064
5,block_infix_fingerprint_v005.json,256,local_split_entropy_equivalence_classes,154,3,0.0,0.01,title,title,8," ""q","["" \""q"", ""\""fi"", ""\""qu"", ""'wl"", "")fu"", "".-g"", "".1'"", "".d!"", ""0/e"", ""0?/"", ""0hr"", ""3ha"", ""6x0"", ""@ce"", ""a3z"", ""a5h"", ""ab5"", ""ck\"""", ""dx8"", ""e20"", ""f@c"", ""fb5"", ""flb"", ""flw"", ""g!\"""", ""gkc"", ""jmp"", ""kft"", ""la5"", ""os&"", ""p)f"", ""p3x"", ""pbj"", ""pr2"", ""ps\"""", ""r21"", ""r3h"", ""rxt"", ""sv:"", ""wlb"", ""x04"", ""xyd"", ""zsn""]",43,1,155,0.0064516129032258064
5,block_infix_fingerprint_v005.json,256,local_split_entropy_equivalence_classes,154,3,0.0,0.01,title,title,9," ""x","["" \""x"", ""\"" &"", ""\""it"", ""\""x\"""", ""#un"", ""'e!"", ""(cc"", ""(gm"", ""-ml"", "".i/"", ""/i:"", ""/iq"", ""0/z"", ""03h"", ""3an"", ""4/b"", ""47'"", ""6-a"", ""6h4"", ""7' "", ""75s"", ""8' "", ""as2"", ""cc?"", ""cn)"", ""g2 "", ""l30"", ""lrl"", ""m)!"", ""nm/"", ""p3/"", ""p91"", ""pnc"", ""vr'""]",34,1,155,0.0064516129032258064
5,block_infix_fingerprint_v005.json,256,local_split_entropy_equivalence_classes,154,3,0.0,0.01,title,title,10," ""y","["" \""y"", ""!!'"", ""\""ye"", ""$ t"", ""'-c"", ""'-p"", ""'-s"", ""'cs"", ""'u2"", ""-wn"", "".(f"", "".y,"", ""/2g"", ""/mn"", ""1.:"", ""2te"", ""3.:"", ""4'1"", ""4hr"", ""6bc"", ""a56"", ""ak2"", ""c.("", ""dfp"", ""di*"", ""e  "", ""f-,"", ""g'g"", ""h'-"", ""io#"", ""k/2"", ""k2e"", ""kln"", ""o!\"""", ""o# "", ""rpd"", ""s!\"""", ""sws"", ""ut\"""", ""uv?"", ""v1:"", ""vvk""]",42,1,155,0.0064516129032258064
5,block_infix_fingerprint_v005.json,256,local_split_entropy_equivalence_classes,154,3,0.0,0.01,title,title,11, #&,"["" #&"", "" 3w"", "" 8f"", ""!ja"", ""#&%"", ""&%#"", ""'ck"", ""'mp"", ""('t"", ""(*a"", ""*a "", ""+(d"", ""+li"", ""-bn"", ""-e?"", ""-t:"", "".kn"", ""0 7"", ""0ad"", ""10f"", ""2no"", ""4lo"", ""5.n"", ""6):"", ""8ft"", ""@lv"", ""_eq"", ""`m "", ""au2"", ""bcp"", ""d')"", ""d'q"", ""d)r"", ""d+("", ""e09"", ""ejp"", ""er4"", ""et_"", ""fxe"", ""g(o"", ""g@m"", ""gbf"", ""gp5"", ""gwl"", ""gxa"", ""h'r"", ""h.5"", ""h2n"", ""h52"", ""h_e"", ""hcw"", ""hkq"", ""i!j"", ""i*a"", ""i`m"", ""id4"", ""ixj"", ""jsg"", ""k3d"", ""kn'"", ""kq "", ""l+l"", ""lbd"", ""lo*"", ""m@m"", ""ni;"", ""o)o"", ""o@l"", ""om@"", ""ox1"", ""p50"", ""ppw"", ""py)"", ""r4l"", ""rgz"", ""rjj"", ""rs2"", ""rtq"", ""t_x"", ""te*"", ""th_"", ""tk-"", ""ul+"", ""v.f"", ""ve0"", ""w.y"", ""wji"", ""wmp"", ""xja"", ""y)a"", ""zt)""]",91,1,155,0.0064516129032258064
5,block_infix_fingerprint_v005.json,256,local_split_entropy_equivalence_classes,154,3,0.0,0.01,title,title,12, #*,"["" #*"", "" 1$"", "" 1]"", "" 2r"", "" @c"", "" [3"", "" _e"", "" _o"", "" t*"", "" u6"", ""$#@"", ""%$#"", ""(p1"", ""(sr"", "") q"", ""*%$"", ""*ll"", ""*r "", ""*wn"", ""..9"", "".v,"", ""/nj"", ""12]"", ""1nn"", ""1pt"", ""21l"", ""3d]"", ""3ge"", ""3jo"", ""4za"", ""5):"", ""6 7"", ""66s"", ""78,"", ""7on"", ""90]"", ""95%"", "":ec"", "":fl"", "":mo"", "":s:"", "":tr"", ""=am"", ""@!!"", ""@ct"", ""[15"", ""[3d"", ""[a]"", ""[o]"", ""]th"", ""_ t"", ""_ee"", ""_oo"", ""a19"", ""a]c"", ""aqf"", ""bhn"", ""bm7"", ""c7d"", ""cc7"", ""cr1"", ""d3j"", ""e _"", ""e:g"", ""e[a"", ""e_ "", ""ee_"", ""er="", ""ex@"", ""exj"", ""hml"", ""i7o"", ""i?,"", ""i] "", ""il4"", ""iuw"", ""j-8"", ""jc:"", ""jhb"", ""jo5"", ""l4z"", ""m*l"", ""m72"", ""mb2"", ""mg/"", ""mp2"", ""mrg"", ""mrv"", ""n:s"", ""nd3"", ""nmj"", ""nrx"", ""o]t"", ""oa1"", ""oo1"", ""ox3"", ""p13"", ""p2v"", ""p3n"", ""phx"", ""pi7"", ""pxx"", ""q-2"", ""qaj"", ""qf "", ""qoc"", ""r1n"", ""r1p"", ""r=a"", ""re="", ""re["", ""rh+"", ""rl;"", ""rxm"", ""s3g"", ""s:e"", ""sm*"", ""ss3"", ""t*w"", ""t.?"", ""tz@"", ""u!."", ""u67"", ""x @"", ""x@s"", ""xdr"", ""xju"", ""xyh"", ""yfn""]",129,1,155,0.0064516129032258064
5,block_infix_fingerprint_v005.json,256,local_split_entropy_equivalence_classes,154,3,0.0,0.01,title,title,13, #?,"["" #?"", "" jv"", "" v7"", ""$0 "", ""(az"", ""(g-"", ""(s-"", ""(uj"", ""**r"", ""+ni"", ""-kp"", ""12l"", ""1fi"", ""1m,"", ""2du"", ""2le"", ""30?"", ""85e"", "">ne"", ""ab2"", ""ay+"", ""b2f"", ""c:0"", ""ddx"", ""e3t"", ""e>n"", ""ea3"", ""em&"", ""f1:"", ""f2 "", ""fnw"", ""g.1"", ""g_l"", ""hhq"", ""i[s"", ""ie$"", ""jsn"", ""kpd"", ""l3 "", ""l4l"", ""l:1"", ""le>"", ""ly2"", ""ml:"", ""n27"", ""n59"", ""nwd"", ""nxy"", ""ogq"", ""ol4"", ""r36"", ""ru4"", ""s]t"", ""st2"", ""t(r"", ""tml"", ""u48"", ""ul("", ""v48"", ""v58"", ""v79"", ""vtl"", ""x19"", ""x70"", ""xi["", ""xuq"", ""xzu"", ""y+n"", ""y1f"", ""zln""]",70,1,155,0.0064516129032258064
5,block_infix_fingerprint_v005.json,256,local_split_entropy_equivalence_classes,154,3,0.0,0.01,title,title,14, #o,"["" #o"", "" #t"", "" . "", "" m!"", ""!k "", ""!ma"", ""#on"", ""#tw"", ""%!k"", ""'cy"", ""'uf"", ""(ys"", ""+ry"", ""+yu"", ""-o?"", ""-tp"", "".'d"", "".ix"", ""0.:"", ""0ke"", ""0kv"", ""24d"", ""2i2"", ""3!:"", ""4.i"", ""4he"", ""8mg"", ""9ho"", "":r "", ""_ y"", ""_18"", ""a15"", ""b+:"", ""ch9"", ""cl!"", ""d(y"", ""e7 "", ""e9n"", ""eiq"", ""f%!"", ""fk-"", ""fmx"", ""frs"", ""fvv"", ""gfc"", ""gk3"", ""h&r"", ""h'z"", ""h00"", ""h2s"", ""h6:"", ""h99"", ""h:r"", ""hi+"", ""hp'"", ""i+r"", ""ih?"", ""ik1"", ""ip5"", ""it2"", ""j-r"", ""jct"", ""je7"", ""kg2"", ""l!m"", ""l_1"", ""mgh"", ""nfh"", ""no+"", ""o _"", ""o+y"", ""pcm"", ""rpb"", ""rz."", ""rz1"", ""szg"", ""t2i"", ""tlv"", ""tps"", ""ub+"", ""v-z"", ""v.2"", ""wpm"", ""xb "", ""xe("", ""y'!"", ""z.r"", ""z18""]",88,1,155,0.0064516129032258064
5,block_infix_fingerprint_v005.json,256,local_split_entropy_equivalence_classes,154,3,0.0,0.01,title,title,15, $c,"["" $c"", "" -6"", "" 1y"", "" d,"", "" l@"", "" w+"", ""!bu"", ""$ch"", ""$lo"", ""''b"", ""'3:"", ""'ct"", ""'nf"", ""(a1"", ""(ct"", ""(yp"", "")th"", "")uf"", ""+1+"", ""+b="", ""-$2"", ""-)t"", ""-3."", ""-e1"", ""-ij"", "".3-"", "".av"", "".id"", ""/4l"", ""/76"", ""/82"", ""/vt"", ""00;"", ""04;"", ""06%"", ""08t"", ""0:e"", ""0;0"", ""0il"", ""1,9"", ""12'"", ""16w"", ""18?"", ""1;0"", ""1el"", ""1k:"", ""1kg"", ""1m2"", ""1yr"", ""22h"", ""27p"", ""29'"", ""2@2"", ""2h1"", ""2s:"", ""2wk"", ""3.g"", ""30i"", ""3:t"", ""3da"", ""4''"", ""41;"", ""42p"", ""49?"", ""4;4"", ""4co"", ""5'1"", ""5bx"", ""6'4"", ""6* "", ""63'"", ""67%"", ""6x8"", ""72k"", ""79_"", ""7p."", ""8'e"", ""82,"", ""8e8"", ""8k "", ""8xk"", ""9'4"", ""90+"", ""94?"", ""9_z"", "":24"", "";04"", "";41"", ""@bo"", ""_zn"", ""a(l"", ""a)n"", ""a1)"", ""a30"", ""ah+"", ""ah1"", ""b8-"", ""b=g"", ""bo*"", ""br/"", ""brj"", ""bx "", ""cmd"", ""cvu"", ""d'3"", ""e1!"", ""e88"", ""fdw"", ""fiw"", ""fpj"", ""g-$"", ""h15"", ""hz."", ""ie6"", ""kg-"", ""kn:"", ""kzy"", ""l--"", ""l@s"", ""m28"", ""mdj"", ""n1-"", ""oa."", ""p-)"", ""pt*"", ""pyq"", ""q'v"", ""q)u"", ""q.o"", ""rvg"", ""s.4"", ""t& "", ""t*h"", ""tk)"", ""tl)"", ""w+b"", ""w.f"", ""wd!"", ""x)r"", ""x-q"", ""x44"", ""xk6"", ""xoo"", ""xrc"", ""y''"", ""ykz"", ""z!b"", ""z./"", ""zgh""]",149,1,155,0.0064516129032258064
5,block_infix_fingerprint_v005.json,256,local_split_entropy_equivalence_classes,154,3,0.0,0.01,title,title,16, $e,"["" $e"", "" +:"", "" t]"", ""!?."", ""!al"", ""#5c"", ""#sh"", ""#st"", ""$37"", ""$6 "", ""$fr"", ""$wi"", ""% ("", ""% y"", ""&4e"", ""&be"", ""''q"", ""'8m"", ""'lt"", ""(96"", "")cy"", "")hi"", "")to"", ""*ba"", ""*bi"", ""+5+"", "",42"", "",83"", ""-2p"", ""-z3"", ""-zn"", ""..4"", "".j'"", ""/62"", ""0 $"", ""0,4"", ""0,9"", ""0:l"", ""0a "", ""1 ."", ""1b "", ""1mc"", ""2 ."", ""2 8"", ""2,8"", ""2-:"", ""24w"", ""29o"", ""2bp"", ""2n "", ""2n:"", ""2to"", ""2x9"", ""3.z"", ""33x"", ""35o"", ""37p"", ""3:d"", ""3az"", ""3b7"", ""4 ."", ""44k"", ""44s"", ""47]"", ""49j"", ""4o0"", ""4we"", ""5+5"", ""5fi"", ""5ny"", ""5o5"", ""6-w"", ""65/"", ""6:5"", ""6ft"", ""7])"", ""8-o"", ""88n"", ""8da"", ""8m/"", ""8ma"", ""9'8"", ""93r"", ""9bg"", ""9je"", "":1."", "":3,"", "":de"", ""<: "", ""= k"", ""=11"", ""><:"", ""?ma"", ""[16"", ""[ap"", ""]ac"", ""a1:"", ""a2b"", ""an5"", ""b7:"", ""bg8"", ""bpe"", ""d.3"", ""dgg"", ""e)c"", ""e.9"", ""e]a"", ""h30"", ""is1"", ""jby"", ""kp:"", ""m ="", ""m''"", ""m@x"", ""na+"", ""nlj"", ""o05"", ""oqq"", ""q.."", ""qno"", ""qq."", ""rk;"", ""s)h"", ""s3,"", ""sd'"", ""se*"", ""st&"", ""svn"", ""t&4"", ""t&b"", ""t)e"", ""t2g"", ""v':"", ""wsv"", ""x $"", ""x.f"", ""x::"", ""xq?"", ""xqn"", ""yr;"", ""zy)""]",141,1,155,0.0064516129032258064
5,block_infix_fingerprint_v005.json,256,local_split_entropy_equivalence_classes,154,3,0.0,0.01,title,title,17, $i,"["" $i"", "" qz"", ""!w "", ""\""lo"", ""#fa"", ""#ne"", ""$it"", ""&ge"", ""(5 "", ""(n'"", "")/z"", ""-4?"", ""-ct"", ""-n1"", ""-ys"", "".ev"", "".j:"", ""/jt"", ""/z-"", ""29k"", ""40m"", ""7yr"", ""a14"", ""aoq"", ""cju"", ""ct6"", ""d_g"", ""dwp"", ""e50"", ""ey\"""", ""f:u"", ""h'k"", ""j:t"", ""jpn"", ""k):"", ""lc/"", ""m41"", ""n&g"", ""p47"", ""qog"", ""qzx"", ""s!w"", ""s/4"", ""smp"", ""um4"", ""x1!"", ""xcq"", ""y/3"", ""zzq""]",49,1,155,0.0064516129032258064
5,block_infix_fingerprint_v005.json,256,local_split_entropy_equivalence_classes,154,3,0.0,0.01,title,title,18, $l,"["" $l"", ""\"" -"", ""\""i\"""", ""$la"", ""%/t"", ""*tf"", ""-rc"", "".-u"", ""/\""m"", ""/2n"", ""/e3"", ""/rb"", ""1%/"", ""25?"", ""4- "", ""7/o"", ""bd/"", ""cck"", ""dwl"", ""e/\"""", ""g?\"""", ""gs]"", ""i.x"", ""lws"", ""mmw"", ""ny\"""", ""rl2"", ""spm"", ""sqw"", ""t @""]",30,1,155,0.0064516129032258064
5,block_infix_fingerprint_v005.json,256,local_split_entropy_equivalence_classes,154,3,0.0,0.01,title,title,19, $p,"["" $p"", "" ()"", "" 7i"", "" l:"", ""&t'"", ""();"", ""(l."", ""(qi"", ""(sd"", "")gr"", ""*04"", ""*t:"", ""-g!"", "".cr"", ""0f-"", ""20l"", ""2om"", ""2ov"", ""2x5"", ""3 9"", ""4:9"", ""70f"", ""7i "", ""9bc"", "":a "", ""=pr"", ""[ar"", ""[te"", ""b-8"", ""bn'"", ""ct+"", ""d-9"", ""dd7"", ""ds*"", ""f :"", ""fvu"", ""fx2"", ""g30"", ""gfj"", ""gjr"", ""gv1"", ""gwd"", ""gzz"", ""h&t"", ""h@h"", ""hi8"", ""hjr"", ""hp5"", ""hpg"", ""hvg"", ""i4n"", ""i:g"", ""im@"", ""iw'"", ""j 4"", ""j'p"", ""jj:"", ""jrm"", ""k.2"", ""kt("", ""md?"", ""mu~"", ""nsx"", ""oqv"", ""pe*"", ""pe2"", ""pv:"", ""q 8"", ""r)g"", ""rfv"", ""rh&"", ""ro2"", ""s*0"", ""s*a"", ""s=p"", ""t %"", ""t+m"", ""ti;"", ""tjb"", ""ts="", ""uow"", ""u~j"", ""v13"", ""vg3"", ""wpd"", ""wph"", ""yvl"", ""z.:"", ""ztz"", ""~jy""]",90,1,155,0.0064516129032258064
5,block_infix_fingerprint_v005.json,256,local_split_entropy_equivalence_classes,154,3,0.0,0.01,title,title,20, $u,"["" $u"", "" 5y"", "" b@"", "" i0"", "" p,"", ""#%k"", ""#?!"", ""$up"", ""&yo"", ""''j"", ""''s"", ""'a:"", ""'sd"", ""(*h"", ""(3."", ""(h."", ""(xv"", "")rm"", ""*ha"", ""*ka"", ""-bs"", ""-gj"", ""-hn"", ""-q:"", ""-x3"", "".m@"", ""//j"", ""0i0"", ""15y"", ""18i"", ""2o,"", ""2od"", ""3 $"", ""3km"", ""42?"", ""5ec"", ""5to"", ""5ye"", ""5ys"", ""7mw"", ""9s)"", "":) "", "":mt"", ""?!i"", ""@#?"", ""@ma"", ""@ny"", ""@te"", ""a(a"", ""a)r"", ""an4"", ""b@m"", ""d&t"", ""d@h"", ""dz?"", ""e&m"", ""e+:"", ""e:1"", ""e@n"", ""eg2"", ""eql"", ""f*k"", ""g54"", ""g7m"", ""g:m"", ""gd-"", ""gvs"", ""gz:"", ""h**"", ""h24"", ""i''"", ""i'b"", ""i0 "", ""i0i"", ""i36"", ""i4i"", ""ib3"", ""ii0"", ""il$"", ""iwl"", ""j'r"", ""j.3"", ""j.i"", ""jcv"", ""je;"", ""m5."", ""m@t"", ""n(v"", ""ne@"", ""ns*"", ""od@"", ""pe+"", ""ps&"", ""qa-"", ""re#"", ""rx'"", ""ry5"", ""s&y"", ""s//"", ""sl!"", ""sx/"", ""uvt"", ""v''"", ""vgv"", ""wi?"", ""x3c"", ""xv)"", ""zgj"", ""zzg""]",109,1,155,0.0064516129032258064
5,block_infix_fingerprint_v005.json,256,local_split_entropy_equivalence_classes,154,3,0.0,0.01,title,title,21, %*,"["" %*"", ""#&i"", ""%*#"", ""&n/"", ""*#&"", ""*if"", ""*no"", "",73"", "".3,"", "".4,"", "".5,"", "".6,"", "".9,"", ""/ w"", ""/jc"", ""0-,"", ""01!"", ""2sc"", ""4yo"", ""5.e"", ""50?"", ""9/l"", ""@zi"", ""_wu"", ""ax)"", ""ck2"", ""e4y"", ""fe4"", ""go\"""", ""h/q"", ""ih/"", ""jn4"", ""k&n"", ""k2s"", ""kds"", ""kpw"", ""l'@"", ""r %"", ""ro6"", ""rvd"", ""tlg"", ""u23"", ""vnf"", ""wlh"", ""yp/""]",45,1,155,0.0064516129032258064
5,block_infix_fingerprint_v005.json,256,local_split_entropy_equivalence_classes,154,3,0.0,0.01,title,title,22, %@,"["" %@"", ""#.."", ""#di"", ""#we"", ""$ p"", ""% -"", ""%@#"", ""&is"", ""''0"", ""'sr"", ""('9"", ""(a("", ""(h1"", ""(v."", "")ab"", "")lo"", "")si"", ""+m+"", "",39"", ""-->"", ""-6-"", ""-a)"", "".2/"", "".ak"", "".pi"", ""//o"", ""/a9"", ""00d"", ""05g"", ""0ch"", ""0dn"", ""1'0"", ""1))"", ""15x"", ""1=4"", ""1=a"", ""2-l"", ""22w"", ""25x"", ""2el"", ""2ld"", ""2me"", ""3.p"", ""34x"", ""3:7"", ""3_9"", ""3di"", ""3ic"", ""3ja"", ""3m2"", ""3pa"", ""3wo"", ""4.h"", ""43o"", ""47o"", ""4sa"", ""5,8"", ""51o"", ""5lb"", ""5x3"", ""66g"", ""6:6"", ""6da"", ""6di"", ""6go"", ""6gu"", ""7+1"", ""7.c"", ""7an"", ""7gs"", ""7is"", ""7si"", ""8'l"", ""9''"", ""91s"", ""9:a"", ""9_0"", ""9bi"", "":09"", "":66"", "":77"", "":vs"", ""<--"", ""=10"", ""=ad"", ""@#."", ""@ba"", ""@ur"", ""] s"", ""_9_"", ""a'v"", ""a6-"", ""a6/"", ""a66"", ""ac1"", ""b':"", ""by;"", ""c+m"", ""c17"", ""ch&"", ""co@"", ""ct2"", ""d.k"", ""d7i"", ""df:"", ""df@"", ""e %"", ""f(x"", ""f@b"", ""g)r"", ""h&i"", ""k.0"", ""m+b"", ""n1)"", ""n?'"", ""na3"", ""na6"", ""nd7"", ""o30"", ""o@k"", ""p.z"", ""pxt"", ""qki"", ""qop"", ""s:v"", ""t2r"", ""te3"", ""tvx"", ""u',"", ""v.)"", ""ve7"", ""vxq"", ""wk@"", ""wpc"", ""wpx"", ""x)a"", ""x2="", ""xe;"", ""ycs"", ""ylh""]",140,1,155,0.0064516129032258064
5,block_infix_fingerprint_v005.json,256,local_split_entropy_equivalence_classes,154,3,0.0,0.01,title,title,23, &1,"["" &1"", "" y/"", ""&10"", ""(mm"", ""+2+"", ""+o "", ""-q/"", ""-xt"", "".u3"", ""//w"", ""13k"", ""2+o"", ""3-j"", ""3x9"", ""43a"", ""54a"", ""55a"", ""5m,"", ""64b"", ""67a"", ""69a"", ""72b"", ""81a"", ""82k"", ""84a"", ""9+2"", ""91b"", ""94/"", ""96a"", ""ep5"", ""f'/"", ""h)/"", ""h+2"", ""he;"", ""oo;"", ""op1"", ""p17"", ""s.-"", ""u37"", ""u:/"", ""w- "", ""wb'"", ""x9+"", ""y/ ""]",44,1,155,0.0064516129032258064
5,block_infix_fingerprint_v005.json,256,local_split_entropy_equivalence_classes,154,3,0.0,0.01,title,title,24, &a,"["" &a"", "" 4c"", "" 9\"""", ""&an"", "")!/"", ""/-t"", ""17k"", ""2x3"", ""6/j"", ""7se"", ""9\"" "", ""a/9"", ""az2"", ""bgc"", ""c-j"", ""ca2"", ""ex7"", ""ga~"", ""gc:"", ""h3m"", ""kc'"", ""kk/"", ""le2"", ""mg'"", ""mtf"", ""mx5"", ""n/-"", ""n?-"", ""nh'"", ""no~"", ""o.!"", ""ou;"", ""r40"", ""t&n"", ""ws1"", ""x:t"", ""xr4""]",37,1,155,0.0064516129032258064
5,block_infix_fingerprint_v005.json,256,local_split_entropy_equivalence_classes,154,3,0.0,0.01,title,title,25," (""","["" (\"""", "" jz"", ""\""24"", ""#ni"", ""% u"", ""'v/"", ""(\""2"", ""(dy"", ""(j'"", ""+fr"", ""-#5"", ""-xh"", ""/d "", ""/nm"", ""/v."", ""0 ="", ""0x3"", ""2+f"", ""24\"""", ""2ro"", ""3i "", ""3ra"", ""3xl"", ""4\"" "", ""4-r"", ""5da"", ""6-#"", "":im"", ""= 0"", ""[bg"", ""_fo"", ""b4u"", ""bg]"", ""bl:"", ""bpu"", ""csq"", ""hsd"", ""i_f"", ""jn)"", ""jw "", ""jzd"", ""k-x"", ""li_"", ""n:i"", ""q45"", ""re\"""", ""sgm"", ""u'!"", ""v/y"", ""w ["", ""w.!"", ""wg/"", ""xfm"", ""xl.""]",54,1,155,0.0064516129032258064
5,block_infix_fingerprint_v005.json,256,local_split_entropy_equivalence_classes,154,3,0.0,0.01,title,title,26, ($,"["" ($"", "" 7c"", ""#3,"", ""' +"", ""':."", ""($2"", "") 0"", ""**n"", ""-e!"", ""-nd"", "".b!"", "".r:"", "".ut"", ""12c"", ""2bm"", ""2cm"", ""2jd"", ""3_s"", ""4x8"", ""51t"", ""5h5"", ""73_"", ""7ve"", ""> ("", ""ad;"", ""am]"", ""bks"", ""d19"", ""d20"", ""djb"", ""djr"", ""e[r"", ""et&"", ""ey@"", ""f!v"", ""g.y"", ""gnf"", ""go1"", ""h55"", ""ik2"", ""jdg"", ""ju."", ""k2j"", ""md1"", ""ndx"", ""nfy"", ""o1:"", ""ph5"", ""qa:"", ""qib"", ""qik"", ""qos"", ""r)v"", ""r+o"", ""rqo"", ""s'k"", ""scd"", ""su;"", ""t4-"", ""te["", ""ux2"", ""wlz"", ""wnn"", ""ww3"", ""x2b"", ""y@2"", ""yb'"", ""yd2"", ""z-8""]",69,1,155,0.0064516129032258064
5,block_infix_fingerprint_v005.json,256,local_split_entropy_equivalence_classes,154,3,0.0,0.01,title,title,27, (_,"["" (_"", "" [8"", "" [9"", "" [i"", "" [k"", ""\""gi"", ""$ o"", ""'] "", ""-j5"", ""-uv"", ""-xy"", "". ["", ""0b5"", ""0t2"", ""1b7"", ""1c9"", ""2w5"", ""7p4"", ""7r4"", ""7r5"", ""8h4"", ""8s5"", ""8w5"", ""9's"", ""9-d"", ""[ d"", ""[86"", ""[99"", ""[ab"", ""[ag"", ""[be"", ""[da"", ""[fl"", ""[ha"", ""[hu"", ""[is"", ""[ki"", ""[lo"", ""[ma"", ""[on"", ""[si"", ""[sp"", ""[st"", ""[ta"", ""[to"", ""[tr"", ""[up"", ""] b"", ""] h"", ""] i"", ""] m"", ""] n"", ""] t"", ""] y"", ""_) "", ""a.]"", ""a] "", ""b56"", ""b78"", ""b] "", ""c97"", ""ck]"", ""czb"", ""d ]"", ""d] "", ""e']"", ""ey]"", ""f-0"", ""ft]"", ""g(i"", ""g*."", ""h46"", ""h] "", ""il]"", ""j5/"", ""jfa"", ""ks]"", ""l] "", ""le]"", ""ly]"", ""mhw"", ""ne]"", ""ng("", ""ny]"", ""p46"", ""p] "", ""ps]"", ""r49"", ""r51"", ""s51"", ""sa]"", ""se]"", ""ta]"", ""th]"", ""ub]"", ""up]"", ""ve]"", ""w50"", ""w56"", ""wzw"", ""xvl"", ""y] "", ""ynj"", ""zk:""]",104,1,155,0.0064516129032258064
5,block_infix_fingerprint_v005.json,256,local_split_entropy_equivalence_classes,154,3,0.0,0.01,title,title,28, *%,"["" *%"", ""%^$"", ""'lw"", ""'mg"", ""(qa"", ""*%^"", ""/rn"", ""3)3"", ""3/f"", ""3h5"", ""5(n"", ""=1 "", ""?!'"", ""^$#"", ""c3h"", ""cbf"", ""e.2"", ""g.v"", ""h5("", ""hl2"", ""l2n"", ""o2b"", ""o3)"", ""p/'"", ""quf"", ""ryq"", ""tg4"", ""vr/""]",28,1,155,0.0064516129032258064
5,block_infix_fingerprint_v005.json,256,local_split_entropy_equivalence_classes,154,3,0.0,0.01,title,title,29, *(,"["" *("", "" k7"", "" {t"", ""# 8"", ""* *"", ""*(n"", ""-tn"", "".vc"", ""1)l"", ""1./"", ""44?"", ""8- "", ""8pa"", ""[p."", ""a(1"", ""bu("", ""ct;"", ""e#0"", ""e()"", ""e**"", ""ed_"", ""er`"", ""es&"", ""fe+"", ""g.?"", ""go5"", ""i.]"", ""ihq"", ""itq"", ""le*"", ""ljt"", ""m?)"", ""nk;"", ""ol8"", ""on<"", ""r`s"", ""rs}"", ""s {"", ""s&v"", ""s4l"", ""sfs"", ""snd"", ""tqm"", ""tx?"", ""u(t"", ""ue#"", ""uj."", ""uq!"", ""uuq"", ""v3:"", ""v4 "", ""vkr"", ""vmb"", ""vpn"", ""wn;"", ""yc!"", ""yd?"", ""zf "", ""{th""]",59,1,155,0.0064516129032258064
5,block_infix_fingerprint_v005.json,256,local_split_entropy_equivalence_classes,154,3,0.0,0.01,title,title,30, */,"["" */"", "" h,"", "" h4"", "" l,"", "" l/"", "" v?"", ""!tv"", ""#!\"""", ""$te"", ""(kt"", ""*/@"", ""*k?"", ""/@?"", ""65?"", ""?#!"", ""@?#"", ""a$t"", ""a:t"", ""btg"", ""e-7"", ""f *"", ""h'!"", ""h.v"", ""h4 "", ""hfc"", ""if)"", ""io2"", ""jly"", ""l'?"", ""lz/"", ""m71"", ""m77"", ""mk1"", ""mxf"", ""o2."", ""r)n"", ""t2h"", ""tc#"", ""ti3"", ""u30"", ""v!t"", ""vv,"", ""wa$"", ""z/x"", ""zz)""]",45,1,155,0.0064516129032258064
5,block_infix_fingerprint_v005.json,256,local_split_entropy_equivalence_classes,154,3,0.0,0.01,title,title,31, *c,"["" *c"", "" 0k"", "" a?"", ""!?'"", ""'?!"", ""'l-"", ""(ly"", "")sg"", ""*ce"", ""-i?"", "".xm"", ""0h4"", ""15f"", ""1:n"", ""1t5"", ""3.n"", ""5f1"", ""63,"", ""8ki"", "":ca"", ""?!:"", ""@k."", ""[wo"", ""]ol"", ""_38"", ""_me"", ""a:c"", ""a_ "", ""a_3"", ""d *"", ""d(d"", ""d?)"", ""e2h"", ""er_"", ""f1t"", ""g)n"", ""g4r"", ""g5:"", ""gpg"", ""hdw"", ""hf:"", ""id3"", ""jcp"", ""jhh"", ""jkg"", ""jt4"", ""k[r"", ""ka_"", ""kgs"", ""kh1"", ""kjb"", ""knx"", ""l89"", ""lgp"", ""lv?"", ""lx8"", ""m4w"", ""na_"", ""nbw"", ""o)s"", ""oo$"", ""qdn"", ""qre"", ""r]o"", ""r_m"", ""rl8"", ""s.2"", ""sd-"", ""te2"", ""u'?"", ""v/ "", ""vfa"", ""vnb"", ""w!)"", ""xv,""]",75,1,155,0.0064516129032258064
5,block_infix_fingerprint_v005.json,256,local_split_entropy_equivalence_classes,154,3,0.0,0.01,title,title,32, *u,"["" *u"", "" 0~"", "" 7'"", "" n#"", ""#mb"", ""'kz"", ""(24"", ""(a-"", ""*uc"", ""-xu"", "".sq"", ""/7)"", ""0~s"", ""1.z"", ""1de"", ""3 6"", ""3gp"", ""4,6"", ""45d"", ""5!?"", ""5dt"", ""6-j"", ""75'"", ""=ra"", ""@rd"", ""[om"", ""_on"", ""a'f"", ""acx"", ""ag+"", ""aw@"", ""c.2"", ""d'@"", ""d+:"", ""e'j"", ""eqo"", ""fr~"", ""gzd"", ""i+t"", ""ie1"", ""jhm"", ""joq"", ""jpx"", ""ju)"", ""k.v"", ""k3t"", ""ka$"", ""ki+"", ""ku_"", ""kww"", ""l&d"", ""l'x"", ""lmx"", ""lt2"", ""lv-"", ""lvc"", ""m51"", ""mi("", ""mo="", ""mx)"", ""n#m"", ""nc)"", ""np'"", ""o=r"", ""o?n"", ""oq-"", ""pv9"", ""pvu"", ""q-a"", ""r(i"", ""rd+"", ""rhk"", ""rmx"", ""t22"", ""tpp"", ""u_o"", ""v1d"", ""v66"", ""v99"", ""ve3"", ""vh8"", ""w@r"", ""yzd"", ""~s.""]",84,1,155,0.0064516129032258064
5,block_infix_fingerprint_v005.json,256,local_split_entropy_equivalence_classes,154,3,0.0,0.01,title,title,33, +2,"["" +2"", "" -q"", "" ; "", "" q2"", ""$ta"", ""'km"", ""(k1"", ""*#k"", ""+2c"", ""+kr"", "",1."", "",1/"", "",93"", ""-2c"", ""-i&"", ""/ua"", ""08g"", ""0x2"", ""1r:"", ""2c-"", ""33d"", ""3ys"", ""5ko"", ""6,9"", ""8/m"", ""8gw"", ""[eo"", ""[or"", ""_78"", ""a1r"", ""an+"", ""an9"", ""asx"", ""axz"", ""bng"", ""c_7"", ""cdk"", ""dd;"", ""dk."", ""dkc"", ""e*s"", ""eb?"", ""ep$"", ""euq"", ""f*#"", ""ff1"", ""g-0"", ""gm/"", ""hcy"", ""hvl"", ""hvr"", ""i&j"", ""ih:"", ""k3y"", ""lvg"", ""mdm"", ""n*u"", ""n+k"", ""n-,"", ""n93"", ""njv"", ""nk3"", ""nlw"", ""nmw"", ""ny7"", ""nz1"", ""o--"", ""ov3"", ""p$t"", ""p4w"", ""pg1"", ""r ;"", ""r*s"", ""s*e"", ""sj."", ""sxa"", ""t.9"", ""tf9"", ""tkb"", ""u*r"", ""ug)"", ""xu'"", ""y.z"", ""y77"", ""ybj"", ""zwl""]",86,1,155,0.0064516129032258064
5,block_infix_fingerprint_v005.json,256,local_split_entropy_equivalence_classes,154,3,0.0,0.01,title,title,34, +9,"["" +9"", "" 4j"", "" r]"", "" z3"", "" zx"", ""!-a"", ""'29"", ""'e:"", ""(ek"", ""+9,"", ""+p]"", ""+y="", ""- !"", ""-pg"", "".ee"", ""/4]"", ""07h"", ""11]"", ""1] "", ""24j"", ""3d5"", ""3ou"", ""4ji"", ""58]"", ""73]"", ""7ho"", ""8] "", ""90!"", ""91!"", ""9se"", ""=li"", ""@s]"", ""[ t"", ""[1/"", ""[2:"", ""[aw"", ""[ct"", ""[em"", ""[en"", ""[kl"", ""[yb"", ""] 4"", ""] e"", ""] f"", ""]3 "", ""]du"", ""]ki"", ""]pa"", ""_sq"", ""aq."", ""as]"", ""c]3"", ""c]:"", ""cu!"", ""d10"", ""d52"", ""dkk"", ""dl!"", ""e(z"", ""em]"", ""ep;"", ""ev!"", ""gxt"", ""hc:"", ""i]k"", ""in]"", ""ip3"", ""is_"", ""js!"", ""k72"", ""kdk"", ""knc"", ""l+p"", ""ljp"", ""ll]"", ""lr8"", ""m] "", ""n]c"", ""n]d"", ""ncg"", ""o!-"", ""oe="", ""p3o"", ""pct"", ""r'y"", ""r)m"", ""rd1"", ""re*"", ""rwk"", ""s*c"", ""s]c"", ""s]p"", ""sbh"", ""sn)"", ""sqr"", ""t ]"", ""tf."", ""tgb"", ""tn?"", ""u'z"", ""u-x"", ""vvr"", ""vzn"", ""w_s"", ""wm:"", ""wrd"", ""x&y"", ""x+y"", ""x31"", ""x96"", ""xh-"", ""xij"", ""xk7"", ""xpd"", ""y3l"", ""y=0"", ""ya`"", ""ygf"", ""ymz"", ""yzf"", ""z'm"", ""z.)"", ""z.b"", ""z.u"", ""z32"", ""z3d"", ""zhm"", ""zmd"", ""zn-"", ""ztc"", ""zxi"", ""~ y"", ""~ex""]",133,1,155,0.0064516129032258064
5,block_infix_fingerprint_v005.json,256,local_split_entropy_equivalence_classes,154,3,0.0,0.01,title,title,35, -!,"["" -!"", ""#%$"", ""%$i"", ""'tm"", "")ai"", ""*mo"", ""+s "", "",24"", ""-yz"", "".bb"", "".ky"", ""2gm"", ""5y:"", ""5yc"", ""7,3"", ""74'"", ""8ar"", ""9dr"", "":5y"", ""=pa"", ""[um"", ""_pa"", ""btq"", ""cn:"", ""cz-"", ""d*m"", ""dgh"", ""er9"", ""ey_"", ""flh"", ""g.j"", ""gmz"", ""h(o"", ""h21"", ""h=p"", ""i(s"", ""i/4"", ""k'h"", ""k9-"", ""l)a"", ""ls+"", ""mo["", ""mv2"", ""mvg"", ""mw2"", ""mwm"", ""n+m"", ""n8a"", ""nt["", ""nu]"", ""o(r"", ""oyq"", ""p(l"", ""p+s"", ""p5y"", ""p:5"", ""pcc"", ""pdc"", ""pm?"", ""qoy"", ""r+s"", ""r/8"", ""r9d"", ""rcj"", ""ri("", ""ry&"", ""s+ "", ""t[u"", ""tb-"", ""th="", ""tq "", ""u]m"", ""ud2"", ""um]"", ""uo."", ""v.k"", ""v22"", ""w20"", ""wv:"", ""xp:"", ""xug"", ""y&m"", ""y_p""]",83,1,155,0.0064516129032258064
5,block_infix_fingerprint_v005.json,256,local_split_entropy_equivalence_classes,154,3,0.0,0.01,title,title,36, -8,"["" -8"", "" ;-"", "" t?"", ""!-v"", ""!16"", ""&do"", ""-9!"", ""-y,"", "".-r"", "".ye"", ""0''"", ""0o."", ""2'4"", ""3-e"", ""48?"", ""65'"", ""8/i"", "":na"", "";-)"", "";dr"", ""? 8"", ""?me"", ""[ah"", ""_ c"", ""a4e"", ""ai~"", ""cf?"", ""cq,"", ""d#7"", ""e ?"", ""e!1"", ""e2s"", ""ea4"", ""ed#"", ""ek7"", ""em@"", ""evx"", ""e~v"", ""g78"", ""if;"", ""i~e"", ""jfu"", ""k ;"", ""k73"", ""l;d"", ""lu5"", ""m!-"", ""mjy"", ""ng7"", ""o?m"", ""p&d"", ""pz!"", ""r:n"", ""r@5"", ""scf"", ""sp'"", ""t68"", ""tl;"", ""tp2"", ""tq-"", ""u-9"", ""u47"", ""u55"", ""ujw"", ""up&"", ""v.u"", ""v19"", ""v62"", ""vgl"", ""vmc"", ""vpw"", ""w.1"", ""w4m"", ""wcd"", ""wh-"", ""y _"", ""ya1"", ""zk "", ""zl,"", ""~ a"", ""~e~"", ""~ve""]",82,1,155,0.0064516129032258064
5,block_infix_fingerprint_v005.json,256,local_split_entropy_equivalence_classes,154,3,0.0,0.01,title,title,37, -b,"["" -b"", "" 3l"", ""!on"", ""!tz"", ""$95"", ""% q"", ""(36"", ""(8)"", "")-s"", ""* 7"", ""+le"", ""/$1"", ""/b "", ""/jy"", ""0s!"", ""2+l"", ""35p"", ""4/f"", ""5ga"", ""6 *"", ""65g"", ""65k"", ""7st"", ""8)/"", ""9 6"", ""; \"""", ""=br"", ""@er"", ""@xt"", ""bl!"", ""e9 "", ""em7"", ""f/y"", ""f11"", ""fgs"", ""fky"", ""fl4"", ""h/$"", ""i+d"", ""i@s"", ""jnk"", ""kcs"", ""l!t"", ""l3:"", ""l4:"", ""m7,"", ""mrh"", ""n)-"", ""nt4"", ""p11"", ""pc?"", ""pi@"", ""rt="", ""rt@"", ""t!o"", ""t1b"", ""t=b"", ""t@e"", ""y2d"", ""z-q""]",60,1,155,0.0064516129032258064
5,block_infix_fingerprint_v005.json,256,local_split_entropy_equivalence_classes,154,3,0.0,0.01,title,title,38, -f,"["" -f"", "" -p"", "" ?!"", "" s5"", ""\"" g"", ""$7."", ""(gw"", "")be"", "",3:"", "",76"", ""-4/"", ""-c3"", "".c/"", ""/1:"", ""/iw"", ""08?"", ""??!"", ""_cr"", ""`ph"", ""a37"", ""a`s"", ""agq"", ""bf/"", ""d_c"", ""e60"", ""ex("", ""fg!"", ""gnl"", ""gu/"", ""i'p"", ""i`s"", ""jt?"", ""k \"""", ""k/5"", ""lxb"", ""m:t"", ""ma`"", ""n)b"", ""nrd"", ""olx"", ""pzz"", ""ri`"", ""s55"", ""sgn"", ""x(t"", ""xa4"", ""yu;""]",47,1,155,0.0064516129032258064
5,block_infix_fingerprint_v005.json,256,local_split_entropy_equivalence_classes,154,3,0.0,0.01,title,title,39, -z,"["" -z"", "" //"", "" 3i"", "" q8"", ""# i"", ""'zw"", ""*al"", "".t:"", ""// "", ""2-'"", ""32t"", ""3is"", ""42t"", ""@ j"", ""a@m"", ""bl)"", ""cxa"", ""df'"", ""e95"", ""g*a"", ""g*s"", ""hvc"", ""i :"", ""ifh"", ""kcz"", ""kqi"", ""me9"", ""o3a"", ""ob)"", ""okq"", ""oo3"", ""q80"", ""s(?"", ""svc"", ""swy"", ""t4t"", ""t82"", ""tbd"", ""tc3"", ""tdf"", ""u @"", ""uy)"", ""w':"", ""wa@"", ""wk4"", ""ww9"", ""wy2"", ""~an""]",48,1,155,0.0064516129032258064
5,block_infix_fingerprint_v005.json,256,local_split_entropy_equivalence_classes,154,3,0.0,0.01,title,title,40, .0,"["" .0"", "" u$"", "",25"", ""/vl"", ""0o:"", ""2.:"", ""23j"", ""2mx"", ""5-w"", ""52m"", ""55f"", ""5fu"", ""@#c"", ""b@#"", ""bc1"", ""c1:"", ""clc"", ""cpb"", ""eb@"", ""h4u"", ""i'8"", ""j x"", ""l5 "", ""pf)"", ""sf9"", ""ta2"", ""vvn"", ""wuv"", ""x08"", ""x09"", ""x; "", ""xx;""]",32,1,155,0.0064516129032258064
5,block_infix_fingerprint_v005.json,256,local_split_entropy_equivalence_classes,154,3,0.0,0.01,title,title,41, .5,"["" .5"", "" 2]"", "" [6"", "" e="", ""&ah"", ""'a1"", "")k "", "")ly"", "")mu"", ""*bo"", ""*ul"", "".& "", "".8%"", "".gu"", "".s/"", ""/y "", ""0oz"", ""16j"", ""2.c"", ""2or"", ""33,"", ""45%"", ""6ja"", ""6x-"", ""7.-"", ""96x"", "":ax"", "":cr"", "":jo"", "":pl"", ""; 2"", ""[6]"", ""_ea"", ""a(w"", ""bfn"", ""br)"", ""c&a"", ""cvb"", ""czp"", ""d!,"", ""du@"", ""e:j"", ""g*u"", ""gm!"", ""grf"", ""h_r"", ""hhw"", ""hv!"", ""in*"", ""jcu"", ""jn:"", ""k')"", ""k8:"", ""kvc"", ""n*b"", ""n_e"", ""nl:"", ""nt~"", ""o(c"", ""o.;"", ""o?)"", ""p38"", ""phh"", ""pml"", ""pnw"", ""ppz"", ""qft"", ""s.&"", ""s::"", ""sbk"", ""sc&"", ""se2"", ""sh_"", ""skc"", ""tp-"", ""u@ "", ""w)l"", ""y.3"", ""y.4"", ""y.5"", ""yi?"", ""z-u"", ""zh-"", ""zm,"", ""~wo""]",85,1,155,0.0064516129032258064
5,block_infix_fingerprint_v005.json,256,local_split_entropy_equivalence_classes,154,3,0.0,0.01,title,title,42, .7,"["" .7"", "" 6s"", "" v&"", ""'c:"", ""'z:"", ""(gv"", ""(y."", ""-bc"", "".xl"", ""29s"", ""3a."", ""48/"", ""4tm"", ""58o"", ""59,"", ""6s "", ""7ju"", ""9s "", "":ts"", ""[(i"", ""[:t"", ""[pl"", ""_74"", ""a3b"", ""ad2"", ""b+ "", ""b30"", ""b4t"", ""b61"", ""b83"", ""b_s"", ""bd3"", ""br'"", ""c'l"", ""c4:"", ""ch2"", ""cl/"", ""cpd"", ""cvj"", ""d)]"", ""d//"", ""d25"", ""d2g"", ""d3 "", ""d3v"", ""d7a"", ""e(d"", ""gff"", ""gvc"", ""h22"", ""iix"", ""ka]"", ""l.5"", ""nk$"", ""o36"", ""oy_"", ""p'x"", ""p32"", ""p:l"", ""r.x"", ""rj-"", ""s[("", ""sa3"", ""t?."", ""tfx"", ""ub8"", ""us["", ""v&a"", ""vh:"", ""vpl"", ""vr,"", ""y_7"", ""yzg""]",73,1,155,0.0064516129032258064
5,block_infix_fingerprint_v005.json,256,local_split_entropy_equivalence_classes,154,3,0.0,0.01,title,title,43, .8,"["" .8"", "" m)"", ""!1 "", ""\""eg"", ""#1_"", ""#bc"", ""#fi"", ""#po"", ""#qu"", ""#ve"", ""$mo"", ""'-o"", ""'c."", ""'nt"", "") +"", "")-p"", "")ty"", "")ve"", ""*67"", ""*me"", ""+ ("", "",33"", ""-'k"", ""-1="", ""-76"", ""-k."", ""-rd"", ""-wf"", "". :"", ""..7"", "".5a"", "".m:"", "".zh"", ""//z"", ""/2b"", ""/57"", ""/fx"", ""/p4"", ""0!1"", ""0,7"", ""0:9"", ""1/j"", ""10n"", ""12i"", ""14h"", ""19x"", ""1>1"", ""1_l"", ""1c4"", ""1h9"", ""1i "", ""1mi"", ""2/5"", ""21>"", ""25'"", ""2ob"", ""2p2"", ""2ts"", ""3'1"", ""30h"", ""38n"", ""3ei"", ""3fo"", ""3r1"", ""4##"", ""4,2"", ""4/8"", ""4a4"", ""4cl"", ""4gl"", ""4h0"", ""4wo"", ""4xl"", ""5'0"", ""5,3"", ""5-e"", ""5/h"", ""51m"", ""56k"", ""57m"", ""5=1"", ""5do"", ""5ey"", ""5h4"", ""5ob"", ""5po"", ""5wo"", ""65d"", ""6=0"", ""6b:"", ""6dd"", ""7 6"", ""73d"", ""76d"", ""7bo"", ""7mm"", ""7na"", ""7x5"", ""83!"", ""84c"", ""89+"", ""94#"", ""9os"", ""9xx"", "":4 "", "":96"", ""=2:"", ""=5="", "">19"", "">>d"", "">dr"", ""?an"", ""?e?"", ""[me"", ""] g"", ""] v"", ""]ha"", ""]ma"", ""_vi"", ""a-'"", ""a3t"", ""a70"", ""a9 "", ""abx"", ""apx"", ""bcf"", ""bf-"", ""bjs"", ""bxa"", ""c4,"", ""dj."", ""dz/"", ""e?a"", ""e]h"", ""ey$"", ""g] "", ""gg\"""", ""h05"", ""h92"", ""i!'"", ""ie4"", ""ig]"", ""iy:"", ""jdb"", ""kr3"", ""lc2"", ""lt_"", ""lxv"", ""m50"", ""p2r"", ""qap"", ""r00"", ""r1c"", ""r3w"", ""r83"", ""s)-"", ""t.5"", ""t_v"", ""tm-"", ""v.3"", ""vbh"", ""wtd"", ""wvl"", ""x5,"", ""xhd"", ""xkp"", ""ytj"", ""yzk""]",168,1,155,0.0064516129032258064
5,block_infix_fingerprint_v005.json,256,local_split_entropy_equivalence_classes,154,3,0.0,0.01,title,title,44, /s,"["" /s"", "" <m"", "" s3"", "" xz"", ""!?)"", ""#bf"", ""#im"", ""#to"", ""&g "", ""'__"", ""'ua"", ""( w"", ""(!?"", ""(51"", ""(gg"", ""(om"", ""(yi"", "")ct"", "")im"", "")lt"", ""*go"", ""+1,"", ""+1:"", ""+46"", "",08"", "",54"", "",58"", ""-'-"", ""..>"", "".9%"", ""/cz"", ""0_1"", ""0h "", ""0zw"", ""12d"", ""13s"", ""1_0"", ""20z"", ""27m"", ""2do"", ""3:6"", ""3se"", ""42d"", ""49,"", ""4de"", ""5 6"", ""56'"", ""5up"", ""6 4"", ""61!"", ""6x4"", ""7% "", ""75d"", ""7m2"", ""9%:"", ""97%"", "": +"", "": <"", ""<mo"", ""@le"", ""@pp"", ""_' "", ""_1_"", ""__'"", ""a)c"", ""a4-"", ""a4d"", ""b)n"", ""bq;"", ""bvd"", ""dz,"", ""e)m"", ""en$"", ""f&g"", ""hc-"", ""hmv"", ""j 7"", ""l)l"", ""m@l"", ""n$a"", ""p/z"", ""p2u"", ""pg'"", ""q; "", ""sf&"", ""tv6"", ""tv7"", ""tww"", ""u!'"", ""up2"", ""v2-"", ""v6 "", ""wcg"", ""wrw"", ""wtt"", ""wwc"", ""x /"", ""xzs"", ""z@p""]",99,1,155,0.0064516129032258064
5,block_infix_fingerprint_v005.json,256,local_split_entropy_equivalence_classes,154,3,0.0,0.01,title,title,45, 0s,"["" 0s"", "" f2"", "" kx"", "" qf"", ""#ca"", ""#na"", ""#ps"", ""#ye"", ""#yo"", ""$1:"", ""$ti"", ""$uc"", ""&ei"", ""'2/"", ""'= "", ""(39"", "")as"", "")el"", "")in"", "")ir"", "")n."", "")un"", ""+te"", "",3 "", ""-pm"", "".1a"", "".:."", "".::"", "".ad"", ""/(n"", ""/1'"", ""/3,"", ""/75"", ""/g "", ""/k/"", ""/n)"", ""0+2"", ""0/8"", ""00*"", ""05%"", ""05t"", ""06h"", ""0b/"", ""0h3"", ""16f"", ""18q"", ""1=z"", ""1by"", ""1h1"", ""1s "", ""24p"", ""25o"", ""28%"", ""2by"", ""2ey"", ""2xu"", ""3.y"", ""3/8"", ""39o"", ""3@4"", ""3b:"", ""3ep"", ""3fa"", ""3ni"", ""4(3"", ""43@"", ""44o"", ""45/"", ""48+"", ""4hg"", ""4p "", ""4sh"", ""4x("", ""5 %"", ""50n"", ""56%"", ""5_r"", ""5ma"", ""5os"", ""6'2"", ""65_"", ""6f9"", ""6hk"", ""6x2"", ""7:m"", ""7aw"", ""7he"", ""7x6"", ""8(i"", ""8+o"", ""88("", ""8:i"", ""8a-"", ""8ig"", ""8q:"", ""8up"", ""94("", ""95e"", "":.:"", "":::"", "":am"", "":en"", "":iv"", ""<an"", ""=zo"", "">ki"", ""@43"", ""@be"", ""@in"", ""[w]"", ""]de"", ""]ve"", ""_ki"", ""a&o"", ""a)s"", ""a86"", ""a_k"", ""ae4"", ""af)"", ""b/6"", ""b21"", ""b2a"", ""bgs"", ""bsx"", ""btb"", ""by4"", ""c/2"", ""cm!"", ""cpf"", ""e&e"", ""e)i"", ""e)u"", ""e4h"", ""e]d"", ""e]v"", ""eb2"", ""f32"", ""frc"", ""gcp"", ""h36"", ""hvk"", ""i>k"", ""iw-"", ""kxo"", ""m *"", ""m)i"", ""m-x"", ""n@ "", ""n@7"", ""ne+"", ""o::"", ""qf3"", ""qqu"", ""r)a"", ""r/("", ""t'="", ""t)r"", ""ta_"", ""ti>"", ""v) "", ""w] "", ""wpv"", ""wvr"", ""wxo"", ""x(1"", ""x3d"", ""x6x"", ""x:e"", ""xbw""]",169,1,155,0.0064516129032258064
5,block_infix_fingerprint_v005.json,256,local_split_entropy_equivalence_classes,154,3,0.0,0.01,title,title,46, 1j,"["" 1j"", ""'m:"", ""(70"", ""(ew"", "")il"", "")oe"", ""*21"", ""*t,"", ""-p!"", ""-xa"", ""-xl"", "".:c"", ""11y"", ""1jo"", "":da"", "":i-"", "":ii"", "":ot"", "":ya"", ""=fo"", ""a)i"", ""b-y"", ""b.k"", ""b.v"", ""bc?"", ""br("", ""bz-"", ""ccv"", ""cg2"", ""d!v"", ""d.;"", ""d4g"", ""d74"", ""e:y"", ""ewv"", ""f $"", ""fu1"", ""g//"", ""g25"", ""g4l"", ""g=f"", ""gb2"", ""grk"", ""h.z"", ""h:d"", ""hqo"", ""i'x"", ""i:i"", ""ib!"", ""jk."", ""jvn"", ""k51"", ""k:o"", ""ke*"", ""l@n"", ""lhq"", ""lmz"", ""m:i"", ""ng="", ""o70"", ""obp"", ""ojp"", ""pl@"", ""q.d"", ""qud"", ""rk5"", ""ro7"", ""s#@"", ""s(p"", ""t)a"", ""t*2"", ""u11"", ""ujp"", ""us("", ""v'0"", ""xb'"", ""xhl""]",77,1,155,0.0064516129032258064
5,block_infix_fingerprint_v005.json,256,local_split_entropy_equivalence_classes,154,3,0.0,0.01,title,title,47, 1l,"["" 1l"", ""!po"", ""$14"", ""'1s"", ""(bd"", "")av"", "")sh"", ""-#2"", ""/5-"", ""/6%"", ""/h2"", ""/n*"", ""0x1"", ""16+"", ""2:."", ""3p2"", ""4/j"", ""5'e"", ""6%/"", ""6tz"", ""7/j"", ""8/t"", ""84/"", ""9i "", ""@di"", ""a!p"", ""b3b"", ""bb3"", ""bdp"", ""bj!"", ""bvg"", ""dr/"", ""dy4"", ""e/."", ""fl?"", ""fn/"", ""i/5"", ""iuj"", ""jtm"", ""n*e"", ""o/ "", ""p2c"", ""pt)"", ""pvs"", ""q/j"", ""r*d"", ""s)s"", ""sgw"", ""tc-"", ""txn"", ""u:s"", ""ur1"", ""xtx"", ""y/6""]",54,1,155,0.0064516129032258064
5,block_infix_fingerprint_v005.json,256,local_split_entropy_equivalence_classes,154,3,0.0,0.01,title,title,48, 1v,"["" 1v"", ""-) "", ""-s'"", "".i:"", "".im"", ""0ja"", ""20j"", ""=m6"", ""@ u"", ""b @"", ""dmm"", ""dnw"", ""f'g"", ""fdc"", ""frr"", ""g*o"", ""g?)"", ""j/l"", ""kws"", ""o2e"", ""od\"""", ""ol*"", ""qih"", ""r-)"", ""s/ "", ""sf2"", ""si*"", ""sp?"", ""t&d""]",29,1,155,0.0064516129032258064
5,block_infix_fingerprint_v005.json,256,local_split_entropy_equivalence_classes,154,3,0.0,0.01,title,title,49, 2+,"["" 2+"", "" o("", ""\""al"", ""#3-"", ""$11"", ""'?:"", ""(ij"", ""+4 "", ""-a2"", "".j "", "".ov"", ""/'b"", ""/'j"", ""/rz"", ""2+3"", ""2+4"", ""2.g"", ""2rs"", ""3sg"", ""4/n"", ""4sc"", ""@ge"", ""af1"", ""b@g"", ""d$:"", ""dbc"", ""hv:"", ""iy'"", ""k'/"", ""k'?"", ""lzz"", ""nbs"", ""o(h"", ""q&q"", ""xaw"", ""z/'"", ""~ k""]",37,1,155,0.0064516129032258064
5,block_infix_fingerprint_v005.json,256,local_split_entropy_equivalence_classes,154,3,0.0,0.01,title,title,50, 2f,"["" 2f"", ""\"" v"", ""\""bi"", ""$ i"", ""(29"", ""**y"", ""*ku"", ""-c@"", "".- "", ""/c&"", ""2dt"", ""2gs"", ""34/"", ""3wh"", ""48'"", ""5/w"", ""7-d"", ""7/w"", ""9:z"", "":n?"", "":ze"", ""_st"", ""a*m"", ""c&d"", ""d-,"", ""d:n"", ""fcz"", ""fl8"", ""h@n"", ""i*k"", ""i15"", ""jl)"", ""k$ "", ""kfs"", ""l ="", ""l8:"", ""lv,"", ""n1/"", ""o.x"", ""p**"", ""ri1"", ""s-8"", ""s/8"", ""t_s"", ""td/"", ""w'?"", ""wd-""]",47,1,155,0.0064516129032258064
5,block_infix_fingerprint_v005.json,256,local_split_entropy_equivalence_classes,154,3,0.0,0.01,title,title,51, 2i,"["" 2i"", "" @w"", "" r4"", "" yj"", ""&ha"", ""&mr"", ""(80"", ""* t"", ""-jk"", ""-lj"", ""/7t"", ""0ci"", ""8tv"", ""99!"", ""9x0"", ""]em"", ""aj?"", ""cb,"", ""d6 "", ""er["", ""g* "", ""gh;"", ""ht&"", ""k43"", ""klp"", ""mr&"", ""p9 "", ""r44"", ""r[c"", ""r]e"", ""t&h"", ""ta1"", ""td6"", ""u8t"", ""uc:"", ""uv!"", ""vb3"", ""vg-"", ""vwe"", ""w.2"", ""xn/"", ""yj:"", ""zhj""]",43,1,155,0.0064516129032258064
5,block_infix_fingerprint_v005.json,256,local_split_entropy_equivalence_classes,154,3,0.0,0.01,title,title,52, 2m,"["" 2m"", ""!!*"", ""!*c"", ""(+/"", ""(+o"", ""(lr"", ""(pm"", "")zo"", ""*!!"", ""+/-"", ""+e:"", ""+h+"", ""+o-"", ""-7."", ""-85"", ""-ff"", ""-s4"", ""/-)"", ""/j "", ""17m"", ""5mi"", ""6ta"", ""92m"", ""[al"", ""b):"", ""b*!"", ""bhp"", ""d21"", ""dy2"", ""dz-"", ""e)r"", ""e3/"", ""eu;"", ""gmv"", ""h)l"", ""h+e"", ""hd."", ""hi("", ""i(z"", ""i.5"", ""jjn"", ""ke3"", ""kkm"", ""klb"", ""kwy"", ""lr,"", ""ly8"", ""m.2"", ""mgk"", ""n+:"", ""nf'"", ""oe9"", ""p99"", ""qm,"", ""qsw"", ""qxt"", ""r'c"", ""r2k"", ""r4:"", ""rg1"", ""rl$"", ""s&j"", ""s+h"", ""s1-"", ""s11"", ""s_1"", ""si]"", ""sp."", ""sxl"", ""up9"", ""wd)"", ""wt-"", ""xph"", ""xu!"", ""xuf"", ""y80"", ""ykm"", ""ywd"", ""z)z"", ""zkn"", ""zrv""]",81,1,155,0.0064516129032258064
5,block_infix_fingerprint_v005.json,256,local_split_entropy_equivalence_classes,154,3,0.0,0.01,title,title,53, 2w,"["" 2w"", "" 4m"", "" 7j"", "" d_"", "" w1"", ""!) "", ""!2 "", ""!; "", ""$t "", ""&l:"", ""&pa"", ""'dd"", ""'gd"", ""(ie"", ""(nd"", ""(u_"", "")zr"", ""**c"", ""-1)"", ""-pt"", "".6%"", "".sm"", ""0px"", ""1z1"", ""2sw"", ""37g"", ""3ar"", ""3i5"", ""4mo"", ""4pa"", ""7gy"", ""7jo"", ""_08"", ""_ad"", ""a05"", ""ba;"", ""bqa"", ""co$"", ""fp'"", ""fu("", ""fy2"", ""g2:"", ""grj"", ""h&g"", ""h&l"", ""h-8"", ""h1z"", ""h33"", ""h3a"", ""h3i"", ""hd5"", ""hp1"", ""hvx"", ""i'-"", ""i)'"", ""ibq"", ""ihg"", ""j-h"", ""ja0"", ""jex"", ""jf?"", ""jmn"", ""k&p"", ""k48"", ""md!"", ""mjj"", ""mn?"", ""nk&"", ""o$t"", ""o2s"", ""p!;"", ""p15"", ""ps*"", ""q.s"", ""sf)"", ""t!2"", ""t)z"", ""tnr"", ""tpk"", ""u_0"", ""ul8"", ""v-y"", ""vx "", ""w'v"", ""w10"", ""xg2"", ""y4p"", ""z.,""]",88,1,155,0.0064516129032258064
5,block_infix_fingerprint_v005.json,256,local_split_entropy_equivalence_classes,154,3,0.0,0.01,title,title,54, 3;,"["" 3;"", "" p!"", ""\"" f"", ""\""tr"", ""#5,"", ""#@&"", ""$/m"", ""$/t"", ""&%!"", ""'/9"", ""'fx"", "",57"", ""/jf"", ""/r&"", ""/tt"", ""0.l"", ""04e"", ""0to"", ""0x7"", ""3/r"", ""3@t"", ""45p"", ""4:7"", ""4e2"", ""5,2"", ""5/i"", ""6de"", ""7/c"", ""70x"", ""8kt"", ""8x4"", ""9/b"", "":29"", "":39"", "":pr"", "":ur"", "">pl"", ""?/q"", ""@&%"", ""@an"", ""at5"", ""bj,"", ""bn4"", ""dm'"", ""e28"", ""fl9"", ""fx'"", ""h2e"", ""hhy"", ""i$$"", ""jzv"", ""l9:"", ""ld^"", ""li$"", ""m)o"", ""mnw"", ""n4 "", ""nfb"", ""pe;"", ""r$/"", ""r/9"", ""r:u"", ""s04"", ""s3x"", ""tbb"", ""tl/"", ""w@a"", ""ww/"", ""x45"", ""y /""]",70,1,155,0.0064516129032258064
5,block_infix_fingerprint_v005.json,256,local_split_entropy_equivalence_classes,154,3,0.0,0.01,title,title,55, 3],"["" 3]"", "" 5x"", "" 9j"", "" > "", "" [z"", ""!ck"", ""$h!"", ""&b'"", ""&ju"", ""&ki"", ""&sh"", ""'py"", ""'zr"", ""( c"", "".c)"", "".ec"", "".k'"", "".st"", ""/h."", ""4r2"", ""6- "", ""60%"", ""70c"", ""9ja"", "":3 "", "":ru"", ""=4r"", ""=ga"", ""> f"", ""@!c"", ""@&k"", ""[eu"", ""[ze"", ""__b"", ""_bl"", ""bx!"", ""bx@"", ""ck0"", ""cr_"", ""dqa"", ""e:r"", ""ec("", ""es_"", ""eu]"", ""f@&"", ""gbw"", ""grs"", ""ixq"", ""jht"", ""k >"", ""k)o"", ""k01"", ""ky&"", ""lwc"", ""n4e"", ""nt&"", ""o:3"", ""pn1"", ""q.j"", ""qey"", ""qij"", ""qqq"", ""qsi"", ""qtp"", ""r )"", ""r__"", ""rn2"", ""rs3"", ""ru="", ""rx."", ""rxc"", ""s.z"", ""s=4"", ""s@m"", ""sa;"", ""sbx"", ""sfm"", ""sj'"", ""t :"", ""t'v"", ""u.u"", ""u=g"", ""uq/"", ""v ["", ""wn4"", ""x@!"", ""xiy"", ""xyk"", ""y&j"", ""zm'""]",90,1,155,0.0064516129032258064
5,block_infix_fingerprint_v005.json,256,local_split_entropy_equivalence_classes,154,3,0.0,0.01,title,title,56, 3b,"["" 3b"", ""&ar"", ""'lc"", ""'uz"", "")ee"", ""*h,"", ""+ci"", "".af"", "".d("", "".dy"", ""30]"", ""5.m"", ""68]"", ""8ou"", "":u "", ""@do"", ""@fi"", ""[17"", ""[18"", ""[a "", ""_tr"", ""a22"", ""au("", ""c-6"", ""ce@"", ""dvy"", ""e@d"", ""e@f"", ""en&"", ""g:u"", ""i+c"", ""i45"", ""jmc"", ""k ["", ""ki4"", ""l:k"", ""lu$"", ""lx,"", ""m-7"", ""m18"", ""mfc"", ""n&a"", ""ns3"", ""ntq"", ""nvs"", ""nx!"", ""on%"", ""ptx"", ""q'k"", ""r_t"", ""rn("", ""ro1"", ""s'f"", ""ti+"", ""u(x"", ""uvb"", ""vd1"", ""wv."", ""y)e"", ""yeq""]",60,1,155,0.0064516129032258064
5,block_infix_fingerprint_v005.json,256,local_split_entropy_equivalence_classes,154,3,0.0,0.01,title,title,57, 3o,"["" 3o"", "" 7?"", "" h'"", "" p?"", ""%*k"", ""(wg"", ""--i"", ""-hr"", "".?)"", ""/cd"", ""8:o"", "":- "", "":or"", ""=1."", ""al~"", ""bm?"", ""d--"", ""d:2"", ""f%*"", ""f'c"", ""hmp"", ""mgt"", ""n3t"", ""o)/"", ""oh8"", ""pf/"", ""qns"", ""s:-"", ""sqn"", ""uq'"", ""w3,"", ""wf-"", ""wfm"", ""xw-"", ""yvz""]",35,1,155,0.0064516129032258064
5,block_infix_fingerprint_v005.json,256,local_split_entropy_equivalence_classes,154,3,0.0,0.01,title,title,58, 4&,"["" 4&"", ""\""f\"""", ""'bb"", ""'fd"", ""(11"", "".!:"", "".a!"", ""/lk"", ""12g"", ""27'"", ""2gw"", ""3 +"", ""3s2"", ""4&5"", ""4m:"", ""69e"", ""73!"", ""8'2"", ""99x"", ""b.2"", ""c(s"", ""c-z"", ""d17"", ""d3'"", ""ddk"", ""de~"", ""e(l"", ""eqm"", ""e~d"", ""f\"" "", ""f'k"", ""fd3"", ""it@"", ""jhl"", ""jv:"", ""k3s"", ""kgh"", ""kjv"", ""kpp"", ""kr."", ""kz9"", ""l.j"", ""m'p"", ""m4m"", ""nqe"", ""qso"", ""ra("", ""u(r"", ""udq"", ""uqs"", ""v'c"", ""xt)"", ""ynq"", ""z9 "", ""ztn""]",55,1,155,0.0064516129032258064
5,block_infix_fingerprint_v005.json,256,local_split_entropy_equivalence_classes,154,3,0.0,0.01,title,title,59, 4b,"["" 4b"", ""\""mu"", ""'oq"", "")/p"", ""-gf"", ""4b "", ""6 3"", ""6/e"", ""@bi"", ""@cn"", ""e40"", ""f16"", ""f2k"", ""ff2"", ""fwg"", ""gf "", ""gkt"", ""i5,"", ""jzl"", ""ki\"""", ""l?)"", ""lhl"", ""n@b"", ""nht"", ""nxc"", ""ocb"", ""t@c"", ""wgk"", ""wn@"", ""xt@"", ""y)/"", ""ycm"", ""yx-""]",33,1,155,0.0064516129032258064
5,block_infix_fingerprint_v005.json,256,local_split_entropy_equivalence_classes,154,3,0.0,0.01,title,title,60, 4l,"["" 4l"", "" :3"", "" i+"", "" j&"", ""!)s"", ""#1]"", ""%t "", ""'25"", ""'nl"", ""'s;"", ""(f)"", "")ho"", "")ki"", "")s "", "")s("", ""+ii"", "",c,"", "",h,"", "",i,"", "",n,"", "",o,"", "",u,"", "".+r"", ""/cm"", ""07r"", ""2.)"", ""2ki"", ""30n"", ""36'"", ""4l4"", ""4m4"", ""4nt"", ""7.v"", ""8''"", "":al"", ""_ye"", ""a$ "", ""a(!"", ""ac;"", ""c,h"", ""cdb"", ""cdr"", ""dh."", ""e2k"", ""e8 "", ""e_s"", ""f)e"", ""f6 "", ""h,i"", ""he_"", ""hg:"", ""i(f"", ""i,n"", ""j&d"", ""jw?"", ""k)s"", ""k15"", ""l4m"", ""li("", ""mk2"", ""n,g"", ""n_y"", ""ne8"", ""nk1"", ""o,u"", ""ot+"", ""r')"", ""r)k"", ""s-0"", ""sa("", ""sjw"", ""svs"", ""sx8"", ""t,o"", ""t.+"", ""tdv"", ""tfp"", ""u,c"", ""ufy"", ""uy6"", ""v'o"", ""v.8"", ""v.y"", ""vt?"", ""vx2"", ""w)h"", ""wn("", ""wwu"", ""x80"", ""y69"", ""yt:""]",91,1,155,0.0064516129032258064
5,block_infix_fingerprint_v005.json,256,local_split_entropy_equivalence_classes,154,3,0.0,0.01,title,title,61, 5+,"["" 5+"", "" <h"", "" n1"", "" t7"", "" ~k"", "")dr"", ""/2."", ""0w "", ""1gh"", ""56e"", ""5bo"", ""8; "", ""98;"", ""<he"", ""@eu"", ""@na"", ""a)d"", ""al*"", ""ap;"", ""c ~"", ""de;"", ""e2c"", ""gi)"", ""in8"", ""lxe"", ""n1g"", ""n88"", ""n@n"", ""o/q"", ""o~ "", ""pg!"", ""r@e"", ""rbm"", ""s\"":"", ""sb1"", ""se>"", ""sm."", ""tgt"", ""v.5"", ""x <"", ""x2."", ""xct"", ""y-q"", ""~ke""]",44,1,155,0.0064516129032258064
5,block_infix_fingerprint_v005.json,256,local_split_entropy_equivalence_classes,154,3,0.0,0.01,title,title,62, 5;,"["" 5;"", "" 6x"", ""#oc"", ""#pu"", ""#sp"", ""$21"", ""%, "", ""'-w"", ""'7t"", ""'a!"", ""'hd"", ""'uy"", ""(5:"", ""(lt"", ""(oi"", "")rs"", "")us"", ""*mm"", ""+1-"", ""+39"", ""+5:"", ""+ri"", "",04"", "",43"", ""-7="", ""-c)"", ""-h."", ""-ns"", ""-uw"", ""-z!"", "".a,"", "".az"", "".h-"", "".xz"", ""/ n"", ""//q"", ""/9:"", ""/r:"", ""0%,"", ""0in"", ""0mq"", ""0sh"", ""0wo"", ""0x0"", ""0xb"", ""1-z"", ""1.n"", ""10w"", ""15!"", ""15h"", ""1>8"", ""1be"", ""1m "", ""1ui"", ""2 $"", ""2+5"", ""21m"", ""21u"", ""25g"", ""25s"", ""2:6"", ""2=0"", ""2=3"", ""2h_"", ""2ma"", ""32o"", ""36k"", ""3in"", ""3mm"", ""3v "", ""3x5"", ""4 #"", ""4.x"", ""43'"", ""45m"", ""48o"", ""4:6"", ""50o"", ""54h"", ""59'"", ""5; "", ""5f-"", ""5gs"", ""5hs"", ""5m2"", ""5sh"", ""61>"", ""6x1"", ""6xp"", ""7'0"", ""7,7"", ""70i"", ""72="", ""79n"", ""7=7"", ""7da"", ""7x "", ""80c"", ""80m"", ""8an"", ""98t"", ""9ny"", "":41"", "":49"", ""=1?"", ""=72"", "">88"", ""_dv"", ""a&k"", ""a+r"", ""a3d"", ""a44"", ""c- "", ""cm4"", ""dfz"", ""dlr"", ""dv."", ""e)2"", ""es4"", ""et0"", ""ev+"", ""f'a"", ""f/1"", ""fhj"", ""g8/"", ""g:2"", ""h!'"", ""ie3"", ""if1"", ""ix3"", ""j 6"", ""j 8"", ""jl:"", ""jth"", ""ku;"", ""l,'"", ""ld("", ""ljb"", ""lnc"", ""m01"", ""mtj"", ""n)u"", ""n.9"", ""nqn"", ""o)e"", ""o)t"", ""ou("", ""p(q"", ""q'u"", ""q)r"", ""qb:"", ""r'."", ""s2m"", ""t''"", ""t00"", ""ta+"", ""tp1"", ""um0"", ""us2"", ""uvw"", ""v+1"", ""wp:"", ""ww?"", ""wwp"", ""x2o"", ""xpm"", ""yk-"", ""ylg"", ""yqb"", ""zcs"", ""zg!""]",171,1,155,0.0064516129032258064
5,block_infix_fingerprint_v005.json,256,local_split_entropy_equivalence_classes,154,3,0.0,0.01,title,title,63, 5c,"["" 5c"", ""#1,"", ""(tf"", "")/e"", "",38"", "",68"", ""/$2"", ""/t3"", ""0b "", ""1,6"", ""11k"", ""21k"", ""33a"", ""36l"", ""39b"", ""4/$"", ""47b"", ""56b"", ""5ba"", ""63b"", ""6lb"", ""70b"", ""73a"", ""74a"", ""74k"", ""78b"", ""81k"", ""85b"", ""88a"", ""89b"", ""9-p"", ""97b"", ""99a"", ""99b"", ""bf3"", ""cc/"", ""fl,"", ""gp/"", ""hf."", ""l)/"", ""m5b"", ""qup"", ""r-4"", ""r:1"", ""t30"", ""vp?""]",46,1,155,0.0064516129032258064
5,block_infix_fingerprint_v005.json,256,local_split_entropy_equivalence_classes,154,3,0.0,0.01,title,title,64, 5s,"["" 5s"", "" `t"", ""#de"", ""$77"", ""&de"", ""-i6"", "".h/"", "".k-"", ""0/d"", ""09?"", ""3h4"", ""5-h"", ""5/p"", ""5sn"", ""`th"", ""a&d"", ""d+p"", ""dnm"", ""g.-"", ""h35"", ""h45"", ""hg!"", ""hmf"", ""i69"", ""jfy"", ""mgd"", ""mxe"", ""qbv"", ""r?)"", ""rqb"", ""s `"", ""tf-"", ""tl4"", ""trq"", ""v5 "", ""v7 "", ""w.u"", ""ya&"", ""z!.""]",39,1,155,0.0064516129032258064
5,block_infix_fingerprint_v005.json,256,local_split_entropy_equivalence_classes,154,3,0.0,0.01,title,title,65, 5w,"["" 5w"", "" 7m"", ""&at"", ""'':"", ""(eq"", "",72"", ""-@t"", ""-p2"", "".-i"", ""/73"", ""/x2"", ""1ro"", ""1rs"", ""2.-"", ""33'"", ""4'3"", ""45h"", ""5hp"", ""5wa"", ""65e"", ""7mo"", "":d:"", "":e:"", ""[fa"", ""_ma"", ""c.f"", ""cf2"", ""d,2"", ""d:e"", ""dfd"", ""dfk"", ""dhs"", ""dmp"", ""dnz"", ""dv4"", ""dv:"", ""dwf"", ""dz)"", ""e41"", ""e:d"", ""e_m"", ""f.,"", ""f1r"", ""fk6"", ""fkh"", ""flt"", ""fm8"", ""gk:"", ""hk,"", ""ik("", ""im_"", ""iv3"", ""k(a"", ""k.x"", ""k64"", ""kzh"", ""l_m"", ""l_w"", ""lm#"", ""lm]"", ""m#1"", ""m89"", ""n !"", ""n)."", ""n.-"", ""nlt"", ""nmh"", ""ot4"", ""ov)"", ""p-x"", ""ph)"", ""prm"", ""qqe"", ""rhg"", ""rxl"", ""s&a"", ""sh2"", ""t _"", ""t33"", ""t4m"", ""us4"", ""v3r"", ""v45"", ""wf/"", ""wfn"", ""xo-"", ""xu-"", ""y'u"", ""y-1"", ""yr!"", ""zyh""]",91,1,155,0.0064516129032258064
5,block_infix_fingerprint_v005.json,256,local_split_entropy_equivalence_classes,154,3,0.0,0.01,title,title,66, 7!,"["" 7!"", "" g@"", "" r/"", ""$$)"", ""'e/"", ""(a$"", ""+sc"", "",16"", ""-d,"", ""-f!"", "".uk"", ""/jx"", ""/pv"", ""2bu"", ""6.d"", ""=fu"", ""a6 "", ""ad3"", ""btj"", ""ce="", ""cpy"", ""d36"", ""dl?"", ""e=f"", ""eq-"", ""fo7"", ""g\""."", ""g-6"", ""g12"", ""g@y"", ""jx5"", ""k2b"", ""l),"", ""m'y"", ""o7 "", ""p4u"", ""qi'"", ""uyc"", ""v3!"", ""wm!"", ""wm,"", ""xdl""]",42,1,155,0.0064516129032258064
5,block_infix_fingerprint_v005.json,256,local_split_entropy_equivalence_classes,154,3,0.0,0.01,title,title,67, 7f,"["" 7f"", "" ;)"", "" @f"", "" i&"", ""'n!"", ""(eb"", ""(l-"", "")st"", "")wr"", ""*k'"", ""--p"", "".#n"", ""/dx"", ""02_"", ""04!"", ""06!"", ""11+"", ""2_0"", ""3ie"", ""3te"", ""4l:"", ""88'"", ""9/i"", "":la"", ""@ff"", ""]si"", ""_06"", ""_10"", ""a3i"", ""a47"", ""ay2"", ""b*s"", ""b77"", ""bk-"", ""ccf"", ""ctd"", ""d81"", ""df/"", ""dfx"", ""dnt"", ""dv-"", ""dvx"", ""e)w"", ""e2 "", ""ex$"", ""eyx"", ""f*s"", ""f4l"", ""fln"", ""hzr"", ""i&m"", ""j:l"", ""jyq"", ""l'v"", ""lm4"", ""lnn"", ""m:2"", ""mc?"", ""n ;"", ""n]s"", ""nd8"", ""nd_"", ""nzj"", ""p.9"", ""qof"", ""r1:"", ""r_1"", ""sg?"", ""sy7"", ""tr1"", ""u5 "", ""v59"", ""vhu"", ""vxl"", ""x$p"", ""x.#"", ""y74"", ""yqi"", ""yxp"", ""zr ""]",80,1,155,0.0064516129032258064
5,block_infix_fingerprint_v005.json,256,local_split_entropy_equivalence_classes,154,3,0.0,0.01,title,title,68, 8c,"["" 8c"", ""%t!"", "")-e"", ""/uu"", ""5'/"", ""7x8"", ""8c "", ""9=8"", ""= 4"", ""=81"", ""?)."", ""@ki"", ""@nr"", ""d'!"", ""dms"", ""e)-"", ""fdk"", ""fu;"", ""gx-"", ""hdm"", ""io_"", ""jb,"", ""jn?"", ""km8"", ""m86"", ""n.'"", ""njc"", ""nrk"", ""o60"", ""o71"", ""o72"", ""o75"", ""o85"", ""o87"", ""o88"", ""o96"", ""p4o"", ""swl"", ""thz"", ""to\"""", ""tt@"", ""tv+"", ""v/k"", ""wnk"", ""x9="", ""xki"", ""xxk"", ""yiq"", ""z4 "", ""zkm""]",50,1,155,0.0064516129032258064
5,block_infix_fingerprint_v005.json,256,local_split_entropy_equivalence_classes,154,3,0.0,0.01,title,title,69, 8x,"["" 8x"", "" =p"", "" rq"", "" {."", ""'-g"", ""'kk"", ""'s1"", ""*%k"", "",60"", ""1; "", ""21;"", ""27h"", ""2lu"", ""2o3"", ""2wa"", ""3,6"", ""45}"", ""4eb"", ""5} "", ""6 9"", ""69,"", ""76'"", ""7bt"", ""7hr"", ""81/"", ""8:e"", "":ci"", ""=ny"", ""=ph"", ""bp."", ""bzh"", ""c2l"", ""d:c"", ""dk9"", ""dp2"", ""dxo"", ""e2w"", ""e=n"", ""ec2"", ""ef2"", ""f'."", ""f*%"", ""f2p"", ""fgt"", ""fv "", ""g&c"", ""g),"", ""g2-"", ""gg&"", ""h-6"", ""hwn"", ""il("", ""il1"", ""it>"", ""jkb"", ""k90"", ""ke2"", ""kfv"", ""ljw"", ""m81"", ""mo;"", ""mo_"", ""mqo"", ""n-6"", ""ne="", ""no("", ""nt8"", ""o(s"", ""o37"", ""o_l"", ""od4"", ""og2"", ""qov"", ""r$a"", ""r)."", ""r09"", ""rhw"", ""srz"", ""t>l"", ""tft"", ""u :"", ""u5:"", ""uqr"", ""ur0"", ""v46"", ""v81"", ""y.i"", ""yp,"", ""yxk"", ""{.2"", ""} z""]",91,1,155,0.0064516129032258064
5,block_infix_fingerprint_v005.json,256,local_split_entropy_equivalence_classes,154,3,0.0,0.01,title,title,70, 9!,"["" 9!"", "" uq"", ""#9/"", ""'f*"", "",09"", ""-v:"", ""/dk"", ""1:b"", ""25b"", ""42b"", ""51b"", ""57b"", ""58a"", ""58b"", ""66a"", ""6:2"", ""71b"", ""74b"", ""9/e"", ""94b"", "":be"", ""=wh"", ""ag5"", ""fe#"", ""hkk"", ""ho3"", ""iq,"", ""j/j"", ""lnj"", ""n??"", ""o32"", ""r??"", ""rvk"", ""s&l"", ""x=w"", ""zz?""]",36,1,155,0.0064516129032258064
5,block_infix_fingerprint_v005.json,256,local_split_entropy_equivalence_classes,154,3,0.0,0.01,title,title,71, 9b,"["" 9b"", ""%ke"", ""&%k"", ""&s "", ""*&%"", ""2-u"", ""2rm"", ""4 5"", ""4e)"", ""9pm"", "";no"", ""a-0"", ""d)/"", ""dcv"", ""dv,"", ""dzp"", ""f*&"", ""h2b"", ""hdb"", ""i/'"", ""iz@"", ""jd."", ""jkd"", ""m&s"", ""n {"", ""o5t"", ""pi\"""", ""pi)"", ""pm,"", ""po5"", ""pp)"", ""pvb"", ""r'r"", ""s;n"", ""tc,"", ""te]"", ""ui}"", ""v/o"", ""vr6"", ""w-n"", ""y-3"", ""zdx"", ""zp ""]",43,1,155,0.0064516129032258064
5,block_infix_fingerprint_v005.json,256,local_split_entropy_equivalence_classes,154,3,0.0,0.01,title,title,72, 9m,"["" 9m"", "" q4"", "" v*"", ""\""da"", ""%! "", ""'zs"", ""(fy"", ""(kh"", ""*h/"", ""*i."", ""++ "", ""//y"", ""/m*"", ""/vc"", ""2fs"", ""92f"", ""a++"", ""a31"", ""ah2"", ""b//"", ""bfk"", ""dzz"", ""fc'"", ""iwp"", ""jlv"", ""m32"", ""m62"", ""njk"", ""q43"", ""st_"", ""t_w"", ""tlz"", ""tvw"", ""uwz"", ""v**"", ""v/v"", ""v27"", ""v3'"", ""vd?"", ""viw"", ""vji"", ""vww"", ""wbz"", ""wfs"", ""yg?""]",45,1,155,0.0064516129032258064
5,block_infix_fingerprint_v005.json,256,local_split_entropy_equivalence_classes,154,3,0.0,0.01,title,title,73, 9v,"["" 9v"", "" @s"", "" y1"", ""!sh"", ""#5-"", ""#fo"", ""$74"", ""&w,"", ""'/n"", ""'l/"", "")/y"", "".wm"", ""/y2"", ""0.b"", ""06'"", ""1ks"", ""24g"", ""3.f"", ""3x4"", ""4/c"", ""4/d"", ""4ga"", ""55p"", ""7/d"", ""95c"", ""9di"", ""9v "", "":3-"", ""ak3"", ""b26"", ""ccz"", ""cuh"", ""d$ "", ""d&c"", ""dc-"", ""djw"", ""h @"", ""i)/"", ""l'w"", ""lhc"", ""m'?"", ""mhh"", ""mvf"", ""rh-"", ""rw-"", ""vff"", ""wlc"", ""wmv"", ""wt:"", ""y.w"", ""zcc"", ""zll""]",52,1,155,0.0064516129032258064
5,block_infix_fingerprint_v005.json,256,local_split_entropy_equivalence_classes,154,3,0.0,0.01,title,title,74, :6,"["" :6"", ""#*t"", ""$ -"", ""$o$"", ""% z"", ""(1c"", ""(ef"", ""*po"", ""*ra"", ""+1e"", ""+b+"", ""-'6"", ""-fb"", "".g:"", "".s,"", ""/z:"", ""0wz"", ""1co"", ""1le"", ""1ll"", ""1n "", ""1nb"", ""2cu"", ""2d:"", ""2mo"", ""3tu"", ""4'0"", ""4ed"", ""4ie"", ""4k'"", ""5es"", ""6-'"", ""8:6"", ""9ns"", "":1)"", "";ye"", ""a1n"", ""ap*"", ""ap}"", ""ar+"", ""at2"", ""atq"", ""b+g"", ""b0w"", ""bn)"", ""cr."", ""d()"", ""e {"", ""e)e"", ""f/5"", ""fn-"", ""fo1"", ""i9n"", ""i:t"", ""iqc"", ""jd,"", ""l:l"", ""lrp"", ""n5e"", ""nb0"", ""no;"", ""o$ "", ""o1l"", ""o;y"", ""o_1"", ""p(g"", ""p*p"", ""p1l"", ""p31"", ""pqd"", ""pwl"", ""qce"", ""qyl"", ""r$o"", ""r+1"", ""r+b"", ""r3t"", ""ra1"", ""rp3"", ""s#*"", ""s*o"", ""s-7"", ""s1l"", ""s4:"", ""s4k"", ""scc"", ""si9"", ""ss*"", ""t1n"", ""t2m"", ""to_"", ""tqa"", ""uh)"", ""uqq"", ""utq"", ""uxy"", ""ve#"", ""wz,"", ""x.v"", ""y4t"", ""ysx"", ""zdv"", ""zr:"", ""ztk""]",104,1,155,0.0064516129032258064
5,block_infix_fingerprint_v005.json,256,local_split_entropy_equivalence_classes,154,3,0.0,0.01,title,title,75, <<,"["" <<"", "" `a"", ""* d"", ""/cv"", ""/xz"", ""<<b"", ""<bi"", ""> o"", "">> "", ""`aw"", ""bi>"", ""e+ "", ""i>>"", ""ke+"", ""lnb"", ""me1"", ""n `"", ""nfk"", ""nj/"", ""nt\"""", ""o <"", ""re5"", ""v./"", ""xe'"", ""ya]"", ""yex""]",26,1,155,0.0064516129032258064
5,block_infix_fingerprint_v005.json,256,local_split_entropy_equivalence_classes,154,3,0.0,0.01,title,title,76, =t,"["" =t"", ""!tc"", ""'ww"", ""(ml"", ""* k"", ""- _"", ""-ej"", ""-nj"", ""-oe"", "".sy"", ""56/"", ""7pe"", ""8o2"", ""9h2"", ""=tr"", "">si"", ""?ba"", ""@ed"", ""_ -"", ""_sc"", ""`yn"", ""a?b"", ""a`y"", ""ak;"", ""ax3"", ""az1"", ""b!t"", ""bfc"", ""bfz"", ""bps"", ""bx."", ""c19"", ""ch7"", ""ckq"", ""cl,"", ""cr7"", ""ctp"", ""cu4"", ""cu@"", ""cwp"", ""d'p"", ""d77"", ""d7p"", ""e1'"", ""e>s"", ""ec)"", ""em0"", ""g'$"", ""g_g"", ""gdw"", ""h28"", ""hsz"", ""i3d"", ""in9"", ""ir3"", ""iwm"", ""j'd"", ""k'v"", ""ky2"", ""l(e"", ""l+r"", ""l.)"", ""ll("", ""lu_"", ""m.z"", ""m08"", ""mnb"", ""mp+"", ""ne>"", ""o*m"", ""o.y"", ""p'l"", ""pnk"", ""r25"", ""r3d"", ""sw1"", ""to*"", ""u4t"", ""u@e"", ""u_s"", ""wmh"", ""yz!"", ""z14""]",83,1,155,0.0064516129032258064
5,block_infix_fingerprint_v005.json,256,local_split_entropy_equivalence_classes,154,3,0.0,0.01,title,title,77, >>,"["" >>"", "" d7"", "" fg"", "" j1"", "" j3"", "" p0"", ""!fe"", ""$al"", ""&m,"", ""'1 "", ""(rx"", "")kl"", "")w "", ""**8"", ""+l'"", ""+zh"", "".sw"", ""1fe"", ""1m:"", ""1os"", ""4 q"", ""8jj"", ""98j"", "":xp"", "">>>"", "">>f"", "">fa"", ""[ol"", ""[ri"", ""`i:"", ""b'k"", ""cy)"", ""de+"", ""e+l"", ""e:x"", ""g >"", ""h)'"", ""ht["", ""hxo"", ""iqn"", ""j1."", ""jcb"", ""jgs"", ""jwc"", ""jzu"", ""k(n"", ""k40"", ""knf"", ""krl"", ""kwm"", ""l!f"", ""l&m"", ""l1f"", ""lg/"", ""lgf"", ""m+z"", ""m24"", ""n)k"", ""n.x"", ""o)w"", ""o`i"", ""p08"", ""qe,"", ""qeb"", ""rc."", ""rg;"", ""rvf"", ""rx)"", ""rxu"", ""t(c"", ""t[s"", ""u-6"", ""vlz"", ""wml"", ""x):"", ""x,."", ""zkh""]",77,1,155,0.0064516129032258064
5,block_infix_fingerprint_v005.json,256,local_split_entropy_equivalence_classes,154,3,0.0,0.01,title,title,78, ?u,"["" ?u"", ""\""ba"", ""'xt"", ""(77"", ""(c."", ""+99"", ""-o."", "".-o"", "".5!"", ""1+9"", ""58k"", ""6in"", ""8kg"", ""?)m"", ""?ue"", ""crl"", ""e(?"", ""e6 "", ""f17"", ""fe("", ""j/c"", ""jz-"", ""kgm"", ""lzr"", ""m78"", ""r1-"", ""r54"", ""re6"", ""u8 "", ""uf1"", ""v-9"", ""v.l"", ""w3'"", ""w81"", ""whd"", ""whr"", ""wjr"", ""wjz"", ""x.k"", ""x2k"", ""x9 "", ""xk8"", ""xuh"", ""ynp""]",44,1,155,0.0064516129032258064
5,block_infix_fingerprint_v005.json,256,local_split_entropy_equivalence_classes,154,3,0.0,0.01,title,title,79, @$,"["" @$"", "" j2"", "" n7"", "" r6"", "" y7"", "" y8"", ""$$h"", ""'mt"", ""'n)"", ""(ir"", ""(o'"", ""1*'"", ""18s"", ""34!"", ""41'"", ""53t"", ""7-c"", ""7.p"", ""71'"", ""8se"", "":di"", ""@$$"", ""@s "", ""@s/"", ""b:d"", ""b:n"", ""bhs"", ""bl-"", ""cyv"", ""dcs"", ""e(e"", ""f!'"", ""g1:"", ""gpm"", ""h ~"", ""hpm"", ""k.;"", ""kk."", ""l37"", ""m.!"", ""n44"", ""na]"", ""nrs"", ""nt@"", ""o4 "", ""po4"", ""r!,"", ""r'b"", ""r)r"", ""r6 "", ""s/6"", ""sg1"", ""t@s"", ""ts9"", ""ul3"", ""um9"", ""vrv"", ""wrg"", ""y7-"", ""y8-""]",60,1,155,0.0064516129032258064
5,block_infix_fingerprint_v005.json,256,local_split_entropy_equivalence_classes,154,3,0.0,0.01,title,title,80, @1,"["" @1"", ""\"" k"", ""\""pe"", ""(py"", ""(ug"", ""+cl"", ""-1."", ""-3n"", ""-9m"", ""-o,"", ""/kw"", ""/l "", ""/xx"", ""07?"", ""1 @"", ""1)/"", ""36s"", ""3n "", ""4x9"", ""53%"", ""6st"", ""80%"", ""84x"", ""8h1"", ""=za"", ""@11"", ""_su"", ""a58"", ""ag="", ""clg"", ""cq/"", ""d+1"", ""d0s"", ""d_s"", ""dld"", ""g=z"", ""ghq"", ""jmt"", ""mjr"", ""ni~"", ""p/x"", ""pa2"", ""r-5"", ""r/5"", ""sdl"", ""vyx"", ""x-6"", ""yxs"", ""z.?"", ""~ o"", ""~ai""]",51,1,155,0.0064516129032258064
5,block_infix_fingerprint_v005.json,256,local_split_entropy_equivalence_classes,154,3,0.0,0.01,title,title,81, @a,"["" @a"", "" b6"", "" e)"", "" g!"", "" n9"", "" v0"", ""!% "", ""#!%"", ""'j."", ""('j"", ""(ox"", ""(sg"", ""(y)"", "")ad"", "")lj"", ""**!"", ""-3s"", ""-tb"", "".oe"", ""/ej"", ""21c"", ""23t"", ""25c"", ""3-v"", ""31t"", ""3s!"", ""45'"", ""52t"", ""8ml"", ""95!"", ""9ei"", ""9x:"", ""?ic"", ""@ 2"", ""@ak"", ""@y "", ""b63"", ""bcr"", ""c'-"", ""c_w"", ""cgw"", ""d,'"", ""d@y"", ""en9"", ""hpd"", ""hvz"", ""jtk"", ""l(y"", ""n9e"", ""n9n"", ""nd@"", ""oz)"", ""p!t"", ""pfx"", ""rmq"", ""rv?"", ""sd)"", ""sgg"", ""sn."", ""sp!"", ""t9x"", ""t?i"", ""to]"", ""uj,"", ""uo?"", ""v0."", ""wrm"", ""y')"", ""y)i""]",69,1,155,0.0064516129032258064
5,block_infix_fingerprint_v005.json,256,local_split_entropy_equivalence_classes,154,3,0.0,0.01,title,title,82, @l,"["" @l"", "" lq"", ""\""dr"", ""*si"", ""/iu"", ""1:6"", ""3/p"", ""3p!"", ""6/n"", ""@ll"", ""ag2"", ""cc-"", ""ed\"""", ""ej/"", ""fmr"", ""g2o"", ""hj-"", ""kcc"", ""kdn"", ""kl!"", ""kvs"", ""l8r"", ""lpd"", ""lr1"", ""lzj"", ""m'q"", ""vcn"", ""x'e""]",28,1,155,0.0064516129032258064
5,block_infix_fingerprint_v005.json,256,local_split_entropy_equivalence_classes,154,3,0.0,0.01,title,title,83, ``,"["" ``"", ""\""la"", ""'iy"", ""(2h"", ""(8:"", ""*&@"", ""*ee"", ""*sy"", "",90"", ""/kk"", ""0gt"", ""2hr"", ""3,9"", ""35x"", ""36r"", ""6rx"", ""94'"", ""``g"", ""`go"", ""bgg"", ""cq!"", ""e*e"", ""h `"", ""i.!"", ""il8"", ""k\"" "", ""l*&"", ""mc/"", ""mk/"", ""otq"", ""p1 "", ""pkw"", ""sk\"""", ""v.w"", ""vsv"", ""wr,"", ""xr-"", ""ze*""]",38,1,155,0.0064516129032258064
5,block_infix_fingerprint_v005.json,256,local_split_entropy_equivalence_classes,154,3,0.0,0.01,title,title,84, `e,"["" `e"", ""!!1"", ""!11"", ""\""hu"", ""$*%"", ""$33"", ""%er"", ""(4/"", "")/t"", "")ch"", "")do"", ""*% "", ""-a'"", ""/'g"", ""/y-"", ""0%e"", ""0tv"", ""40z"", ""6+1"", ""7 #"", ""79*"", ""9-y"", ""> p"", ""[e]"", ""`em"", ""ba("", ""cqf"", ""d.y"", ""dz."", ""e `"", ""e)d"", ""iql"", ""kzm"", ""m27"", ""qfd"", ""rh:"", ""rp)"", ""s> "", ""un["", ""wm2"", ""ws>"", ""wu?"", ""z.c""]",43,1,155,0.0064516129032258064
5,block_infix_fingerprint_v005.json,256,local_split_entropy_equivalence_classes,154,3,0.0,0.01,title,title,85, b#,"["" b#"", ""&c)"", ""'h2"", ""'xc"", ""(b&"", ""(ts"", "")-m"", ""*kl"", ""*tb"", "".c?"", "".ej"", ""/zb"", ""0rr"", ""2ri"", ""3ee"", ""41e"", ""6-c"", ""a~i"", ""b&c"", ""bf1"", ""d(o"", ""e3e"", ""epg"", ""f'x"", ""f4 "", ""fr-"", ""ggj"", ""gnw"", ""gs2"", ""ha1"", ""hdv"", ""ifw"", ""p(p"", ""p)-"", ""pg7"", ""s2r"", ""sa~"", ""twt"", ""u2g"", ""w&w"", ""ye3"", ""~i!""]",42,1,155,0.0064516129032258064
5,block_infix_fingerprint_v005.json,256,local_split_entropy_equivalence_classes,154,3,0.0,0.01,title,title,86, b5,"["" b5"", "" y6"", ""##i"", ""(dj"", ""(ty"", "")kt"", ""-d1"", "".2b"", "".ok"", "".pb"", "".zw"", ""/2s"", ""/8t"", ""14]"", ""1al"", ""6ts"", ""70%"", ""9 9"", ""ar6"", ""ax;"", ""c:s"", ""crm"", ""csg"", ""d1a"", ""dlf"", ""eoq"", ""f##"", ""g-3"", ""h(s"", ""i)e"", ""im1"", ""k3/"", ""knq"", ""l-3"", ""l3d"", ""n(?"", ""o(t"", ""o-8"", ""o0k"", ""ob;"", ""ov("", ""ow["", ""p'p"", ""pbn"", ""pgn"", ""po0"", ""r3-"", ""r69"", ""sdd"", ""t2p"", ""tbc"", ""uc-"", ""v'g"", ""v(i"", ""w.?"", ""w[s"", ""wbm"", ""wzr"", ""x)t"", ""y6-""]",60,1,155,0.0064516129032258064
5,block_infix_fingerprint_v005.json,256,local_split_entropy_equivalence_classes,154,3,0.0,0.01,title,title,87, d?,"["" d?"", ""(25"", ""(nj"", ""*nt"", ""/86"", ""/88"", ""/92"", ""32x"", ""48f"", ""87/"", ""8fp"", ""a:)"", ""ag7"", ""c&c"", ""c*n"", ""c3-"", ""dpd"", ""e-'"", ""e/8"", ""ejg"", ""gn)"", ""gyw"", ""h\""?"", ""hkn"", ""hp/"", ""m-8"", ""n)?"", ""o~!"", ""pdy"", ""r)'"", ""r3m"", ""sz/"", ""txy"", ""u?-"", ""ygk"", ""zox""]",36,1,155,0.0064516129032258064
5,block_infix_fingerprint_v005.json,256,local_split_entropy_equivalence_classes,154,3,0.0,0.01,title,title,88, e1,"["" e1"", "" r$"", ""#1?"", "")eq"", ""*k-"", ""-zc"", "".uw"", ""/'h"", ""0n,"", ""20k"", ""4ge"", ""61t"", ""b)t"", ""e$:"", ""e15"", ""e1n"", ""fe\"""", ""fnb"", ""ox6"", ""p?'"", ""pf'"", ""ptp"", ""r$5"", ""s'8"", ""us+"", ""x02"", ""x06"", ""x07"", ""yzl"", ""zc-""]",30,1,155,0.0064516129032258064
5,block_infix_fingerprint_v005.json,256,local_split_entropy_equivalence_classes,154,3,0.0,0.01,title,title,89," f,","["" f,"", "" z0"", ""\""/n"", ""$h?"", ""'f-"", ""(b."", ""(tj"", "")mi"", "".?-"", ""//e"", ""33m"", ""?/1"", ""a\""/"", ""av?"", ""bkw"", ""bmp"", ""bt;"", ""c.!"", ""e(t"", ""fg:"", ""i)m"", ""jx3"", ""kwl"", ""l65"", ""lxg"", ""ma~"", ""p:/"", ""pr?"", ""sc6"", ""sc8"", ""sl6"", ""tfg"", ""uhz"", ""xcy"", ""xf-"", ""ykv"", ""zzd""]",37,1,155,0.0064516129032258064
5,block_infix_fingerprint_v005.json,256,local_split_entropy_equivalence_classes,154,3,0.0,0.01,title,title,90, f5,"["" f5"", ""!re"", ""'3 "", ""(9 "", ""(dz"", "") 5"", ""+33"", ""+bl"", ""-' "", ""--'"", "".k:"", "".uu"", ""0re"", ""1ev"", ""2.i"", ""2.k"", ""25h"", ""2d/"", ""4hi"", ""7'2"", ""89!"", "":ph"", ""@17"", ""[:p"", ""_60"", ""a65"", ""ar9"", ""ay_"", ""bbg"", ""bhw"", ""d@1"", ""dc3"", ""dkw"", ""e14"", ""e1e"", ""ea;"", ""eqs"", ""f.2"", ""f20"", ""fb:"", ""fi."", ""fs)"", ""gr "", ""h!n"", ""hgg"", ""hhg"", ""hsq"", ""jlt"", ""k:3"", ""kbb"", ""kv:"", ""la("", ""ldq"", ""m!r"", ""m(d"", ""nb:"", ""ne*"", ""o,0"", ""pdv"", ""qsp"", ""r97"", ""re3"", ""sb,"", ""sh+"", ""uxc"", ""v17"", ""wgt"", ""wt,"", ""wt."", ""x?!"", ""xa)"", ""xu,"", ""y_6"", ""yg-""]",74,1,155,0.0064516129032258064
5,block_infix_fingerprint_v005.json,256,local_split_entropy_equivalence_classes,154,3,0.0,0.01,title,title,91, f?,"["" f?"", ""#k'"", ""(ky"", ""(wu"", ""-l1"", ""/o-"", ""/x:"", ""1gp"", ""1t,"", ""1tc"", ""41+"", ""41n"", ""4c4"", ""b&o"", ""b1t"", ""c41"", ""cs6"", ""dm."", ""e'8"", ""f1g"", ""flx"", ""gcf"", ""h1t"", ""js,"", ""jwy"", ""l.?"", ""s6,"", ""v41"", ""wuu"", ""ytc"", ""zd.""]",31,1,155,0.0064516129032258064
5,block_infix_fingerprint_v005.json,256,local_split_entropy_equivalence_classes,154,3,0.0,0.01,title,title,92, g&,"["" g&"", "" i4"", "" ~y"", ""&@k"", ""&m-"", ""'mc"", ""(dv"", ""(s3"", ""*s!"", ""/f:"", ""/h "", ""/p-"", ""/w."", ""2!)"", ""38?"", ""6b/"", ""8en"", ""@k?"", ""axq"", ""bvn"", ""cj5"", ""e)!"", ""f&@"", ""g&g"", ""g35"", ""h&m"", ""i-3"", ""j5 "", ""jkw"", ""l63"", ""lr2"", ""lvp"", ""ml6"", ""mx/"", ""o53"", ""o54"", ""o67"", ""o89"", ""o93"", ""o98"", ""q-f"", ""qi,"", ""r*a"", ""s40"", ""slq"", ""st4"", ""t38"", ""v2!"", ""vd)"", ""vkj"", ""vxe"", ""wrv"", ""xvx"", ""y)'"", ""~yu""]",55,1,155,0.0064516129032258064
5,block_infix_fingerprint_v005.json,256,local_split_entropy_equivalence_classes,154,3,0.0,0.01,title,title,93, g?,"["" g?"", ""'ld"", ""(oa"", ""+00"", ""-#7"", ""/ i"", ""/2t"", ""/34"", ""02e"", ""2ex"", ""32s"", ""97t"", ""@! "", ""bu~"", ""f?/"", ""g/ "", ""jc,"", ""jk'"", ""k'6"", ""n45"", ""ppx"", ""q/w"", ""s&@"", ""s.9"", ""vms"", ""x.:"", ""xr7"", ""y',"", ""y/2"", ""~to""]",30,1,155,0.0064516129032258064
5,block_infix_fingerprint_v005.json,256,local_split_entropy_equivalence_classes,154,3,0.0,0.01,title,title,94, gk,"["" gk"", "" w0"", ""$h:"", ""'7 "", ""(dc"", ""(gc"", ""-kf"", ""/nc"", ""0gz"", ""1/r"", ""2g:"", ""39e"", ""4-o"", ""9-l"", "";as"", ""b=m"", ""c),"", ""c:h"", ""d00"", ""dc)"", ""fj'"", ""g2g"", ""gc)"", ""gj-"", ""gzv"", ""i/9"", ""ka3"", ""lv1"", ""lwf"", ""mt7"", ""n23"", ""nd&"", ""nn2"", ""t /"", ""t72"", ""tv1"", ""w0g"", ""zbz"", ""zv ""]",39,1,155,0.0064516129032258064
5,block_infix_fingerprint_v005.json,256,local_split_entropy_equivalence_classes,154,3,0.0,0.01,title,title,95, h),"["" h)"", ""/hn"", ""0bs"", ""3'."", ""3j "", ""4.:"", ""4a/"", ""7/n"", ""88%"", "":sy"", ""_fe"", ""a@n"", ""ak_"", ""bdd"", ""by2"", ""c39"", ""cbd"", ""gzt"", ""hc3"", ""k_f"", ""p'j"", ""pa@"", ""t'8"", ""v7/"", ""x59"", ""ypv"", ""z.w"", ""ztf""]",28,1,155,0.0064516129032258064
5,block_infix_fingerprint_v005.json,256,local_split_entropy_equivalence_classes,154,3,0.0,0.01,title,title,96, h*,"["" h*"", "" k*"", ""#2,"", ""$% "", "",94"", ""-4x"", "".2l"", "".jp"", "".ke"", ""/mx"", ""2l "", ""33k"", ""4m3"", ""5,9"", ""72?"", ""8l "", ""a8l"", ""a~?"", ""ecx"", ""g33"", ""g4m"", ""h*y"", ""ip#"", ""jr?"", ""k'm"", ""k*a"", ""l*a"", ""lpn"", ""mrp"", ""no\"""", ""o-4"", ""o??"", ""ox)"", ""p#2"", ""p*l"", ""r3 "", ""rjy"", ""rq!"", ""rv."", ""sc5"", ""sc7"", ""t6:"", ""upq"", ""wr3"", ""y*m"", ""~?!""]",46,1,155,0.0064516129032258064
5,block_infix_fingerprint_v005.json,256,local_split_entropy_equivalence_classes,154,3,0.0,0.01,title,title,97, h+,"["" h+"", ""\"" u"", ""'/l"", ""'/y"", ""'hn"", ""-58"", ""-v,"", ""/56"", ""/fm"", ""/n'"", ""0me"", ""1.m"", ""3d,"", ""a26"", ""blc"", ""cc!"", ""do~"", ""g.q"", ""g/6"", ""h+ "", ""h2:"", ""hkm"", ""i.?"", ""i/2"", ""j/p"", ""jcs"", ""k-6"", ""k5/"", ""m',"", ""nv)"", ""oj/"", ""o~n"", ""o~s"", ""p?!"", ""phm"", ""r71"", ""sc?"", ""se\"""", ""sr7"", ""vnl"", ""vrp"", ""xtd"", ""y-9"", ""yk'"", ""ymw"", ""yz)"", ""z!i"", ""z'?"", ""znf"", ""~na"", ""~su""]",51,1,155,0.0064516129032258064
5,block_infix_fingerprint_v005.json,256,local_split_entropy_equivalence_classes,154,3,0.0,0.01,title,title,98, h0,"["" h0"", "" {h"", ""!?*"", ""&a)"", ""''a"", ""(3r"", ""(gf"", ""(hk"", ""(q&"", ""-'7"", ""-zb"", ""//p"", ""0le"", ""0x5"", ""2oi"", ""2op"", ""4:e"", ""4ui"", ""5.j"", ""6-n"", ""7v."", ""8-'"", ""8pu"", ""9'e"", ""?* "", ""[pr"", ""_ex"", ""a'?"", ""bdy"", ""dzr"", ""e4u"", ""eo7"", ""er}"", ""f//"", ""fa."", ""goq"", ""h0l"", ""hds"", ""hkg"", ""hmg"", ""hq-"", ""i'z"", ""i(g"", ""il_"", ""is2"", ""jcf"", ""je4"", ""k {"", ""k(e"", ""kg)"", ""kmd"", ""l/4"", ""l_e"", ""mcy"", ""mm)"", ""o7:"", ""ovz"", ""pi("", ""q-e"", ""qpu"", ""ry4"", ""s2o"", ""st@"", ""u $"", ""uoa"", ""uqp"", ""va;"", ""vpo"", ""wk("", ""wn3"", ""xg3"", ""y4s"", ""zl'"", ""znh"", ""{hd""]",75,1,155,0.0064516129032258064
5,block_infix_fingerprint_v005.json,256,local_split_entropy_equivalence_classes,154,3,0.0,0.01,title,title,99, h1,"["" h1"", "" w9"", ""\""oz"", ""(33"", ""+ q"", "",22"", ""-p/"", ""/kf"", ""/tx"", ""/vv"", ""0.e"", ""2d'"", ""2f-"", ""8t/"", ""?/v"", ""_an"", ""as("", ""cdc"", ""d2a"", ""dwb"", ""e'-"", ""e1f"", ""e_a"", ""hbs"", ""ie_"", ""kd2"", ""kmt"", ""kt2"", ""m8t"", ""mg2"", ""n/6"", ""py;"", ""xyt""]",33,1,155,0.0064516129032258064
5,block_infix_fingerprint_v005.json,256,local_split_entropy_equivalence_classes,154,3,0.0,0.01,title,title,100, j!,"["" j!"", ""\""si"", ""&j/"", ""&sa"", ""-gt"", ""-w "", ""15c"", ""1b3"", ""34r"", ""4 8"", ""4 9"", ""4r "", ""63/"", ""9s/"", "":br"", "":se"", ""@go"", ""a.4"", ""ah@"", ""c!?"", ""c)!"", ""d8a"", ""e2r"", ""e:b"", ""e>l"", ""el2"", ""fg "", ""fx5"", ""h34"", ""h5 "", ""h@g"", ""hvy"", ""jtp"", ""k9s"", ""m1-"", ""n)g"", ""ocj"", ""ok\"""", ""pcj"", ""ph3"", ""ps9"", ""pwb"", ""r)!"", ""re>"", ""scp"", ""t/9"", ""tmp"", ""ur+"", ""w)b"", ""ws9"", ""yrp"", ""z $""]",52,1,155,0.0064516129032258064
5,block_infix_fingerprint_v005.json,256,local_split_entropy_equivalence_classes,154,3,0.0,0.01,title,title,101, j0,"["" j0"", "" j?"", ""#$ "", ""&#$"", ""(7-"", ""(7o"", ""(t."", "".ac"", "".ze"", ""/tm"", ""83/"", ""? ["", ""_ai"", ""a)o"", ""a*l"", ""c?/"", ""dr!"", ""e4)"", ""em_"", ""eo8"", ""f#c"", ""fy)"", ""gl'"", ""gs;"", ""iv("", ""j03"", ""jfi"", ""k??"", ""kld"", ""l(i"", ""l*t"", ""m(a"", ""m_a"", ""mp;"", ""n/3"", ""ol("", ""pyv"", ""qsm"", ""s?]"", ""t*e"", ""tms"", ""twg"", ""ty8"", ""ub2"", ""v(r"", ""vc1"", ""vkv"", ""w.j"", ""y8k"", ""y:2""]",50,1,155,0.0064516129032258064
5,block_infix_fingerprint_v005.json,256,local_split_entropy_equivalence_classes,154,3,0.0,0.01,title,title,102," m,","["" m,"", ""&fi"", ""'cq"", ""(lg"", ""*vi"", ""-m4"", "".t'"", ""0):"", ""0u8"", ""2o)"", ""4c-"", ""4n "", ""7-v"", ""7-x"", ""8es"", ""8le"", ""> a"", ""@re"", ""@ta"", ""[oh"", ""_a_"", ""_ha"", ""_in"", ""a:r"", ""a_h"", ""an_"", ""ax6"", ""ay$"", ""bdm"", ""c87"", ""c__"", ""ch3"", ""cmm"", ""cq'"", ""cv:"", ""cvk"", ""cz@"", ""db5"", ""du("", ""dzg"", ""e!m"", ""e1-"", ""e^3"", ""et*"", ""fwb"", ""g4:"", ""ik&"", ""io]"", ""it5"", ""jnl"", ""k&f"", ""k5:"", ""lbp"", ""mc_"", ""mk5"", ""mnc"", ""n2o"", ""n_a"", ""n_i"", ""ncw"", ""ne^"", ""nqv"", ""nvd"", ""oc8"", ""p45"", ""p4c"", ""p6k"", ""p@r"", ""pg4"", ""r0u"", ""scm"", ""sxp"", ""t*v"", ""t-)"", ""t.8"", ""to;"", ""tr0"", ""tz)"", ""u.'"", ""u8l"", ""vdd"", ""xbi"", ""y.-"", ""z@t""]",84,1,155,0.0064516129032258064
5,block_infix_fingerprint_v005.json,256,local_split_entropy_equivalence_classes,154,3,0.0,0.01,title,title,103, n!,"["" n!"", "" q+"", "" x+"", ""#0:"", ""#5)"", ""$=m"", ""'/u"", ""'b!"", ""'e-"", ""('p"", ""(hs"", "",62"", ""-9s"", ""-fx"", "".f:"", ""/58"", ""/ek"", ""/ks"", ""/p!"", ""35d"", ""57/"", ""7,6"", ""7/5"", "":cl"", ""b!'"", ""bm,"", ""bwr"", ""c.z"", ""d.!"", ""jix"", ""jm,"", ""jng"", ""n3 "", ""pvj"", ""q+a"", ""q.1"", ""s:c"", ""st6"", ""tj'"", ""uxr"", ""vct"", ""w.6"", ""wp!"", ""wpp"", ""x+4"", ""xd)"", ""yiv"", ""zd,""]",48,1,155,0.0064516129032258064
5,block_infix_fingerprint_v005.json,256,local_split_entropy_equivalence_classes,154,3,0.0,0.01,title,title,104, n5,"["" n5"", ""\""sa"", ""'pj"", "")ce"", "")je"", ""./."", ""//d"", ""/sx"", ""0/i"", ""10?"", ""1ar"", ""31?"", ""3er"", ""5 8"", ""8//"", ""@av"", ""a$e"", ""a27"", ""bfh"", ""eq."", ""fa("", ""fg,"", ""fhb"", ""ge\"""", ""h/'"", ""ha$"", ""ho("", ""ia2"", ""ig\"""", ""ks="", ""l@a"", ""m.3"", ""m/2"", ""n)j"", ""ne6"", ""o?,"", ""p(c"", ""prh"", ""qks"", ""rqk"", ""s=m"", ""sw/"", ""up("", ""wc/""]",44,1,155,0.0064516129032258064
5,block_infix_fingerprint_v005.json,256,local_split_entropy_equivalence_classes,154,3,0.0,0.01,title,title,105, p4,"["" p4"", ""(j)"", ""(ss"", ""-5m"", ""-nt"", ""-z,"", "".by"", ""/dl"", ""/ox"", ""22'"", ""3/ "", ""3/z"", ""8/l"", ""a3a"", ""a42"", ""axj"", ""b13"", ""bjf"", ""c/z"", ""dnk"", ""es3"", ""g'z"", ""hhr"", ""j)e"", ""jf-"", ""m(j"", ""ma3"", ""n-7"", ""o/2"", ""o51"", ""o57"", ""o59"", ""o64"", ""o66"", ""o91"", ""o99"", ""rdx"", ""s35"", ""sbn"", ""srh"", ""whn"", ""wlp"", ""xjo"", ""y.'""]",44,1,155,0.0064516129032258064
5,block_infix_fingerprint_v005.json,256,local_split_entropy_equivalence_classes,154,3,0.0,0.01,title,title,106, q7,"["" q7"", "" s8"", ""\""br"", ""\""ov"", ""\""ro"", ""'!/"", ""'o,"", ""(k."", ""(lc"", ""(ws"", "")/u"", "")po"", ""*'s"", ""**'"", ""-'a"", ""--g"", ""-hv"", ""/s5"", ""1 \"""", ""1)!"", ""1? "", ""2a1"", ""3)!"", ""35h"", ""3as"", ""a5/"", ""c)/"", ""c**"", ""d)p"", ""db9"", ""eg@"", ""k.)"", ""kc:"", ""kk2"", ""lr-"", ""m+m"", ""m2a"", ""m35"", ""md-"", ""mff"", ""mfx"", ""mkc"", ""mm9"", ""mrf"", ""o52"", ""o61"", ""o62"", ""o76"", ""o79"", ""o82"", ""o84"", ""p3a"", ""q7 "", ""s80"", ""s?\"""", ""xc7"", ""xm-""]",57,1,155,0.0064516129032258064
5,block_infix_fingerprint_v005.json,256,local_split_entropy_equivalence_classes,154,3,0.0,0.01,title,title,107, qp,"["" qp"", ""#fm"", ""'-r"", ""'j'"", ""--w"", ""-e/"", ""/1/"", ""/ls"", ""2(x"", ""24b"", ""2xl"", ""40a"", ""42a"", ""48a"", ""52a"", ""55b"", ""56a"", ""61b"", ""63a"", ""68a"", ""70a"", ""71a"", ""79b"", ""86b"", ""93a"", ""93b"", ""94a"", ""a39"", ""bq-"", ""h $"", ""n14"", ""rt\"""", ""u.o"", ""un1"", ""vj'"", ""w !"", ""wc'"", ""x)i"", ""xps"", ""y:p"", ""yk/""]",41,1,155,0.0064516129032258064
5,block_infix_fingerprint_v005.json,256,local_split_entropy_equivalence_classes,154,3,0.0,0.01,title,title,108, s%,"["" s%"", ""$9m"", ""%^@"", ""''h"", ""''p"", ""'e("", ""'hk"", ""(v "", "")ba"", ""+me"", ""+ve"", ""-1]"", ""-yk"", ""-zz"", ""/hs"", ""02;"", ""2; "", ""2]:"", ""2b3"", ""5''"", ""55'"", ""6@7"", ""7'5"", ""8 z"", ""81%"", ""82!"", ""96@"", ""9m!"", ""= 7"", ""=x+"", ""? 9"", ""@7'"", ""[0-"", ""[2]"", ""[ti"", ""[ve"", ""] u"", ""^@ "", ""_tw"", ""_wi"", ""a'q"", ""a46"", ""btz"", ""bzd"", ""bzs"", ""ce+"", ""cp)"", ""di("", ""e(m"", ""e+v"", ""en_"", ""es*"", ""h67"", ""ha4"", ""hk."", ""hps"", ""hx/"", ""i(m"", ""id_"", ""ih."", ""k.m"", ""k/1"", ""k?."", ""kw/"", ""l:g"", ""lqv"", ""m'm"", ""m)b"", ""me="", ""n''"", ""n_w"", ""nfj"", ""nh4"", ""or2"", ""ou+"", ""ph6"", ""qt-"", ""rp2"", ""s%^"", ""s*:"", ""sfb"", ""t_r"", ""th*"", ""tk/"", ""tt3"", ""u+m"", ""uoq"", ""v'j"", ""vg:"", ""vhk"", ""vhx"", ""vpi"", ""w4:"", ""wfp"", ""wuq"", ""ww4"", ""wwd"", ""wxi"", ""wyi"", ""wzl"", ""x+1"", ""x/x"", ""x3x"", ""x5 "", ""x=x"", ""xhp"", ""xu/"", ""xuk"", ""xwf"", ""y'y"", ""yrc"", ""yyx"", ""zcm"", ""zh!"", ""zn!"", ""zr-"", ""zvg""]",117,1,155,0.0064516129032258064
5,block_infix_fingerprint_v005.json,256,local_split_entropy_equivalence_classes,154,3,0.0,0.01,title,title,109, s),"["" s)"", "" w4"", ""$et"", ""'cj"", ""'dz"", ""'w."", ""'xo"", ""'zg"", ""(ls"", "")^3"", ""**:"", ""+gy"", ""+st"", ""-9l"", "".om"", ""/ff"", ""/m,"", ""16h"", ""23h"", ""23o"", ""3:9"", ""5/4"", ""6h1"", ""7ga"", ""9,5"", ""9li"", "":99"", "":ka"", ""@ko"", ""\\li"", ""a:k"", ""ar@"", ""ce\\"", ""cj7"", ""de1"", ""dvg"", ""e)^"", ""e+1"", ""e+g"", ""e\\l"", ""gd."", ""j'n"", ""j7'"", ""jnj"", ""jnz"", ""jw/"", ""k'f"", ""k.4"", ""khh"", ""km6"", ""ljv"", ""lo;"", ""m58"", ""m64"", ""ml,"", ""mqe"", ""mt4"", ""o'9"", ""pdj"", ""qk'"", ""r@k"", ""sdz"", ""se+"", ""w$ "", ""w4c"", ""wi!"", ""x:s"", ""xdy"", ""ygs"", ""z'r"", ""zg'""]",71,1,155,0.0064516129032258064
5,block_infix_fingerprint_v005.json,256,local_split_entropy_equivalence_classes,154,3,0.0,0.01,title,title,110, s+,"["" s+"", ""\""ri"", ""$3,"", ""+t "", ""-hj"", ""-i/"", "".!/"", ""/v-"", ""0ri"", ""3-o"", ""a2k"", ""c-q"", ""cdf"", ""crh"", ""d:1"", ""e.1"", ""e.3"", ""g\""?"", ""i !"", ""il2"", ""j/v"", ""ka2"", ""l+t"", ""mvt"", ""mxa"", ""ofx"", ""op7"", ""oqa"", ""ox9"", ""prg"", ""r11"", ""s+g"", ""sp)"", ""t(t"", ""tjr"", ""x!?"", ""xp,"", ""ynv""]",38,1,155,0.0064516129032258064
5,block_infix_fingerprint_v005.json,256,local_split_entropy_equivalence_classes,154,3,0.0,0.01,title,title,111, s7,"["" s7"", ""\""ar"", ""%:n"", ""'nb"", ""(2v"", ""*v*"", "",56"", ""-'r"", ""--,"", ""-kj"", ""-m."", ""-ms"", ""-sr"", ""6-v"", ""64!"", ""64?"", ""7,5"", ""8,2"", ""8te"", ""@ 5"", ""a*v"", ""ai1"", ""c*a"", ""cgc"", ""co3"", ""cx "", ""d24"", ""da3"", ""da5"", ""e63"", ""e?\"""", ""f43"", ""fcx"", ""i1 "", ""k8t"", ""ln1"", ""no4"", ""o65"", ""o74"", ""o78"", ""o80"", ""o86"", ""o92"", ""o95"", ""o97"", ""p)/"", ""rk1"", ""s)m"", ""s.0"", ""scg"", ""sg,"", ""u21"", ""v*e"", ""w +"", ""xl7"", ""z'w"", ""zl1""]",57,1,155,0.0064516129032258064
5,block_infix_fingerprint_v005.json,256,local_split_entropy_equivalence_classes,154,3,0.0,0.01,title,title,112, t9,"["" t9"", ""$29"", ""$6,"", ""(92"", "")ph"", "",64"", ""--0"", "".-a"", ""19!"", ""3bc"", ""4--"", ""4/v"", ""6,6"", ""_tv"", ""bb!"", ""dcp"", ""ds2"", ""fd,"", ""i.u"", ""jbc"", ""n):"", ""na2"", ""nfp"", ""rhh"", ""s')"", ""sbp"", ""t9 "", ""tg1"", ""u--"", ""un*"", ""uu/"", ""vd_"", ""wkc""]",33,1,155,0.0064516129032258064
5,block_infix_fingerprint_v005.json,256,local_split_entropy_equivalence_classes,154,3,0.0,0.01,title,title,113, u3,"["" u3"", "" u8"", ""#@%"", ""%& "", ""* s"", ""*wa"", ""-md"", ""-wv"", ""-x,"", ""4sn"", ""94t"", ""@%&"", ""c'g"", ""cbh"", ""em$"", ""h.j"", ""hz/"", ""k* "", ""k*w"", ""l$#"", ""md)"", ""opx"", ""phv"", ""po3"", ""scb"", ""sk*"", ""snp"", ""u)/"", ""u2'"", ""u3-"", ""u86"", ""us\"""", ""vwt"", ""wv)""]",34,1,155,0.0064516129032258064
5,block_infix_fingerprint_v005.json,256,local_split_entropy_equivalence_classes,154,3,0.0,0.01,title,title,114, v!,"["" v!"", ""!de"", ""&wi"", ""'bn"", ""'oz"", ""(ia"", ""(ue"", "")oo"", "".rh"", ""/ p"", ""4.l"", ""4d:"", ""9.c"", "":bo"", "":hu"", "":ko"", ""@.c"", ""a:b"", ""au3"", ""b42"", ""bxx"", ""bzr"", ""c')"", ""c(r"", ""c/ "", ""ca;"", ""cdn"", ""cmn"", ""d+r"", ""e&w"", ""e9."", ""ee&"", ""f.'"", ""h:h"", ""hr("", ""i/8"", ""i:k"", ""ic;"", ""kkv"", ""l@."", ""lj-"", ""lm;"", ""ly5"", ""m(u"", ""mf:"", ""n1?"", ""n77"", ""nkq"", ""on7"", ""pc,"", ""ry_"", ""s!d"", ""u3 "", ""v!d"", ""vy1"", ""wh2"", ""y52"", ""y_w"", ""yb-"", ""yo)"", ""yvb"", ""zrk""]",62,1,155,0.0064516129032258064
5,block_infix_fingerprint_v005.json,256,local_split_entropy_equivalence_classes,154,3,0.0,0.01,title,title,115, yw,"["" yw"", ""'sg"", ""(vs"", ""./u"", ""/'3"", ""/gp"", ""/vh"", ""/vm"", ""2#3"", ""8 '"", ""@l."", ""al2"", ""dh/"", ""fwy"", ""gsq"", ""h3:"", ""i'g"", ""jj."", ""jlc"", ""l21"", ""lrr"", ""n')"", ""o2!"", ""qc,"", ""qwr"", ""r@l"", ""ru8"", ""s /"", ""s29"", ""u/x"", ""u80"", ""wrk"", ""x':"", ""yw'""]",34,1,155,0.0064516129032258064
5,block_infix_fingerprint_v005.json,256,local_split_entropy_equivalence_classes,154,3,0.0,0.01,title,title,116, yz,"["" yz"", ""\"" l"", ""\"" q"", ""\""am"", ""# w"", ""& $"", ""'m?"", ""*s,"", ""..-"", ""/.5"", ""/tj"", ""0g "", ""15?"", ""2bk"", ""2ry"", ""31a"", ""32b"", ""35a"", ""35b"", ""36b"", ""37b"", ""43b"", ""46b"", ""50g"", ""51a"", ""53a"", ""59a"", ""65b"", ""67b"", ""75b"", ""79a"", ""8/o"", ""84b"", ""85a"", ""88b"", ""90b"", ""92k"", ""94x"", ""96b"", ""?\"" "", ""c/5"", ""fkm"", ""g2b"", ""h4g"", ""j.g"", ""k/."", ""kns"", ""l?\"""", ""p'm"", ""pd'"", ""rj'"", ""ry7"", ""u?\"""", ""y71"", ""yg2""]",55,1,155,0.0064516129032258064
5,block_infix_fingerprint_v005.json,256,local_split_entropy_equivalence_classes,154,3,0.0,0.01,title,title,117, z8,"["" z8"", ""#6/"", ""#9-"", ""$ b"", ""*tt"", ""-??"", ""-f4"", ""/pb"", ""0rb"", ""10r"", ""2)/"", ""2-?"", ""4 +"", ""4k,"", ""5if"", ""??)"", ""_ab"", ""_ro"", ""a !"", ""d_r"", ""ecg"", ""f4u"", ""fpf"", ""g'?"", ""gu)"", ""hmn"", ""hx3"", ""i),"", ""ij!"", ""jfb"", ""jlr"", ""m40"", ""mnf"", ""nv'"", ""o:)"", ""pkk"", ""rz)"", ""sbd"", ""tf,"", ""tjy"", ""twd"", ""tx3"", ""u !"", ""v'/"", ""wgv"", ""wx3"", ""xo:"", ""z/y"", ""~ t""]",49,1,155,0.0064516129032258064
5,block_infix_fingerprint_v005.json,256,local_split_entropy_equivalence_classes,154,3,0.0,0.01,title,title,118, {r,"["" {r"", ""\""ed"", ""# 7"", ""#4-"", ""#by"", ""(bc"", ""(fd"", ""(zw"", ""*ga"", ""-l9"", ""./y"", "".ys"", ""/'m"", ""/2c"", ""/63"", ""0-:"", ""1)}"", ""1/u"", ""2-5"", ""2.f"", ""2ce"", ""2ei"", ""2st"", ""4/g"", ""4ea"", ""5n:"", ""7s/"", ""91o"", ""97s"", ""cfs"", ""cz("", ""d ~"", ""d:t"", ""dp)"", ""e\""e"", ""f18"", ""fl5"", ""gf,"", ""hi~"", ""m5n"", ""mqt"", ""mtg"", ""nt*"", ""o)n"", ""qt."", ""r5-"", ""t*g"", ""tvj"", ""u4e"", ""wd5"", ""ytb"", ""z(o"", ""zpy"", ""{ri"", ""~ j""]",55,1,155,0.0064516129032258064
5,block_infix_fingerprint_v005.json,256,local_split_entropy_equivalence_classes,154,3,0.0,0.01,title,title,119, ~l,"["" ~l"", ""!az"", ""&p@"", ""'9 "", ""(gb"", "")uc"", ""*d*"", ""*n*"", ""-! "", "".n'"", ""/3'"", ""0vv"", ""29+"", ""3':"", ""42'"", ""6-d"", ""61'"", ""8/y"", ""? '"", ""ak1"", ""b0v"", ""b52"", ""c62"", ""d*s"", ""db'"", ""dff"", ""f*r"", ""gbc"", ""gd:"", ""gox"", ""h&p"", ""h3o"", ""hp:"", ""i*n"", ""i*s"", ""i+m"", ""j1 "", ""jpo"", ""k-8"", ""kb0"", ""n*d"", ""o-!"", ""osx"", ""ow~"", ""p51"", ""p@b"", ""r)u"", ""r*e"", ""uyh"", ""v $"", ""vvt"", ""~lo""]",52,1,155,0.0064516129032258064
5,block_infix_fingerprint_v005.json,256,local_split_entropy_equivalence_classes,154,3,0.0,0.01,title,title,120, ~s,"["" ~s"", ""!3/"", "")/l"", ""-iu"", ""/3o"", ""/ao"", ""/tc"", ""2it"", ""4 /"", ""8.f"", ""9/a"", ""ac2"", ""c2,"", ""dg!"", ""g-4"", ""h!3"", ""ls2"", ""n2i"", ""ns~"", ""r/ "", ""ry1"", ""y17"", ""~ r"", ""~dr"", ""~so""]",25,1,155,0.0064516129032258064
5,block_infix_fingerprint_v005.json,256,local_split_entropy_equivalence_classes,154,3,0.0,0.01,title,title,121,!#k,"[""!#k"", ""#: "", ""$er"", ""'f,"", ""'sv"", ""(*t"", ""(6-"", ""(dd"", ""(sf"", ""(w."", "")ze"", ""* -"", ""**?"", ""+ ."", ""+01"", "".ln"", "".xi"", ""0+0"", ""1':"", ""11#"", ""1gn"", ""1k1"", ""2et"", ""4ho"", ""5.x"", ""5/r"", ""78/"", ""89'"", ""a';"", ""c(o"", ""co6"", ""d!#"", ""d-8"", ""dn."", ""f,'"", ""f?:"", ""fd:"", ""gfd"", ""gp2"", ""gp:"", ""gr!"", ""he1"", ""hx:"", ""ir]"", ""k1:"", ""k42"", ""l(l"", ""l)z"", ""lhv"", ""ns#"", ""o@t"", ""oc("", ""p.!"", ""p02"", ""q? "", ""qt:"", ""r2e"", ""r4 "", ""s#:"", ""s1g"", ""tfj"", ""tk4"", ""tkt"", ""ur4"", ""v1k"", ""vk "", ""vs'"", ""vvc"", ""w8 "", ""wgp"", ""wzy"", ""xej"", ""xgo"", ""y4h"", ""yg:"", ""z.t"", ""~do""]",77,1,155,0.0064516129032258064
5,block_infix_fingerprint_v005.json,256,local_split_entropy_equivalence_classes,154,3,0.0,0.01,title,title,122,!)-,"[""!)-"", ""$$w"", ""$wa"", ""&bu"", ""(gh"", ""(ks"", "")-1"", "")pe"", "")wa"", ""-u!"", "".ck"", "".n!"", ""0.c"", ""16]"", ""1cm"", ""20?"", ""50f"", ""6] "", ""9,7"", ""=(e"", ""@3a"", ""@nt"", ""[19"", ""[dv"", ""] ["", ""_ni"", ""a)w"", ""aa$"", ""b*a"", ""b2b"", ""bk3"", ""bu$"", ""c#c"", ""c*l"", ""c=("", ""cll"", ""cq2"", ""ct@"", ""de]"", ""e <"", ""e(k"", ""e*l"", ""e@3"", ""ej:"", ""fdj"", ""g-x"", ""h&b"", ""ip2"", ""jf!"", ""jkc"", ""jp."", ""k,'"", ""kcy"", ""l*m"", ""l*u"", ""lnz"", ""n@2"", ""ncv"", ""njg"", ""oe@"", ""on$"", ""oy@"", ""p25"", ""q2 "", ""rwg"", ""rxw"", ""s64"", ""s_g"", ""sh&"", ""sy;"", ""t@m"", ""t_n"", ""u$i"", ""u*b"", ""v.t"", ""vd]"", ""vj:"", ""xlb"", ""y@n"", ""yp:""]",80,1,155,0.0064516129032258064
5,block_infix_fingerprint_v005.json,256,local_split_entropy_equivalence_classes,154,3,0.0,0.01,title,title,123,!* ,"[""!* "", ""#!*"", ""'ug"", ""* g"", ""+11"", ""-uj"", "".p-"", ""0 \"""", ""00$"", ""1 ~"", ""2ko"", ""4/3"", ""@hu"", ""a:n"", ""dj?"", ""ei2"", ""hq)"", ""i2k"", ""ij:"", ""j2:"", ""lf~"", ""me~"", ""ni2"", ""ojg"", ""q 7"", ""r@h"", ""v- "", ""vws"", ""ye~"", ""zlb"", ""~be"", ""~br"", ""~th""]",33,1,155,0.0064516129032258064
5,block_infix_fingerprint_v005.json,256,local_split_entropy_equivalence_classes,154,3,0.0,0.01,title,title,124,!*&,"[""!*&"", ""!ll"", ""#@$"", ""$%!"", ""%!*"", ""&tu"", ""*& "", ""+no"", ""-7,"", "".lv"", "".oh"", ""/ht"", ""/rj"", ""/zy"", ""01c"", ""01d"", ""1c,"", ""1d;"", ""7.d"", ""@$%"", ""]kl"", ""a+n"", ""axk"", ""cdy"", ""db."", ""fdb"", ""ifd"", ""k!l"", ""nrb"", ""o[s"", ""ra+"", ""rbq"", ""rw,"", ""s]k"", ""ss~"", ""t.)"", ""tkm"", ""tw-"", ""v/u"", ""xko"", ""yxh"", ""~wa""]",42,1,155,0.0064516129032258064
5,block_infix_fingerprint_v005.json,256,local_split_entropy_equivalence_classes,154,3,0.0,0.01,title,title,125,!?-,"[""!?-"", ""('i"", ""(p7"", ""(u "", "")sc"", ""./?"", "".il"", ""/pk"", ""22t"", ""2la"", ""3dx"", ""5*:"", ""5-l"", ""7.b"", ""7os"", "":ny"", ""=si"", ""?-h"", ""_22"", ""_ri"", ""a(d"", ""a2l"", ""al="", ""aqj"", ""b.!"", ""bxl"", ""c5*"", ""ch("", ""f):"", ""fn)"", ""glh"", ""h(t"", ""ht_"", ""ic2"", ""jsy"", ""kxx"", ""ky6"", ""l=s"", ""mcx"", ""mjs"", ""mnx"", ""mr_"", ""mxd"", ""mzt"", ""na("", ""na1"", ""nbk"", ""oz;"", ""p3r"", ""p41"", ""pbw"", ""qbo"", ""qea"", ""qje"", ""r'w"", ""r'z"", ""r_r"", ""rt7"", ""ry("", ""s1:"", ""t(i"", ""t)s"", ""t_2"", ""ta("", ""u')"", ""uw,"", ""v:n"", ""vfe"", ""wi."", ""xc-"", ""y(n"", ""y65"", ""ztv""]",73,1,155,0.0064516129032258064
5,block_infix_fingerprint_v005.json,256,local_split_entropy_equivalence_classes,154,3,0.0,0.01,title,title,126,!ai,"[""!ai"", ""!d2"", ""!un"", ""'rs"", ""'vv"", ""(2-"", ""(a9"", ""+1]"", ""+an"", ""+n+"", ""- ["", ""-4)"", ""-?!"", "".* "", ""/pw"", ""/w0"", ""0 ["", ""01e"", ""0os"", ""1.i"", ""10]"", ""11o"", ""1m3"", ""2% "", ""2'/"", ""2:h"", ""33p"", ""44'"", ""52%"", ""62'"", ""74/"", "":h:"", "":n:"", "":o:"", "":t:"", ""[bu"", ""[la"", ""[n+"", ""_ch"", ""a.*"", ""a9-"", ""c'r"", ""djy"", ""dzl"", ""f-q"", ""h:i"", ""h?)"", ""i:n"", ""k!u"", ""k9:"", ""kdj"", ""kn@"", ""lo]"", ""mvb"", ""n!a"", ""n+1"", ""n12"", ""n25"", ""n:g"", ""n:o"", ""n_l"", ""nq,"", ""nu2"", ""nwg"", ""o+a"", ""o:t"", ""o_c"", ""oc4"", ""ooq"", ""p83"", ""pbk"", ""rh'"", ""sw."", ""t:h"", ""uyp"", ""vbk"", ""w00"", ""yyc"", ""z'/""]",79,1,155,0.0064516129032258064
5,block_infix_fingerprint_v005.json,256,local_split_entropy_equivalence_classes,154,3,0.0,0.01,title,title,127,!da,"[""!da"", ""'d-"", ""'i)"", ""'k."", ""(cd"", ""(ix"", ""-5r"", ""-f3"", "".5m"", ""//k"", ""/b2"", ""/jr"", ""0s/"", ""1'4"", ""5r "", "":t "", ""= v"", ""a+m"", ""ai\"""", ""b14"", ""b7 "", ""b?!"", ""bgh"", ""du)"", ""en1"", ""frn"", ""ha+"", ""hx5"", ""lv:"", ""mnn"", ""n:t"", ""o//"", ""pd)"", ""q/l"", ""r!d"", ""sn:"", ""sxy"", ""wc?"", ""zlw"", ""ztt""]",40,1,155,0.0064516129032258064
5,block_infix_fingerprint_v005.json,256,local_split_entropy_equivalence_classes,154,3,0.0,0.01,title,title,128,!dr,"[""!dr"", ""#6)"", ""'- "", ""'bh"", ""'hj"", ""(60"", ""(9)"", ""*k)"", ""+ir"", ""+iv"", "",23"", ""-f("", ""-t1"", "".tx"", ""1-)"", ""1m0"", ""2ok"", ""2pc"", ""34,"", ""45?"", ""7ei"", ""8he"", ""8n8"", ""8r "", ""8rz"", "":pe"", ""@wa"", ""a+1"", ""a+i"", ""a88"", ""b-3"", ""b-4"", ""ca+"", ""da+"", ""dw:"", ""e*h"", ""em+"", ""ex+"", ""f(i"", ""f12"", ""fe*"", ""fgg"", ""g*c"", ""g-7"", ""ggv"", ""go]"", ""h:9"", ""hfg"", ""hs@"", ""i)r"", ""jdp"", ""jmg"", ""k!."", ""k8h"", ""k8r"", ""k_d"", ""l1-"", ""l8n"", ""lxa"", ""m+r"", ""m0n"", ""n(a"", ""nk_"", ""o!d"", ""o!m"", ""o.q"", ""o:a"", ""p:1"", ""pa8"", ""qao"", ""qaw"", ""qb-"", ""qoh"", ""r24"", ""r2o"", ""r2p"", ""rh1"", ""rhf"", ""rjb"", ""s'v"", ""s.1"", ""s1m"", ""s2p"", ""sd1"", ""sdw"", ""si+"", ""sl8"", ""t)c"", ""t12"", ""tcc"", ""wrr"", ""x++"", ""x+m"", ""xe)"", ""z-6""]",95,1,155,0.0064516129032258064
5,block_infix_fingerprint_v005.json,256,local_split_entropy_equivalence_classes,154,3,0.0,0.01,title,title,129,!if,"[""!if"", ""!or"", ""# m"", ""#%&"", ""$57"", ""$99"", ""%&#"", ""&# "", ""&#%"", ""&ni"", ""'p-"", ""'uk"", ""/e*"", ""38b"", ""40b"", ""41b"", ""46a"", ""52b"", ""54b"", ""60b"", ""64a"", ""7 ."", ""7-u"", ""72a"", ""76a"", ""77a"", ""80a"", ""80b"", ""81b"", ""82b"", ""83a"", ""83b"", ""83k"", ""87a"", ""87b"", ""91a"", ""91k"", ""92a"", ""97a"", ""a!i"", ""avf"", ""d.7"", ""en7"", ""fht"", ""h*a"", ""i*e"", ""j/e"", ""m!o"", ""n&n"", ""n7 "", ""nl'"", ""p)c"", ""qc:"", ""rf&"", ""ro$"", ""s-x"", ""twl"", ""wbt""]",58,1,155,0.0064516129032258064
5,block_infix_fingerprint_v005.json,256,local_split_entropy_equivalence_classes,154,3,0.0,0.01,title,title,130,!ky,"[""!ky"", ""!qu"", ""\""go"", ""\""ky"", ""\""ra"", ""#go"", ""#ro"", ""&m/"", ""-vg"", ""-yl"", ""/s&"", ""1c/"", ""26f"", ""26h"", ""2a:"", ""50v"", ""6f)"", ""6h)"", ""8'/"", ""98'"", ""a\"" "", ""a\"":"", ""a1c"", ""dn1"", ""dz!"", ""e/0"", ""fkk"", ""g10"", ""h-5"", ""ha\"""", ""i!k"", ""jdc"", ""ju/"", ""klt"", ""kx-"", ""m/q"", ""mh/"", ""n-3"", ""o/9"", ""p-7"", ""qnd"", ""qrd"", ""rqr"", ""s@s"", ""sa\"""", ""sb-"", ""u/v"", ""v-q"", ""vg1"", ""vl-"", ""xrp"", ""y?."", ""~ d""]",53,1,155,0.0064516129032258064
5,block_infix_fingerprint_v005.json,256,local_split_entropy_equivalence_classes,154,3,0.0,0.01,title,title,131,!ne,"[""!ne"", ""\""ic"", ""%/r"", ""'dm"", "")br"", "")ru"", ""+ut"", "".o:"", ""/rx"", ""0bz"", ""1k "", ""2kh"", ""5ld"", ""9/s"", "":ss"", ""a)b"", ""a/4"", ""b \"""", ""b ="", ""btm"", ""ds\"""", ""hft"", ""j.?"", ""j:s"", ""ly_"", ""n)r"", ""slm"", ""t:n"", ""t:s"", ""tb!"", ""tm2"", ""y.a"", ""y_s""]",33,1,155,0.0064516129032258064
5,block_infix_fingerprint_v005.json,256,local_split_entropy_equivalence_classes,154,3,0.0,0.01,title,title,132,""" y","[""\"" y"", ""$ia"", ""'ox"", "".?1"", "".c!"", ""/\""w"", ""/#1"", ""2 #"", ""22!"", ""2tu"", ""5:6"", ""5ge"", ""67?"", ""7/f"", ""78p"", ""8/h"", ""8pl"", ""?17"", ""a/\"""", ""cuw"", ""e$i"", ""fl6"", ""h/#"", ""h@t"", ""j/o"", ""jdj"", ""jhn"", ""k:n"", ""l6:"", ""n ~"", ""nf."", ""ocp"", ""owq"", ""q/d"", ""rc?"", ""tmj"", ""tpm"", ""w/z"", ""w:a"", ""wqu"", ""~ h""]",41,1,155,0.0064516129032258064
5,block_infix_fingerprint_v005.json,256,local_split_entropy_equivalence_classes,154,3,0.0,0.01,title,title,133,"""af","[""\""af"", ""\""i'"", ""&ze"", ""--1"", ""--m"", ""5- "", ""7/l"", ""a2n"", ""bc5"", ""c5 "", ""d'z"", ""ddn"", ""e&z"", ""e-!"", ""fz "", ""je&"", ""ld5"", ""mb4"", ""n//"", ""nzx"", ""oqn"", ""pr-"", ""qn "", ""wrc"", ""x.g"", ""xhj"", ""zx1""]",27,1,155,0.0064516129032258064
5,block_infix_fingerprint_v005.json,256,local_split_entropy_equivalence_classes,154,3,0.0,0.01,title,title,134,"""b-","[""\""b-"", ""'3d"", ""+ca"", ""-jw"", ""-x7"", ""-xe"", ""/xa"", ""/z "", ""0li"", ""50l"", ""6/5"", ""b!?"", ""dxs"", ""e42"", ""eg+"", ""egq"", ""g+c"", ""jfm"", ""jt'"", ""l/x"", ""n)!"", ""nml"", ""qd:"", ""qld"", ""rxs"", ""sx4"", ""uv\"""", ""v\"" "", ""wk-"", ""x75""]",30,1,155,0.0064516129032258064
5,block_infix_fingerprint_v005.json,256,local_split_entropy_equivalence_classes,154,3,0.0,0.01,title,title,135,"""bl","[""\""bl"", ""(4t"", ""-cz"", ""/$8"", ""18r"", ""23x"", ""4gi"", ""5! "", ""9-w"", ""9/f"", "":sd"", "":su"", ""c25"", ""cbl"", ""cd'"", ""cz'"", ""eo+"", ""f:s"", ""fwc"", ""j 5"", ""jvr"", ""n\""?"", ""o!,"", ""p :"", ""p1:"", ""s/$"", ""s23"", ""s2h"", ""sa2"", ""w/q"", ""ws2"", ""yhv"", ""yw."", ""yx?"", ""zc "", ""zcy""]",36,1,155,0.0064516129032258064
5,block_infix_fingerprint_v005.json,256,local_split_entropy_equivalence_classes,154,3,0.0,0.01,title,title,136,"""do","[""\""do"", "")id"", "")pi"", "",91"", ""-bm"", "".'h"", ""/hf"", ""0/v"", ""01t"", ""04h"", ""2,9"", ""2t2"", ""3xk"", ""csm"", ""g4u"", ""hfp"", ""k?'"", ""m)p"", ""nr,"", ""o(m"", ""os("", ""s(z"", ""s.?"", ""xh'"", ""y?\"""", ""yjd"", ""z)i"", ""z.z""]",28,1,155,0.0064516129032258064
5,block_infix_fingerprint_v005.json,256,local_split_entropy_equivalence_classes,154,3,0.0,0.01,title,title,137,"""fe","[""\""fe"", ""'ez"", ""'iz"", ""('d"", ""(45"", ""-a$"", ""-cd"", ""/lm"", ""/m8"", ""0/k"", ""0ji"", ""1.e"", ""10j"", ""15e"", ""19y"", ""2.h"", ""23e"", ""27e"", ""3yr"", ""43y"", ""5.a"", ""8/u"", ""9yr"", ""@li"", ""ax2"", ""d2c"", ""fmf"", ""fzw"", ""g):"", ""ir\"""", ""j'c"", ""k@l"", ""l')"", ""ld2"", ""lg,"", ""lz!"", ""m'v"", ""m83"", ""n-9"", ""ok@"", ""pvz"", ""q/f"", ""z'i""]",43,1,155,0.0064516129032258064
5,block_infix_fingerprint_v005.json,256,local_split_entropy_equivalence_classes,154,3,0.0,0.01,title,title,138,"""hi","[""\""hi"", ""$13"", ""(bb"", ""(nm"", ""(tn"", ""(v1"", "")~!"", ""/9."", ""/c+"", ""/md"", ""13p"", ""2/k"", ""3pt"", ""9-g"", ""@tt"", ""a)~"", ""bd7"", ""bv)"", ""c/k"", ""cx5"", ""dws"", ""e)t"", ""e/ "", ""g'm"", ""hm."", ""lcb"", ""md/"", ""nm)"", ""o';"", ""omq"", ""p @"", ""p/6"", ""qq "", ""rk2"", ""s46"", ""s@t"", ""sc9"", ""sfn"", ""t5:"", ""tmd"", ""tn)"", ""v):"", ""xl,"", ""yii"", ""yl!"", ""yy/""]",46,1,155,0.0064516129032258064
5,block_infix_fingerprint_v005.json,256,local_split_entropy_equivalence_classes,154,3,0.0,0.01,title,title,139,"""k""","[""\""k\"""", ""#pr"", ""''!"", ""*bl"", "".w "", ""/ '"", ""/*b"", ""/np"", ""02n"", ""0q "", ""16x"", ""1b0"", ""1ey"", ""4,3"", ""5,4"", ""6x9"", ""93'"", ""9bo"", "":ll"", ""b/1"", ""b09"", ""b43"", ""cdw"", ""cv1"", ""e)\"""", ""e/*"", ""em\"""", ""ep*"", ""evq"", ""fsq"", ""gb/"", ""gln"", ""glr"", ""i/ "", ""jx/"", ""ld3"", ""lrb"", ""o''"", ""ot("", ""plr"", ""rjr"", ""szz"", ""t(l"", ""tjx"", ""u:l"", ""v.?"", ""v1b"", ""vcd"", ""vqu"", ""x9:""]",50,1,155,0.0064516129032258064
5,block_infix_fingerprint_v005.json,256,local_split_entropy_equivalence_classes,154,3,0.0,0.01,title,title,140,"""kd","[""\""kd"", ""#2'"", ""#th"", ""$3 "", ""(yu"", ""-t?"", "".h:"", ""08s"", ""1!!"", ""1x3"", ""41,"", ""4d'"", ""50i"", ""5so"", ""7ji"", ""8s,"", "":si"", ""@sc"", ""a'-"", ""h),"", ""jvy"", ""kd\"""", ""lf\"""", ""m2n"", ""m8s"", ""mkz"", ""o2-"", ""pm2"", ""q-k"", ""r22"", ""r5s"", ""r60"", ""rc/"", ""s7 "", ""v'."", ""wtm"", ""yp?"", ""z) ""]",38,1,155,0.0064516129032258064
5,block_infix_fingerprint_v005.json,256,local_split_entropy_equivalence_classes,154,3,0.0,0.01,title,title,141,"""ki","[""\""ki"", ""#7/"", ""&b,"", ""'f "", ""- \"""", ""-/b"", "".r,"", ""/ o"", ""02?"", ""02k"", ""03k"", ""2k,"", ""33n"", ""34a"", ""34b"", ""35?"", ""39a"", ""41a"", ""44b"", ""45b"", ""48b"", ""49a"", ""59b"", ""6-m"", ""62b"", ""65a"", ""68b"", ""7/e"", ""73b"", ""75a"", ""76b"", ""8-5"", ""94k"", ""95a"", ""by\"""", ""c-/"", ""d~ "", ""e.?"", ""hjs"", ""kjz"", ""ls&"", ""mrb"", ""o*s"", ""od~"", ""oy4"", ""s*t"", ""sh\"""", ""y4g"", ""z)/""]",49,1,155,0.0064516129032258064
5,block_infix_fingerprint_v005.json,256,local_split_entropy_equivalence_classes,154,3,0.0,0.01,title,title,142,"""m""","[""\""m\"""", ""\""ou"", ""\""wo"", ""#6-"", ""&bs"", ""&to"", ""(oe"", ""-l2"", ""0/a"", ""1-l"", ""10v"", ""2/i"", ""3\"" "", ""4po"", ""53/"", ""7+7"", ""78?"", ""7t3"", ""9in"", "":2-"", "":4-"", ""_po"", ""a_p"", ""b.0"", ""c-7"", ""chx"", ""d)'"", ""e24"", ""fl7"", ""gdb"", ""hx!"", ""hx-"", ""il+"", ""jbn"", ""jn!"", ""jp,"", ""l+5"", ""l11"", ""l20"", ""o.\"""", ""or1"", ""ra_"", ""tb/""]",43,1,155,0.0064516129032258064
5,block_infix_fingerprint_v005.json,256,local_split_entropy_equivalence_classes,154,3,0.0,0.01,title,title,143,"""ne","[""\""ne"", ""#%*"", ""%*!"", ""&#k"", ""'yc"", ""'yl"", ""/77"", ""0k:"", ""2/j"", ""2/u"", ""45e"", ""5hr"", ""5ku"", ""7-h"", ""95h"", ""@#%"", ""@ke"", ""bcl"", ""d60"", ""dvt"", ""ew\"""", ""fi2"", ""fsz"", ""gcq"", ""gpt"", ""gxo"", ""hmr"", ""ihf"", ""ik+"", ""k'c"", ""k8e"", ""l2/"", ""n2:"", ""ol2"", ""os\"""", ""p39"", ""qei"", ""ro\"""", ""tk1"", ""tr?"", ""ud6"", ""w\"" "", ""w5k"", ""wn2"", ""wrs"", ""xss""]",46,1,155,0.0064516129032258064
5,block_infix_fingerprint_v005.json,256,local_split_entropy_equivalence_classes,154,3,0.0,0.01,title,title,144,"""sk","[""\""sk"", ""$9,"", ""&lu"", ""''u"", ""'-m"", ""'ms"", ""'nr"", ""* n"", ""*pu"", ""1bc"", ""2ou"", ""c)i"", ""gg)"", ""in3"", ""io&"", ""m \"""", ""mqh"", ""n3!"", ""o&l"", ""oeq"", ""p- "", ""plm"", ""q 3"", ""qh "", ""qse"", ""r(c"", ""r3'"", ""rvm"", ""skg"", ""smq"", ""t*o"", ""ve*"", ""wm?""]",33,1,155,0.0064516129032258064
5,block_infix_fingerprint_v005.json,256,local_split_entropy_equivalence_classes,154,3,0.0,0.01,title,title,145,$*!,"[""$*!"", ""%ed"", ""*%e"", ""- $"", ""-@#"", ""-kg"", "". !"", ""3d."", ""3ma"", ""41?"", ""6,5"", ""7ni"", ""8'4"", ""92?"", ""[bi"", ""_42"", ""a$:"", ""as_"", ""csv"", ""e$s"", ""e)a"", ""e7n"", ""ed5"", ""el_"", ""em;"", ""es$"", ""g44"", ""hhs"", ""i2 "", ""j 9"", ""jgz"", ""jjh"", ""k02"", ""ki2"", ""l_0"", ""lb,"", ""o3m"", ""ol@"", ""oxd"", ""p07"", ""pp."", ""qna"", ""r3e"", ""s_4"", ""st~"", ""t):"", ""t-8"", ""ta$"", ""tk0"", ""tr("", ""tu("", ""tv8"", ""t~b"", ""u(a"", ""u-8"", ""u70"", ""uqn"", ""vdb"", ""vdl"", ""vo3"", ""wy."", ""xx?"", ""y12"", ""ydc""]",64,1,155,0.0064516129032258064
5,block_infix_fingerprint_v005.json,256,local_split_entropy_equivalence_classes,154,3,0.0,0.01,title,title,146,$an,"[""$an"", ""(+ "", ""(42"", ""-b;"", ""-z'"", ""06t"", ""57,"", ""6/t"", ""9&v"", ""9.a"", ""a8,"", ""bpg"", ""c.-"", ""dwn"", ""ep6"", ""fg'"", ""hn\"""", ""i5/"", ""it4"", ""srk"", ""t4f"", ""twn"", ""x6-"", ""yo2"", ""z'z""]",25,1,155,0.0064516129032258064
5,block_infix_fingerprint_v005.json,256,local_split_entropy_equivalence_classes,154,3,0.0,0.01,title,title,147,$hi,"[""$hi"", ""%kb"", ""')/"", ""'a#"", ""'jf"", ""(')"", ""(ns"", "")/o"", ""*00"", ""*an"", ""*tr"", ""+55"", ""-7o"", ""-c:"", ""-kv"", ""-r3"", ""-rg"", ""34p"", ""63%"", ""9-7"", ""9.s"", "":sn"", ""?co"", ""[aa"", ""_et"", ""a#1"", ""a_e"", ""aw3"", ""bgf"", ""bh:"", ""bi3"", ""brv"", ""bv-"", ""bxt"", ""c+ "", ""c64"", ""c?'"", ""cb4"", ""cc:"", ""cfk"", ""cfq"", ""ck["", ""cm1"", ""cpn"", ""cyx"", ""d*i"", ""dx3"", ""e.)"", ""e.5"", ""e5:"", ""ecf"", ""ee*"", ""el("", ""et3"", ""etq"", ""fq:"", ""fw)"", ""h&c"", ""hgn"", ""i*y"", ""iv*"", ""jz "", ""k36"", ""k[s"", ""kbk"", ""ko]"", ""ljz"", ""mf-"", ""mjw"", ""n*t"", ""n?c"", ""nx-"", ""odx"", ""pm."", ""pnh"", ""t*0"", ""tld"", ""ul;"", ""v*a"", ""vmf"", ""wo1"", ""wqa"", ""z!:"", ""z.y""]",84,1,155,0.0064516129032258064
5,block_infix_fingerprint_v005.json,256,local_split_entropy_equivalence_classes,154,3,0.0,0.01,title,title,148,%!!,"[""%!!"", ""(1."", ""(31"", ""(61"", ""(dh"", ""(yv"", "").."", ""+de"", ""-a,"", ""-x'"", ""/dp"", ""/oe"", ""/v/"", ""1/y"", ""6/i"", ""8'3"", "":po"", "":re"", ""c ."", ""fh "", ""g31"", ""gn."", ""gt4"", ""hgw"", ""ho\"""", ""jl'"", ""k:r"", ""l-0"", ""lrn"", ""n:p"", ""o3:"", ""p)."", ""p18"", ""t+d"", ""t.4"", ""ts4"", ""vdt"", ""vp,"", ""wjl"", ""wlr"", ""xly"", ""yg3"", ""yiw""]",43,1,155,0.0064516129032258064
5,block_infix_fingerprint_v005.json,256,local_split_entropy_equivalence_classes,154,3,0.0,0.01,title,title,149,&d:,"[""&d:"", ""'46"", "")-b"", ""--h"", ""-ld"", ""-sg"", "".nr"", ""/(5"", ""1--"", ""3do"", ""< a"", ""ad&"", ""cd/"", ""crz"", ""df,"", ""e/("", ""ng3"", ""op5"", ""p5 "", ""pa1"", ""psv"", ""qe2"", ""t)-"", ""tpn""]",24,1,155,0.0064516129032258064
5,block_infix_fingerprint_v005.json,256,local_split_entropy_equivalence_classes,154,3,0.0,0.01,title,title,150,&p',"[""&p'"", ""('n"", ""(09"", ""-(a"", "". +"", "".eh"", ""/3r"", ""45!"", ""6/p"", ""7 7"", ""8/5"", ""b5x"", ""e,."", ""ep4"", ""i-("", ""ib."", ""jd:"", ""mj!"", ""o(i"", ""p,."", ""r,."", ""rb5"", ""rp?"", ""u*k"", ""wdj"", ""xd,"", ""xyy""]",27,1,155,0.0064516129032258064
5,block_infix_fingerprint_v005.json,256,local_split_entropy_equivalence_classes,154,3,0.0,0.01,title,title,151,&pe,"[""&pe"", ""'/i"", ""-t!"", "".b/"", ""/ds"", ""/o/"", ""/rf"", ""17o"", ""26e"", ""8/p"", ""89/"", ""a3e"", ""c'q"", ""d/6"", ""e)x"", ""iq!"", ""jn'"", ""kxa"", ""lgk"", ""ly&"", ""oi("", ""p.4"", ""s?,"", ""xe/"", ""y&p"", ""z/8""]",26,1,155,0.0064516129032258064
5,block_infix_fingerprint_v005.json,256,local_split_entropy_equivalence_classes,154,3,0.0,0.01,title,title,152,'3r,"[""'3r"", ""'tc"", ""+fa"", "",11"", "",12"", "",9,"", ""--r"", "".g!"", ""/3x"", ""0fm"", ""2v1"", ""6 %"", ""8,9"", ""9,1"", "":tt"", ""@if"", ""a1,"", ""a2,"", ""a3,"", ""a4,"", ""db!"", ""dml"", ""dtc"", ""e/3"", ""eq'"", ""ff;"", ""gm,"", ""jbv"", ""jtb"", ""lh/"", ""m9p"", ""n+f"", ""nxz"", ""p1,"", ""s(l"", ""ujz"", ""xyn"", ""y:t"", ""yt.""]",39,1,155,0.0064516129032258064
5,block_infix_fingerprint_v005.json,256,local_split_entropy_equivalence_classes,154,3,0.0,0.01,title,title,153,'fy,"[""'fy"", ""-1,"", ""/bw"", ""/ue"", ""40p"", ""6-4"", ""@la"", ""@ns"", ""cn'"", ""cwy"", ""e@l"", ""ed@"", ""fe@"", ""g',"", ""g14"", ""jb/"", ""jnn"", ""kjr"", ""ng@"", ""nl!"", ""o02"", ""pcn"", ""to0"", ""v!/"", ""yrw""]",25,1,155,0.0064516129032258064
