metadata_version,metadata_file,fingerprint_width,feature_selection_method,hamming_cluster_count,ngram_size,min_block_frequency,max_block_frequency,table_name,column_name,bit_index,ngram,ngrams,alias_count,block_presence_count,total_block_count,block_frequency
0,block_infix_fingerprint_v000.json,8,local_split_entropy_equivalence_classes,154,4,0.0,0.05,title,title,0, # 2,"["" # 2""]",1,7,155,0.04516129032258064
0,block_infix_fingerprint_v000.json,8,local_split_entropy_equivalence_classes,154,4,0.0,0.05,title,title,1, #58,"["" #58""]",1,7,155,0.04516129032258064
0,block_infix_fingerprint_v000.json,8,local_split_entropy_equivalence_classes,154,4,0.0,0.05,title,title,2, #8:,"["" #8:""]",1,7,155,0.04516129032258064
0,block_infix_fingerprint_v000.json,8,local_split_entropy_equivalence_classes,154,4,0.0,0.05,title,title,3, $15,"["" $15""]",1,7,155,0.04516129032258064
0,block_infix_fingerprint_v000.json,8,local_split_entropy_equivalence_classes,154,4,0.0,0.05,title,title,4, '30,"["" '30""]",1,7,155,0.04516129032258064
0,block_infix_fingerprint_v000.json,8,local_split_entropy_equivalence_classes,154,4,0.0,0.05,title,title,5, '58,"["" '58""]",1,7,155,0.04516129032258064
0,block_infix_fingerprint_v000.json,8,local_split_entropy_equivalence_classes,154,4,0.0,0.05,title,title,6, (ao,"["" (ao""]",1,7,155,0.04516129032258064
0,block_infix_fingerprint_v000.json,8,local_split_entropy_equivalence_classes,154,4,0.0,0.05,title,title,7, 09 ,"["" 09 ""]",1,7,155,0.04516129032258064
1,block_infix_fingerprint_v001.json,16,local_split_entropy_equivalence_classes,154,4,0.0,0.05,title,title,0, # 2,"["" # 2""]",1,7,155,0.04516129032258064
1,block_infix_fingerprint_v001.json,16,local_split_entropy_equivalence_classes,154,4,0.0,0.05,title,title,1, #58,"["" #58""]",1,7,155,0.04516129032258064
1,block_infix_fingerprint_v001.json,16,local_split_entropy_equivalence_classes,154,4,0.0,0.05,title,title,2, #8:,"["" #8:""]",1,7,155,0.04516129032258064
1,block_infix_fingerprint_v001.json,16,local_split_entropy_equivalence_classes,154,4,0.0,0.05,title,title,3, $15,"["" $15""]",1,7,155,0.04516129032258064
1,block_infix_fingerprint_v001.json,16,local_split_entropy_equivalence_classes,154,4,0.0,0.05,title,title,4, '30,"["" '30""]",1,7,155,0.04516129032258064
1,block_infix_fingerprint_v001.json,16,local_split_entropy_equivalence_classes,154,4,0.0,0.05,title,title,5, '58,"["" '58""]",1,7,155,0.04516129032258064
1,block_infix_fingerprint_v001.json,16,local_split_entropy_equivalence_classes,154,4,0.0,0.05,title,title,6, (ao,"["" (ao""]",1,7,155,0.04516129032258064
1,block_infix_fingerprint_v001.json,16,local_split_entropy_equivalence_classes,154,4,0.0,0.05,title,title,7, 09 ,"["" 09 ""]",1,7,155,0.04516129032258064
1,block_infix_fingerprint_v001.json,16,local_split_entropy_equivalence_classes,154,4,0.0,0.05,title,title,8, 298,"["" 298""]",1,7,155,0.04516129032258064
1,block_infix_fingerprint_v001.json,16,local_split_entropy_equivalence_classes,154,4,0.0,0.05,title,title,9, = m,"["" = m""]",1,7,155,0.04516129032258064
1,block_infix_fingerprint_v001.json,16,local_split_entropy_equivalence_classes,154,4,0.0,0.05,title,title,10, iai,"["" iai""]",1,7,155,0.04516129032258064
1,block_infix_fingerprint_v001.json,16,local_split_entropy_equivalence_classes,154,4,0.0,0.05,title,title,11, sdp,"["" sdp""]",1,7,155,0.04516129032258064
1,block_infix_fingerprint_v001.json,16,local_split_entropy_equivalence_classes,154,4,0.0,0.05,title,title,12,ad/l,"[""ad/l""]",1,7,155,0.04516129032258064
1,block_infix_fingerprint_v001.json,16,local_split_entropy_equivalence_classes,154,4,0.0,0.05,title,title,13,ak! ,"[""ak! ""]",1,7,155,0.04516129032258064
1,block_infix_fingerprint_v001.json,16,local_split_entropy_equivalence_classes,154,4,0.0,0.05,title,title,14,crua,"[""crua""]",1,7,155,0.04516129032258064
1,block_infix_fingerprint_v001.json,16,local_split_entropy_equivalence_classes,154,4,0.0,0.05,title,title,15, gva,"["" gva""]",1,6,155,0.03870967741935484
2,block_infix_fingerprint_v002.json,32,local_split_entropy_equivalence_classes,154,4,0.0,0.05,title,title,0, # 2,"["" # 2""]",1,7,155,0.04516129032258064
2,block_infix_fingerprint_v002.json,32,local_split_entropy_equivalence_classes,154,4,0.0,0.05,title,title,1, #58,"["" #58""]",1,7,155,0.04516129032258064
2,block_infix_fingerprint_v002.json,32,local_split_entropy_equivalence_classes,154,4,0.0,0.05,title,title,2, #8:,"["" #8:""]",1,7,155,0.04516129032258064
2,block_infix_fingerprint_v002.json,32,local_split_entropy_equivalence_classes,154,4,0.0,0.05,title,title,3, $15,"["" $15""]",1,7,155,0.04516129032258064
2,block_infix_fingerprint_v002.json,32,local_split_entropy_equivalence_classes,154,4,0.0,0.05,title,title,4, '30,"["" '30""]",1,7,155,0.04516129032258064
2,block_infix_fingerprint_v002.json,32,local_split_entropy_equivalence_classes,154,4,0.0,0.05,title,title,5, '58,"["" '58""]",1,7,155,0.04516129032258064
2,block_infix_fingerprint_v002.json,32,local_split_entropy_equivalence_classes,154,4,0.0,0.05,title,title,6, (ao,"["" (ao""]",1,7,155,0.04516129032258064
2,block_infix_fingerprint_v002.json,32,local_split_entropy_equivalence_classes,154,4,0.0,0.05,title,title,7, 09 ,"["" 09 ""]",1,7,155,0.04516129032258064
2,block_infix_fingerprint_v002.json,32,local_split_entropy_equivalence_classes,154,4,0.0,0.05,title,title,8, 298,"["" 298""]",1,7,155,0.04516129032258064
2,block_infix_fingerprint_v002.json,32,local_split_entropy_equivalence_classes,154,4,0.0,0.05,title,title,9, = m,"["" = m""]",1,7,155,0.04516129032258064
2,block_infix_fingerprint_v002.json,32,local_split_entropy_equivalence_classes,154,4,0.0,0.05,title,title,10, iai,"["" iai""]",1,7,155,0.04516129032258064
2,block_infix_fingerprint_v002.json,32,local_split_entropy_equivalence_classes,154,4,0.0,0.05,title,title,11, sdp,"["" sdp""]",1,7,155,0.04516129032258064
2,block_infix_fingerprint_v002.json,32,local_split_entropy_equivalence_classes,154,4,0.0,0.05,title,title,12,ad/l,"[""ad/l""]",1,7,155,0.04516129032258064
2,block_infix_fingerprint_v002.json,32,local_split_entropy_equivalence_classes,154,4,0.0,0.05,title,title,13,ak! ,"[""ak! ""]",1,7,155,0.04516129032258064
2,block_infix_fingerprint_v002.json,32,local_split_entropy_equivalence_classes,154,4,0.0,0.05,title,title,14,crua,"[""crua""]",1,7,155,0.04516129032258064
2,block_infix_fingerprint_v002.json,32,local_split_entropy_equivalence_classes,154,4,0.0,0.05,title,title,15, gva,"["" gva""]",1,6,155,0.03870967741935484
2,block_infix_fingerprint_v002.json,32,local_split_entropy_equivalence_classes,154,4,0.0,0.05,title,title,16, kkk,"["" kkk""]",1,7,155,0.04516129032258064
2,block_infix_fingerprint_v002.json,32,local_split_entropy_equivalence_classes,154,4,0.0,0.05,title,title,17,4694,"[""4694""]",1,7,155,0.04516129032258064
2,block_infix_fingerprint_v002.json,32,local_split_entropy_equivalence_classes,154,4,0.0,0.05,title,title,18,hy/p,"[""hy/p""]",1,7,155,0.04516129032258064
2,block_infix_fingerprint_v002.json,32,local_split_entropy_equivalence_classes,154,4,0.0,0.05,title,title,19,rzfi,"[""rzfi""]",1,7,155,0.04516129032258064
2,block_infix_fingerprint_v002.json,32,local_split_entropy_equivalence_classes,154,4,0.0,0.05,title,title,20,984:,"[""984:""]",1,7,155,0.04516129032258064
2,block_infix_fingerprint_v002.json,32,local_split_entropy_equivalence_classes,154,4,0.0,0.05,title,title,21, 1 l,"["" 1 l""]",1,6,155,0.03870967741935484
2,block_infix_fingerprint_v002.json,32,local_split_entropy_equivalence_classes,154,4,0.0,0.05,title,title,22, 'ph,"["" 'ph""]",1,5,155,0.03225806451612903
2,block_infix_fingerprint_v002.json,32,local_split_entropy_equivalence_classes,154,4,0.0,0.05,title,title,23,-num,"[""-num""]",1,5,155,0.03225806451612903
2,block_infix_fingerprint_v002.json,32,local_split_entropy_equivalence_classes,154,4,0.0,0.05,title,title,24," ""st","["" \""st""]",1,5,155,0.03225806451612903
2,block_infix_fingerprint_v002.json,32,local_split_entropy_equivalence_classes,154,4,0.0,0.05,title,title,25, #73,"["" #73""]",1,6,155,0.03870967741935484
2,block_infix_fingerprint_v002.json,32,local_split_entropy_equivalence_classes,154,4,0.0,0.05,title,title,26, &..,"["" &.."", ""&...""]",2,7,155,0.04516129032258064
2,block_infix_fingerprint_v002.json,32,local_split_entropy_equivalence_classes,154,4,0.0,0.05,title,title,27, 'dj,"["" 'dj""]",1,7,155,0.04516129032258064
2,block_infix_fingerprint_v002.json,32,local_split_entropy_equivalence_classes,154,4,0.0,0.05,title,title,28, (by,"["" (by""]",1,7,155,0.04516129032258064
2,block_infix_fingerprint_v002.json,32,local_split_entropy_equivalence_classes,154,4,0.0,0.05,title,title,29, 012,"["" 012""]",1,5,155,0.03225806451612903
2,block_infix_fingerprint_v002.json,32,local_split_entropy_equivalence_classes,154,4,0.0,0.05,title,title,30, 1/l,"["" 1/l""]",1,5,155,0.03225806451612903
2,block_infix_fingerprint_v002.json,32,local_split_entropy_equivalence_classes,154,4,0.0,0.05,title,title,31, 505,"["" 505""]",1,7,155,0.04516129032258064
3,block_infix_fingerprint_v003.json,64,local_split_entropy_equivalence_classes,154,4,0.0,0.05,title,title,0, # 2,"["" # 2""]",1,7,155,0.04516129032258064
3,block_infix_fingerprint_v003.json,64,local_split_entropy_equivalence_classes,154,4,0.0,0.05,title,title,1, #58,"["" #58""]",1,7,155,0.04516129032258064
3,block_infix_fingerprint_v003.json,64,local_split_entropy_equivalence_classes,154,4,0.0,0.05,title,title,2, #8:,"["" #8:""]",1,7,155,0.04516129032258064
3,block_infix_fingerprint_v003.json,64,local_split_entropy_equivalence_classes,154,4,0.0,0.05,title,title,3, $15,"["" $15""]",1,7,155,0.04516129032258064
3,block_infix_fingerprint_v003.json,64,local_split_entropy_equivalence_classes,154,4,0.0,0.05,title,title,4, '30,"["" '30""]",1,7,155,0.04516129032258064
3,block_infix_fingerprint_v003.json,64,local_split_entropy_equivalence_classes,154,4,0.0,0.05,title,title,5, '58,"["" '58""]",1,7,155,0.04516129032258064
3,block_infix_fingerprint_v003.json,64,local_split_entropy_equivalence_classes,154,4,0.0,0.05,title,title,6, (ao,"["" (ao""]",1,7,155,0.04516129032258064
3,block_infix_fingerprint_v003.json,64,local_split_entropy_equivalence_classes,154,4,0.0,0.05,title,title,7, 09 ,"["" 09 ""]",1,7,155,0.04516129032258064
3,block_infix_fingerprint_v003.json,64,local_split_entropy_equivalence_classes,154,4,0.0,0.05,title,title,8, 298,"["" 298""]",1,7,155,0.04516129032258064
3,block_infix_fingerprint_v003.json,64,local_split_entropy_equivalence_classes,154,4,0.0,0.05,title,title,9, = m,"["" = m""]",1,7,155,0.04516129032258064
3,block_infix_fingerprint_v003.json,64,local_split_entropy_equivalence_classes,154,4,0.0,0.05,title,title,10, iai,"["" iai""]",1,7,155,0.04516129032258064
3,block_infix_fingerprint_v003.json,64,local_split_entropy_equivalence_classes,154,4,0.0,0.05,title,title,11, sdp,"["" sdp""]",1,7,155,0.04516129032258064
3,block_infix_fingerprint_v003.json,64,local_split_entropy_equivalence_classes,154,4,0.0,0.05,title,title,12,ad/l,"[""ad/l""]",1,7,155,0.04516129032258064
3,block_infix_fingerprint_v003.json,64,local_split_entropy_equivalence_classes,154,4,0.0,0.05,title,title,13,ak! ,"[""ak! ""]",1,7,155,0.04516129032258064
3,block_infix_fingerprint_v003.json,64,local_split_entropy_equivalence_classes,154,4,0.0,0.05,title,title,14,crua,"[""crua""]",1,7,155,0.04516129032258064
3,block_infix_fingerprint_v003.json,64,local_split_entropy_equivalence_classes,154,4,0.0,0.05,title,title,15, gva,"["" gva""]",1,6,155,0.03870967741935484
3,block_infix_fingerprint_v003.json,64,local_split_entropy_equivalence_classes,154,4,0.0,0.05,title,title,16, kkk,"["" kkk""]",1,7,155,0.04516129032258064
3,block_infix_fingerprint_v003.json,64,local_split_entropy_equivalence_classes,154,4,0.0,0.05,title,title,17,4694,"[""4694""]",1,7,155,0.04516129032258064
3,block_infix_fingerprint_v003.json,64,local_split_entropy_equivalence_classes,154,4,0.0,0.05,title,title,18,hy/p,"[""hy/p""]",1,7,155,0.04516129032258064
3,block_infix_fingerprint_v003.json,64,local_split_entropy_equivalence_classes,154,4,0.0,0.05,title,title,19,rzfi,"[""rzfi""]",1,7,155,0.04516129032258064
3,block_infix_fingerprint_v003.json,64,local_split_entropy_equivalence_classes,154,4,0.0,0.05,title,title,20,984:,"[""984:""]",1,7,155,0.04516129032258064
3,block_infix_fingerprint_v003.json,64,local_split_entropy_equivalence_classes,154,4,0.0,0.05,title,title,21, 1 l,"["" 1 l""]",1,6,155,0.03870967741935484
3,block_infix_fingerprint_v003.json,64,local_split_entropy_equivalence_classes,154,4,0.0,0.05,title,title,22, 'ph,"["" 'ph""]",1,5,155,0.03225806451612903
3,block_infix_fingerprint_v003.json,64,local_split_entropy_equivalence_classes,154,4,0.0,0.05,title,title,23,-num,"[""-num""]",1,5,155,0.03225806451612903
3,block_infix_fingerprint_v003.json,64,local_split_entropy_equivalence_classes,154,4,0.0,0.05,title,title,24," ""st","["" \""st""]",1,5,155,0.03225806451612903
3,block_infix_fingerprint_v003.json,64,local_split_entropy_equivalence_classes,154,4,0.0,0.05,title,title,25, #73,"["" #73""]",1,6,155,0.03870967741935484
3,block_infix_fingerprint_v003.json,64,local_split_entropy_equivalence_classes,154,4,0.0,0.05,title,title,26, &..,"["" &.."", ""&...""]",2,7,155,0.04516129032258064
3,block_infix_fingerprint_v003.json,64,local_split_entropy_equivalence_classes,154,4,0.0,0.05,title,title,27, 'dj,"["" 'dj""]",1,7,155,0.04516129032258064
3,block_infix_fingerprint_v003.json,64,local_split_entropy_equivalence_classes,154,4,0.0,0.05,title,title,28, (by,"["" (by""]",1,7,155,0.04516129032258064
3,block_infix_fingerprint_v003.json,64,local_split_entropy_equivalence_classes,154,4,0.0,0.05,title,title,29, 012,"["" 012""]",1,5,155,0.03225806451612903
3,block_infix_fingerprint_v003.json,64,local_split_entropy_equivalence_classes,154,4,0.0,0.05,title,title,30, 1/l,"["" 1/l""]",1,5,155,0.03225806451612903
3,block_infix_fingerprint_v003.json,64,local_split_entropy_equivalence_classes,154,4,0.0,0.05,title,title,31, 505,"["" 505""]",1,7,155,0.04516129032258064
3,block_infix_fingerprint_v003.json,64,local_split_entropy_equivalence_classes,154,4,0.0,0.05,title,title,32, by-,"["" by-""]",1,7,155,0.04516129032258064
3,block_infix_fingerprint_v003.json,64,local_split_entropy_equivalence_classes,154,4,0.0,0.05,title,title,33, cnd,"["" cnd""]",1,6,155,0.03870967741935484
3,block_infix_fingerprint_v003.json,64,local_split_entropy_equivalence_classes,154,4,0.0,0.05,title,title,34, tp ,"["" tp ""]",1,7,155,0.04516129032258064
3,block_infix_fingerprint_v003.json,64,local_split_entropy_equivalence_classes,154,4,0.0,0.05,title,title,35,#11:,"[""#11:""]",1,7,155,0.04516129032258064
3,block_infix_fingerprint_v003.json,64,local_split_entropy_equivalence_classes,154,4,0.0,0.05,title,title,36,-hi!,"[""-hi!""]",1,4,155,0.025806451612903226
3,block_infix_fingerprint_v003.json,64,local_split_entropy_equivalence_classes,154,4,0.0,0.05,title,title,37,-sli,"[""-sli""]",1,6,155,0.03870967741935484
3,block_infix_fingerprint_v003.json,64,local_split_entropy_equivalence_classes,154,4,0.0,0.05,title,title,38,ahii,"[""ahii""]",1,7,155,0.04516129032258064
3,block_infix_fingerprint_v003.json,64,local_split_entropy_equivalence_classes,154,4,0.0,0.05,title,title,39, 5 q,"["" 5 q""]",1,4,155,0.025806451612903226
3,block_infix_fingerprint_v003.json,64,local_split_entropy_equivalence_classes,154,4,0.0,0.05,title,title,40, da-,"["" da-""]",1,7,155,0.04516129032258064
3,block_infix_fingerprint_v003.json,64,local_split_entropy_equivalence_classes,154,4,0.0,0.05,title,title,41, gji,"["" gji""]",1,7,155,0.04516129032258064
3,block_infix_fingerprint_v003.json,64,local_split_entropy_equivalence_classes,154,4,0.0,0.05,title,title,42,(you,"[""(you""]",1,7,155,0.04516129032258064
3,block_infix_fingerprint_v003.json,64,local_split_entropy_equivalence_classes,154,4,0.0,0.05,title,title,43,2104,"[""2104""]",1,7,155,0.04516129032258064
3,block_infix_fingerprint_v003.json,64,local_split_entropy_equivalence_classes,154,4,0.0,0.05,title,title,44, 'ep,"["" 'ep""]",1,6,155,0.03870967741935484
3,block_infix_fingerprint_v003.json,64,local_split_entropy_equivalence_classes,154,4,0.0,0.05,title,title,45," 1,2","["" 1,2""]",1,7,155,0.04516129032258064
3,block_infix_fingerprint_v003.json,64,local_split_entropy_equivalence_classes,154,4,0.0,0.05,title,title,46, #3/,"["" #3/""]",1,6,155,0.03870967741935484
3,block_infix_fingerprint_v003.json,64,local_split_entropy_equivalence_classes,154,4,0.0,0.05,title,title,47, #55,"["" #55""]",1,7,155,0.04516129032258064
3,block_infix_fingerprint_v003.json,64,local_split_entropy_equivalence_classes,154,4,0.0,0.05,title,title,48, #6 ,"["" #6 ""]",1,7,155,0.04516129032258064
3,block_infix_fingerprint_v003.json,64,local_split_entropy_equivalence_classes,154,4,0.0,0.05,title,title,49, '48,"["" '48""]",1,4,155,0.025806451612903226
3,block_infix_fingerprint_v003.json,64,local_split_entropy_equivalence_classes,154,4,0.0,0.05,title,title,50, '55,"["" '55""]",1,7,155,0.04516129032258064
3,block_infix_fingerprint_v003.json,64,local_split_entropy_equivalence_classes,154,4,0.0,0.05,title,title,51, 'a.,"["" 'a.""]",1,5,155,0.03225806451612903
3,block_infix_fingerprint_v003.json,64,local_split_entropy_equivalence_classes,154,4,0.0,0.05,title,title,52, 'hy,"["" 'hy""]",1,5,155,0.03225806451612903
3,block_infix_fingerprint_v003.json,64,local_split_entropy_equivalence_classes,154,4,0.0,0.05,title,title,53, 'os,"["" 'os""]",1,5,155,0.03225806451612903
3,block_infix_fingerprint_v003.json,64,local_split_entropy_equivalence_classes,154,4,0.0,0.05,title,title,54, 'up,"["" 'up""]",1,6,155,0.03870967741935484
3,block_infix_fingerprint_v003.json,64,local_split_entropy_equivalence_classes,154,4,0.0,0.05,title,title,55, 'zl,"["" 'zl"", ""'zla""]",2,3,155,0.01935483870967742
3,block_infix_fingerprint_v003.json,64,local_split_entropy_equivalence_classes,154,4,0.0,0.05,title,title,56, (ob,"["" (ob"", ""(obs""]",2,4,155,0.025806451612903226
3,block_infix_fingerprint_v003.json,64,local_split_entropy_equivalence_classes,154,4,0.0,0.05,title,title,57, 12/,"["" 12/""]",1,6,155,0.03870967741935484
3,block_infix_fingerprint_v003.json,64,local_split_entropy_equivalence_classes,154,4,0.0,0.05,title,title,58, 40s,"["" 40s""]",1,7,155,0.04516129032258064
3,block_infix_fingerprint_v003.json,64,local_split_entropy_equivalence_classes,154,4,0.0,0.05,title,title,59, 5 j,"["" 5 j""]",1,7,155,0.04516129032258064
3,block_infix_fingerprint_v003.json,64,local_split_entropy_equivalence_classes,154,4,0.0,0.05,title,title,60, 7 e,"["" 7 e""]",1,6,155,0.03870967741935484
3,block_infix_fingerprint_v003.json,64,local_split_entropy_equivalence_classes,154,4,0.0,0.05,title,title,61, ga-,"["" ga-""]",1,7,155,0.04516129032258064
3,block_infix_fingerprint_v003.json,64,local_split_entropy_equivalence_classes,154,4,0.0,0.05,title,title,62,  sy,"[""  sy"", ""#112"", ""g e-"", ""hun)"", ""k! q"", ""lmob"", ""mfeb"", ""tzu/""]",8,2,155,0.012903225806451613
3,block_infix_fingerprint_v003.json,64,local_split_entropy_equivalence_classes,154,4,0.0,0.05,title,title,63, ! t,"["" ! t"", "" #6/"", "" #9-"", "" (oh"", "" 0 f"", "" 10r"", "" 2)/"", "" 4 +"", "" 4k,"", "" 5-k"", "" 8.6"", "" 9/k"", "" as?"", "" brc"", "" c &"", "" e/p"", "" h l"", "" hx3"", "" iea"", "" m40"", "" mi/"", "" n.z"", "" nv'"", "" oup"", "" p/j"", "" pff"", "" pkk"", "" ps1"", "" qau"", "" rvc"", "" rzi"", "" sk1"", "" tx3"", "" wgv"", "" wx3"", "" yme"", "" ~ t"", ""! e?"", ""! xo"", ""!/yo"", ""!?/b"", ""!?/f"", ""!?/h"", ""#6/v"", ""#655"", ""#669"", ""#9-1"", ""$ ba"", ""$$ b"", ""$70 "", ""& kw"", ""& ub"", ""' h2"", ""' oe"", ""'dim"", ""'hyo"", ""'in:"", ""'lym"", ""'tij"", ""'v'/"", ""(fug"", ""(nyu"", ""(oht"", ""(sno"", ""*tty"", "", 4k"", "", hx"", "", tz"", ""- #6"", ""- pd"", ""-140"", ""-7 a"", ""-??)"", ""-od "", ""-siu"", "". 7g"", ""../d"", ""./ge"", "".eli"", "".nor"", "".pai"", ""/ac/"", ""/aeg"", ""/d-n"", ""/d.a"", ""/ebb"", ""/elt"", ""/heg"", ""/ibf"", ""/ju "", ""/kot"", ""/lo-"", ""/nep"", ""/orn"", ""/pbb"", ""/s.o"", ""/sp "", ""/tuv"", ""/twd"", ""/vig"", ""0-cr"", ""10rb"", ""12-?"", ""14-a"", ""2)/s"", ""2-??"", ""34 y"", ""340-"", ""35 n"", ""4 + "", ""4k a"", ""4k, "", ""5-ki"", ""5ift"", ""6/12"", ""6/ve"", ""669 "", ""69-2"", ""8 tv"", ""9-1/"", ""9/k "", "": xp"", ""?? t"", ""@ wi"", ""_aba"", ""_roy"", ""a !!"", ""a z,"", ""a-ov"", ""a/jm"", ""a/pb"", ""a/wb"", ""aa-g"", ""aac!"", ""aasv"", ""ac! "", ""ae!/"", ""ak/e"", ""aks."", ""akt."", ""amhn"", ""ampj"", ""amub"", ""ao/v"", ""ao?!"", ""aqun"", ""asuz"", ""asyj"", ""atsj"", ""auod"", ""awi/"", ""ax/j"", ""azpe"", ""b/sm"", ""ba/w"", ""bc/i"", ""bcd."", ""bd j"", ""bdit"", ""bh h"", ""bi/g"", ""bosr"", ""box."", ""bs-r"", ""bslk"", ""bur!"", ""c/bl"", ""c/ib"", ""ca/v"", ""casd"", ""cd.."", ""cek/"", ""cjim"", ""cm k"", ""coo'"", ""ctau"", ""cusq"", ""d's/"", ""d_ab"", ""d_ro"", ""da-p"", ""ddco"", ""ddfa"", ""ddyj"", ""deuu"", ""di/n"", ""dil'"", ""dkuc"", ""dobk"", ""dpyr"", ""dso/"", ""dupm"", ""e a5"", ""e m4"", ""e p/"", ""e!/k"", ""e'un"", ""e-15"", ""eb/t"", ""ebso"", ""eefh"", ""egd "", ""egl "", ""ei-u"", ""ejlr"", ""ejwo"", ""eorw"", ""erz)"", ""euup"", ""ewcl"", ""ewem"", ""ex-7"", ""ez/y"", ""ezuw"", ""f 2!"", ""f x9"", ""f/av"", ""f/rh"", ""f4u "", ""fboe"", ""fc &"", ""fdge"", ""feep"", ""ffta"", ""fpfe"", ""fs/g"", ""ftsi"", ""ftt."", ""fyes"", ""fzuh"", ""gaif"", ""gaoh"", ""gcol"", ""gd s"", ""gdli"", ""gedm"", ""gjum"", ""gl s"", ""go/k"", ""gse?"", ""gumf"", ""gv s"", ""gyml"", ""gzus"", ""h*tt"", ""hihy"", ""hoav"", ""ht ~"", ""hujh"", ""hwum"", ""hx30"", ""i), "", ""i/at"", ""i/gu"", ""i; n"", ""ibeb"", ""ibsl"", ""icnj"", ""iee?"", ""iekb"", ""ijfb"", ""iji)"", ""ilzw"", ""imo)"", ""in!:"", ""iyeb"", ""izzt"", ""j av"", ""j e-"", ""j, g"", ""jazp"", ""jfbo"", ""jhiy"", ""ji? "", ""jij!"", ""jlre"", ""jna!"", ""jopp"", ""jr/f"", ""juam"", ""jyyt"", ""k 4k"", ""k a$"", ""k/yv"", ""k2 p"", ""kah:"", ""kbak"", ""kiuu"", ""kna."", ""knix"", ""ksgr"", ""ktv/"", ""ku !"", ""kua,"", ""l bf"", ""l j,"", ""l/i,"", ""l/zi"", ""ldeh"", ""ldpy"", ""lgse"", ""lhuj"", ""liih"", ""ljap"", ""lk'i"", ""lmdi"", ""lo-k"", ""lov/"", ""lpme"", ""lref"", ""luv,"", ""luvd"", ""lv p"", ""m #6"", ""m-41"", ""m10 "", ""m40 "", ""mao/"", ""mawg"", ""mjub"", ""mnf "", ""moeh"", ""mubl"", ""n pk"", ""n-et"", ""n/b."", ""n/d-"", ""n/kc"", ""n/u2"", ""nbi/"", ""nbyu"", ""nea?"", ""nf d"", ""ng'?"", ""ngii"", ""ngzu"", ""ni),"", ""nirl"", ""nk-1"", ""nkeo"", ""nkoz"", ""noal"", ""nse8"", ""nt??"", ""nv' "", ""nwab"", ""o 4x"", ""o/ae"", ""o? 2"", ""od_a"", ""od_r"", ""oddc"", ""odyf"", ""oehe"", ""oex "", ""ofdg"", ""ohe,"", ""okcl"", ""olmd"", ""os/g"", ""oui'"", ""ouid"", ""ov/s"", ""oxo:"", ""pa?!"", ""pds "", ""pfft"", ""pkk-"", ""pmig"", ""pomt"", ""pov?"", ""ps1 "", ""psaa"", ""psra"", ""pytu"", ""q wh"", ""qauo"", ""r-dr"", ""rab)"", ""rfo'"", ""riib"", ""rpsr"", ""rr/h"", ""rsap"", ""rsuv"", ""rt/y"", ""rtkl"", ""rufp"", ""rx10"", ""ry ~"", ""s rp"", ""s ym"", ""s'ok"", ""s.el"", ""s/kz"", ""s/s."", ""s1 g"", ""sat-"", ""sbd "", ""sdod"", ""se/5"", ""sf-t"", ""sfav"", ""sjol"", ""sk 9"", ""sktv"", ""slka"", ""smo/"", ""so/p"", ""sp j"", ""srys"", ""stjy"", ""su./"", ""sukb"", ""suo)"", ""syit"", ""t wg"", ""t wx"", ""t ~ "", ""t-f4"", ""t/eb"", ""t20:"", ""ta !"", ""tf, "", ""thmn"", ""thwu"", ""tii,"", ""tinr"", ""tj r"", ""tjyl"", ""tny/"", ""tt/v"", ""tuys"", ""tviu"", ""twdy"", ""tx30"", ""tyib"", ""typr"", ""tzu,"", ""u ! "", ""u uj"", ""u!/y"", ""u./h"", ""ufpf"", ""ugdl"", ""ugsd"", ""ugu)"", ""ulmb"", ""um-4"", ""usgl"", ""utuy"", ""uu &"", ""uvdi"", ""uvix"", ""uwve"", ""ux/s"", ""uysi"", ""v' b"", ""v'/a"", ""v/mo"", ""v/sv"", ""var."", ""vc s"", ""vcrs"", ""ve-1"", ""vio."", ""viut"", ""vm v"", ""vrsu"", ""vs.e"", ""vu j"", ""vuhi"", ""w pc"", ""w pf"", ""w z8"", ""wba/"", ""wcle"", ""wgv "", ""wi/r"", ""wtf,"", ""wver"", ""wx30"", ""x-35"", ""x-7 "", ""x/su"", ""x300"", ""xa j"", ""xabr"", ""xabu"", ""xo u"", ""xo:)"", ""xx/b"", ""y a9"", ""y?/u"", ""ya 9"", ""yf 2"", ""ymej"", ""ymle"", ""ys/q"", ""yst!"", ""ysyv"", ""yte/"", ""ytuo"", ""yues"", ""yze/"", ""z ry"", ""z, 4"", ""z/d."", ""z/ye"", ""zolk"", ""zper"", ""zra?"", ""ztay"", ""zuwi"", ""zy x"", ""zzum"", ""~ la"", ""~ tr""]",518,1,155,0.0064516129032258064
4,block_infix_fingerprint_v004.json,128,local_split_entropy_equivalence_classes,154,4,0.0,0.05,title,title,0, # 2,"["" # 2""]",1,7,155,0.04516129032258064
4,block_infix_fingerprint_v004.json,128,local_split_entropy_equivalence_classes,154,4,0.0,0.05,title,title,1, #58,"["" #58""]",1,7,155,0.04516129032258064
4,block_infix_fingerprint_v004.json,128,local_split_entropy_equivalence_classes,154,4,0.0,0.05,title,title,2, #8:,"["" #8:""]",1,7,155,0.04516129032258064
4,block_infix_fingerprint_v004.json,128,local_split_entropy_equivalence_classes,154,4,0.0,0.05,title,title,3, $15,"["" $15""]",1,7,155,0.04516129032258064
4,block_infix_fingerprint_v004.json,128,local_split_entropy_equivalence_classes,154,4,0.0,0.05,title,title,4, '30,"["" '30""]",1,7,155,0.04516129032258064
4,block_infix_fingerprint_v004.json,128,local_split_entropy_equivalence_classes,154,4,0.0,0.05,title,title,5, '58,"["" '58""]",1,7,155,0.04516129032258064
4,block_infix_fingerprint_v004.json,128,local_split_entropy_equivalence_classes,154,4,0.0,0.05,title,title,6, (ao,"["" (ao""]",1,7,155,0.04516129032258064
4,block_infix_fingerprint_v004.json,128,local_split_entropy_equivalence_classes,154,4,0.0,0.05,title,title,7, 09 ,"["" 09 ""]",1,7,155,0.04516129032258064
4,block_infix_fingerprint_v004.json,128,local_split_entropy_equivalence_classes,154,4,0.0,0.05,title,title,8, 298,"["" 298""]",1,7,155,0.04516129032258064
4,block_infix_fingerprint_v004.json,128,local_split_entropy_equivalence_classes,154,4,0.0,0.05,title,title,9, = m,"["" = m""]",1,7,155,0.04516129032258064
4,block_infix_fingerprint_v004.json,128,local_split_entropy_equivalence_classes,154,4,0.0,0.05,title,title,10, iai,"["" iai""]",1,7,155,0.04516129032258064
4,block_infix_fingerprint_v004.json,128,local_split_entropy_equivalence_classes,154,4,0.0,0.05,title,title,11, sdp,"["" sdp""]",1,7,155,0.04516129032258064
4,block_infix_fingerprint_v004.json,128,local_split_entropy_equivalence_classes,154,4,0.0,0.05,title,title,12,ad/l,"[""ad/l""]",1,7,155,0.04516129032258064
4,block_infix_fingerprint_v004.json,128,local_split_entropy_equivalence_classes,154,4,0.0,0.05,title,title,13,ak! ,"[""ak! ""]",1,7,155,0.04516129032258064
4,block_infix_fingerprint_v004.json,128,local_split_entropy_equivalence_classes,154,4,0.0,0.05,title,title,14,crua,"[""crua""]",1,7,155,0.04516129032258064
4,block_infix_fingerprint_v004.json,128,local_split_entropy_equivalence_classes,154,4,0.0,0.05,title,title,15, gva,"["" gva""]",1,6,155,0.03870967741935484
4,block_infix_fingerprint_v004.json,128,local_split_entropy_equivalence_classes,154,4,0.0,0.05,title,title,16, kkk,"["" kkk""]",1,7,155,0.04516129032258064
4,block_infix_fingerprint_v004.json,128,local_split_entropy_equivalence_classes,154,4,0.0,0.05,title,title,17,4694,"[""4694""]",1,7,155,0.04516129032258064
4,block_infix_fingerprint_v004.json,128,local_split_entropy_equivalence_classes,154,4,0.0,0.05,title,title,18,hy/p,"[""hy/p""]",1,7,155,0.04516129032258064
4,block_infix_fingerprint_v004.json,128,local_split_entropy_equivalence_classes,154,4,0.0,0.05,title,title,19,rzfi,"[""rzfi""]",1,7,155,0.04516129032258064
4,block_infix_fingerprint_v004.json,128,local_split_entropy_equivalence_classes,154,4,0.0,0.05,title,title,20,984:,"[""984:""]",1,7,155,0.04516129032258064
4,block_infix_fingerprint_v004.json,128,local_split_entropy_equivalence_classes,154,4,0.0,0.05,title,title,21, 1 l,"["" 1 l""]",1,6,155,0.03870967741935484
4,block_infix_fingerprint_v004.json,128,local_split_entropy_equivalence_classes,154,4,0.0,0.05,title,title,22, 'ph,"["" 'ph""]",1,5,155,0.03225806451612903
4,block_infix_fingerprint_v004.json,128,local_split_entropy_equivalence_classes,154,4,0.0,0.05,title,title,23,-num,"[""-num""]",1,5,155,0.03225806451612903
4,block_infix_fingerprint_v004.json,128,local_split_entropy_equivalence_classes,154,4,0.0,0.05,title,title,24," ""st","["" \""st""]",1,5,155,0.03225806451612903
4,block_infix_fingerprint_v004.json,128,local_split_entropy_equivalence_classes,154,4,0.0,0.05,title,title,25, #73,"["" #73""]",1,6,155,0.03870967741935484
4,block_infix_fingerprint_v004.json,128,local_split_entropy_equivalence_classes,154,4,0.0,0.05,title,title,26, &..,"["" &.."", ""&...""]",2,7,155,0.04516129032258064
4,block_infix_fingerprint_v004.json,128,local_split_entropy_equivalence_classes,154,4,0.0,0.05,title,title,27, 'dj,"["" 'dj""]",1,7,155,0.04516129032258064
4,block_infix_fingerprint_v004.json,128,local_split_entropy_equivalence_classes,154,4,0.0,0.05,title,title,28, (by,"["" (by""]",1,7,155,0.04516129032258064
4,block_infix_fingerprint_v004.json,128,local_split_entropy_equivalence_classes,154,4,0.0,0.05,title,title,29, 012,"["" 012""]",1,5,155,0.03225806451612903
4,block_infix_fingerprint_v004.json,128,local_split_entropy_equivalence_classes,154,4,0.0,0.05,title,title,30, 1/l,"["" 1/l""]",1,5,155,0.03225806451612903
4,block_infix_fingerprint_v004.json,128,local_split_entropy_equivalence_classes,154,4,0.0,0.05,title,title,31, 505,"["" 505""]",1,7,155,0.04516129032258064
4,block_infix_fingerprint_v004.json,128,local_split_entropy_equivalence_classes,154,4,0.0,0.05,title,title,32, by-,"["" by-""]",1,7,155,0.04516129032258064
4,block_infix_fingerprint_v004.json,128,local_split_entropy_equivalence_classes,154,4,0.0,0.05,title,title,33, cnd,"["" cnd""]",1,6,155,0.03870967741935484
4,block_infix_fingerprint_v004.json,128,local_split_entropy_equivalence_classes,154,4,0.0,0.05,title,title,34, tp ,"["" tp ""]",1,7,155,0.04516129032258064
4,block_infix_fingerprint_v004.json,128,local_split_entropy_equivalence_classes,154,4,0.0,0.05,title,title,35,#11:,"[""#11:""]",1,7,155,0.04516129032258064
4,block_infix_fingerprint_v004.json,128,local_split_entropy_equivalence_classes,154,4,0.0,0.05,title,title,36,-hi!,"[""-hi!""]",1,4,155,0.025806451612903226
4,block_infix_fingerprint_v004.json,128,local_split_entropy_equivalence_classes,154,4,0.0,0.05,title,title,37,-sli,"[""-sli""]",1,6,155,0.03870967741935484
4,block_infix_fingerprint_v004.json,128,local_split_entropy_equivalence_classes,154,4,0.0,0.05,title,title,38,ahii,"[""ahii""]",1,7,155,0.04516129032258064
4,block_infix_fingerprint_v004.json,128,local_split_entropy_equivalence_classes,154,4,0.0,0.05,title,title,39, 5 q,"["" 5 q""]",1,4,155,0.025806451612903226
4,block_infix_fingerprint_v004.json,128,local_split_entropy_equivalence_classes,154,4,0.0,0.05,title,title,40, da-,"["" da-""]",1,7,155,0.04516129032258064
4,block_infix_fingerprint_v004.json,128,local_split_entropy_equivalence_classes,154,4,0.0,0.05,title,title,41, gji,"["" gji""]",1,7,155,0.04516129032258064
4,block_infix_fingerprint_v004.json,128,local_split_entropy_equivalence_classes,154,4,0.0,0.05,title,title,42,(you,"[""(you""]",1,7,155,0.04516129032258064
4,block_infix_fingerprint_v004.json,128,local_split_entropy_equivalence_classes,154,4,0.0,0.05,title,title,43,2104,"[""2104""]",1,7,155,0.04516129032258064
4,block_infix_fingerprint_v004.json,128,local_split_entropy_equivalence_classes,154,4,0.0,0.05,title,title,44, 'ep,"["" 'ep""]",1,6,155,0.03870967741935484
4,block_infix_fingerprint_v004.json,128,local_split_entropy_equivalence_classes,154,4,0.0,0.05,title,title,45," 1,2","["" 1,2""]",1,7,155,0.04516129032258064
4,block_infix_fingerprint_v004.json,128,local_split_entropy_equivalence_classes,154,4,0.0,0.05,title,title,46, #3/,"["" #3/""]",1,6,155,0.03870967741935484
4,block_infix_fingerprint_v004.json,128,local_split_entropy_equivalence_classes,154,4,0.0,0.05,title,title,47, #55,"["" #55""]",1,7,155,0.04516129032258064
4,block_infix_fingerprint_v004.json,128,local_split_entropy_equivalence_classes,154,4,0.0,0.05,title,title,48, #6 ,"["" #6 ""]",1,7,155,0.04516129032258064
4,block_infix_fingerprint_v004.json,128,local_split_entropy_equivalence_classes,154,4,0.0,0.05,title,title,49, '48,"["" '48""]",1,4,155,0.025806451612903226
4,block_infix_fingerprint_v004.json,128,local_split_entropy_equivalence_classes,154,4,0.0,0.05,title,title,50, '55,"["" '55""]",1,7,155,0.04516129032258064
4,block_infix_fingerprint_v004.json,128,local_split_entropy_equivalence_classes,154,4,0.0,0.05,title,title,51, 'a.,"["" 'a.""]",1,5,155,0.03225806451612903
4,block_infix_fingerprint_v004.json,128,local_split_entropy_equivalence_classes,154,4,0.0,0.05,title,title,52, 'hy,"["" 'hy""]",1,5,155,0.03225806451612903
4,block_infix_fingerprint_v004.json,128,local_split_entropy_equivalence_classes,154,4,0.0,0.05,title,title,53, 'os,"["" 'os""]",1,5,155,0.03225806451612903
4,block_infix_fingerprint_v004.json,128,local_split_entropy_equivalence_classes,154,4,0.0,0.05,title,title,54, 'up,"["" 'up""]",1,6,155,0.03870967741935484
4,block_infix_fingerprint_v004.json,128,local_split_entropy_equivalence_classes,154,4,0.0,0.05,title,title,55, 'zl,"["" 'zl"", ""'zla""]",2,3,155,0.01935483870967742
4,block_infix_fingerprint_v004.json,128,local_split_entropy_equivalence_classes,154,4,0.0,0.05,title,title,56, (ob,"["" (ob"", ""(obs""]",2,4,155,0.025806451612903226
4,block_infix_fingerprint_v004.json,128,local_split_entropy_equivalence_classes,154,4,0.0,0.05,title,title,57, 12/,"["" 12/""]",1,6,155,0.03870967741935484
4,block_infix_fingerprint_v004.json,128,local_split_entropy_equivalence_classes,154,4,0.0,0.05,title,title,58, 40s,"["" 40s""]",1,7,155,0.04516129032258064
4,block_infix_fingerprint_v004.json,128,local_split_entropy_equivalence_classes,154,4,0.0,0.05,title,title,59, 5 j,"["" 5 j""]",1,7,155,0.04516129032258064
4,block_infix_fingerprint_v004.json,128,local_split_entropy_equivalence_classes,154,4,0.0,0.05,title,title,60, 7 e,"["" 7 e""]",1,6,155,0.03870967741935484
4,block_infix_fingerprint_v004.json,128,local_split_entropy_equivalence_classes,154,4,0.0,0.05,title,title,61, ga-,"["" ga-""]",1,7,155,0.04516129032258064
4,block_infix_fingerprint_v004.json,128,local_split_entropy_equivalence_classes,154,4,0.0,0.05,title,title,62,  sy,"[""  sy"", ""#112"", ""g e-"", ""hun)"", ""k! q"", ""lmob"", ""mfeb"", ""tzu/""]",8,2,155,0.012903225806451613
4,block_infix_fingerprint_v004.json,128,local_split_entropy_equivalence_classes,154,4,0.0,0.05,title,title,63, ! t,"["" ! t"", "" #6/"", "" #9-"", "" (oh"", "" 0 f"", "" 10r"", "" 2)/"", "" 4 +"", "" 4k,"", "" 5-k"", "" 8.6"", "" 9/k"", "" as?"", "" brc"", "" c &"", "" e/p"", "" h l"", "" hx3"", "" iea"", "" m40"", "" mi/"", "" n.z"", "" nv'"", "" oup"", "" p/j"", "" pff"", "" pkk"", "" ps1"", "" qau"", "" rvc"", "" rzi"", "" sk1"", "" tx3"", "" wgv"", "" wx3"", "" yme"", "" ~ t"", ""! e?"", ""! xo"", ""!/yo"", ""!?/b"", ""!?/f"", ""!?/h"", ""#6/v"", ""#655"", ""#669"", ""#9-1"", ""$ ba"", ""$$ b"", ""$70 "", ""& kw"", ""& ub"", ""' h2"", ""' oe"", ""'dim"", ""'hyo"", ""'in:"", ""'lym"", ""'tij"", ""'v'/"", ""(fug"", ""(nyu"", ""(oht"", ""(sno"", ""*tty"", "", 4k"", "", hx"", "", tz"", ""- #6"", ""- pd"", ""-140"", ""-7 a"", ""-??)"", ""-od "", ""-siu"", "". 7g"", ""../d"", ""./ge"", "".eli"", "".nor"", "".pai"", ""/ac/"", ""/aeg"", ""/d-n"", ""/d.a"", ""/ebb"", ""/elt"", ""/heg"", ""/ibf"", ""/ju "", ""/kot"", ""/lo-"", ""/nep"", ""/orn"", ""/pbb"", ""/s.o"", ""/sp "", ""/tuv"", ""/twd"", ""/vig"", ""0-cr"", ""10rb"", ""12-?"", ""14-a"", ""2)/s"", ""2-??"", ""34 y"", ""340-"", ""35 n"", ""4 + "", ""4k a"", ""4k, "", ""5-ki"", ""5ift"", ""6/12"", ""6/ve"", ""669 "", ""69-2"", ""8 tv"", ""9-1/"", ""9/k "", "": xp"", ""?? t"", ""@ wi"", ""_aba"", ""_roy"", ""a !!"", ""a z,"", ""a-ov"", ""a/jm"", ""a/pb"", ""a/wb"", ""aa-g"", ""aac!"", ""aasv"", ""ac! "", ""ae!/"", ""ak/e"", ""aks."", ""akt."", ""amhn"", ""ampj"", ""amub"", ""ao/v"", ""ao?!"", ""aqun"", ""asuz"", ""asyj"", ""atsj"", ""auod"", ""awi/"", ""ax/j"", ""azpe"", ""b/sm"", ""ba/w"", ""bc/i"", ""bcd."", ""bd j"", ""bdit"", ""bh h"", ""bi/g"", ""bosr"", ""box."", ""bs-r"", ""bslk"", ""bur!"", ""c/bl"", ""c/ib"", ""ca/v"", ""casd"", ""cd.."", ""cek/"", ""cjim"", ""cm k"", ""coo'"", ""ctau"", ""cusq"", ""d's/"", ""d_ab"", ""d_ro"", ""da-p"", ""ddco"", ""ddfa"", ""ddyj"", ""deuu"", ""di/n"", ""dil'"", ""dkuc"", ""dobk"", ""dpyr"", ""dso/"", ""dupm"", ""e a5"", ""e m4"", ""e p/"", ""e!/k"", ""e'un"", ""e-15"", ""eb/t"", ""ebso"", ""eefh"", ""egd "", ""egl "", ""ei-u"", ""ejlr"", ""ejwo"", ""eorw"", ""erz)"", ""euup"", ""ewcl"", ""ewem"", ""ex-7"", ""ez/y"", ""ezuw"", ""f 2!"", ""f x9"", ""f/av"", ""f/rh"", ""f4u "", ""fboe"", ""fc &"", ""fdge"", ""feep"", ""ffta"", ""fpfe"", ""fs/g"", ""ftsi"", ""ftt."", ""fyes"", ""fzuh"", ""gaif"", ""gaoh"", ""gcol"", ""gd s"", ""gdli"", ""gedm"", ""gjum"", ""gl s"", ""go/k"", ""gse?"", ""gumf"", ""gv s"", ""gyml"", ""gzus"", ""h*tt"", ""hihy"", ""hoav"", ""ht ~"", ""hujh"", ""hwum"", ""hx30"", ""i), "", ""i/at"", ""i/gu"", ""i; n"", ""ibeb"", ""ibsl"", ""icnj"", ""iee?"", ""iekb"", ""ijfb"", ""iji)"", ""ilzw"", ""imo)"", ""in!:"", ""iyeb"", ""izzt"", ""j av"", ""j e-"", ""j, g"", ""jazp"", ""jfbo"", ""jhiy"", ""ji? "", ""jij!"", ""jlre"", ""jna!"", ""jopp"", ""jr/f"", ""juam"", ""jyyt"", ""k 4k"", ""k a$"", ""k/yv"", ""k2 p"", ""kah:"", ""kbak"", ""kiuu"", ""kna."", ""knix"", ""ksgr"", ""ktv/"", ""ku !"", ""kua,"", ""l bf"", ""l j,"", ""l/i,"", ""l/zi"", ""ldeh"", ""ldpy"", ""lgse"", ""lhuj"", ""liih"", ""ljap"", ""lk'i"", ""lmdi"", ""lo-k"", ""lov/"", ""lpme"", ""lref"", ""luv,"", ""luvd"", ""lv p"", ""m #6"", ""m-41"", ""m10 "", ""m40 "", ""mao/"", ""mawg"", ""mjub"", ""mnf "", ""moeh"", ""mubl"", ""n pk"", ""n-et"", ""n/b."", ""n/d-"", ""n/kc"", ""n/u2"", ""nbi/"", ""nbyu"", ""nea?"", ""nf d"", ""ng'?"", ""ngii"", ""ngzu"", ""ni),"", ""nirl"", ""nk-1"", ""nkeo"", ""nkoz"", ""noal"", ""nse8"", ""nt??"", ""nv' "", ""nwab"", ""o 4x"", ""o/ae"", ""o? 2"", ""od_a"", ""od_r"", ""oddc"", ""odyf"", ""oehe"", ""oex "", ""ofdg"", ""ohe,"", ""okcl"", ""olmd"", ""os/g"", ""oui'"", ""ouid"", ""ov/s"", ""oxo:"", ""pa?!"", ""pds "", ""pfft"", ""pkk-"", ""pmig"", ""pomt"", ""pov?"", ""ps1 "", ""psaa"", ""psra"", ""pytu"", ""q wh"", ""qauo"", ""r-dr"", ""rab)"", ""rfo'"", ""riib"", ""rpsr"", ""rr/h"", ""rsap"", ""rsuv"", ""rt/y"", ""rtkl"", ""rufp"", ""rx10"", ""ry ~"", ""s rp"", ""s ym"", ""s'ok"", ""s.el"", ""s/kz"", ""s/s."", ""s1 g"", ""sat-"", ""sbd "", ""sdod"", ""se/5"", ""sf-t"", ""sfav"", ""sjol"", ""sk 9"", ""sktv"", ""slka"", ""smo/"", ""so/p"", ""sp j"", ""srys"", ""stjy"", ""su./"", ""sukb"", ""suo)"", ""syit"", ""t wg"", ""t wx"", ""t ~ "", ""t-f4"", ""t/eb"", ""t20:"", ""ta !"", ""tf, "", ""thmn"", ""thwu"", ""tii,"", ""tinr"", ""tj r"", ""tjyl"", ""tny/"", ""tt/v"", ""tuys"", ""tviu"", ""twdy"", ""tx30"", ""tyib"", ""typr"", ""tzu,"", ""u ! "", ""u uj"", ""u!/y"", ""u./h"", ""ufpf"", ""ugdl"", ""ugsd"", ""ugu)"", ""ulmb"", ""um-4"", ""usgl"", ""utuy"", ""uu &"", ""uvdi"", ""uvix"", ""uwve"", ""ux/s"", ""uysi"", ""v' b"", ""v'/a"", ""v/mo"", ""v/sv"", ""var."", ""vc s"", ""vcrs"", ""ve-1"", ""vio."", ""viut"", ""vm v"", ""vrsu"", ""vs.e"", ""vu j"", ""vuhi"", ""w pc"", ""w pf"", ""w z8"", ""wba/"", ""wcle"", ""wgv "", ""wi/r"", ""wtf,"", ""wver"", ""wx30"", ""x-35"", ""x-7 "", ""x/su"", ""x300"", ""xa j"", ""xabr"", ""xabu"", ""xo u"", ""xo:)"", ""xx/b"", ""y a9"", ""y?/u"", ""ya 9"", ""yf 2"", ""ymej"", ""ymle"", ""ys/q"", ""yst!"", ""ysyv"", ""yte/"", ""ytuo"", ""yues"", ""yze/"", ""z ry"", ""z, 4"", ""z/d."", ""z/ye"", ""zolk"", ""zper"", ""zra?"", ""ztay"", ""zuwi"", ""zy x"", ""zzum"", ""~ la"", ""~ tr""]",518,1,155,0.0064516129032258064
4,block_infix_fingerprint_v004.json,128,local_split_entropy_equivalence_classes,154,4,0.0,0.05,title,title,64, !/n,"["" !/n"", "" '27"", "" (6 "", "" -a-"", "" 0.6"", "" 30%"", "" 4tv"", "" a4 "", "" ak "", "" b'w"", "" c70"", "" cg:"", "" cpm"", "" e/o"", "" eju"", "" ezk"", "" g6 "", "" ilx"", "" kux"", "" m@d"", "" q p"", "" tl."", "" uim"", "" uy "", "" v.d"", "" wjm"", "" ysm"", ""! !/"", ""! (6"", ""! 9/"", ""!?/o"", ""\"" (p"", ""# 24"", ""$75,"", ""& ej"", ""&mis"", ""'27 "", ""'eyr"", ""'jaz"", ""'jet"", ""'pa "", ""'r, "", ""'re!"", ""'tog"", ""'up/"", ""(146"", ""(2)!"", ""(6 i"", ""(tws"", ""(yay"", "")! j"", ""***a"", ""*ass"", ""*h o"", ""- ow"", ""- p2"", ""- zh"", ""-90s"", ""-a- "", ""-ify"", ""-q m"", ""-wiz"", "". ds"", "".mur"", "".sip"", ""/ cr"", ""/160"", ""/a-2"", ""/ac-"", ""/c-1"", ""/hii"", ""/ho "", ""/ilt"", ""/ofu"", ""/oyu"", ""/suu"", ""/td'"", ""/tsa"", ""/uhr"", ""/usm"", ""/wwe"", ""/zel"", ""0's/"", ""0-br"", ""0.6 "", ""011!"", ""08! "", ""0s-9"", ""1! m"", ""1/mo"", ""11! "", ""14,0"", ""16k "", ""2)! "", ""3-f?"", ""34 w"", ""35is"", ""4,05"", ""46),"", ""51 t"", ""55-s"", ""580s"", ""6), "", ""634 "", ""6k s"", ""736 "", ""7:53"", ""8 gx"", ""8 yr"", ""8! m"", ""8, '"", ""8/sp"", ""80s-"", ""853-"", ""855-"", "":tim"", ""?/oy"", ""a m9"", ""a'r,"", ""a- d"", ""a-22"", ""a/16"", ""a/il"", ""a/of"", ""a/ts"", ""a/uh"", ""a4 s"", ""a4or"", ""abgw"", ""abiw"", ""ac-4"", ""agiw"", ""agy!"", ""amwl"", ""an'm"", ""an?."", ""aoz/"", ""asz:"", ""au '"", ""avlb"", ""ayln"", ""azoj"", ""b'wa"", ""b-q "", ""b/fu"", ""b/go"", ""b/na"", ""b4 1"", ""beg:"", ""bepr"", ""bg v"", ""bgwo"", ""biee"", ""byxi"", ""c g6"", ""c-th"", ""c/ne"", ""cg: "", ""chn "", ""cs q"", ""d cg"", ""da!\"""", ""ddiu"", ""decs"", ""di 9"", ""di/b"", ""diei"", ""dj v"", ""dl 2"", ""dt-b"", ""dub/"", ""dyns"", ""dzii"", ""e -d"", ""e e/"", ""e gx"", ""e/s."", ""e:li"", ""ehie"", ""em?!"", ""epme"", ""er&m"", ""er**"", ""errf"", ""esu)"", ""eta4"", ""ewts"", ""eyve"", ""f b'"", ""f fy"", ""f m@"", ""f/vi"", ""fae,"", ""faeg"", ""ffr "", ""fr 2"", ""ft q"", ""g c "", ""g qt"", ""g-wi"", ""g6 c"", ""g???"", ""geyv"", ""gfu,"", ""gifg"", ""girf"", ""gpop"", ""gsgj"", ""gt50"", ""gudf"", ""h ns"", ""h-uh"", ""h/sk"", ""hda?"", ""her*"", ""hlao"", ""hm ("", ""ho/a"", ""hoyh"", ""hs-i"", ""hsst"", ""i nd"", ""i q5"", ""iaor"", ""id. "", ""ijms"", ""ikbu"", ""ipuj"", ""irnu"", ""is.s"", ""it'd"", ""ivi/"", ""ivky"", ""ivl "", ""izvr"", ""jat/"", ""jmor"", ""jms "", ""jp p"", ""js/n"", ""k 'h"", ""k -a"", ""k/ww"", ""ka'r"", ""kkec"", ""kod!"", ""kro/"", ""krs!"", ""kswi"", ""kul?"", ""kux "", ""l:-)"", ""la/u"", ""lb/f"", ""ldji"", ""lf/v"", ""ln.."", ""lr i"", ""ltyl"", ""lydv"", ""lzet"", ""m-es"", ""m8/s"", ""mamw"", ""maoy"", ""mb/g"", ""mb/h"", ""me:l"", ""mfi:"", ""mj: "", ""mug,"", ""muwi"", ""mwf "", ""mwla"", ""mxg "", ""n! !"", ""n!?/"", ""n' ."", ""n'id"", ""n'ma"", ""n2 d"", ""n: \"""", ""nal4"", ""ndsn"", ""nepm"", ""niop"", ""nnop"", ""no55"", ""no56"", ""no58"", ""no63"", ""no69"", ""no73"", ""no81"", ""no83"", ""no90"", ""no94"", ""nu/p"", ""nuh-"", ""nuhn"", ""nuk!"", ""ny?)"", ""nyvt"", ""o c7"", ""o uy"", ""o.8,"", ""o100"", ""o102"", ""o125"", ""o129"", ""o132"", ""o133"", ""o148"", ""o158"", ""o159"", ""o162"", ""o165"", ""o169"", ""o174"", ""o182"", ""o185"", ""o194"", ""o196"", ""o197"", ""o200"", ""o202"", ""o209"", ""o226"", ""o235"", ""o242"", ""o246"", ""o256"", ""o281"", ""oaia"", ""ob 6"", ""oem:"", ""ojs/"", ""ol:-"", ""opu'"", ""or-k"", ""or/q"", ""otzg"", ""owsa"", ""ox/l"", ""oxo!"", ""oye'"", ""oyhe"", ""pa/1"", ""pam?"", ""pmes"", ""po/a"", ""po? "", ""ps's"", ""pum,"", ""qo: "", ""r wj"", ""r\"" ("", ""r&mi"", ""r' n"", ""r***"", ""r-ui"", ""r/18"", ""rlsk"", ""rma)"", ""rmza"", ""rnu/"", ""ro/y"", ""rsvr"", ""rubw"", ""s! 9"", ""s'up"", ""s) -"", ""s-90"", ""s-if"", ""s/1s"", ""s/bg"", ""s/c-"", ""s2 f"", ""s:ti"", ""sfob"", ""sg p"", ""smc "", ""sps "", ""sqo:"", ""ss:t"", ""sut/"", ""t wt"", ""t-ds"", ""t/aq"", ""t500"", ""ta/w"", ""ta4o"", ""ter&"", ""tgie"", ""tha)"", ""ti/h"", ""tkev"", ""tou?"", ""twss"", ""tyy-"", ""tzgu"", ""u) s"", ""ubgr"", ""uey/"", ""uh-u"", ""uji'"", ""ur-u"", ""uraq"", ""va/i"", ""va/t"", ""vi/o"", ""vio?"", ""vl i"", ""vlb/"", ""vrnu"", ""vrtn"", ""w' g"", ""w' i"", ""w-ap"", ""w-ex"", ""w.mu"", ""w/ c"", ""wdre"", ""wij?"", ""ws-r"", ""wss)"", ""xei?"", ""xg b"", ""xin-"", ""xinn"", ""xm8/"", ""xnif"", ""xoad"", ""y 'o"", ""y) 2"", ""yag,"", ""yda/"", ""ydve"", ""yecs"", ""ylty"", ""yno?"", ""ynt'"", ""yok."", ""ytyl"", ""yvta"", ""yy-p"", ""z c-"", ""z' '"", ""z-90"", ""zaap"", ""zi-d"", ""ziit"", ""znor"", ""znyj"", ""zs-l"", ""zuzo"", ""zzaa""]",457,1,155,0.0064516129032258064
4,block_infix_fingerprint_v004.json,128,local_split_entropy_equivalence_classes,154,4,0.0,0.05,title,title,65," "" d","["" \"" d"", "" 'vy"", "" (85"", "" (pq"", "" -sp"", "" 047"", "" 5-8"", "" 59e"", "" @. "", "" a5 "", "" af!"", "" ecz"", "" f9:"", "" lcs"", "" mgb"", "" myw"", "" nc/"", "" rfr"", "" vp'"", "" xjl"", ""!/le"", ""!? ("", ""\""miy"", ""# eq"", ""$ eq"", ""$1.7"", ""'cab"", ""'t! "", ""'vyz"", ""(2 e"", ""(85)"", ""(low"", ""(noa"", ""(pqp"", "",2 p"", ""-97q"", ""-l-i"", ""-puw"", ""-raa"", ""-rez"", ""-rox"", ""-u-d"", ""-uee"", ""-y/t"", ""..sh"", "".0t "", "".5/d"", "".75 "", ""/297"", ""/amn"", ""/azu"", ""/dmi"", ""/ild"", ""/m-u"", ""/nu "", ""/t-t"", ""0-97"", ""0-bi"", ""0-pi"", ""0/ni"", ""00/n"", ""005,"", ""0t t"", ""1/dr"", ""15/9"", ""2 (v"", ""2 aq"", ""2.0t"", ""245i"", ""296/"", ""2rau"", ""2th:"", ""3.5/"", ""325:"", ""47)!"", ""5 2."", ""5, c"", ""5/99"", ""5/do"", ""50-p"", ""535i"", ""59er"", ""7)!!"", ""7q-u"", ""96/2"", ""97q-"", ""9er "", "": (j"", "": f9"", ""?/m-"", ""@. k"", ""a t1"", ""a!/l"", ""a-2/"", ""a5 2"", ""aca?"", ""adt!"", ""aii)"", ""alfz"", ""aly."", ""an15"", ""aopp"", ""apu2"", ""arf,"", ""arvh"", ""avnu"", ""awey"", ""awsb"", ""b4 a"", ""bbyl"", ""bir:"", ""bn c"", ""bsze"", ""by? "", ""byls"", ""c \""m"", ""c gm"", ""c n "", ""c s'"", ""cavn"", ""cca?"", ""cd c"", ""cfac"", ""cfiz"", ""cge "", ""cjat"", ""cpac"", ""cpic"", ""cs!!"", ""csub"", ""ct!?"", ""ct/r"", ""cubc"", ""cuz?"", ""d yl"", ""d-fu"", ""d/ot"", ""ddra"", ""dihi"", ""dojd"", ""e k,"", ""e'pe"", ""eacj"", ""ealr"", ""edyb"", ""ee'p"", ""egke"", ""eh/j"", ""ehlf"", ""ep/q"", ""epcu"", ""epym"", ""er2n"", ""ev-l"", ""ew'd"", ""eygo"", ""ez/q"", ""f (s"", ""f dv"", ""f/pi"", ""f9:1"", ""fil,"", ""fl -"", ""for)"", ""fotf"", ""fr: "", ""frab"", ""fu/h"", ""fzev"", ""g ae"", ""g lt"", ""g-sl"", ""g/ph"", ""g37 "", ""gafr"", ""gda!"", ""gee,"", ""gghi"", ""ggy)"", ""go \"""", ""gsof"", ""gt5 "", ""gy) "", ""gymb"", ""h -d"", ""h fc"", ""h tl"", ""h/t-"", ""h: ("", ""hev-"", ""hivc"", ""hnbl"", ""hnt!"", ""hsup"", ""ht?:"", ""hte-"", ""i/ya"", ""ia)!"", ""ibi)"", ""icfa"", ""icpi"", ""ie/y"", ""ijkm"", ""ilk!"", ""ilzg"", ""ir-y"", ""isry"", ""iuon"", ""ivi?"", ""iz! "", ""j (t"", ""j-si"", ""jay!"", ""jesf"", ""jfre"", ""jit?"", ""jizn"", ""jjer"", ""jkma"", ""jl s"", ""k) i"", ""k)' "", ""k-yu"", ""k/ia"", ""kdel"", ""ker2"", ""kobz"", ""kpo/"", ""kt 9"", ""ktko"", ""kul."", ""l ms"", ""l- n"", ""l/dm"", ""l/ov"", ""l? f"", ""lc's"", ""ld?/"", ""leh/"", ""lehl"", ""lfyo"", ""lfze"", ""lk!?"", ""lls\"""", ""lopv"", ""lpu "", ""lrya"", ""lubw"", ""lv v"", ""lz' "", ""lzo,"", ""m) -"", ""m/ai"", ""m109"", ""m110"", ""m112"", ""m113"", ""m6 t"", ""m6 w"", ""mdih"", ""mgbe"", ""mlf "", ""moo,"", ""mop-"", ""mvli"", ""mygr"", ""mzhi"", ""n\"" s"", ""n'ob"", ""n/il"", ""nc 4"", ""nc/c"", ""nck)"", ""ne-0"", ""ni/d"", ""nicf"", ""nicj"", ""nk)'"", ""no.e"", ""nuf?"", ""nuq "", ""nymt"", ""nyop"", ""o \"" "", ""o (8"", ""o rf"", ""o-ut"", ""o.es"", ""ocu?"", ""oef,"", ""of/p"", ""oggh"", ""oj ("", ""ojje"", ""omvl"", ""onn'"", ""onx,"", ""opqu"", ""oq o"", ""ou-d"", ""ouo!"", ""ov/z"", ""ovuc"", ""ox/e"", ""p nc"", ""p./r"", ""p/qu"", ""paw!"", ""paw/"", ""pc t"", ""pep-"", ""pf c"", ""pfth"", ""pm s"", ""po/j"", ""poef"", ""popq"", ""pqp "", ""pqui"", ""psbt"", ""q-bo"", ""q-ue"", ""qi ("", ""qp 0"", ""qw b"", ""qw p"", ""r!!?"", ""r' &"", ""r, $"", ""r-t-"", ""r-wu"", ""r-y/"", ""r2ni"", ""ran1"", ""rffm"", ""rfl "", ""rfr:"", ""rlfa"", ""rlz'"", ""rntw"", ""rp-d"", ""rspc"", ""rth8"", ""ruad"", ""rvhe"", ""s-ol"", ""s/az"", ""saa."", ""satp"", ""sbt "", ""scok"", ""seue"", ""siu?"", ""sk!!"", ""slyt"", ""sryo"", ""svu'"", ""t lc"", ""t100"", ""t5 s"", ""tdio"", ""tes7"", ""tfou"", ""th88"", ""tlc'"", ""tp s"", ""ts-f"", ""ts.t"", ""tz'd"", ""tz--"", ""tzec"", ""tzz!"", ""u-je"", ""u/hu"", ""ucnu"", ""ufub"", ""ukhg"", ""umzh"", ""unxp"", ""uq i"", ""utzn"", ""v/ze"", ""vchh"", ""vhet"", ""vnie"", ""vow?"", ""w 'd"", ""w 53"", ""w ft"", ""w wu"", ""w/bo"", ""w/kn"", ""wayt"", ""wezo"", ""wna'"", ""wnte"", ""wodc"", ""wp i"", ""wuep"", ""x vj"", ""x/em"", ""xjl "", ""xsop"", ""xubi"", ""y @."", ""y cw"", ""y-2 "", ""yba'"", ""ybe-"", ""yeb "", ""ylsm"", ""ym!!"", ""yov/"", ""yph "", ""ypuk"", ""yrii"", ""yuk-"", ""yumz"", ""ywod"", ""yx v"", ""z! s"", ""z'd!"", ""z--a"", ""z/qu"", ""zezw"", ""zin!"", ""zki/"", ""zo/e"", ""zpfl"", ""zz!!""]",430,1,155,0.0064516129032258064
4,block_infix_fingerprint_v004.json,128,local_split_entropy_equivalence_classes,154,4,0.0,0.05,title,title,66," ""@""","["" \""@\"""", "" (ub"", "" 0-2"", "" 3/6"", "" 3p "", "" 3xt"", "" 7-g"", "" c@f"", "" cbt"", "" e/b"", "" e35"", "" eu/"", "" iu,"", "" mpg"", "" ohb"", "" ohd"", "" os-"", "" pu'"", "" s-w"", "" sw3"", "" wi,"", "" ~da"", ""! s "", ""!/mu"", ""!er!"", ""#@!e"", ""& 34"", ""' og"", ""'/pu"", ""'eko"", ""'huw"", ""'s-k"", ""'s/u"", ""'uwa"", ""(ade"", ""(adv"", ""(paw"", ""(ubc"", ""(wra"", ""(xbo"", ""(yel"", "")pus"", ""*4*2"", ""+dos"", "", 5:"", ""- t-"", ""--ac"", ""--vo"", ""-3-h"", ""-foz"", ""-g a"", ""-j s"", ""-x w"", ""-yo'"", ""/itt"", ""/j.b"", ""/lok"", ""/myt"", ""/wav"", ""/yng"", ""0! s"", ""0pt."", ""130t"", ""19-n"", ""289a"", ""3 (w"", ""3/6 "", ""319:"", ""33 &"", ""37xs"", ""3p &"", ""4 my"", ""520-"", ""59 t"", ""67 h"", ""7-g "", ""; pl"", ""= ar"", ""= ii"", ""?? o"", ""@!er"", ""a-iw"", ""aa)!"", ""adwh"", ""aey?"", ""afmy"", ""ahrv"", ""aki~"", ""am/r"", ""ar(l"", ""aw--"", ""awdl"", ""awhu"", ""b/la"", ""bc) "", ""beai"", ""bi-z"", ""bswo"", ""but/"", ""c-ad"", ""c3 g"", ""c@fe"", ""cbt "", ""cfc "", ""coqt"", ""cs/v"", ""culc"", ""cyfa"", ""d a&"", ""d???"", ""daof"", ""dawd"", ""ddaz"", ""degv"", ""df 1"", ""dos+"", ""dwhe"", ""e (#"", ""e 3p"", ""e 3x"", ""e)pu"", ""e350"", ""eeou"", ""egy?"", ""ejuw"", ""el \"""", ""erfy"", ""eslt"", ""eszh"", ""eu/s"", ""evse"", ""eykl"", ""ezmu"", ""f#@!"", ""fmyc"", ""foxl"", ""fozu"", ""fpal"", ""fs/o"", ""ftoc"", ""fyij"", ""g!/t"", ""g37x"", ""gdy!"", ""ge-r"", ""gihe"", ""giut"", ""gn?/"", ""gneb"", ""ha/p"", ""hawg"", ""hn/w"", ""ho-v"", ""ho/y"", ""hrve"", ""htkr"", ""i 8p"", ""icup"", ""ifsc"", ""in1 "", ""injz"", ""ir +"", ""ir-x"", ""isc4"", ""iyht"", ""iyu'"", ""izu)"", ""jajn"", ""ji/p"", ""joow"", ""jr b"", ""jtob"", ""k nz"", ""ka ="", ""keew"", ""keyk"", ""kezm"", ""kt q"", ""l \""@"", ""lbs!"", ""lex."", ""lrud"", ""ltka"", ""ly--"", ""m t-"", ""mez."", ""mlaj"", ""mliv"", ""msmo"", ""mvc3"", ""mvp'"", ""n1 a"", ""naoe"", ""njzz"", ""nk-f"", ""ns;g"", ""nygy"", ""nymb"", ""o/ly"", ""o/yn"", ""ombf"", ""oqto"", ""orlw"", ""os+d"", ""ow $"", ""p!/w"", ""p-2-"", ""p/ov"", ""p; s"", ""pawh"", ""pczy"", ""piox"", ""pkyl"", ""plze"", ""pma "", ""px-d"", ""qtob"", ""r 7-"", ""r f#"", ""r pm"", ""rce;"", ""rdzy"", ""rfyi"", ""rg 4"", ""rlwa"", ""roh'"", ""rtzs"", ""ru ="", ""ru?'"", ""s pm"", ""s+do"", ""s-kn"", ""sg v"", ""sin1"", ""slte"", ""sok-"", ""srba"", ""sssw"", ""sz #"", ""t c@"", ""t*4*"", ""t-j "", ""t7: "", ""t; g"", ""t; s"", ""tc i"", ""tiih"", ""tivc"", ""tiyh"", ""tozn"", ""u'uw"", ""u) w"", ""u. o"", ""ubc)"", ""ubu,"", ""ui/a"", ""up-2"", ""vc3 "", ""vp's"", ""w $1"", ""w--a"", ""w/ep"", ""waa)"", ""wdle"", ""whus"", ""x/wh"", ""xtaf"", ""xxa "", ""y eo"", ""y nf"", ""y--v"", ""y/ap"", ""y?!)"", ""ygye"", ""ymbu"", ""ysir"", ""yszn"", ""yui'"", ""yuu."", ""zmuv"", ""znyk"", ""zs d"", ""zu) "", ""zzs "", ""~dai""]",285,1,155,0.0064516129032258064
4,block_infix_fingerprint_v004.json,128,local_split_entropy_equivalence_classes,154,4,0.0,0.05,title,title,67," ""a ","["" \""a ""]",1,4,155,0.025806451612903226
4,block_infix_fingerprint_v004.json,128,local_split_entropy_equivalence_classes,154,4,0.0,0.05,title,title,68," ""al","["" \""al"", "" #3-"", "" $11"", "" (ij"", "" 2+3"", "" 33."", "" 4sc"", "" 61,"", "" 69."", "" 89."", "" 93."", "" c-t"", "" cbn"", "" ckh"", "" en)"", "" gax"", "" h.:"", "" j 3"", "" k/r"", "" l m"", "" lfn"", "" lms"", "" lsm"", "" ntz"", "" o(h"", "" omt"", "" q&q"", "" sds"", "" u/t"", "" z'h"", "" ~ k"", ""! fj"", ""! vm"", ""\""all"", ""#208"", ""#3-4"", ""#5/s"", ""$1.2"", ""$115"", ""$55 "", ""$: t"", ""% az"", ""% to"", ""'/'j"", ""'?: "", ""'beg"", ""'kri"", ""'m q"", ""'wre"", ""(cil"", ""(ede"", ""(huu"", ""(ijm"", ""(oud"", ""(rab"", ""(vee"", "") ky"", ""+4 -"", ""+4/n"", "", iy"", ""-82)"", ""-atc"", ""-cke"", ""-eta"", ""-ofe"", ""-pu-"", ""-u t"", ""-voo"", ""-yo-"", ""-zea"", ""-zo "", "". cd"", "". lf"", ""./ag"", ""./in"", ""./je"", "".5 u"", "".: 4"", "".g t"", "".j t"", "".mal"", "".ov."", "".z.a"", ""/'bu"", ""/'ja"", ""/'pr"", ""/'sp"", ""/70 "", ""/ag "", ""/bbc"", ""/dye"", ""/hez"", ""/jeo"", ""/moi"", ""/mpd"", ""/o'l"", ""/puu"", ""/raq"", ""/rza"", ""/suv"", ""/wyc"", ""0-be"", ""0. w"", ""0/fr"", ""006,"", ""018 "", ""0tan"", ""0x r"", ""1/co"", ""13-s"", ""15/a"", ""2+4 "", ""2-ba"", ""2.g "", ""2/su"", ""20/f"", ""20ta"", ""24ch"", ""2boy"", ""2coo"", ""2rsl"", ""3-99"", ""3-sa"", ""33/s"", ""37 h"", ""3sg:"", ""4-a2"", ""4.5 "", ""4/ni"", ""42/a"", ""4ch:"", ""4sch"", ""5 (2"", ""5 um"", ""5-72"", ""5/an"", ""5/st"", ""53 w"", ""55-7"", ""5i p"", ""6. i"", ""604 "", ""69-8"", ""70-l"", ""74 p"", ""74.5"", ""793-"", ""8 ve"", ""85 d"", ""89.0"", ""93-9"", ""94 o"", ""950:"", ""9am "", ""; ga"", ""?/dn"", ""?/fl"", ""?/op"", ""?/wy"", ""@ ai"", ""@ pr"", ""@get"", ""a 2+"", ""a x."", ""a.s:"", ""a201"", ""aal)"", ""adbc"", ""aehk"", ""af1 "", ""afhv"", ""ah-b"", ""aq/g"", ""arrd"", ""atn:"", ""ax-l"", ""b' u"", ""b.j "", ""b@ge"", ""bbqu"", ""bcok"", ""be/i"", ""bio?"", ""bn r"", ""bqui"", ""byg "", ""c (v"", ""c-be"", ""c-u "", ""c: $"", ""cadp"", ""cdu-"", ""ce'/"", ""cety"", ""ceze"", ""ck'/"", ""ckek"", ""conp"", ""ct/y"", ""cu q"", ""d kg"", ""d$: "", ""d-aj"", ""d/ze"", ""dat-"", ""dewu"", ""dmx,"", ""dr z"", ""dwez"", ""dyce"", ""e'/m"", ""e's/"", ""e/70"", ""e/l'"", ""e/ub"", ""e; g"", ""ea20"", ""eer$"", ""efew"", ""ehyg"", ""er'/"", ""erlr"", ""ev'd"", ""ew/b"", ""ewul"", ""ez/'"", ""f \""a"", ""f gb"", ""f z'"", ""f/as"", ""f/si"", ""f1 ("", ""fe/i"", ""fhv:"", ""fo/i"", ""fsri"", ""g $3"", ""g/dv"", ""g/u2"", ""gaii"", ""gaxx"", ""gb b"", ""gcso"", ""gg u"", ""gowy"", ""grul"", ""gul/"", ""h, '"", ""h/ab"", ""h/iv"", ""h/rz"", ""hact"", ""hi/c"", ""hlda"", ""hlsm"", ""hngg"", ""hos/"", ""hs-g"", ""huaw"", ""huhg"", ""hv: "", ""i-ck"", ""i/ii"", ""i/mp"", ""ia/v"", ""id$:"", ""iirk"", ""ijmu"", ""ik'?"", ""il/y"", ""ily\"""", ""ilzz"", ""im/y"", ""im?/"", ""in'r"", ""in/'"", ""irtv"", ""itpl"", ""iu/b"", ""iusb"", ""ivow"", ""iy's"", ""jmui"", ""k'/'"", ""k.t."", ""k: 8"", ""kce,"", ""kcud"", ""kife"", ""kku."", ""ko-l"", ""ktu:"", ""l.ov"", ""limc"", ""lm/m"", ""lm/v"", ""lso?"", ""ltef"", ""ltpe"", ""lve/"", ""lzze"", ""m 73"", ""m/o'"", ""m/yi"", ""m?/t"", ""mlio"", ""mm/o"", ""mpd/"", ""mugy"", ""n ls"", ""n nn"", ""n!/d"", ""n'?:"", ""n- b"", ""n/'b"", ""n/uf"", ""nbso"", ""nhy "", ""nnhy"", ""nozb"", ""nysc"", ""nz/i"", ""o ck"", ""o(h)"", ""oarz"", ""obco"", ""od/z"", ""of/c"", ""ofsg"", ""ohld"", ""ohyg"", ""opd-"", ""or',"", ""orcl"", ""os-4"", ""ougs"", ""ov.e"", ""oxaw"", ""p #7"", ""p106"", ""pa-h"", ""pai?"", ""pd z"", ""pd-l"", ""pd/v"", ""pekn"", ""pet?"", ""pfah"", ""polb"", ""q, j"", ""q/gu"", ""r n-"", ""r'/'"", ""r: ."", ""rac-"", ""ragc"", ""rck/"", ""rea2"", ""rgg "", ""rgh."", ""rgo?"", ""rgt?"", ""rhuu"", ""ril?"", ""rlao"", ""rlra"", ""rnbs"", ""rnke"", ""rnpo"", ""ro?/"", ""rolw"", ""rrde"", ""rrfi"", ""rrt,"", ""rslv"", ""ru/r"", ""rufl"", ""ruiw"", ""rukf"", ""s o("", ""s sd"", ""s./j"", ""s/dn"", ""s?/o"", ""sdsu"", ""sekc"", ""siy'"", ""sizw"", ""sk/c"", ""slvj"", ""snoz"", ""sytn"", ""syu,"", ""taed"", ""taeh"", ""td b"", ""tevk"", ""tiu/"", ""tne!"", ""toxa"", ""tvah"", ""txad"", ""tys/"", ""u dc"", ""u q&"", ""u?/f"", ""uawe"", ""ufe)"", ""ufsr"", ""ug-c"", ""ukfi"", ""uw ("", ""vaez"", ""ve/7"", ""w 'm"", ""w/bu"", ""wd/'"", ""wei/"", ""wek:"", ""wry:"", ""x u "", ""x-ay"", ""x-et"", ""xad:"", ""xawa"", ""xidr"", ""xn s"", ""xumz"", ""y 1d"", ""y cb"", ""y's-"", ""y-kl"", ""y/dy"", ""y/yi"", ""yggl"", ""yl/w"", ""yrdw"", ""yreq"", ""ys!/"", ""ytsp"", ""z q,"", ""z/'s"", ""z/im"", ""za-g"", ""zcan"", ""zeeg"", ""zlul"", ""zsok"", ""zuai"", ""zwe "", ""zzaf"", ""zzke"", ""zzov"", ""~ ke""]",454,1,155,0.0064516129032258064
4,block_infix_fingerprint_v004.json,128,local_split_entropy_equivalence_classes,154,4,0.0,0.05,title,title,69," ""ar","["" \""ar"", "" 'bf"", "" 'oo"", "" (2v"", "" -'r"", "" 1-s"", "" 9.e"", "" @ 5"", "" e63"", "" f43"", "" fcx"", "" gl "", "" i't"", "" js "", "" lhi"", "" lx "", "" m-c"", "" m80"", "" no4"", "" sc "", "" sx-"", "" u-m"", "" urx"", "" xl7"", "" z.a"", "" zl1"", ""! oc"", ""\""are"", ""%:n "", ""& fb"", ""& rj"", ""'nbu"", ""'oo'"", ""'rif"", ""'th "", ""'urs"", ""(2v2"", ""(loc"", ""(nai"", ""(rol"", ""(yog"", "")/di"", "")mem"", ""*a*v"", ""*v*e"", "", jb"", "",' l"", "",147"", "",279"", "",568"", ""- p3"", ""-'re"", ""-, i"", ""--, "", ""---,"", ""-124"", ""-4 s"", ""-64,"", ""-fiy"", ""-ke,"", ""-kje"", ""-m. "", ""-msh"", ""-phy"", ""-ror"", ""-srb"", ""-urg"", ""-vip"", "". wt"", "".-22"", "".a.j"", "".b.."", "".ko."", "".nov"", "".s.0"", "".suk"", "".tak"", ""/co2"", ""/edn"", ""/eld"", ""/ouc"", ""/pje"", ""/urt"", ""/v f"", ""/vou"", ""0%:n"", ""0/bu"", ""00%:"", ""06-b"", ""06-v"", ""07! "", ""0pm "", ""1-m."", ""147,"", ""279 "", ""2co3"", ""3s t"", ""4, y"", ""447:"", ""47,5"", ""5.dr"", ""568,"", ""6-vi"", ""64, "", ""68,2"", ""7! m"", ""7,56"", ""8,27"", ""848-"", ""8ter"", ""?. p"", ""?/af"", ""@ 5."", ""a g7"", ""a p3"", ""a!/d"", ""a*v*"", ""a.ko"", ""a/cs"", ""a64!"", ""a64?"", ""a? b"", ""aa/y"", ""abc3"", ""ae'd"", ""afok"", ""ag-m"", ""ai1 "", ""am?:"", ""ap)/"", ""appm"", ""arrl"", ""aru2"", ""avy."", ""axme"", ""ay :"", ""azi!"", ""b! m"", ""b-tv"", ""b.. "", ""bbef"", ""bg f"", ""biib"", ""blk."", ""bln1"", ""bwe,"", ""c*a*"", ""c/fa"", ""c/pj"", ""c3 h"", ""cgc "", ""ciit"", ""co'."", ""co3 "", ""cs-c"", ""csia"", ""cu-p"", ""cui-"", ""cx c"", ""cy!?"", ""d 9."", ""d g-"", ""d zm"", ""d-kj"", ""d-nu"", ""d24:"", ""dag-"", ""dai1"", ""dd-k"", ""ddjo"", ""dekb"", ""dj z"", ""dr.n"", ""dry-"", ""dtop"", ""dzot"", ""e u2"", ""e z."", ""e-sr"", ""e-tz"", ""e-ur"", ""e/td"", ""e63 "", ""edix"", ""eg-w"", ""evup"", ""f m8"", ""f430"", ""fae'"", ""faes"", ""fbot"", ""fcx "", ""fjaa"", ""fli,"", ""fob "", ""ftys"", ""fucs"", ""fum-"", ""g/v "", ""gc b"", ""geps"", ""ggi'"", ""ggte"", ""gkoy"", ""gl c"", ""goys"", ""gshj"", ""h -'"", ""h kw"", ""h!/e"", ""h, 4"", ""hdou"", ""hgov"", ""hh a"", ""hhn "", ""hmof"", ""htuy"", ""htv:"", ""huav"", ""i f4"", ""i k'"", ""i sx"", ""i'th"", ""i1 y"", ""i?/r"", ""ie.'"", ""ieo "", ""ikby"", ""ikhj"", ""ikks"", ""irk1"", ""is)m"", ""ito+"", ""ixau"", ""j z-"", ""j'ab"", ""ja.k"", ""ja/c"", ""jb b"", ""jb l"", ""jb w"", ""jezo"", ""jodj"", ""k-ol"", ""k13 "", ""k8te"", ""kapg"", ""kba "", ""kbyr"", ""keyd"", ""kiz."", ""kka."", ""kkso"", ""ko.j"", ""ko/v"", ""koz "", ""kszt"", ""kvli"", ""ky!)"", ""ky/u"", ""l cd"", ""laf/"", ""lfja"", ""lhiy"", ""ln11"", ""lvob"", ""lx 5"", ""m ms"", ""m'il"", ""maau"", ""mbln"", ""mdoo"", ""medm"", ""mhtv"", ""miic"", ""mli'"", ""mocs"", ""moe-"", ""msg,"", ""muvh"", ""mvs "", ""n jb"", ""n s7"", ""n'ah"", ""n11 "", ""n2 a"", ""n2 o"", ""nac/"", ""nd24"", ""ne'!"", ""no65"", ""no74"", ""no78"", ""no80"", ""no86"", ""no92"", ""no95"", ""no97"", ""nx/l"", ""o'n."", ""o.su"", ""o127"", ""o137"", ""o138"", ""o143"", ""o144"", ""o163"", ""o176"", ""o180"", ""o189"", ""o2 p"", ""o224"", ""o237"", ""o243"", ""o253"", ""o254"", ""o257"", ""o261"", ""o263"", ""o265"", ""o270"", ""o273"", ""o274"", ""o275"", ""o283"", ""o3 n"", ""oddj"", ""oga)"", ""ogh/"", ""oi?/"", ""okvl"", ""ooo-"", ""orl'"", ""ot 0"", ""otuc"", ""ov-1"", ""ovy!"", ""ow +"", ""p)/d"", ""p3 o"", ""pjol"", ""pn l"", ""pod,"", ""por!"", ""pun."", ""pypl"", ""r j'"", ""r.no"", ""rahh"", ""rd-n"", ""re?\"""", ""rk13"", ""rkjo"", ""rky?"", ""rmca"", ""ru)!"", ""ru21"", ""rxen"", ""ry-r"", ""s lx"", ""s q'"", ""s'nb"", ""s'on"", ""s)me"", ""s-aa"", ""s.03"", ""s/td"", ""sc 5"", ""scgc"", ""se @"", ""se,'"", ""sg, "", ""sk8t"", ""sm/k"", ""spyp"", ""ss- "", ""su \"""", ""suak"", ""suv/"", ""sx-4"", ""t b:"", ""t-64"", ""t.-2"", ""takc"", ""td m"", ""teof"", ""tf v"", ""tho?"", ""tkuk"", ""to.s"", ""toa'"", ""toa/"", ""tryr"", ""ts'o"", ""u \""a"", ""u u."", ""u-ms"", ""u210"", ""ug-v"", ""ugau"", ""ui!?"", ""ui-c"", ""und2"", ""uobl"", ""uozy"", ""upfi"", ""urrm"", ""urxe"", ""uscg"", ""uv/c"", ""uvha"", ""v-12"", ""v/cr"", ""vilq"", ""vupp"", ""w + "", ""w 1-"", ""w.mi"", ""w/i "", ""wfic"", ""whyr"", ""wk/n"", ""wuhn"", ""x 57"", ""x-27"", ""xau "", ""xmen"", ""xyca"", ""y -1"", ""y :)"", ""y!/r"", ""y-ru"", ""y-t "", ""ydom"", ""yggh"", ""yip/"", ""yitk"", ""yleu"", ""yuht"", ""yz f"", ""z e6"", ""z uk"", ""z'we"", ""z. v"", ""z/ha"", ""z06-"", ""z: 9"", ""zaa/"", ""zag,"", ""zaor"", ""zda3"", ""zda5"", ""zeco"", ""zogm"", ""zue'"", ""zuly""]",456,1,155,0.0064516129032258064
4,block_infix_fingerprint_v004.json,128,local_split_entropy_equivalence_classes,154,4,0.0,0.05,title,title,70," ""ba","["" \""ba"", "" (c."", "" 1-p"", "" 2 2"", "" 5 2"", "" 6/d"", "" 6in"", "" ?ue"", "" crl"", "" dj/"", "" f13"", "" fe("", "" g-b"", "" m78"", "" nkv"", "" p2 "", "" r1-"", "" skp"", "" x9 "", "" xk8"", "" zew"", ""! #1"", ""! id"", ""! oz"", ""!/m "", ""\"" bi"", ""\""bal"", ""#565"", ""& nc"", ""& xa"", ""' 4i"", ""'erz"", ""'et'"", ""'glu"", ""'ju "", ""'naj"", ""'pom"", ""'u c"", ""'xtr"", ""'z u"", ""(19."", ""(773"", ""(?)m"", ""(c.e"", ""(evi"", ""(hen"", ""(kem"", ""(pes"", ""(rhe"", ""(syl"", ""(tok"", ""(zam"", "")mal"", "", s,"", ""- 2:"", ""-4-g"", ""-aue"", ""-o. "", ""-olt"", ""-uut"", ""-v '"", "".! -"", "".-o."", "".-pa"", "".get"", "".pe "", "".v.l"", ""/als"", ""/lyt"", ""/m i"", ""/mcs"", ""/mo'"", ""/o'd"", ""/spu"", ""/tae"", ""/voc"", ""/zay"", ""0 'g"", ""0 05"", ""0/18"", ""1+99"", ""1-po"", ""1/49"", ""10 0"", ""146/"", ""15 0"", ""15-g"", ""2 t2"", ""2-y "", ""2/au"", ""2/no"", ""27/1"", ""3) p"", ""3rs/"", ""4/a "", ""4/au"", ""46/l"", ""4inc"", ""5 06"", ""5 20"", ""5-gr"", ""5.5!"", ""51/4"", ""565 "", ""576 "", ""58kg"", ""6/de"", ""6/ly"", ""6inc"", ""7 i "", ""73) "", ""78 ("", ""8 (b"", ""8kgm"", ""9/27"", ""960,"", ""97 4"", "": pm"", ""; ka"", ""= si"", ""?)ma"", ""?ues"", ""a a4"", ""a' 4"", ""adax"", ""adl/"", ""aiup"", ""aivc"", ""al'b"", ""albn"", ""alzr"", ""astz"", ""at'z"", ""att;"", ""awff"", ""b-sm"", ""b-vi"", ""bkuv"", ""bnac"", ""bnaj"", ""br54"", ""broq"", ""brru"", ""bs/u"", ""bsbr"", ""bsby"", ""bsvr"", ""byzn"", ""c-kl"", ""canm"", ""chux"", ""cic,"", ""cox'"", ""cq a"", ""crlj"", ""cseb"", ""d ?u"", ""d- o"", ""datv"", ""dh 7"", ""dj/c"", ""dlo:"", ""dmom"", ""dnj "", ""do'u"", ""dovc"", ""dr.b"", ""dtto"", ""e tb"", ""e(?)"", ""e6 c"", ""ea ="", ""ecq:"", ""edtt"", ""enxi"", ""ep) "", ""et.n"", ""euf'"", ""eun'"", ""evyb"", ""ex2k"", ""exuh"", ""exyc"", ""eyo."", ""f mp"", ""f sj"", ""f17 "", ""fe(?"", ""fedm"", ""few!"", ""fref"", ""g vp"", ""g/vo"", ""gix "", ""h/o'"", ""h1 1"", ""hafm"", ""hdh "", ""henx"", ""hi/e"", ""hm!!"", ""hny:"", ""hsac"", ""ht ."", ""hy/o"", ""hza "", ""hzer"", ""i r1"", ""i. x"", ""i/ou"", ""ibev"", ""ibsv"", ""ien\"""", ""ihof"", ""ijsa"", ""ikez"", ""iorp"", ""itvl"", ""iwee"", ""ixmi"", ""j ui"", ""j/ca"", ""jajl"", ""je/g"", ""ji-n"", ""ji/o"", ""jkel"", ""jrt "", ""jsaa"", ""jz-t"", ""k jd"", ""k-o!"", ""k-v "", ""k.-o"", ""k/x "", ""kajf"", ""kaw?"", ""kgms"", ""klja"", ""kohd"", ""kvd "", ""ky-d"", ""l 05"", ""l 5."", ""l!? "", ""l'bo"", ""lbna"", ""lcis"", ""lke!"", ""lohw"", ""lua!"", ""lvss"", ""ly-i"", ""lynp"", ""lzru"", ""m 2x"", ""m 6i"", ""m bc"", ""m m7"", ""m78 "", ""mcem"", ""me?."", ""mk-v"", ""mmez"", ""mpyl"", ""mtv!"", ""mw3'"", ""n\"" b"", ""n'ju"", ""n,10"", ""n-4-"", ""nceg"", ""nd ?"", ""nev?"", ""nk/x"", ""nkvd"", ""nn.,"", ""nphe"", ""nri)"", ""ns/q"", ""nyry"", ""nzri"", ""o 8."", ""o iq"", ""o/wr"", ""of!!"", ""ohm!"", ""ojta"", ""onu."", ""osu."", ""oxx."", ""oys-"", ""oz +"", ""p) d"", ""p2 &"", ""pke'"", ""q: 2"", ""qilb"", ""r dl"", ""r jk"", ""r..p"", ""r.bu"", ""r1 v"", ""r1-g"", ""r549"", ""r; k"", ""rb/m"", ""re6 "", ""rfi,"", ""rfio"", ""rhuk"", ""rii!"", ""rn-4"", ""roo."", ""rsu!"", ""rsye"", ""rveo"", ""rzh "", ""s p2"", ""s/uf"", ""sbae"", ""sebh"", ""secq"", ""sek?"", ""sixm"", ""skp "", ""ssbl"", ""svrg"", ""sylc"", ""sytl"", ""sytu"", ""szoc"", ""t.-p"", ""t; p"", ""t? l"", ""tb t"", ""tisv"", ""tje/"", ""tog,"", ""togk"", ""tssu"", ""tts?"", ""tuf1"", ""tv-9"", ""tvle"", ""tzo?"", ""u8 o"", ""ub-v"", ""udgr"", ""uf17"", ""uhci"", ""uhdo"", ""uieu"", ""ultm"", ""ume)"", ""unsg"", ""urrg"", ""v 'k"", ""v cv"", ""v-ak"", ""v-uu"", ""v.l."", ""v2/n"", ""v3 k"", ""vd -"", ""vdu "", ""veor"", ""vgam"", ""vi-k"", ""vre/"", ""vrga"", ""vrgn"", ""vssi"", ""vujo"", ""vums"", ""vy/l"", ""w (z"", ""w3's"", ""w817"", ""wakf"", ""wawf"", ""wfa "", ""wfel"", ""wffa"", ""whdh"", ""whre"", ""whyn"", ""wiaa"", ""wiis"", ""wil!"", ""wjrt"", ""wjz-"", ""wloi"", ""wmac"", ""wynf"", ""x (g"", ""x uf"", ""x.ki"", ""x9 f"", ""xe-w"", ""xuhc"", ""xx.k"", ""y 4/"", ""y nk"", ""y' ("", ""yby:"", ""ybys"", ""yc 5"", ""yd'b"", ""yj r"", ""yjo "", ""ylca"", ""yldr"", ""ynfo"", ""ynk "", ""ynph"", ""yp -"", ""ys-a"", ""yum."", ""z ye"", ""zda:"", ""ze!'"", ""zewn"", ""zh b"", ""zio-"", ""znys"", ""zocs"", ""zruf"", ""zziw""]",429,1,155,0.0064516129032258064
4,block_infix_fingerprint_v004.json,128,local_split_entropy_equivalence_classes,154,4,0.0,0.05,title,title,71," ""be","["" \""be""]",1,2,155,0.012903225806451613
4,block_infix_fingerprint_v004.json,128,local_split_entropy_equivalence_classes,154,4,0.0,0.05,title,title,72," ""bo","["" \""bo"", "" \""i\"""", "" $la"", "" 1%/"", "" 19e"", "" 4- "", "" 5-p"", "" 8/2"", "" dwl"", "" fa?"", "" g.h"", "" glw"", "" i/b"", "" k.n"", "" nkl"", "" oim"", "" q.u"", "" ra/"", "" s.n"", "" swm"", "" wi:"", "" wnd"", ""\"" - "", ""\""bon"", ""\""i\"" "", ""\""mik"", ""#179"", ""#560"", ""$lap"", ""%/th"", ""' if"", ""'/sp"", ""'apu"", ""'ebu"", ""'gee"", ""(asm"", ""(sun"", ""*tfl"", "",008"", ""-116"", ""-23 "", ""-e.y"", ""-f.o"", ""-kuo"", ""-ouf"", ""-p.a"", ""-rck"", ""-s.h"", ""-sey"", ""-szi"", ""-t/c"", ""-upg"", ""-yoj"", "".-e."", "".-u."", ""../1"", ""./13"", ""./cu"", "".a.."", "".e.g"", "".i.x"", "".k.-"", "".s y"", ""/\""mi"", ""/29/"", ""/2nd"", ""/e3 "", ""/git"", ""/neb"", ""/rbd"", ""/sfi"", ""025?"", ""07/o"", ""09 1"", ""1%/t"", ""1-ok"", ""116!"", ""16 &"", ""2. 2"", ""23 #"", ""27/0"", ""2a c"", ""3 h2"", ""38 h"", ""4- w"", ""401:"", ""5 u."", ""5-pi"", ""650t"", ""6673"", ""6676"", ""6694"", ""6703"", ""6706"", ""6711"", ""6714"", ""6720"", ""6756"", ""6777"", ""6780"", ""6796"", ""6803"", ""6806"", ""6811"", ""6827"", ""6870"", ""6915"", ""6928"", ""6977"", ""7/ou"", ""7/sp"", ""7092"", ""7094"", ""7098"", ""7102"", ""7104"", ""7109"", ""7131"", ""7132"", ""7153"", ""7181"", ""7201"", ""7208"", ""7217"", ""7228"", ""7245"", ""7253"", ""7303"", ""7322"", ""7328"", ""7334"", ""7368"", ""7385"", ""7395"", ""7423"", ""7430"", ""7464"", ""7473"", ""7477"", ""7479"", ""7480"", ""7492"", ""7512"", ""7515"", ""7523"", ""7525"", ""7531"", ""7548"", ""7551"", ""7567"", ""7578"", ""7581"", ""7599"", ""7608"", ""7626"", ""7638"", ""7642"", ""7648"", ""7667"", ""7674"", ""7678"", ""7683"", ""7690"", ""7695"", ""8:35"", ""8:52"", ""9 oi"", "": q."", "":38 "", ""@ ol"", ""[wed"", ""a/sf"", ""aa/s"", ""aacc"", ""aatb"", ""acck"", ""acuk"", ""adrf"", ""aebn"", ""aj/b"", ""anx/"", ""arl2"", ""at @"", ""av/d"", ""b-em"", ""b/au"", ""b/te"", ""bd/j"", ""bdaq"", ""bi/j"", ""bsio"", ""c/ge"", ""cckk"", ""celp"", ""cf-r"", ""ckkk"", ""ckl-"", ""clek"", ""cloq"", ""ctyv"", ""cuka"", ""cwan"", ""d'we"", ""d./d"", ""d/ry"", ""drfi"", ""dwlf"", ""e-e3"", ""e.-s"", ""e/\""m"", ""e/2n"", ""eagg"", ""edgs"", ""egbr"", ""eh-s"", ""ei-e"", ""etdr"", ""f-rc"", ""f-ru"", ""flo-"", ""fuig"", ""g (e"", ""g-ku"", ""g/rb"", ""glws"", ""gokr"", ""gowg"", ""gs] "", ""h 6 "", ""h rs"", ""h*tf"", ""hoc."", ""hopm"", ""i\"" i"", ""i-15"", ""i-ei"", ""i-sz"", ""i.x."", ""i/e3"", ""i/kn"", ""idr "", ""il'o"", ""immw"", ""ip/r"", ""ipt."", ""ispm"", ""izoa"", ""izuz"", ""j/bl"", ""jmou"", ""jnr."", ""jo/y"", ""jr/y"", ""jyuj"", ""k.-e"", ""k./o"", ""k.n."", ""kh &"", ""kl-k"", ""kl-s"", ""ks/q"", ""kydo"", ""kyhi"", ""l b,"", ""lao."", ""lebd"", ""lf-j"", ""lmck"", ""lwss"", ""m zb"", ""m/i."", ""mb/t"", ""mhub"", ""mme/"", ""mmhu"", ""mmwo"", ""mv d"", ""n 1%"", ""n wt"", ""n'/s"", ""n-y-"", ""naj'"", ""ndt)"", ""nef'"", ""neib"", ""ng?\"""", ""ngs]"", ""nir."", ""nkl-"", ""nkyd"", ""nkyh"", ""ny\"" "", ""ny) "", ""o \""i"", ""ob/a"", ""oe/w"", ""onwr"", ""ony\"""", ""ox/v"", ""oyge"", ""p 3r"", ""p 5-"", ""p.-p"", ""p24 "", ""p3 h"", ""ph/f"", ""pkyn"", ""pto!"", ""pweg"", ""py $"", ""qwee"", ""r 5/"", ""r 8/"", ""r.s "", ""rbd/"", ""rbo/"", ""s] k"", ""sh/z"", ""sos/"", ""spmo"", ""sqwe"", ""swma"", ""szi-"", ""t @ "", ""t cg"", ""t cv"", ""t'ol"", ""t.-f"", ""te/\"""", ""te??"", ""toyg"", ""ttco"", ""tyvo"", ""ua-f"", ""udsv"", ""ufs!"", ""ugi."", ""uhej"", ""uheu"", ""uie."", ""w.-u"", ""w/gs"", ""wndl"", ""wssa"", ""x dy"", ""x-23"", ""xben"", ""y $l"", ""y 4-"", ""y jn"", ""y\"" -"", ""y\"" i"", ""y/ll"", ""yeh-"", ""yhig"", ""ykeo"", ""ymir"", ""yn/s"", ""ys-h"", ""yse?"", ""za-a"", ""zas/"", ""zob "", ""zonh"", ""zuze""]",365,1,155,0.0064516129032258064
4,block_infix_fingerprint_v004.json,128,local_split_entropy_equivalence_classes,154,4,0.0,0.05,title,title,73," ""ch","["" \""ch"", "") ke"", ""ofib"", ""sdug""]",4,2,155,0.012903225806451613
4,block_infix_fingerprint_v004.json,128,local_split_entropy_equivalence_classes,154,4,0.0,0.05,title,title,74," ""di","["" \""di"", ""humw"", ""sjeb""]",3,2,155,0.012903225806451613
4,block_infix_fingerprint_v004.json,128,local_split_entropy_equivalence_classes,154,4,0.0,0.05,title,title,75," ""do","["" \""do"", "" 2t2"", "" 68'"", "" 90)"", "" axh"", "" eej"", "" ff/"", "" i.n"", "" kwu"", "" sc3"", "" ye/"", ""\""do "", ""\""not"", ""#13 "", ""#622"", ""#695"", ""$5 g"", ""$h &"", ""& 1,"", ""'foc"", ""'gem"", ""'il/"", ""'psi"", ""'seg"", ""'so,"", ""'ts!"", ""'ts/"", ""'urt"", ""(jef"", ""(m)p"", ""(moe"", ""(z)i"", "")ido"", "")pil"", "", 'p"", "", o'"", "",918"", ""-b/c"", ""-bmx"", ""-ca-"", ""-emo"", ""-k-t"", ""-owl"", ""-pyo"", ""-vea"", "".'ho"", ""..'h"", "".5 p"", "".? i"", "".c.y"", "".h.y"", "".r.v"", "".s.?"", "".t.z"", "".z.z"", ""/exo"", ""/ha "", ""/hfp"", ""/mce"", ""/mew"", ""/mlb"", ""/nhr"", ""/wov"", ""0 (j"", ""0/ve"", ""003r"", ""10/v"", ""101t"", ""104h"", ""105h"", ""12-j"", ""12-k"", ""18:4"", ""2 (u"", ""2,91"", ""2-ko"", ""2:45"", ""2x t"", ""3-b/"", ""36-3"", ""42 t"", ""43 ("", ""46.9"", ""4tas"", ""6 ab"", ""6-39"", ""6/06"", ""62 t"", ""622 "", ""64.2"", ""6635"", ""6649"", ""6692"", ""6700"", ""6705"", ""6723"", ""6726"", ""6730"", ""6736"", ""6774"", ""6786"", ""6788"", ""6808"", ""6816"", ""6822"", ""6856"", ""6860"", ""6885"", ""6889"", ""6892"", ""6894"", ""6895"", ""6896"", ""7089"", ""7111"", ""7128"", ""7140"", ""7145"", ""7156"", ""7158"", ""7160"", ""7177"", ""7214"", ""7222"", ""7227"", ""7246"", ""7265"", ""7279"", ""7283"", ""7289"", ""7311"", ""7342"", ""7347"", ""7365"", ""7386"", ""7412"", ""7417"", ""7421"", ""7424"", ""7433"", ""7438"", ""7453"", ""7467"", ""7486"", ""7495"", ""7501"", ""7518"", ""7538"", ""7539"", ""7542"", ""7544"", ""7547"", ""7552"", ""7557"", ""7559"", ""7565"", ""7572"", ""7583"", ""7590"", ""7601"", ""7603"", ""7622"", ""7624"", ""7625"", ""7630"", ""7651"", ""7664"", ""7671"", ""7681"", ""82 b"", ""8:40"", ""90 ("", ""93 r"", ""9:31"", ""a/af"", ""ac/p"", ""ahoh"", ""aje/"", ""ap/g"", ""asbj"", ""atrv"", ""awl'"", ""axh'"", ""ay?\"""", ""b-of"", ""basp"", ""biby"", ""bts/"", ""c/bo"", ""c/br"", ""c/cu"", ""c/pc"", ""c/so"", ""c4 c"", ""ca't"", ""cab:"", ""cbtv"", ""cd-e"", ""chp-"", ""citz"", ""cni:"", ""co(m"", ""cos("", ""coxy"", ""cra$"", ""csma"", ""cwe "", ""cyco"", ""d 2t"", ""d) m"", ""d-12"", ""d/mc"", ""dadz"", ""dajk"", ""dejc"", ""der\"""", ""dgwo"", ""diq:"", ""dje)"", ""driq"", ""dy.t"", ""e e3"", ""e3 v"", ""eb-o"", ""eciz"", ""eiph"", ""ek?'"", ""elyw"", ""eovl"", ""epa'"", ""esy!"", ""euc "", ""eue/"", ""euin"", ""f/hf"", ""fe/y"", ""feo."", ""fi'n"", ""fl/m"", ""fo 0"", ""foem"", ""fozb"", ""fp l"", ""fu/g"", ""g jn"", ""g' g"", ""g4u "", ""gge?"", ""gio-"", ""gobh"", ""gsvl"", ""h'oo"", ""hfp "", ""his)"", ""hp-b"", ""igh)"", ""iky,"", ""ivao"", ""j ok"", ""j-wo"", ""je/c"", ""jnr,"", ""jo/o"", ""ke/q"", ""kev'"", ""kow/"", ""ktec"", ""l/ml"", ""l/ze"", ""lax/"", ""lf/f"", ""lfay"", ""lhi/"", ""louw"", ""lps-"", ""lt-l"", ""lti/"", ""m (b"", ""m)pi"", ""m- a"", ""mcsm"", ""mcwa"", ""mew/"", ""mo'k"", ""mpe."", ""n z-"", ""n/hb"", ""n/nh"", ""n/o "", ""nghl"", ""nm v"", ""nr, "", ""o bt"", ""o(m)"", ""o/es"", ""oa/a"", ""ocib"", ""oe-e"", ""ohiz"", ""ohm,"", ""olm)"", ""or \"""", ""os(z"", ""p r "", ""p-bm"", ""p/on"", ""pc e"", ""peio"", ""pigb"", ""psa)"", ""put."", ""q: b"", ""qmii"", ""r \""n"", ""r-k-"", ""re/q"", ""rr 2"", ""s(z)"", ""s.? "", ""s/kt"", ""s/ky"", ""s/l'"", ""s/ms"", ""s/oo"", ""sco("", ""seip"", ""stby"", ""sy/r"", ""uesy"", ""ujob"", ""umc,"", ""uphy"", ""url/"", ""ut?:"", ""uubo"", ""v/me"", ""vyjd"", ""w-cu"", ""wl #"", ""wl/f"", ""x v "", ""x.a."", ""xh'o"", ""y c "", ""y, \"""", ""yc y"", ""ye/h"", ""yjde"", ""yosb"", ""ypul"", ""z)id"", ""z-ga"", ""z.z."", ""znus"", ""zwid""]",355,1,155,0.0064516129032258064
4,block_infix_fingerprint_v004.json,128,local_split_entropy_equivalence_classes,154,4,0.0,0.05,title,title,76," ""eg","["" \""eg"", "" #1_"", "" 'nt"", "" + ("", "" -wf"", "" .89"", "" 0 n"", "" 0.4"", "" 070"", "" 1/j"", "" 15a"", "" 2/9"", "" 2ts"", "" 5,3"", "" 60m"", "" 91'"", "" : i"", "" [me"", "" aj:"", "" am3"", "" b'u"", "" bjs"", "" cni"", "" cpl"", "" dj."", "" dsi"", "" e!?"", "" ghj"", "" h-e"", "" hu'"", "" i-4"", "" kr3"", "" kv "", "" nly"", "" oaj"", "" pp:"", "" psu"", "" qap"", "" t-a"", "" uhi"", "" uzv"", "" v.3"", "" vwx"", "" wbh"", ""! ae"", ""! az"", ""! vw"", ""!1 ("", ""\""egg"", ""####"", ""#1_l"", ""#79:"", ""#bca"", ""#fil"", ""#omn"", ""#pos"", ""#qui"", ""#sav"", ""#ven"", ""$5.1"", ""$mon"", ""% en"", ""% il"", ""% ji"", ""% si"", ""% va"", ""'-ag"", ""'-ou"", ""'17'"", ""'28-"", ""': 3"", ""'a':"", ""'aio"", ""'c.s"", ""'e 1"", ""'enk"", ""'hic"", ""'huf"", ""'ike"", ""'k'n"", ""'nti"", ""'nur"", ""'pim"", ""'puc"", ""'tai"", ""'tsl"", ""'yun"", ""(a.s"", ""(alg"", ""(bag"", ""(bew"", ""(ego"", ""(ges"", ""(im)"", ""(nam"", ""(pli"", ""(tek"", "") + "", "")-po"", "")dea"", "")hei"", "")lea"", "")typ"", "")vei"", ""*h':"", ""*mei"", ""*tee"", ""+ (a"", ""+ sl"", "", --"", "", 8,"", "",213"", "",332"", "",7 y"", ""- (u"", ""- 97"", ""- z "", ""-'ku"", ""-08:"", ""-1=2"", ""-304"", ""-4 x"", ""-45,"", ""-475"", ""-69-"", ""-76d"", ""-as'"", ""-azr"", ""-b h"", ""-b. "", ""-e -"", ""-iz'"", ""-k.o"", ""-ke'"", ""-yhd"", ""-zhi"", "". : "", "".' m"", "".' r"", "".-b."", ""...7"", ""..7,"", ""..fi"", ""..se"", ""..zh"", ""./g."", "".084"", "".1 w"", "".15/"", "".3.0"", "".5 d"", "".5.5"", "".8.5"", "".86:"", "".9 f"", "".: 2"", "".: q"", "".a z"", "".a.0"", "".bar"", "".be "", "".dot"", "".e n"", "".eba"", "".erw"", "".fir"", "".i d"", "".i v"", "".m: "", "".nac"", "".nij"", "".qua"", "".rem"", "".rep"", "".se "", "".sol"", "".sui"", "".van"", "".y d"", "".zu "", ""//ze"", ""/03:"", ""/2 c"", ""/2ba"", ""/3 t"", ""/57:"", ""/69:"", ""/7 -"", ""/78:"", ""/85:"", ""/96 "", ""/g.p"", ""/hr."", ""/inp"", ""/p4x"", ""/um "", ""0 (t"", ""0 b'"", ""0 ez"", ""0 gp"", ""0 n'"", ""0 nl"", ""0 ua"", ""0 wr"", ""0 za"", ""0!1 "", ""0% e"", ""0+10"", ""0,7 "", ""0-an"", ""0-ci"", ""0-ya"", ""0/96"", ""0/ci"", ""00/c"", ""010n"", ""02 h"", ""03 o"", ""04.8"", ""047:"", ""05'0"", ""05.."", ""05h4"", ""066 "", ""070:"", ""074 "", ""07:0"", ""093:"", ""0:0 "", ""0:4 "", ""0:96"", ""1 (l"", ""1 (z"", ""1 ci"", ""1 kh"", ""1 km"", ""1 r+"", ""1 wb"", ""1'e "", ""1, v"", ""1,33"", ""1-69"", ""1-87"", ""1-96"", ""1-ic"", ""1-k."", ""1/03"", ""1/57"", ""1/je"", ""10:9"", ""10ny"", ""11'e"", ""12in"", ""13 1"", ""13:1"", ""13hr"", ""14-5"", ""14-e"", ""14-n"", ""14h0"", ""15/h"", ""15:1"", ""15a "", ""17''"", ""17-3"", ""17/6"", ""179t"", ""181."", ""182."", ""183."", ""190."", ""192:"", ""194."", ""19os"", ""19xx"", ""1:32"", ""1=2:"", ""1>19"", ""1_lo"", ""1c4,"", ""1h92"", ""1i m"", ""1min"", ""2 oc"", ""2 ps"", ""2 uo"", ""2) s"", ""2, z"", ""2-1="", ""2-ok"", ""2.. "", ""2/09"", ""2/23"", ""2/50"", ""206."", ""21-8"", ""213,"", ""214-"", ""21>1"", ""23/6"", ""23:5"", ""24's"", ""24,2"", ""24k "", ""25' "", ""25-e"", ""26 c"", ""26 w"", ""273d"", ""28 k"", ""28-a"", ""287t"", ""2=5="", ""2b b"", ""2bat"", ""2bed"", ""2inu"", ""2k n"", ""2ob "", ""2p2r"", ""2tsu"", ""3 (p"", ""3 2 "", ""3 ag"", ""3 ee"", ""3 kg"", ""3 sb"", ""3 sl"", ""3'17"", ""3.. "", ""30 1"", ""30-b"", ""301,"", ""31 c"", ""32 p"", ""32 t"", ""332 "", ""33e "", ""35, "", ""36 f"", ""36 i"", ""362:"", ""37/7"", ""38,5"", ""38ne"", ""3d 1"", ""3ein"", ""3fou"", ""3g ("", ""3g -"", ""3hrs"", ""3oha"", ""3r1c"", ""3rs "", ""3s3:"", ""3tar"", ""4 3 "", ""4 dj"", ""4 dn"", ""4 ly"", ""4 pf"", ""4 ru"", ""4###"", ""4' i"", ""4, m"", ""4,21"", ""4-50"", ""4-7:"", ""4-cy"", ""4-si"", ""4/85"", ""40-c"", ""401-"", ""409."", ""41 b"", ""41 e"", ""41-6"", ""44, "", ""44/8"", ""457m"", ""46 u"", ""462."", ""466."", ""49 e"", ""49 i"", ""490a"", ""494#"", ""4a4f"", ""4c m"", ""4clo"", ""4e g"", ""4glo"", ""4h05"", ""4k g"", ""4nin"", ""4wol"", ""4xl/"", ""5 (m"", ""5 dr"", ""5 iu"", ""5 zi"", ""5' s"", ""5'01"", ""5,30"", ""5-e "", ""5.5."", ""5/95"", ""5/hr"", ""50/9"", ""506a"", ""514-"", ""51mi"", ""525'"", ""53 p"", ""54 e"", ""541-"", ""55/9"", ""57mm"", ""5a p"", ""5doc"", ""5eye"", ""5h42"", ""5ob "", ""5poi"", ""5wom"", ""5x p"", ""5x5,"", ""6 (b"", ""6 aa"", ""6 ad"", ""6 ot"", ""6 sn"", ""6 ww"", ""6-76"", ""606 "", ""60ml"", ""61 d"", ""633 "", ""65 s"", ""65do"", ""68 o"", ""69 h"", ""69-9"", ""6=0 "", ""6b: "", ""7 10"", ""7 23"", ""7 30"", ""7 31"", ""7 39"", ""7 41"", ""7 66"", ""7 ke"", ""7 kr"", ""7 og"", ""7 ww"", ""7 ya"", ""7 yp"", ""7, 8"", ""7, h"", ""7.8."", ""7/78"", ""700%"", ""72 r"", ""72/5"", ""730-"", ""74 j"", ""74 k"", ""749 "", ""75 r"", ""76 r"", ""76dd"", ""77 6"", ""77bo"", ""7:07"", ""7:13"", ""7:23"", ""7:50"", ""7boa"", ""7mm "", ""7na:"", ""8 hz"", ""8 sx"", ""8, u"", ""81 h"", ""81 l"", ""81 o"", ""818 "", ""82 k"", ""83 o"", ""831,"", ""84 k"", ""84c "", ""89 r"", ""89+1"", ""895 "", ""8new"", ""9 11"", ""9 a."", ""9 fm"", ""9 gl"", ""9 le"", ""9 m2"", ""9% w"", ""9.08"", ""9.9 "", ""90 0"", ""90am"", ""92-o"", ""921>"", ""93 y"", ""94 d"", ""94##"", ""944,"", ""947:"", ""95 ("", ""97.4"", ""99 k"", ""9:25"", ""9:54"", ""9o e"", ""9os "", ""9xx:"", "": 2t"", "": zd"", "":0 ("", "":05'"", "":07:"", "":16-"", "":25."", "":30h"", "":4 ("", "":59:"", "":96:"", ""<3 m"", ""= 13"", ""= on"", ""= pe"", ""=0 h"", ""=2: "", ""=5=1"", "">198"", "">>dr"", "">dre"", ""? j'"", ""?/wu"", ""?anx"", ""?e?a"", ""[mei"", ""] da"", ""] ge"", ""] vo"", ""]hab"", ""]mai"", ""]mem"", ""_lou"", ""_vie"", ""a '2"", ""a 5,"", ""a c!"", ""a w/"", ""a)ty"", ""a*te"", ""a-'k"", ""a-yh"", ""a-zh"", ""a.' "", ""a.-b"", ""a./g"", ""a.08"", ""a.m:"", ""a3ta"", ""a40 "", ""a9 -"", ""aaav"", ""aalh"", ""aawi"", ""aazm"", ""abf-"", ""abxa"", ""af'i"", ""agnh"", ""ah-p"", ""ai?/"", ""aid;"", ""aitb"", ""ajiz"", ""akkj"", ""akt-"", ""alc2"", ""alt_"", ""ao-i"", ""apfl"", ""ar(e"", ""ara;"", ""as)-"", ""auww"", ""ay.n"", ""ayif"", ""azsd"", ""b.c:"", ""baor"", ""baxu"", ""bcfi"", ""bdu "", ""becl"", ""bexo"", ""bf-m"", ""bgar"", ""bheo"", ""bui'"", ""bur?"", ""bxan"", ""bzzy"", ""c4, "", ""ca-w"", ""ceig"", ""celk"", ""cfil"", ""cic?"", ""ciuk"", ""ckku"", ""coxl"", ""cpl."", ""curh"", ""d 0 "", ""d'ip"", ""d) 2"", ""d-ir"", ""d/2b"", ""datb"", ""dbam"", ""ddo'"", ""dewb"", ""deyd"", ""df-f"", ""df-w"", ""df.r"", ""dip'"", ""dj. "", ""dnek"", ""doym"", ""drbz"", ""dsym"", ""dto "", ""dtpl"", ""duh?"", ""dusg"", ""dz/a"", ""dzub"", ""e) +"", ""e-b "", ""e. #"", ""e?an"", ""e]ha"", ""e]ma"", ""e]me"", ""eal;"", ""ean)"", ""ebcf"", ""ebex"", ""egg\"""", ""ei ["", ""eig]"", ""el!:"", ""epej"", ""er00"", ""er83"", ""ermt"", ""euim"", ""eut:"", ""ezro"", ""f) l"", ""f.re"", ""faty"", ""fes)"", ""fm c"", ""fnd "", ""fsfe"", ""g -w"", ""g\"" o"", ""g) b"", ""g] v"", ""gacs"", ""gam:"", ""gg\"" "", ""gnhe"", ""gnik"", ""go':"", ""gs-l"", ""gtve"", ""gyi-"", ""h 62"", ""h b,"", ""h'n."", ""h-na"", ""h..!"", ""hcok"", ""hdrb"", ""heai"", ""her0"", ""hhob"", ""hi/i"", ""hivb"", ""hl-s"", ""hle'"", ""i [m"", ""i! v"", ""i!' "", ""i-47"", ""i-kh"", ""i/fx"", ""i?/g"", ""iauw"", ""icoz"", ""ier@"", ""ig] "", ""igtv"", ""iha'"", ""iiet"", ""ijdb"", ""ijej"", ""ijno"", ""ik'a"", ""ikk-"", ""im) "", ""imt!"", ""imug"", ""imyz"", ""iop "", ""ipnj"", ""irwn"", ""is':"", ""itox"", ""ium5"", ""iv/l"", ""ivba"", ""ivbh"", ""ivme"", ""iy: "", ""iyyo"", ""iz'a"", ""j hl"", ""j im"", ""j. :"", ""ja-'"", ""jdbo"", ""jei-"", ""jejt"", ""jlod"", ""josr"", ""jsbe"", ""ju' "", ""k'ai"", ""k, -"", ""k//z"", ""ka-z"", ""kdia"", ""kisg"", ""kiy:"", ""kk-z"", ""kkja"", ""kksi"", ""knyo"", ""kr3w"", ""kt-s"", ""kukr"", ""kv p"", ""l'le"", ""laf?"", ""lbev"", ""lc2:"", ""lcaj"", ""lemc"", ""ler8"", ""li!."", ""lk!'"", ""lpib"", ""lr m"", ""lt-s"", ""lt_v"", ""ltsn"", ""lu 5"", ""lytj"", ""lyzk"", ""m i-"", ""m sf"", ""m) p"", ""m-ot"", ""m2 p"", ""m3r1"", ""m50a"", ""mak."", ""mcic"", ""mg r"", ""mkoz"", ""mlxv"", ""mn k"", ""mokn"", ""mugt"", ""mumr"", ""muom"", ""mz 6"", ""n 94"", ""n m)"", ""n)he"", ""n)ve"", ""na!'"", ""nbao"", ""ney$"", ""nfto"", ""nhig"", ""nhiy"", ""nnfl"", ""nog."", ""nos1"", ""nsh:"", ""ntdi"", ""ntmn"", ""ntyb"", ""nuak"", ""nx ("", ""nyze"", ""nz-j"", ""o bf"", ""o tn"", ""o-ul"", ""o.3)"", ""o: 9"", ""oaos"", ""ocui"", ""odz/"", ""oejo"", ""ohl-"", ""ojtu"", ""okks"", ""oobg"", ""or ."", ""orc'"", ""os1)"", ""ot'-"", ""ou-v"", ""ou/r"", ""ounl"", ""ow 0"", ""owtd"", ""ox/i"", ""oxo,"", ""oytt"", ""ozej"", ""ozsz"", ""ozuj"", ""p 'j"", ""p 08"", ""p'ed"", ""p4xl"", ""pau."", ""pnja"", ""pntm"", ""pp'e"", ""ppnt"", ""pt.5"", ""qabo"", ""qapi"", ""r #0"", ""r .8"", ""r(ed"", ""r(gl"", ""r-rd"", ""r/p4"", ""r00?"", ""r1c4"", ""r83!"", ""ra'y"", ""ralw"", ""rcca"", ""re]h"", ""rgap"", ""rkju"", ""rmt!"", ""rokf"", ""rs-e"", ""rwnu"", ""rwyr"", ""rzaq"", ""s \""e"", ""s)-p"", ""s)le"", ""s.s)"", ""s10 "", ""sa!'"", ""saa'"", ""sab'"", ""sdob"", ""sel)"", ""sgaz"", ""sgiz"", ""si!'"", ""sne!"", ""stm-"", ""sua'"", ""t s1"", ""t'-a"", ""t'-o"", ""t.5a"", ""t.su"", ""t_vi"", ""tbak"", ""tf n"", ""tirw"", ""tj p"", ""tm-t"", ""tmto"", ""toe)"", ""towt"", ""ts \"""", ""tsmy"", ""tzua"", ""u n-"", ""u pp"", ""u' y"", ""u-i:"", ""u-vo"", ""ualh"", ""uarv"", ""uaws"", ""ubzz"", ""uce;"", ""ufsf"", ""uicu"", ""uixu"", ""uk '"", ""ulwh"", ""um50"", ""umup"", ""un)d"", ""un)v"", ""unuo"", ""ur/u"", ""uu' "", ""uza)"", ""uzvr"", ""v'ts"", ""v.3."", ""v/lo"", ""v] d"", ""v] g"", ""v] k"", ""vbaj"", ""vbha"", ""vd h"", ""vebc"", ""vg o"", ""vie4"", ""vie5"", ""vliy"", ""vo/h"", ""vou'"", ""vudd"", ""w 0."", ""wbht"", ""wd v"", ""wf p"", ""wnu'"", ""wotd"", ""wowo"", ""wrem"", ""wros"", ""wstm"", ""wtc:"", ""wtdi"", ""wubz"", ""wvli"", ""wwi'"", ""x/in"", ""x5, "", ""xan'"", ""xe-b"", ""xext"", ""xhdr"", ""xia."", ""xkai"", ""xl/l"", ""xtyn"", ""xunh"", ""xusv"", ""y' 2"", ""y' e"", ""yaez"", ""yalj"", ""ybio"", ""ye-v"", ""yf a"", ""yg i"", ""yg s"", ""yodi"", ""yol!"", ""yp-b"", ""ys's"", ""ytje"", ""yutb"", ""yzka"", ""yzoj"", ""z 38"", ""z 39"", ""z eq"", ""z'ag"", ""z-jo"", ""zapx"", ""zazv"", ""zdim"", ""zivb"", ""zix "", ""zrin"", ""zsdo"", ""ztob"", ""zvam""]",1017,1,155,0.0064516129032258064
4,block_infix_fingerprint_v004.json,128,local_split_entropy_equivalence_classes,154,4,0.0,0.05,title,title,77," ""f""","["" \""f\"""", "" $ g"", "" 'fd"", "" (11"", "" 12g"", "" 28'"", "" 3/2"", "" 4&5"", "" 69e"", "" 75)"", "" aex"", "" b.2"", "" d17"", "" dwu"", "" dyg"", "" egd"", "" f'k"", "" g.t"", "" gfy"", "" ifr"", "" ijj"", "" im."", "" kr."", "" l-e"", "" m/s"", "" msv"", "" pi."", "" rsi"", "" swk"", "" ta:"", "" uix"", "" v'c"", "" vlc"", "" w &"", "" wca"", "" wpl"", "" zsy"", ""!: z"", ""\"" ou"", ""\""f\"" "", ""$ gr"", ""& az"", ""' u."", ""'27'"", ""'73!"", ""'8 l"", ""'a-c"", ""'abc"", ""'bba"", ""'bic"", ""'blh"", ""'edm"", ""'eso"", ""'fd3"", ""'ime"", ""'irl"", ""'je'"", ""'kha"", ""'pah"", ""'y '"", ""(11/"", ""(164"", ""(pio"", ""(r)s"", ""(rue"", ""(why"", ""): e"", ""): i"", "")ses"", ""- ej"", ""- kd"", ""- rs"", ""-'er"", ""-308"", ""-7 -"", ""-an,"", ""-biq"", ""-elj"", ""-fa "", ""-h h"", ""-izo"", ""-jii"", ""-meh"", ""-roz"", "". #7"", "". rz"", "". z "", "".!: "", ""..!:"", "".fuc"", "".hon"", "".obe"", "".rr:"", ""/95 "", ""/lkp"", ""/s f"", ""0 m "", ""0e r"", ""1 ii"", ""1. i"", ""12gw"", ""18-n"", ""199x"", ""2 'r"", ""27''"", ""28'2"", ""2gwa"", ""3 + "", ""317e"", ""33 +"", ""3e j"", ""3s21"", ""4 (w"", ""4 fp"", ""4 kh"", ""4m: "", ""5 er"", ""5 if"", ""50e "", ""6 ed"", ""640-"", ""65 l"", ""69 #"", ""69em"", ""7 em"", ""7.5."", ""7/95"", ""70-2"", ""7e p"", ""8 lu"", ""8 m/"", ""8'27"", ""8, q"", ""83 f"", ""860-"", ""9,8 "", ""9-1 "", ""98 j"", "": gf"", ""; le"", ""a -t"", ""a d1"", ""a'ra"", ""a-ef"", ""a-oc"", ""a.rr"", ""aa.r"", ""ac-u"", ""accy"", ""addk"", ""adhm"", ""adn,"", ""ae-z"", ""aext"", ""afhi"", ""afo)"", ""aft)"", ""ahaq"", ""ahfi"", ""ajhl"", ""akkp"", ""al-7"", ""amn:"", ""anqe"", ""aoco"", ""aosk"", ""arb,"", ""awgn"", ""axee"", ""b 'h"", ""b 34"", ""b dl"", ""b-ac"", ""bady"", ""bawt"", ""bey."", ""bfia"", ""bohg"", ""bryi"", ""bt. "", ""bucj"", ""but'"", ""c! j"", ""c(s)"", ""c-un"", ""c-zm"", ""cgah"", ""cit@"", ""civy"", ""ckyz"", ""cocy"", ""coj "", ""cq o"", ""d 9,"", ""d lg"", ""d'a-"", ""ddka"", ""ddo?"", ""dezm"", ""de~d"", ""diiv"", ""dlae"", ""domv"", ""dsia"", ""dua:"", ""duiw"", ""dve!"", ""dwud"", ""dygr"", ""e \""f"", ""e $ "", ""e 6'"", ""e gb"", ""e(le"", ""e-h "", ""e.ho"", ""ec! "", ""ecys"", ""ed!."", ""efok"", ""egdi"", ""eia?"", ""eiut"", ""ejm "", ""ekhl"", ""ektd"", ""emch"", ""epbe"", ""epiq"", ""eqma"", ""era("", ""esi)"", ""eu(r"", ""euz-"", ""eviq"", ""ext)"", ""exxc"", ""eya-"", ""ez'b"", ""e~da"", ""f\"" o"", ""f'ka"", ""fadh"", ""fd3'"", ""fea."", ""ffyv"", ""fhid"", ""fim:"", ""finm"", ""fok'"", ""fsty"", ""fu-a"", ""fu-i"", ""furz"", ""g b:"", ""g vg"", ""ga ."", ""gcra"", ""gdr "", ""gemh"", ""gic("", ""gitk"", ""gja,"", ""gkiy"", ""gkyo"", ""gmax"", ""gnsg"", ""go3 "", ""gro)"", ""gueb"", ""guo!"", ""h ug"", ""hemc"", ""heqm"", ""hidm"", ""hiey"", ""hioz"", ""hpe "", ""hrtm"", ""ht!:"", ""hth,"", ""hti?"", ""hu 7"", ""huov"", ""hwiz"", ""hzin"", ""i h-"", ""i qy"", ""ib '"", ""ibe."", ""ic(s"", ""ic-z"", ""ick;"", ""id 8"", ""idoa"", ""iduv"", ""ieph"", ""ieye"", ""ifi?"", ""ifst"", ""ijkp"", ""impw"", ""ior;"", ""ipec"", ""itpf"", ""iu-c"", ""iuyu"", ""ixci"", ""j nj"", ""jasb"", ""jegk"", ""jff "", ""jhli"", ""jidu"", ""jil-"", ""jirj"", ""jiuy"", ""jkpl"", ""jm i"", ""joeu"", ""jogb"", ""jokb"", ""jowj"", ""jp i"", ""jrho"", ""jsve"", ""jual"", ""judr"", ""juk-"", ""jumy"", ""jv: "", ""jwol"", ""k 4&"", ""k/or"", ""k2 ("", ""k3 b"", ""k3s2"", ""k; p"", ""kagb"", ""kaoj"", ""kas-"", ""kemr"", ""kepb"", ""kghz"", ""kimj"", ""kip!"", ""kivf"", ""kjv:"", ""kk ("", ""kkpp"", ""kl 7"", ""klu-"", ""ko'a"", ""kokv"", ""komr"", ""kp g"", ""kppu"", ""kr. "", ""krzn"", ""ks-d"", ""kt!!"", ""ktd "", ""ktdi"", ""ktse"", ""kuib"", ""kutj"", ""kuug"", ""kuxa"", ""ky 9"", ""kyzi"", ""kz9 "", ""l 2o"", ""l 7/"", ""l k'"", ""l'kh"", ""l-7 "", ""l.a!"", ""l.aa"", ""l.j."", ""la-3"", ""laiq"", ""lakp"", ""lbu "", ""lcav"", ""lchl"", ""ler7"", ""leu("", ""lgim"", ""lhus"", ""lirf"", ""lkic"", ""ll.a"", ""lo'h"", ""logc"", ""lqin"", ""ltmi"", ""lu'b"", ""lu-m"", ""luah"", ""luxm"", ""lwy "", ""ly +"", ""lya!"", ""lykl"", ""lyvy"", ""lzoj"", ""m 3/"", ""m iw"", ""m'po"", ""m's:"", ""m. 0"", ""m4m:"", ""mabk"", ""meud"", ""mexc"", ""mivl"", ""mmfr"", ""moyi"", ""mp'e"", ""mr.f"", ""msv "", ""muly"", ""mval"", ""n #0"", ""n p1"", ""na ."", ""nde~"", ""nivk"", ""nkiz"", ""nlur"", ""npli"", ""nus1"", ""nuu,"", ""nvex"", ""nys;"", ""nzav"", ""o'o:"", ""o/lk"", ""o3 w"", ""o?!."", ""obbr"", ""ocay"", ""ody;"", ""ogcr"", ""ohig"", ""ohrh"", ""oizk"", ""oja)"", ""oky."", ""olsf"", ""op #"", ""opui"", ""oq n"", ""oudq"", ""oui!"", ""ouqs"", ""ouun"", ""ox-f"", ""oyud"", ""oz j"", ""pbau"", ""pben"", ""pbil"", ""pe't"", ""pel!"", ""phaw"", ""pizd"", ""pjas"", ""pkiy"", ""pol?"", ""ppbi"", ""q d'"", ""qa f"", ""qabd"", ""qina"", ""qish"", ""qmas"", ""qraf"", ""qsor"", ""r .4"", ""r vj"", ""r)se"", ""r.fu"", ""r.ob"", ""ra(t"", ""rakd"", ""rc k"", ""rey;"", ""rgac"", ""rjir"", ""rtls"", ""ruuu"", ""ryaj"", ""rynq"", ""rzvi"", ""s tl"", ""s zv"", ""s219"", ""sd '"", ""sek."", ""sewu"", ""sh/y"", ""shju"", ""shvu"", ""sihk"", ""sijw"", ""sje."", ""sl i"", ""soh "", ""srel"", ""sui)"", ""sv a"", ""swkh"", ""sygm"", ""sz. "", ""sztn"", ""tafh"", ""tatw"", ""tbyu"", ""td 2"", ""tjut"", ""tof,"", ""tryb"", ""ts-n"", ""tsi'"", ""tu-s"", ""tz x"", ""tzud"", ""u 'v"", ""u iw"", ""u o:"", ""u wc"", ""u'bb"", ""u(r)"", ""u-ag"", ""u-iz"", ""uasf"", ""ucoj"", ""udqu"", ""udr."", ""ufok"", ""ug-g"", ""ugiv"", ""ugof"", ""uhu-"", ""uihk"", ""uir)"", ""uiwe"", ""uk-u"", ""ulqi"", ""une)"", ""uo 2"", ""uqet"", ""uqso"", ""ur.o"", ""urc "", ""urnj"", ""ursm"", ""uryc"", ""urzv"", ""usnt"", ""ut-k"", ""utce"", ""utn,"", ""uxfe"", ""uyo:"", ""v'ca"", ""v. y"", ""vaky"", ""ve(l"", ""ve.h"", ""vebz"", ""veef"", ""vex-"", ""vir:"", ""vnid"", ""vopu"", ""vouq"", ""vsfl"", ""vshj"", ""vssl"", ""vuro"", ""vya'"", ""w: z"", ""waio"", ""wcal"", ""wdyl"", ""wgno"", ""why)"", ""wkht"", ""wmor"", ""wu-s"", ""wudz"", ""wyzy"", ""x-sq"", ""xcia"", ""xcio"", ""xees"", ""xfer"", ""xv g"", ""xvi,"", ""xxcu"", ""y x'"", ""y! 5"", ""y! 6"", ""y-su"", ""yaj "", ""yakc"", ""yawl"", ""ybec"", ""yepp"", ""yfem"", ""ygou"", ""yikc"", ""yim,"", ""yji "", ""yky-"", ""yn-f"", ""ynqu"", ""yok)"", ""youu"", ""yov,"", ""ysek"", ""yueb"", ""yv b"", ""yvyt"", ""yzyn"", ""z9 -"", ""zaps"", ""zat."", ""zes."", ""zgry"", ""zi-i"", ""znyo"", ""zojm"", ""zsyg"", ""ztne"", ""zud "", ""zuht"", ""zvak"", ""~dal""]",641,1,155,0.0064516129032258064
4,block_infix_fingerprint_v004.json,128,local_split_entropy_equivalence_classes,154,4,0.0,0.05,title,title,78," ""gi","["" \""gi"", "" (__"", "" 1-k"", "" 12+"", "" 51,"", "" 99'"", "" [86"", "" [99"", "" [ab"", "" [ag"", "" [be"", "" [da"", "" [fl"", "" [ha"", "" [hu"", "" [in"", "" [ki"", "" [lo"", "" [ma"", "" [on"", "" [pu"", "" [si"", "" [sp"", "" [st"", "" [ta"", "" [to"", "" [tr"", "" [up"", "" a.]"", "" cp2"", "" f-0"", "" gge"", "" hsh"", "" q h"", "" ujj"", "" up]"", ""! [c"", ""! [g"", ""! [p"", ""\""gir"", ""$ on"", ""'$ o"", ""'] m"", ""'kao"", ""'rez"", ""(__)"", ""(ish"", ""*rec"", "", 99"", ""-j5/"", ""-mu-"", ""-no!"", ""-xy "", "". [g"", "". [k"", "". [t"", "".dou"", "".moo"", ""/43 "", ""/9-d"", ""0b56"", ""0t25"", ""1, w"", ""1:13"", ""1b78"", ""1c97"", ""2/43"", ""2w56"", ""3: ["", ""3:36"", ""42/4"", ""5/9-"", ""563 "", ""7 id"", ""784 "", ""7p46"", ""7r49"", ""7r51"", ""8h46"", ""8s51"", ""8w50"", ""9 is"", ""9 ok"", ""9's "", ""9, y"", ""9-do"", ""92 j"", ""99's"", ""9: ["", "": [8"", "": [9"", "": [a"", "": [b"", "": [c"", "": [d"", "": [f"", "": [g"", "": [h"", "": [i"", "": [l"", "": [m"", "": [n"", "": [o"", "": [r"", "": [s"", "": [u"", "": [w"", "": uh"", "": uj"", ""[ do"", ""[86 "", ""[99 "", ""[abo"", ""[age"", ""[bef"", ""[cha"", ""[che"", ""[dan"", ""[fli"", ""[gas"", ""[goe"", ""[hav"", ""[hun"", ""[in "", ""[is "", ""[kis"", ""[loo"", ""[max"", ""[now"", ""[on "", ""[pos"", ""[pul"", ""[pus"", ""[rea"", ""[sie"", ""[spe"", ""[sti"", ""[tam"", ""[tas"", ""[to "", ""[tra"", ""[ups"", ""[wea"", ""] bu"", ""] di"", ""] ha"", ""] he"", ""] hm"", ""] i "", ""] i'"", ""] is"", ""] ma"", ""] no"", ""] oh"", ""] oo"", ""] po"", ""] th"", ""] wh"", ""] yo"", ""_) c"", ""__) "", ""a 2)"", ""a] d"", ""a] w"", ""aeud"", ""aft]"", ""ah. "", ""ail]"", ""ajfa"", ""al] "", ""amrs"", ""ase]"", ""ata]"", ""aw-y"", ""ax? "", ""b563"", ""b784"", ""b] w"", ""baip"", ""bomy"", ""c-48"", ""c972"", ""cdet"", ""ce] "", ""ced]"", ""cigd"", ""cz 1"", ""czba"", ""d] y"", ""dhtr"", ""dt! "", ""duzb"", ""e *r"", ""e ->"", ""e' y"", ""e'] "", ""e'fa"", ""e. '"", ""e. ["", ""e] b"", ""e] m"", ""e] o"", ""e] t"", ""e] w"", ""e] y"", ""ecde"", ""ed] "", ""eduq"", ""ehm,"", ""el] "", ""ely]"", ""eog-"", ""es] "", ""et] "", ""etvu"", ""eutj"", ""evov"", ""ey] "", ""f.p:"", ""fag."", ""fit]"", ""fsgr"", ""ft] "", ""g(is"", ""gbuh"", ""gdem"", ""gla!"", ""grr-"", ""gvaz"", ""gzol"", ""h-a "", ""h462"", ""h? y"", ""h] m"", ""ha'r"", ""hik."", ""hmm!"", ""hom,"", ""hot]"", ""hsna"", ""hyvy"", ""iaod"", ""ic-4"", ""ice]"", ""ick]"", ""iczb"", ""ie] "", ""il] "", ""iqan"", ""it'$"", ""it] "", ""iuyi"", ""j5/9"", ""jaud"", ""je-g"", ""jfa!"", ""jkt,"", ""jynj"", ""k 'b"", ""k, 2"", ""k. ["", ""k? i"", ""ko 6"", ""ks] "", ""kusw"", ""l. ["", ""l. y"", ""l? ("", ""l] m"", ""l] n"", ""l] p"", ""labm"", ""le] "", ""ley]"", ""lfaa"", ""ljyn"", ""lodj"", ""ltd,"", ""lub]"", ""lumt"", ""ly] "", ""lzsa"", ""m hs"", ""max."", ""mhwa"", ""mie]"", ""mizl"", ""mlu "", ""mmme"", ""mojh"", ""mokj"", ""mrse"", ""myn'"", ""n: ["", ""n] h"", ""n] o"", ""nd ]"", ""ne] "", ""nes]"", ""nfui"", ""ng(i"", ""ng*."", ""nks]"", ""nny]"", ""ny] "", ""o! ["", ""o: ["", ""obip"", ""oe 5"", ""ofl "", ""ojho"", ""ol-n"", ""ole]"", ""omhw"", ""omlj"", ""on] "", ""one]"", ""oth]"", ""ove]"", ""ox-u"", ""p468"", ""p] n"", ""p] w"", ""p] y"", ""ps] "", ""qiuy"", ""r-j5"", ""r492"", ""r518"", ""ral]"", ""rd?!"", ""re *"", ""rgts"", ""rilc"", ""rox-"", ""rr-r"", ""rsfl"", ""ry?)"", ""rza?"", ""s \""g"", ""s (7"", ""s! ["", ""s.mo"", ""s510"", ""s] h"", ""s] i"", ""s] o"", ""sa] "", ""se] "", ""set]"", ""sevk"", ""sid:"", ""sku."", ""sly]"", ""sps]"", ""sujs"", ""t255"", ""t] h"", ""t] i"", ""t] m"", ""t] t"", ""ta] "", ""te']"", ""th] "", ""thi?"", ""u i."", ""ub] "", ""uh? "", ""uhuh"", ""um'c"", ""ung("", ""up] "", ""usa]"", ""uyap"", ""ve'f"", ""ve] "", ""vegf"", ""vket"", ""vlll"", ""vo!!"", ""w (_"", ""w.do"", ""w1 a"", ""w2 r"", ""w504"", ""w561"", ""w562"", ""wajs"", ""wf g"", ""wo'm"", ""wofl"", ""wolw"", ""ww.d"", ""wzw:"", ""x 85"", ""x! ["", ""x-25"", ""x-uv"", ""x-xy"", ""x? o"", ""xahh"", ""xemo"", ""xexe"", ""xma:"", ""xofr"", ""xpw "", ""xua'"", ""xvll"", ""xx-r"", ""xx-x"", ""y2 t"", ""y] i"", ""y] m"", ""y] o"", ""yedd"", ""yieu"", ""yli."", ""ynja"", ""yosl"", ""yrmw"", ""yu-l"", ""yuxw"", ""yvy,"", ""yydo"", ""z (z"", ""z-da"", ""zaac"", ""zah-"", ""zaoy"", ""zavy"", ""zboh"", ""zda,"", ""zeb:"", ""zel]"", ""zhyv"", ""zivx"", ""zjoe"", ""zk: "", ""zog'"", ""zolw""]",440,1,155,0.0064516129032258064
4,block_infix_fingerprint_v004.json,128,local_split_entropy_equivalence_classes,154,4,0.0,0.05,title,title,79," ""hu","["" \""hu"", "" $33"", "" '54"", "" (4/"", "" -t "", "" 7 #"", "" `em"", "" ar/"", "" ba("", "" cbb"", "" gdc"", "" ge,"", "" k-y"", "" kzm"", "" u.t"", "" un["", "" wa/"", "" wbo"", "" wu?"", "" zdz"", ""!!!1"", ""!!11"", ""!/zu"", ""!111"", ""\""hum"", ""#$*%"", ""#hom"", ""$*% "", ""$33 "", ""$35 "", ""% pi"", ""%ers"", ""& 8-"", ""' 15"", ""'/hi"", ""'oll"", ""'r o"", ""(4/4"", ""(emi"", ""(ke$"", ""(n)c"", ""(up)"", ""(wee"", "") sc"", "")/th"", "")cht"", ""*% m"", ""*ssi"", ""+ zo"", "",' s"", ""-99:"", ""-a'a"", ""-ava"", ""-ey!"", ""-oo-"", ""-p t"", ""-s-o"", ""-t a"", ""-t-f"", ""-t.w"", "".79*"", "".a/w"", "".d.y"", ""/'cr"", ""/'ga"", ""//si"", ""/1 y"", ""/a y"", ""/azn"", ""/f-a"", ""/koz"", ""/sia"", ""/sow"", ""/y-f"", ""0%er"", ""023,"", ""024,"", ""04/t"", ""058'"", ""0:06"", ""0h10"", ""0z b"", ""1 od"", ""10%e"", ""18/s"", ""2-no"", ""2/co"", ""22/s"", ""240z"", ""262:"", ""267 "", ""3 et"", ""33 e"", ""360t"", ""4/4)"", ""40z "", ""46.7"", ""5 mm"", ""5 sm"", ""52/t"", ""5k o"", ""60tv"", ""629,"", ""6677"", ""6689"", ""6690"", ""6732"", ""6733"", ""6776"", ""6797"", ""6802"", ""6820"", ""6868"", ""6929"", ""6948"", ""6a c"", ""7 #2"", ""7/su"", ""7095"", ""7105"", ""7110"", ""7116"", ""7127"", ""7147"", ""7152"", ""7154"", ""7166"", ""7205"", ""7224"", ""7229"", ""7252"", ""7299"", ""7329"", ""7367"", ""7446"", ""7476"", ""7489"", ""7516"", ""7522"", ""7524"", ""7529"", ""7550"", ""7555"", ""7566"", ""7579"", ""758 "", ""7609"", ""7611"", ""7614"", ""7639"", ""7649"", ""7658"", ""7660"", ""7682"", ""7:43"", ""7e s"", ""8/sn"", ""8:03"", ""9, 0"", ""9-ye"", "": jp"", "": lm"", "":43 "", ""> pa"", ""?/i "", ""a!/z"", ""a)/t"", ""a./o"", ""accc"", ""adgl"", ""af/s"", ""afuu"", ""ahe/"", ""anu!"", ""aqbe"", ""ar.h"", ""arh:"", ""at'/"", ""au/o"", ""auex"", ""aw/u"", ""b if"", ""b mt"", ""b-an"", ""b-pl"", ""b/ji"", ""ba(n"", ""bah/"", ""baqb"", ""beh!"", ""c3: "", ""caum"", ""ccce"", ""ccyd"", ""ccyw"", ""chs?"", ""com)"", ""cqc "", ""cqfd"", ""cr p"", ""cyou"", ""cywo"", ""d \""h"", ""d e3"", ""d.y."", ""da'r"", ""dau:"", ""dd/r"", ""ddzi"", ""dgle"", ""dor."", ""drh "", ""dz.c"", ""e .2"", ""e `e"", ""e)do"", ""e/'c"", ""e/'g"", ""e/f-"", ""e/oz"", ""eas."", ""eb/j"", ""ef/l"", ""efa'"", ""egy,"", ""ehn/"", ""el/y"", ""elmw"", ""euk!"", ""ews>"", ""eypf"", ""f hb"", ""f-a "", ""f-t-"", ""fd m"", ""g jc"", ""g qs"", ""g'/m"", ""g?/i"", ""gcr "", ""gdc?"", ""gdio"", ""ghi/"", ""gicc"", ""h k-"", ""h kz"", ""h' b"", ""h10 "", ""i u,"", ""i-- "", ""i/pu"", ""ifoa"", ""ijgh"", ""iod."", ""iqlo"", ""ir-n"", ""ix/r"", ""jgh:"", ""jo-n"", ""jos-"", ""jr/m"", ""k/gu"", ""ke `"", ""ki--"", ""kzme"", ""l #$"", ""l e3"", ""l zz"", ""l-a'"", ""l/yu"", ""ld) "", ""levv"", ""lk/d"", ""lluf"", ""lol!"", ""lpe/"", ""m) f"", ""m-wa"", ""m/em"", ""m/nf"", ""mau/"", ""mc -"", ""mdlo"", ""mjuz"", ""mug!"", ""n)ch"", ""n-p "", ""n/eg"", ""n[e]"", ""na'm"", ""ndhv"", ""nijg"", ""niql"", ""no/n"", ""nyap"", ""nysm"", ""o/nu"", ""oelg"", ""ofe,"", ""oho/"", ""ok/w"", ""oog/"", ""orp)"", ""osl:"", ""ox/p"", ""ozzv"", ""p) a"", ""p/fe"", ""p/i "", ""p/kn"", ""pg b"", ""pki-"", ""poe/"", ""pub'"", ""py!/"", ""qbee"", ""qc -"", ""qfd "", ""r!/b"", ""r- k"", ""r- s"", ""r-b "", ""r.hu"", ""rbs,"", ""rcuo"", ""rdz."", ""re)d"", ""reyp"", ""rh m"", ""rh: "", ""ri-f"", ""rm-w"", ""ro-i"", ""rta)"", ""rys'"", ""s'ob"", ""s-o/"", ""s./a"", ""s/et"", ""s> p"", ""se/'"", ""sfoa"", ""sms/"", ""smye"", ""t'/h"", ""t-s-"", ""t/y-"", ""ta)/"", ""tbam"", ""tf!!"", ""th.c"", ""tisg"", ""tzvo"", ""uab "", ""udyn"", ""uem."", ""uet?"", ""uexp"", ""uls?"", ""un/v"", ""un[e"", ""up) "", ""us-o"", ""uyao"", ""uze/"", ""vr s"", ""w v."", ""w/us"", ""wayg"", ""wm27"", ""wogl"", ""ws> "", ""x/hi"", ""x/po"", ""x/si"", ""y s#"", ""y t'"", ""y/az"", ""y/kt"", ""ygoz"", ""ym h"", ""yn/p"", ""yoih"", ""z.co"", ""z/cu"", ""zdcu"", ""zdzw"", ""ze +"", ""ze/'"", ""ze/n"", ""zoe:"", ""zoov"", ""zrek"", ""zsuf"", ""ztep"", ""zvog"", ""zz/c"", ""zzvo""]",398,1,155,0.0064516129032258064
4,block_infix_fingerprint_v004.json,128,local_split_entropy_equivalence_classes,154,4,0.0,0.05,title,title,80," ""lo","["" \""lo"", "" $it"", "" (5 "", "" (ik"", "" (n'"", "" 29k"", "" 40m"", "" drg"", "" e50"", "" f/j"", "" fst"", "" fw-"", "" ht-"", "" jpn"", "" mt:"", "" nnj"", "" oi,"", "" qog"", "" qzx"", "" smp"", "" ssg"", "" su'"", "" uvl"", "" xl-"", ""! (z"", ""! 6 "", ""! sy"", ""!w v"", ""\"" je"", ""\""hol"", ""\""los"", ""\""mrs"", ""#1 t"", ""#4 t"", ""#fav"", ""#new"", ""$1,2"", ""$ity"", ""&ger"", ""' yu"", ""'74 "", ""'aun"", ""'cul"", ""'en'"", ""'kud"", ""'nee"", ""'nez"", ""'vem"", ""'wu "", ""'zou"", ""(5 d"", ""(av "", ""(bok"", ""(co-"", ""(ikr"", ""(kon"", ""(mok"", ""(n'a"", "") ii"", "")/z-"", ""): \"""", ""- (p"", ""-174"", ""-86a"", ""-ct6"", ""-d i"", ""-dui"", ""-ed)"", ""-ex,"", ""-hii"", ""-igu"", ""-jad"", ""-jic"", ""-n10"", ""-sof"", ""-stz"", ""-ui-"", ""-yst"", "". fw"", ""..ev"", ""./le"", ""./ri"", "".71 "", "".eve"", "".j:t"", "".lo "", ""/4 b"", ""/axi"", ""/g-m"", ""/imi"", ""/ire"", ""/jt "", ""/kly"", ""/nir"", ""/nud"", ""/oas"", ""/ooz"", ""/pys"", ""/ry "", ""/uba"", ""/yue"", ""/z-l"", ""1 (5"", ""1 um"", ""2-ya"", ""4 e "", ""40mm"", ""564-"", ""660 "", ""6a v"", ""71 ("", ""72-j"", ""7yr "", ""8, s"", ""837-"", ""86a "", "": xu"", ""? sm"", ""?/yo"", ""?/yu"", ""_gre"", ""a's?"", ""a'tr"", ""a-ig"", ""a-ys"", ""a/yv"", ""a?/y"", ""agwh"", ""ah/c"", ""aku)"", ""aky/"", ""alx "", ""ammp"", ""aoop"", ""aoqi"", ""arvz"", ""as)/"", ""aslb"", ""auwg"", ""auyo"", ""axay"", ""axx/"", ""b (w"", ""b 42"", ""b ue"", ""bc/c"", ""biv/"", ""bnec"", ""c 'n"", ""ce'a"", ""ceej"", ""ciff"", ""citc"", ""cjuk"", ""co/x"", ""ct66"", ""cyjk"", ""d 2,"", ""d bf"", ""d hc"", ""d_gr"", ""dauy"", ""dbeg"", ""dd-s"", ""djiz"", ""drgn"", ""e f/"", ""e/py"", ""e500"", ""eci-"", ""eci/"", ""ecju"", ""edvr"", ""eegw"", ""eg?!"", ""emdv"", ""er(l"", ""eulc"", ""ewgo"", ""ex/g"", ""ey\"" "", ""ey/3"", ""ezz!"", ""f/jt"", ""f:uk"", ""falx"", ""fays"", ""fbaa"", ""fdag"", ""fin)"", ""fket"", ""ftnu"", ""fw-1"", ""fy/i"", ""g/cy"", ""g/k "", ""ge-c"", ""gg/d"", ""ggea"", ""gkau"", ""gwa,"", ""gwha"", ""gy/d"", ""h \""m"", ""h fs"", ""h g "", ""h! x"", ""h'bu"", ""h'ko"", ""h/of"", ""h/t."", ""haox"", ""hc o"", ""hey\"""", ""ho/i"", ""hotv"", ""hr-u"", ""hu' "", ""huvo"", ""i e5"", ""i!/p"", ""i)! "", ""iaoq"", ""idko"", ""iejl"", ""ijyy"", ""ilyj"", ""im/p"", ""iru)"", ""iu/j"", ""ivce"", ""iwi-"", ""izzq"", ""j:ta"", ""jdt "", ""jezk"", ""jt l"", ""jyy "", ""k $i"", ""k): "", ""kf s"", ""kliq"", ""kndr"", ""koam"", ""koc,"", ""kra)"", ""kun/"", ""l' v"", ""lc/e"", ""lg c"", ""lgow"", ""lha."", ""liu/"", ""llzy"", ""lmoz"", ""ln ="", ""lo/e"", ""lroe"", ""lsyy"", ""lvok"", ""lx c"", ""lzyx"", ""m! 6"", ""m!/z"", ""m1 b"", ""mdve"", ""mecj"", ""mi)!"", ""mmps"", ""mn q"", ""moaa"", ""mp-n"", ""mtok"", ""mur/"", ""my-d"", ""n&ge"", ""n*st"", ""n/oo"", ""n/ub"", ""n100"", ""n: 9"", ""naz,"", ""naz/"", ""nexs"", ""nfuu"", ""ngvr"", ""nkhn"", ""nlex"", ""nn-l"", ""nu?!"", ""o c2"", ""o qo"", ""o, ."", ""o.j:"", ""o/ig"", ""o/kz"", ""o? c"", ""od_g"", ""oehd"", ""og!!"", ""oh/m"", ""oh/p"", ""oi @"", ""oieu"", ""okk'"", ""on&g"", ""on*s"", ""oon*"", ""ooog"", ""opyh"", ""orbb"", ""ot-n"", ""owmi"", ""ozu-"", ""p sj"", ""p-n1"", ""p47 "", ""pa/w"", ""pav:"", ""pgar"", ""pkad"", ""pkou"", ""potm"", ""ppo?"", ""prsa"", ""ptfa"", ""puao"", ""purw"", ""pyhy"", ""pysc"", ""q-le"", ""qoga"", ""qpr "", ""r' y"", ""r/kl"", ""r/u2"", ""rbbi"", ""rei)"", ""rex?"", ""rfda"", ""rfke"", ""rjec"", ""rk $"", ""rkym"", ""rn!?"", ""rprs"", ""rr/j"", ""rs/4"", ""ruih"", ""rukw"", ""rvzi"", ""rx1!"", ""ryed"", ""rypy"", ""rz-4"", ""s k "", ""s!w "", ""s)/z"", ""s/4 "", ""s/g-"", ""s/j."", ""s/k "", ""san@"", ""sayg"", ""sctw"", ""sdju"", ""sf:u"", ""sh'b"", ""sh'k"", ""sieq"", ""slbe"", ""sm/s"", ""smo-"", ""smp-"", ""son&"", ""ss't"", ""sum4"", ""syty"", ""szoh"", ""t cn"", ""t qz"", ""t!/o"", ""t-ct"", ""t660"", ""tahc"", ""tkyc"", ""tlc/"", ""tou'"", ""trtu"", ""ts!w"", ""tubt"", ""tuf "", ""tvii"", ""tykt"", ""u 48"", ""u jp"", ""u o."", ""uaoo"", ""ub/k"", ""uca."", ""uf &"", ""ugaj"", ""uidv"", ""uk):"", ""uk-m"", ""ukwe"", ""um41"", ""ur/z"", ""urfd"", ""urfk"", ""usdj"", ""uszl"", ""uwgo"", ""uwpa"", ""uy/d"", ""uy/w"", ""v8 b"", ""v8 i"", ""va/r"", ""vaij"", ""vdog"", ""vehm"", ""vf m"", ""vi q"", ""vzil"", ""w ht"", ""w-19"", ""was)"", ""wgoa"", ""wgom"", ""wie!"", ""wmin"", ""wn/q"", ""woe?"", ""wth,"", ""wult"", ""x/cl"", ""x/gl"", ""xals"", ""xaya"", ""xcqu"", ""xenr"", ""xl l"", ""xl-5"", ""xso "", ""xt-c"", ""xta,"", ""xx/c"", ""y\"" j"", ""y/3-"", ""y/kl"", ""y/oa"", ""ya 8"", ""yd/b"", ""yjka"", ""ylsy"", ""yo'v"", ""ys/y"", ""yskj"", ""ysoh"", ""yz/m"", ""z-4?"", ""z-ex"", ""z-lo"", ""zaiz"", ""zko'"", ""zmid"", ""zouo"", ""zzqu""]",469,1,155,0.0064516129032258064
4,block_infix_fingerprint_v004.json,128,local_split_entropy_equivalence_classes,154,4,0.0,0.05,title,title,81," ""sp","["" \""sp"", ""tux ""]",2,2,155,0.012903225806451613
4,block_infix_fingerprint_v004.json,128,local_split_entropy_equivalence_classes,154,4,0.0,0.05,title,title,82, # 4,"["" # 4"", ""dy-f"", ""sor!""]",3,2,155,0.012903225806451613
4,block_infix_fingerprint_v004.json,128,local_split_entropy_equivalence_classes,154,4,0.0,0.05,title,title,83, #$&,"["" #$&"", ""#$&%"", ""$&% "", ""% is"", ""&% i"", ""bicz"", ""dx 4"", ""eidn"", ""fpar"", ""tadc"", ""utxa""]",11,2,155,0.012903225806451613
4,block_infix_fingerprint_v004.json,128,local_split_entropy_equivalence_classes,154,4,0.0,0.05,title,title,84, #*%,"["" #*%"", "" 'if"", "" (kn"", "" (p1"", "" (sr"", "" 1$ "", "" 21l"", "" 2re"", "" 57-"", "" 6 7"", "" 763"", "" 8:2"", "" @ct"", "" [15"", "" [3d"", "" [o]"", "" _ee"", "" _oo"", "" aau"", "" bm7"", "" cc7"", "" d.g"", "" ehj"", "" eyn"", "" eyy"", "" gii"", "" h5n"", "" hyk"", "" j-8"", "" juq"", "" l.n"", "" lzh"", "" mrv"", "" nrx"", "" pe?"", "" pwo"", "" q' "", "" qaz"", "" qoc"", "" r1n"", "" st*"", "" t*w"", "" tbm"", "" u67"", "" ud,"", "" v.p"", "" x11"", "" xum"", "" yi,"", "" ymo"", ""! rh"", ""#*%$"", ""#@!!"", ""$ ma"", ""$#@!"", ""%$#@"", ""&m q"", ""' 3:"", ""'78,"", ""'cir"", ""'if'"", ""'l f"", ""'lup"", ""'o g"", ""'r 7"", ""'re-"", ""'si,"", ""'tv'"", ""'tzi"", ""'unw"", ""(19-"", ""(5):"", ""(bec"", ""(det"", ""(ets"", ""(fit"", ""(p13"", ""(r.p"", ""(s. "", ""(sna"", ""(sri"", "") qu"", ""*%$#"", ""*ll "", ""*r f"", ""*t p"", ""*wn "", ""+ my"", "", #*"", ""- pj"", ""- s."", ""-- k"", ""-- l"", ""-2 i"", ""-687"", ""-8-4"", ""-9/1"", ""-bhu"", ""-cum"", ""-eif"", ""-ekh"", ""-eot"", ""-ino"", ""-lal"", ""-osu"", ""-ou "", ""-pim"", ""-ruf"", ""-skl"", ""-u-i"", ""-vak"", ""-vra"", ""-yu "", "". 09"", "". 43"", "". p'"", "".-ma"", ""...9"", ""..95"", "".34:"", "".95%"", "".a.-"", "".edu"", "".mag"", "".n.w"", "".p.y"", "".s.q"", "".t.1"", "".t.?"", "".v, "", "".v.d"", "".w.d"", "".w.r"", "".wom"", ""/3: "", ""/njp"", ""/wo/"", ""012]"", ""04.."", ""1$ m"", ""1/3:"", ""1/ma"", ""112x"", ""13-6"", ""17-f"", ""19-i"", ""192b"", ""1ptu"", ""2 04"", ""2 xi"", ""21-f"", ""21/m"", ""23 y"", ""27/2"", ""2rev"", ""3-6)"", ""3-de"", ""321/"", ""333:"", ""34 i"", ""3e g"", ""3jo5"", ""3nd3"", ""42 e"", ""4zag"", ""5 #3"", ""5): "", ""504:"", ""527:"", ""57-8"", ""590]"", ""5ta "", ""6 7/"", ""60-n"", ""666s"", ""68-9"", ""687:"", ""7-82"", ""72 x"", ""78, "", ""7ong"", ""859:"", ""8:20"", ""9-90"", ""9-ii"", ""90 &"", ""90])"", ""95% "", "": 1$"", "": 2r"", "": bt"", "": f/"", "":ect"", "":fla"", "":gen"", "":mov"", "":s:e"", "":s:s"", "":tre"", ""=amo"", ""?, l"", ""@ctu"", ""@stu"", ""[159"", ""[3d]"", ""[a]c"", ""[o]t"", ""] ar"", ""]cor"", ""]the"", ""_ th"", ""_ee "", ""_ool"", ""a (5"", ""a [3"", ""a x1"", ""a'si"", ""a. 0"", ""a.-m"", ""a/nj"", ""a192"", ""a571"", ""a]co"", ""aaph"", ""aatw"", ""aawg"", ""acih"", ""adgr"", ""adzm"", ""afjo"", ""afuj"", ""agm "", ""ahef"", ""ahyi"", ""aj-u"", ""am:s"", ""ammd"", ""an.b"", ""an.w"", ""anh-"", ""anj:"", ""anmj"", ""aolh"", ""ap-i"", ""aqf "", ""ar':"", ""arv,"", ""arxm"", ""askw"", ""ass3"", ""atz@"", ""auny"", ""awnt"", ""awya"", ""aytl"", ""b' k"", ""baog"", ""bau!"", ""bhho"", ""bhna"", ""bm72"", ""bope"", ""box3"", ""bu!."", ""c zd"", ""cadn"", ""cc7d"", ""cer="", ""ces("", ""chhh"", ""clii"", ""cowk"", ""cr1p"", ""cui."", ""culy"", ""czy-"", ""d jm"", ""d3jo"", ""d: 7"", ""da ."", ""dah:"", ""de',"", ""dfuk"", ""dku."", ""dmik"", ""dmio"", ""dniu"", ""doie"", ""dpen"", ""dz u"", ""e [o"", ""e _e"", ""e h5"", ""e r1"", ""e u6"", ""e:ge"", ""e:mo"", ""e[a]"", ""e_ t"", ""easm"", ""ec!!"", ""edod"", ""ee_ "", ""egh:"", ""eh 6"", ""ehji"", ""eiii"", ""ekt-"", ""ele$"", ""elmb"", ""emgr"", ""emjo"", ""eny."", ""eokm"", ""eozb"", ""epa:"", ""er=a"", ""erdq"", ""erpn"", ""esrt"", ""etzb"", ""eu-l"", ""ex @"", ""ex@s"", ""exju"", ""eytz"", ""f sx"", ""f: 5"", ""facl"", ""fafe"", ""fdar"", ""feac"", ""feey"", ""figk"", ""fil4"", ""fker"", ""gafj"", ""gesf"", ""gg -"", ""ghuj"", ""giiz"", ""gjad"", ""gl a"", ""gmok"", ""gn-a"", ""goht"", ""gp p"", ""gsa:"", ""gwut"", ""gy-m"", ""gz a"", ""gz l"", ""h #5"", ""h'an"", ""h'un"", ""h-bh"", ""h-h!"", ""haa!"", ""haj,"", ""hdic"", ""he _"", ""hefk"", ""hilr"", ""hivl"", ""hje "", ""hjik"", ""hjoo"", ""hlym"", ""hm 0"", ""hmim"", ""hmlo"", ""hni-"", ""hoe?"", ""hsey"", ""hvim"", ""hw h"", ""hx ("", ""hyia"", ""hysl"", ""i 02"", ""i 03"", ""i 79"", ""i 97"", ""i pw"", ""i tm"", ""i wz"", ""i'tz"", ""i-14"", ""i7on"", ""i? q"", ""i?, "", ""i] a"", ""ibi!"", ""if 2"", ""igoa"", ""igy-"", ""ihuh"", ""ii-1"", ""iizh"", ""ijdo"", ""il4z"", ""in20"", ""ioza"", ""ipub"", ""irl;"", ""is.n"", ""it:f"", ""iti]"", ""iu-p"", ""iurp"", ""iuwe"", ""ive("", ""ivuy"", ""iwoy"", ""izev"", ""j-8-"", ""j-ud"", ""j: y"", ""jamh"", ""jamy"", ""jc: "", ""jdte"", ""jevd"", ""jhau"", ""jhba"", ""jiks"", ""jiod"", ""jiot"", ""joci"", ""joza"", ""juzh"", ""k z-"", ""k-ss"", ""kee_"", ""ker$"", ""kfix"", ""kit."", ""kjim"", ""kk n"", ""kk'n"", ""kkha"", ""ko'z"", ""kphi"", ""kt-z"", ""l (u"", ""l k2"", ""l t*"", ""l-ek"", ""l.34"", ""l.n."", ""l4za"", ""la ["", ""laui"", ""leo."", ""lff:"", ""lfus"", ""li 9"", ""liil"", ""loap"", ""lpa!"", ""lrak"", ""lryg"", ""luxd"", ""luxi"", ""luzu"", ""lvys"", ""lymb"", ""lypr"", ""m 01"", ""m 3-"", ""m 71"", ""m*ll"", ""m:s:"", ""mci,"", ""meh,"", ""meoo"", ""mg/h"", ""mi't"", ""mjc:"", ""mjeh"", ""mmde"", ""moa1"", ""mok'"", ""mp2v"", ""mrg "", ""mrko"", ""mru,"", ""mrva"", ""mwad"", ""myuk"", ""n (q"", ""n [g"", ""n cc"", ""n x8"", ""n'ko"", ""n) v"", ""n.bl"", ""n.wo"", ""n201"", ""n: #"", ""n:s:"", ""naf:"", ""namz"", ""nasg"", ""ncde"", ""nd3j"", ""nda1"", ""nea)"", ""nedf"", ""nej!"", ""nejt"", ""nh-n"", ""niu-"", ""nix)"", ""nj p"", ""njhb"", ""nkph"", ""nmjo"", ""noh-"", ""nopb"", ""nr 8"", ""nrx "", ""nsyg"", ""ntmc"", ""nuh'"", ""nuih"", ""nuqa"", ""nyey"", ""nyts"", ""nywe"", ""o ls"", ""o'fi"", ""o'zi"", ""o-vr"", ""o..f"", ""o.v,"", ""o]th"", ""oa19"", ""obhn"", ""ocnj"", ""odfu"", ""ofys"", ""ogji"", ""ogz "", ""oh-g"", ""ohsc"", ""oi?,"", ""ojdt"", ""ojoz"", ""okby"", ""okfr"", ""olux"", ""omb2"", ""omg/"", ""on *"", ""on:s"", ""oo16"", ""oosg"", ""opby"", ""opeb"", ""opuy"", ""oqe "", ""or ["", ""osmj"", ""owlf"", ""ox36"", ""oxno"", ""oxyh"", ""oyfn"", ""ozwe"", ""p 'q"", ""p! 8"", ""p13-"", ""p3nd"", ""pbyg"", ""peef"", ""pf- "", ""pgez"", ""pheh"", ""phiz"", ""phw "", ""phx "", ""pi7o"", ""pin2"", ""pjur"", ""pkaj"", ""pkel"", ""po-y"", ""pokg"", ""poo1"", ""posf"", ""poxn"", ""ppsy"", ""prde"", ""prul"", ""pt-1"", ""ptl,"", ""ptyn"", ""pulz"", ""pumk"", ""purm"", ""pwob"", ""pwoj"", ""pxxx"", ""pyoj"", ""q' c"", ""q-sh"", ""qaan"", ""qaja"", ""qayn"", ""qe k"", ""qerq"", ""qf d"", ""qi -"", ""qite"", ""qiyu"", ""qoca"", ""qu' "", ""qusq"", ""r 1]"", ""r 4x"", ""r [2"", ""r _o"", ""r lz"", ""r sb"", ""r-1 "", ""r1nn"", ""r1pt"", ""r=am"", ""raj-"", ""rakw"", ""rbe'"", ""rcew"", ""rdt:"", ""re:g"", ""re=l"", ""re[a"", ""repm"", ""rfaq"", ""rikp"", ""rimw"", ""rit)"", ""rk-u"", ""rl; "", ""rmwr"", ""rncu"", ""rpni"", ""rqiy"", ""rrc "", ""rrfo"", ""rtt:"", ""rtzw"", ""rxma"", ""ryv!"", ""rzev"", ""rzii"", ""s'a "", ""s'ci"", ""s) q"", ""s.ed"", ""s.tr"", ""s3ge"", ""s:ec"", ""s:s:"", ""s:tr"", ""saaw"", ""sael"", ""saqf"", ""saxl"", ""scr1"", ""sepk"", ""sex@"", ""sexj"", ""sf-p"", ""si?."", ""sid."", ""sit."", ""sjaa"", ""sjeg"", ""sla-"", ""slc "", ""slnd"", ""sm +"", ""sm j"", ""sm*l"", ""soih"", ""sri)"", ""srnc"", ""srti"", ""ss3g"", ""st*r"", ""suea"", ""suh "", ""sukj"", ""syab"", ""szkr"", ""t xb"", ""t y."", ""t*r "", ""t*wn"", ""t, #"", ""t-9/"", ""t-za"", ""t.-1"", ""t.1."", ""t:fl"", ""tdab"", ""thm'"", ""ti] "", ""tinw"", ""tje:"", ""tjeh"", ""tnyt"", ""tov!"", ""ts.e"", ""tv' "", ""ty.2"", ""tyog"", ""tz@h"", ""tzvi"", ""u 69"", ""u tb"", ""u!.."", ""u-os"", ""u-ou"", ""ualg"", ""uax "", ""ubhh"", ""ubi."", ""ubu?"", ""udyl"", ""uh'u"", ""uhml"", ""uig."", ""uilc"", ""ujoa"", ""ulgh"", ""um-z"", ""un ["", ""unjs"", ""unkp"", ""unuy"", ""upfw"", ""ur _"", ""ure="", ""usjk"", ""usoy"", ""usqo"", ""uvae"", ""uweh"", ""uxdr"", ""uxio"", ""uyop"", ""uzlo"", ""uzyr"", ""v (m"", ""v 3e"", ""v, 2"", ""v-68"", ""va-e"", ""va-m"", ""vads"", ""vid?"", ""vngl"", ""vt n"", ""vuez"", ""vuho"", ""vurl"", ""vuty"", ""vydr"", ""vzvo"", ""w, e"", ""w.d."", ""wa/n"", ""we 1"", ""wee!"", ""wlf'"", ""wnta"", ""wolj"", ""wowz"", ""wset"", ""wu e"", ""wyam"", ""x (k"", ""x 47"", ""x @c"", ""x-no"", ""x112"", ""x360"", ""x@st"", ""xdro"", ""xe 9"", ""xfin"", ""xiuw"", ""xjun"", ""xmad"", ""xnor"", ""xyha"", ""xz l"", ""y f-"", ""yar-"", ""yayd"", ""yazy"", ""yfn "", ""ygik"", ""ykay"", ""yopu"", ""yot!"", ""yrev"", ""yweb"", ""yyub"", ""z b'"", ""z h."", ""z oj"", ""z-sk"", ""zba'"", ""zbao"", ""zdej"", ""zedz"", ""zes)"", ""zezy"", ""zgof"", ""zha-"", ""zhi-"", ""zonf"", ""zsel"", ""zutz"", ""zy-m"", ""zyrk"", ""zysp""]",830,1,155,0.0064516129032258064
4,block_infix_fingerprint_v004.json,128,local_split_entropy_equivalence_classes,154,4,0.0,0.05,title,title,85, #04,"["" #04""]",1,3,155,0.01935483870967742
4,block_infix_fingerprint_v004.json,128,local_split_entropy_equivalence_classes,154,4,0.0,0.05,title,title,86, #1',"["" #1'"", ""#1's""]",2,4,155,0.025806451612903226
4,block_infix_fingerprint_v004.json,128,local_split_entropy_equivalence_classes,154,4,0.0,0.05,title,title,87, #1),"["" #1)""]",1,3,155,0.01935483870967742
4,block_infix_fingerprint_v004.json,128,local_split_entropy_equivalence_classes,154,4,0.0,0.05,title,title,88, #1/,"["" #1/""]",1,6,155,0.03870967741935484
4,block_infix_fingerprint_v004.json,128,local_split_entropy_equivalence_classes,154,4,0.0,0.05,title,title,89, #78,"["" #78""]",1,4,155,0.025806451612903226
4,block_infix_fingerprint_v004.json,128,local_split_entropy_equivalence_classes,154,4,0.0,0.05,title,title,90, $5.,"["" $5.""]",1,5,155,0.03225806451612903
4,block_infix_fingerprint_v004.json,128,local_split_entropy_equivalence_classes,154,4,0.0,0.05,title,title,91,  br,"[""  br"", "" 0-5"", "" 16'"", "" 2-6"", "" 21?"", "" 53,"", "" 5:e"", "" bgm"", "" czi"", "" d u"", "" d''"", "" d-i"", "" dfb"", "" esd"", "" g'h"", "" i-7"", "" ie!"", "" m r"", "" nw "", "" oc:"", "" ps!"", "" r e"", "" sh#"", ""! dy"", ""! kv"", ""!!? "", ""!/en"", ""#118"", ""#119"", ""#155"", ""#189"", ""#203"", ""#212"", ""#214"", ""#229"", ""#235"", ""#252"", ""#253"", ""#260"", ""#280"", ""#282"", ""#287"", ""#289"", ""#292"", ""#299"", ""#301"", ""#304"", ""#318"", ""#328"", ""#330"", ""#332"", ""#345"", ""#353"", ""#364"", ""#367"", ""#368"", ""#375"", ""#379"", ""#381"", ""#387"", ""#390"", ""#409"", ""#418"", ""#433"", ""#441"", ""#445"", ""#447"", ""#483"", ""#486"", ""#492"", ""#496"", ""#497"", ""#499"", ""#509"", ""#516"", ""#520"", ""#528"", ""#535"", ""#541"", ""#547"", ""#548"", ""#551"", ""#553"", ""#848"", ""#854"", ""#856"", ""#863"", ""#868"", ""#877"", ""#890"", ""#895"", ""#897"", ""#898"", ""#90 "", ""#903"", ""#910"", ""#911"", ""#912"", ""#913"", ""#919"", ""#921"", ""#925"", ""#942"", ""#943"", ""#944"", ""#96 "", ""#973"", ""#982"", ""#t t"", ""& gn"", ""& ok"", ""&c p"", ""''em"", ""'61/"", ""'fus"", ""'jup"", ""'or'"", ""(gua"", ""(h)a"", ""(t)i"", "")aus"", "")iss"", ""*fig"", "", e!"", ""- 'v"", ""-4 d"", ""-9 q"", ""-eki"", ""-f a"", ""-iq/"", ""-nyt"", ""-oxi"", ""..tv"", "".28:"", "".jin"", "".pop"", ""/'ti"", ""/*fi"", ""/10-"", ""/bop"", ""/cei"", ""/dac"", ""/ied"", ""/jis"", ""/mya"", ""/pte"", ""/t.r"", ""0 xs"", ""0-5 "", ""00 x"", ""00x "", ""010'"", ""05 i"", ""0x f"", ""1) g"", ""1/01"", ""1/do"", ""100g"", ""100x"", ""11/d"", ""16' "", ""189 "", ""1:08"", ""2-ny"", ""252 "", ""260 "", ""280,"", ""282 "", ""292 "", ""304 "", ""367 "", ""368 "", ""379 "", ""390 "", ""4 is"", ""409 "", ""41 '"", ""424 "", ""433 "", ""445 "", ""46 g"", ""483 "", ""488 "", ""496 "", ""497 "", ""5' n"", ""509 "", ""50:5"", ""535 "", ""541 "", ""547 "", ""553 "", ""5:e "", ""6' w"", ""61/o"", ""64 i"", ""70 k"", ""78 u"", ""8 sn"", "": 54"", "":e k"", ""? & "", ""? mr"", ""?' g"", ""?/ov"", ""a d:"", ""aa-d"", ""aal!"", ""ad 0"", ""ad'a"", ""adci"", ""afzo"", ""aiod"", ""an3'"", ""auws"", ""bchl"", ""bdo'"", ""bgm "", ""bor."", ""bozl"", ""bse-"", ""c*ol"", ""c-wr"", ""ca/e"", ""camf"", ""cioj"", ""ck!'"", ""ckhi"", ""cs/n"", ""cue)"", ""czif"", ""d 05"", ""d''e"", ""d'fu"", ""d.de"", ""d/up"", ""d23'"", ""da!/"", ""dadc"", ""dbuy"", ""dcip"", ""df-s"", ""doh!"", ""dr.j"", ""dr0n"", ""dr2-"", ""ds?!"", ""dubw"", ""duid"", ""duzh"", ""dv p"", ""dye!"", ""e&c "", ""e- &"", ""e/mm"", ""e/pt"", ""ec*o"", ""eddr"", ""eg ."", ""eid-"", ""ejdm"", ""ejsm"", ""em?'"", ""eooh"", ""ep/9"", ""ep/k"", ""epsg"", ""euor"", ""ewtv"", ""ex!/"", ""ez-o"", ""f rr"", ""f-fo"", ""f-so"", ""f/'t"", ""f?' "", ""fan3"", ""fde'"", ""ff/'"", ""fgep"", ""fhua"", ""foy,"", ""ftlm"", ""fup?"", ""g  b"", ""g'ha"", ""gm o"", ""h 'a"", ""h#t "", ""h)au"", ""h-tr"", ""h/nu"", ""hkot"", ""hl '"", ""hl-v"", ""hny-"", ""ho?!"", ""hrth"", ""htpi"", ""hy '"", ""i+ j"", ""i-70"", ""i-iq"", ""i/ie"", ""i/ob"", ""i/um"", ""if?'"", ""ijp/"", ""ikh:"", ""il ."", ""ilgh"", ""ili+"", ""innw"", ""inqt"", ""ip/l"", ""iq/p"", ""irfe"", ""ixbr"", ""ixim"", ""jaxe"", ""jkto"", ""jlsk"", ""jp/p"", ""js 2"", ""jsmu"", ""kotf"", ""ku'b"", ""kuhg"", ""l -r"", ""l 0-"", ""l 2-"", ""li+ "", ""lig'"", ""lip."", ""llck"", ""lmli"", ""lsva"", ""lytv"", ""lzuc"", ""m k3"", ""md k"", ""me/1"", ""mim!"", ""mlia"", ""mn!!"", ""mpmo"", ""n-ek"", ""n.de"", ""n/*f"", ""n3's"", ""nah."", ""nec*"", ""neuo"", ""ng  "", ""nmij"", ""nqta"", ""nw w"", ""nyu/"", ""o 4,"", ""o rx"", ""o!!?"", ""o-ox"", ""o/om"", ""oagg"", ""oam?"", ""obly"", ""ocst"", ""oe?!"", ""oekz"", ""ohl!"", ""oja?"", ""olml"", ""opth"", ""or*o"", ""oth)"", ""ow-k"", ""p/91"", ""p/k-"", ""pabz"", ""pcw "", ""pf-f"", ""pi-d"", ""po'b"", ""psog"", ""ptfi"", ""q/pr"", ""qta "", ""r-27"", ""r.ji"", ""r0ne"", ""r2-n"", ""rd-t"", ""rd.d"", ""rez)"", ""rfup"", ""rilg"", ""rixb"", ""ro'?"", ""rr/n"", ""rstg"", ""rulp"", ""rygn"", ""rz-d"", ""rz-h"", ""rzkr"", ""s df"", ""s!/e"", ""s!/o"", ""s/rh"", ""sacj"", ""sc 4"", ""sh#t"", ""sho*"", ""sly-"", ""ssth"", ""sy/w"", ""syu!"", ""t 2c"", ""t)is"", ""t/k-"", ""t/m."", ""t/o."", ""t/ts"", ""tad?"", ""tb's"", ""tfui"", ""tkip"", ""tlc,"", ""toag"", ""tor*"", ""touo"", ""ttdi"", ""tzso"", ""u!/i"", ""u's/"", ""u/d2"", ""ufsb"", ""uord"", ""uttd"", ""uyl "", ""v-id"", ""vad,"", ""vem,"", ""voph"", ""w vr"", ""w-ku"", ""w.mo"", ""wn/*"", ""ww t"", ""x!/n"", ""xa q"", ""xbru"", ""xt-a"", ""y 78"", ""y? &"", ""ya/m"", ""ygim"", ""ympr"", ""yo/f"", ""yu/d"", ""z-do"", ""z-hi"", ""z-om"", ""zit/"", ""zsoh"", ""zudr"", ""zvia"", ""zymp"", ""zzhi""]",469,1,155,0.0064516129032258064
4,block_infix_fingerprint_v004.json,128,local_split_entropy_equivalence_classes,154,4,0.0,0.05,title,title,92, ! o,"["" ! o"", "" 'j'"", "" 8-j"", "" d/j"", "" edt"", "" f-l"", "" hdn"", "" jlo"", "" k11"", "" kt "", "" o.w"", "" qpr"", "" vj'"", "" x/l"", "" xps"", ""!/tv"", ""#fml"", ""$avi"", ""& '8"", ""& 'r"", ""' 4-"", ""'-re"", ""'fao"", ""'huc"", ""'j' "", ""(p.m"", ""(unl"", ""(x)i"", "")ist"", ""*n m"", ""--wh"", ""-08b"", ""-e/c"", ""-fek"", ""-l-p"", ""-ova"", ""./fo"", ""./li"", "".t.p"", "".w.l"", ""/'ps"", ""/1/2"", ""/c'm"", ""/ezr"", ""/foy"", ""/ibs"", ""/jls"", ""/lsu"", ""/unj"", ""/xti"", ""01's"", ""1's!"", ""1/ep"", ""100a"", ""101'"", ""101a"", ""103a"", ""103b"", ""106a"", ""109a"", ""115a"", ""118a"", ""122b"", ""124b"", ""135t"", ""2(x)"", ""210'"", ""251 "", ""2d h"", ""2xl/"", ""3th/"", ""4/05"", ""44 y"", ""5/1/"", ""500?"", ""78-t"", ""8-ju"", ""8th?"", ""= mu"", ""@ss "", ""a/ls"", ""a398"", ""actz"", ""art\"""", ""ba-3"", ""bad@"", ""bbq-"", ""bc &"", ""bdei"", ""bq-s"", ""c xm"", ""cc g"", ""ch $"", ""cki/"", ""cmun"", ""cne/"", ""cpap"", ""ctzo"", ""cyry"", ""d d*"", ""d! e"", ""d/jl"", ""d/xt"", ""d@ss"", ""dkim"", ""drri"", ""dz j"", ""e hd"", ""e k1"", ""e-t,"", ""e/ez"", ""e/ow"", ""ea/w"", ""ed/x"", ""elu'"", ""erp!"", ""ew !"", ""ex/y"", ""ey:p"", ""f jy"", ""f-ov"", ""f/of"", ""faol"", ""fc q"", ""fo'-"", ""fth/"", ""g/ey"", ""gg/j"", ""h $a"", ""h bd"", ""hev?"", ""himf"", ""hit?"", ""hmm "", ""hr/t"", ""hy-f"", ""i./f"", ""il/v"", ""imfe"", ""imvi"", ""iq l"", ""is!/"", ""iz/m"", ""j' f"", ""j-mo"", ""jicl"", ""jr/o"", ""jyne"", ""k d/"", ""k ib"", ""k' &"", ""k/'p"", ""kb b"", ""ky 5"", ""l ft"", ""l/ib"", ""l/ll"", ""l/os"", ""lfak"", ""lk' "", ""lozt"", ""lys."", ""m 6t"", ""mct "", ""mmsd"", ""my-m"", ""my.c"", ""n-z "", ""n140"", ""ngrw"", ""ni/r"", ""ns--"", ""nwc'"", ""o'-r"", ""owuk"", ""p 06"", ""pax!"", ""pocy"", ""q-st"", ""r-os"", ""r/om"", ""rdki"", ""rdu'"", ""rjic"", ""roz/"", ""rrfu"", ""rvy'"", ""rwif"", ""s x/"", ""s--w"", ""s-e/"", ""sal)"", ""sco?"", ""sef/"", ""sk-k"", ""t 5/"", ""t qp"", ""tapd"", ""tawm"", ""tei'"", ""towu"", ""u.o."", ""uadc"", ""ue/j"", ""ulux"", ""un14"", ""urhm"", ""us/1"", ""v if"", ""vj's"", ""vonv"", ""w ! "", ""w ug"", ""wc's"", ""wniu"", ""woah"", ""ww f"", ""wye:"", ""x bf"", ""x)is"", ""x/yo"", ""xber"", ""xl/o"", ""xon?"", ""xps/"", ""y 8t"", ""y hm"", ""y:pa"", ""yelc"", ""yfug"", ""yk/'"", ""yryx"", ""zik'"", ""zmop"", ""zyk/"", ""zzyn""]",236,1,155,0.0064516129032258064
4,block_infix_fingerprint_v004.json,128,local_split_entropy_equivalence_classes,154,4,0.0,0.05,title,title,93, !!!,"["" !!!"", "" '15"", "" - $"", "" 21h"", "" 3d."", "" 41?"", "" 6,5"", "" 8'4"", "" [bi"", "" a't"", "" cja"", "" d12"", "" e '"", "" esn"", "" icu"", "" if,"", "" iia"", "" jj'"", "" l.m"", "" llp"", "" n 4"", "" n 6"", "" n 8"", "" nxh"", "" ocl"", "" rrp"", "" vdb"", "" wc:"", "" x20"", ""#$*!"", ""#*%e"", ""#180"", ""#3 n"", ""$*! "", ""'22 "", ""'43 "", ""'ku "", ""'n't"", ""'nov"", ""'pee"", ""'t 2"", ""'t 7"", ""(a n"", ""(a)m"", ""(doe"", ""(e n"", ""(fus"", ""(he)"", ""(r) "", ""(tap"", "")art"", "")mor"", "")nib"", ""*! d"", ""*%ed"", "", 3!"", "", rn"", "",5 r"", ""- $5"", ""- (t"", ""- 35"", ""-- j"", ""---?"", ""-5-2"", ""-864"", ""-@#*"", ""-ebi"", ""-gly"", ""-gwy"", ""-kgb"", ""-kke"", ""-po "", ""-pyt"", ""-syl"", ""-vst"", ""-wyd"", ""-yvo"", ""-zaa"", "". !!"", "". jf"", "". oy"", "".. !"", "".fur"", "".me."", "".mob"", "".re."", "".s.."", "".sor"", "".woh"", ""/113"", ""/heu"", ""/hie"", ""/m f"", ""/ucc"", ""2 '1"", ""2 oo"", ""203:"", ""22 '"", ""3 '2"", ""355:"", ""358:"", ""361:"", ""3max"", ""5 uo"", ""6,5 "", ""64-2"", ""7nin"", ""8'47"", ""821 "", ""864:"", ""942."", ""992?"", "": d1"", "": m*"", "":003"", ""; 3 "", ""@#*%"", ""@men"", ""[bil"", ""_427"", ""a nb"", ""a$: "", ""a'to"", ""a)mo"", ""a-vs"", ""a/uc"", ""absv"", ""af-o"", ""ahh:"", ""ahhs"", ""ahht"", ""aj 9"", ""ajh "", ""alvy"", ""an'w"", ""an-v"", ""apny"", ""as_4"", ""aua,"", ""auah"", ""awy."", ""b! c"", ""b? a"", ""bat."", ""bawh"", ""be'm"", ""bgas"", ""br d"", ""buxb"", ""c '0"", ""c 38"", ""c 94"", ""c 95"", ""c 96"", ""c 97"", ""c-py"", ""caaa"", ""cce$"", ""ce$s"", ""cgog"", ""chn!"", ""cjas"", ""ckik"", ""cpro"", ""csva"", ""ct!:"", ""d '?"", ""d (#"", ""d g7"", ""d p "", ""d rr"", ""d vk"", ""den]"", ""dfos"", ""dhyo"", ""dl r"", ""dmuk"", ""dmy'"", ""drua"", ""ds)."", ""dsno"", ""dub?"", ""dyaa"", ""dyok"", ""dzhb"", ""e y2"", ""e)ar"", ""e-@#"", ""e7ni"", ""e:00"", ""e? 5"", ""e? 6"", ""e? 7"", ""eak)"", ""ee7n"", ""egt?"", ""egvu"", ""eho!"", ""eioe"", ""ejo-"", ""eki2"", ""el.m"", ""el_0"", ""elb,"", ""em; "", ""eno)"", ""eny!"", ""ep07"", ""est~"", ""et'k"", ""euad"", ""ewmi"", ""ezwo"", ""f 33"", ""f 3c"", ""fa-i"", ""fadg"", ""fct:"", ""fe-y"", ""fodo"", ""fs 6"", ""fto?"", ""g hd"", ""g s/"", ""g44:"", ""gaap"", ""gby?"", ""geue"", ""gixe"", ""gly,"", ""gps?"", ""gveg"", ""gzez"", ""h-wy"", ""hah'"", ""hdoj"", ""he)a"", ""hfe-"", ""hfeh"", ""hgip"", ""hhoy"", ""hk v"", ""hle:"", ""hr3e"", ""hsot"", ""hupl"", ""hy q"", ""i 6,"", ""i cj"", ""i e,"", ""i-kk"", ""i2 -"", ""iahu"", ""ias_"", ""icpr"", ""idsn"", ""idy/"", ""ieom"", ""ijgz"", ""ijod"", ""imb."", ""inqi"", ""iol@"", ""ir ["", ""ir.1"", ""isqv"", ""ita$"", ""itrv"", ""iuaq"", ""iuuu"", ""izez"", ""iztl"", ""j 99"", ""jahh"", ""jce "", ""jf g"", ""jgze"", ""jjhu"", ""jr 2"", ""jwaa"", ""k's,"", ""k025"", ""kg 9"", ""kg u"", ""khso"", ""ki2 "", ""kme-"", ""kooy"", ""kr e"", ""ksov"", ""l'si"", ""l.mo"", ""lb, "", ""le:0"", ""led5"", ""lem;"", ""lev."", ""lizt"", ""lki!"", ""lmc "", ""lmu."", ""lnuk"", ""lsle"", ""lum."", ""lva!"", ""lybn"", ""m cn"", ""m cv"", ""m jy"", ""m'ex"", ""m-kg"", ""may?"", ""me-@"", ""mfi "", ""mgid"", ""mjum"", ""mo!!"", ""mok?"", ""mpf:"", ""ms-p"", ""mshc"", ""mukb"", ""mv 6"", ""n 7a"", ""n.fu"", ""n; 3"", ""n? 4"", ""nc '"", ""ncsv"", ""ne.n"", ""nelp"", ""nes$"", ""ng44"", ""ngyb"", ""nh a"", ""njax"", ""nkfy"", ""nkym"", ""nmaf"", ""nolf"", ""nty1"", ""nu-s"", ""numj"", ""nxhe"", ""ny.h"", ""nyfo"", ""o-eb"", ""o-oa"", ""o-os"", ""o.so"", ""o3ma"", ""oaas"", ""oapw"", ""odi?"", ""odmu"", ""ombw"", ""ooym"", ""op) "", ""opiz"", ""opp."", ""orfn"", ""orp!"", ""osru"", ""otef"", ""oxdo"", ""oxx?"", ""p 'l"", ""p 4x"", ""p uw"", ""p) f"", ""p07 "", ""paoh"", ""peu."", ""pho?"", ""pi-g"", ""pnoy"", ""powl"", ""pp. "", ""psag"", ""pu 5"", ""pyry"", ""q1-4"", ""qipr"", ""qnar"", ""qvil"", ""r [b"", ""r dx"", ""r) u"", ""r-mc"", ""r.1."", ""raf-"", ""rafc"", ""rdi)"", ""rdi?"", ""ree7"", ""rfa-"", ""rfna"", ""rgsa"", ""rkss"", ""rnc "", ""rnu-"", ""rooa"", ""rrp "", ""rshp"", ""rt-8"", ""rtgy"", ""rub,"", ""ruuz"", ""rvo'"", ""rvvi"", ""rygv"", ""rzzo"", ""s 8'"", ""s'n'"", ""s). "", ""s? u"", ""s_42"", ""siua"", ""sk-o"", ""sotl"", ""sqvi"", ""st-1"", ""st~b"", ""suod"", ""suzk"", ""t jj"", ""t q'"", ""t): "", ""t-8:"", ""t-yv"", ""t.wo"", ""ta$:"", ""ta/e"", ""tat;"", ""tbe'"", ""ten@"", ""tgys"", ""thez"", ""ti 5"", ""tk02"", ""tkyr"", ""tlmc"", ""tnn'"", ""tokm"", ""tosq"", ""toxd"", ""tr(a"", ""trne"", ""trvv"", ""ts'n"", ""tt):"", ""ttew"", ""ttv:"", ""tu(a"", ""tuzp"", ""tv8 "", ""tvap"", ""tvif"", ""tvof"", ""tvtt"", ""ty12"", ""tyfe"", ""t~bo"", ""u #8"", ""u(a)"", ""u-16"", ""u-86"", ""u.h."", ""u/k-"", ""u701"", ""ub? "", ""udy;"", ""ue(r"", ""ue-v"", ""ujjh"", ""umgi"", ""un.f"", ""uqna"", ""urng"", ""utt)"", ""uum)"", ""uurn"", ""uuul"", ""uuzu"", ""uxau"", ""uxbu"", ""uyay"", ""uydc"", ""uyui"", ""uzke"", ""uzoe"", ""uzpr"", ""uzvi"", ""v-di"", ""v-fe"", ""v-jo"", ""v-ju"", ""v615"", ""v8 m"", ""va'y"", ""vaac"", ""vai!"", ""vamh"", ""vdb "", ""vdl "", ""vel_"", ""viff"", ""vifr"", ""viuu"", ""vivs"", ""vloc"", ""vmv "", ""vo3m"", ""vock"", ""vofo"", ""vtr "", ""vtto"", ""vue-"", ""vur,"", ""vyki"", ""vzlo"", ""w e "", ""w ry"", ""w-rh"", ""wa 9"", ""wa.r"", ""wae?"", ""waok"", ""wc-p"", ""wd &"", ""wdec"", ""we ("", ""wes-"", ""winm"", ""wo-o"", ""wy. "", ""wyde"", ""x-14"", ""x20 "", ""x4 w"", ""xaua"", ""xdol"", ""xen!"", ""xhet"", ""xl o"", ""xor:"", ""xotx"", ""y.hu"", ""yce?"", ""ydco"", ""yfop"", ""yirt"", ""ykru"", ""yksa"", ""yloz"", ""ynca"", ""yo.s"", ""yryz"", ""yvep"", ""zapn"", ""zear"", ""zeh,"", ""zolv"", ""zos-"", ""ztse"", ""ztyk"", ""zvut"", ""zyly"", ""~bou""]",569,1,155,0.0064516129032258064
4,block_infix_fingerprint_v004.json,128,local_split_entropy_equivalence_classes,154,4,0.0,0.05,title,title,94, !@#,"["" !@#"", "" 'ig"", "" -el"", "" 0 2"", "" 19d"", "" 32)"", "" 3dn"", "" 3so"", "" 40g"", "" 5-i"", "" 5-j"", "" 57)"", "" 5:2"", "" 70m"", "" 75!"", "" 8 8"", "" [oo"", "" b.g"", "" b.t"", "" bo,"", "" c4 "", "" dj-"", "" ea'"", "" eu)"", "" f'i"", "" fmi"", "" h i"", "" hma"", "" img"", "" msa"", "" ngw"", "" o10"", "" p-n"", "" p90"", "" pr'"", "" qvr"", "" scz"", "" t-e"", "" uaw"", "" uz."", "" vbs"", "" xv-"", "" z.k"", "" {pa"", ""! (j"", ""!@#$"", ""# 15"", ""#$%^"", ""#$in"", ""$ da"", ""$$'$"", ""$%^&"", ""$'$ "", ""$ing"", ""% 70"", ""%^&*"", ""&*!i"", ""&chl"", ""&dau"", ""'$ d"", ""'-ie"", ""'apc"", ""'kak"", ""'mib"", ""'no?"", ""'o a"", ""'sbu"", ""'wip"", ""'zah"", ""(4):"", ""(abu"", ""(d) "", ""(e a"", ""(hab"", ""(hyd"", ""(jon"", ""(nat"", ""(o u"", ""(sua"", "") i "", "") ve"", "", o-"", "",9 o"", ""-008"", ""-009"", ""-047"", ""-3 ("", ""-ail"", ""-bi,"", ""-dhi"", ""-fua"", ""-ig?"", ""-ii "", ""-iim"", ""-n b"", ""-ppe"", ""-se)"", ""-u-t"", ""-ume"", ""-vec"", ""-vya"", ""-weo"", ""-xvi"", "". '0"", "". gq"", "". h "", "". tn"", "".-ni"", "".2 4"", "".30."", "".fiv"", "".i-l"", "".i.-"", "".ted"", "".two"", "".z: "", ""/suf"", ""0 eo"", ""0% 7"", ""017 "", ""028:"", ""03 v"", ""057a"", ""0:28"", ""0:54"", ""0boy"", ""0gye"", ""1 'c"", ""1,55"", ""17,9"", ""19de"", ""1o a"", ""2 4x"", ""250b"", ""2:36"", ""2k10"", ""2k13"", ""2ohh"", ""2one"", ""3 (1"", ""3 km"", ""3-to"", ""33-2"", ""36am"", ""3dna"", ""3s f"", ""3s: "", ""40gy"", ""47, "", ""5-96"", ""5-ig"", ""50bo"", ""54,5"", ""57ad"", ""58:1"", ""5:22"", ""7 0 "", ""7 cu"", ""7, y"", ""7,9 "", ""70mm"", ""8 8 "", ""8) m"", ""8:17"", ""9 ku"", ""9 o1"", ""9 ob"", ""920!"", ""947,"", ""95-2"", ""95-9"", ""999?"", "": 5-"", "": rc"", "":17,"", "":36a"", "":54,"", "":fut"", ""; ru"", ""@ br"", ""@#$%"", ""@#$i"", ""[dis"", ""[ooc"", ""^&*!"", ""a&ch"", ""a) s"", ""a.z:"", ""aa ("", ""aazj"", ""ac(h"", ""aczc"", ""adi$"", ""ah; "", ""aiks"", ""ajpr"", ""ajsu"", ""ak #"", ""amnu"", ""anmm"", ""aoos"", ""aot?"", ""aseq"", ""at-y"", ""atjh"", ""augo"", ""aurn"", ""av-o"", ""avbr"", ""awza"", ""axhu"", ""ay40"", ""ayju"", ""aym "", ""azdg"", ""a~jo"", ""b 3'"", ""b hy"", ""b'on"", ""baey"", ""bfus"", ""bjal"", ""bk: "", ""bom'"", ""bown"", ""brii"", ""bslu"", ""c(hy"", ""c-at"", ""c-il"", ""c212"", ""c4 p"", ""c5: "", ""c[di"", ""ce !"", ""cef-"", ""chht"", ""cimd"", ""cneb"", ""czce"", ""czez"", ""d 3-"", ""d vb"", ""d-sy"", ""davb"", ""day4"", ""ddiv"", ""di$e"", ""dj-s"", ""do'a"", ""duvn"", ""duzo"", ""dwo."", ""dyah"", ""e !@"", ""e c4"", ""e p:"", ""e vk"", ""e'ho"", ""e-pp"", ""e.tw"", ""ec-i"", ""ed +"", ""ef 0"", ""ef-k"", ""egdj"", ""eghd"", ""egts"", ""ei!."", ""eilr"", ""eji,"", ""eji?"", ""ek '"", ""ekdy"", ""enyf"", ""eohu"", ""eosf"", ""er {"", ""erfc"", ""erm)"", ""ers&"", ""ervc"", ""erxo"", ""esml"", ""etns"", ""etoq"", ""etz-"", ""eusj"", ""ewdz"", ""exge"", ""ext2"", ""eyih"", ""ezhp"", ""ezi:"", ""e} s"", ""f 4t"", ""f 64"", ""f'in"", ""f@#$"", ""fay:"", ""fbus"", ""feei"", ""ffca"", ""figt"", ""fmil"", ""fos,"", ""fteo"", ""ftor"", ""fzil"", ""g cv"", ""g-or"", ""gak'"", ""gan;"", ""gga."", ""ggud"", ""ghi,"", ""gin("", ""gioo"", ""gna?"", ""goeh"", ""grex"", ""gthy"", ""gtri"", ""gyio"", ""h 66"", ""h p-"", ""h yy"", ""h'ol"", ""h. 4"", ""ha&c"", ""hah,"", ""hbaa"", ""hbii"", ""hdey"", ""hey;"", ""hhta"", ""himr"", ""hoap"", ""hof,"", ""hoi'"", ""hr- "", ""hrgi"", ""htuk"", ""huh,"", ""huk-"", ""hyah"", ""hybs"", ""i nk"", ""i'cl"", ""i-xv"", ""i.-n"", ""ibt!"", ""ie 0"", ""iekz"", ""iewd"", ""ifo)"", ""ig #"", ""iice"", ""iimb"", ""ilfb"", ""ilfz"", ""ilkt"", ""ilt)"", ""ilwi"", ""ing2"", ""ioe "", ""iqev"", ""ist]"", ""isye"", ""itj "", ""itls"", ""iu 1"", ""iv ("", ""ivso"", ""ivuc"", ""ivy!"", ""ivza"", ""ix-3"", ""iya~"", ""iyny"", ""izzn"", ""j lj"", ""j yo"", ""jots"", ""jozy"", ""jpre"", ""jsul"", ""jtot"", ""juaz"", ""kdil"", ""kel."", ""khbi"", ""kkym"", ""kluf"", ""km.6"", ""koc "", ""kod:"", ""kt- "", ""ktoa"", ""ktod"", ""kuac"", ""kumv"", ""kylu"", ""kzaa"", ""l 5-"", ""l'-i"", ""l-dh"", ""l.2 "", ""lacv"", ""lao,"", ""lbwi"", ""leiz"", ""lfbu"", ""lhoi"", ""ljod"", ""ll'-"", ""lmeh"", ""loiy"", ""lpa:"", ""lput"", ""lteo"", ""ly~t"", ""lzno"", ""m 4d"", ""m xm"", ""m'sb"", ""m.66"", ""masg"", ""maxh"", ""mbk:"", ""mc i"", ""mc5:"", ""mcci"", ""mcid"", ""mdi?"", ""mdoe"", ""mduk"", ""medc"", ""memr"", ""mexm"", ""mezs"", ""mfic"", ""mia-"", ""mivz"", ""mjit"", ""mjmw"", ""mk u"", ""mklo"", ""mkuz"", ""mni'"", ""moft"", ""mokp"", ""mom2"", ""momj"", ""mor("", ""moxo"", ""mpd "", ""mpix"", ""mr.i"", ""mra:"", ""msef"", ""mstk"", ""mtmo"", ""mu 3"", ""muax"", ""mugc"", ""muph"", ""muxe"", ""muyy"", ""muz)"", ""mxpw"", ""myct"", ""mzes"", ""n e3"", ""n p9"", ""n s&"", ""n'dj"", ""n'ka"", ""n'oa"", ""n-id"", ""n-ii"", ""n-od"", ""n.l."", ""n58:"", ""nabj"", ""nawz"", ""nayj"", ""nb -"", ""ncah"", ""ne2o"", ""nfa:"", ""nfft"", ""ngoy"", ""nixx"", ""nmma"", ""nno'"", ""nogn"", ""noou"", ""npt:"", ""npti"", ""nsb "", ""ntph"", ""numy"", ""nus)"", ""nuyr"", ""nx 2"", ""nx 3"", ""nxl "", ""o 4o"", ""o 5o"", ""o$$'"", ""o.fi"", ""o10:"", ""oab:"", ""oas,"", ""obfu"", ""oc 0"", ""ocik"", ""oda;"", ""oesb"", ""offc"", ""ogr:"", ""ohm:"", ""oi'c"", ""oiim"", ""oirl"", ""ojiv"", ""omji"", ""onkf"", ""onpt"", ""onuf"", ""ooan"", ""ooc]"", ""ooun"", ""oqee"", ""or(d"", ""os!)"", ""osc["", ""ose8"", ""oshw"", ""ot2:"", ""ovif"", ""ovsy"", ""owl."", ""ozfe"", ""p ua"", ""p-04"", ""p.1."", ""p903"", ""pab:"", ""pac("", ""pah;"", ""pamn"", ""paot"", ""papk"", ""pau:"", ""pauf"", ""pcaz"", ""pep:"", ""ph 1"", ""plao"", ""pnav"", ""pnun"", ""pptu"", ""pr' "", ""psec"", ""ptsy"", ""pym "", ""qvri"", ""r 56"", ""r mk"", ""r t'"", ""r {p"", ""r(d)"", ""r.i-"", ""r.te"", ""r3s:"", ""ragy"", ""rarw"", ""rav-"", ""re-z"", ""re} "", ""rfct"", ""ricz"", ""riic"", ""rluq"", ""rm) "", ""rmkl"", ""rn 9"", ""rojm"", ""rs&d"", ""rsu."", ""rt +"", ""rthg"", ""rvci"", ""rvje"", ""rxor"", ""ryz "", ""s [h"", ""s jm"", ""s&da"", ""s) n"", ""s.aa"", ""sb b"", ""sc[d"", ""scze"", ""sec-"", ""smlu"", ""snmo"", ""sopg"", ""sozr"", ""ss 0"", ""ss.a"", ""st:f"", ""stlf"", ""stsv"", ""su.c"", ""syem"", ""syrm"", ""syzi"", ""t -e"", ""t 5p"", ""t qv"", ""t-yi"", ""t:fu"", ""tapn"", ""tgau"", ""th?'"", ""tha&"", ""tidg"", ""tiey"", ""tj y"", ""tjae"", ""tjha"", ""tjoy"", ""tlfe"", ""tloy"", ""tlst"", ""tngi"", ""tni,"", ""toqe"", ""tv2:"", ""tzuv"", ""u 1,"", ""u 1o"", ""u l."", ""u yg"", ""uaw-"", ""uaxi"", ""uazn"", ""ujae"", ""uk-f"", ""ukhb"", ""uks'"", ""uksn"", ""ul 9"", ""uly~"", ""upnu"", ""upy!"", ""ure}"", ""usnm"", ""ut-g"", ""uti?"", ""uva!"", ""uvny"", ""uyrk"", ""uyyi"", ""uzez"", ""uzh)"", ""v (d"", ""v 1s"", ""v-xv"", ""v20:"", ""v2: "", ""vafy"", ""vai?"", ""vbru"", ""vchy"", ""veih"", ""vez)"", ""vi-x"", ""vidv"", ""vifu"", ""vkhe"", ""vlo:"", ""vmaj"", ""voas"", ""vp 2"", ""vrao"", ""vriv"", ""vsac"", ""vsop"", ""vyu,"", ""vza "", ""w-fo"", ""wie)"", ""wlus"", ""wo. "", ""wo.f"", ""wyto"", ""wzad"", ""x 4."", ""x-3 "", ""xges"", ""xi'n"", ""xivi"", ""xpx:"", ""xt21"", ""xtiz"", ""xv-x"", ""xvi-"", ""y 7)"", ""y 97"", ""y d-"", ""y f@"", ""y-vy"", ""y40:"", ""y; a"", ""yaay"", ""yalw"", ""yar!"", ""yauh"", ""yaun"", ""ya~j"", ""yc21"", ""ycii"", ""yd j"", ""ye-p"", ""yeuh"", ""yhno"", ""yihi"", ""yjud"", ""yluo"", ""ymiy"", ""yte?"", ""yyig"", ""yyun"", ""yzit"", ""y~ti"", ""z xp"", ""z zg"", ""z-eu"", ""zdge"", ""zek)"", ""zez-"", ""zfer"", ""zh -"", ""zh e"", ""zhpl"", ""zifu"", ""zil)"", ""zki:"", ""zod,"", ""zoir"", ""zom,"", ""zreu"", ""zukr"", ""zzre"", ""{pas"", ""} si"", ""~jou"", ""~tic""]",762,1,155,0.0064516129032258064
4,block_infix_fingerprint_v004.json,128,local_split_entropy_equivalence_classes,154,4,0.0,0.05,title,title,95," ""..","["" \"".."", "" 'y "", "" -op"", "" 11*"", "" 12b"", "" 2.p"", "" 3.t"", "" 30e"", "" 53o"", "" 86>"", "" [ro"", "" a18"", "" a94"", "" afh"", "" awu"", "" cne"", "" e 8"", "" e.k"", "" esv"", "" f 2"", "" gfu"", "" h-i"", "" kix"", "" lji"", "" nlq"", "" o.-"", "" qbe"", "" qel"", "" qvc"", "" s'w"", "" si)"", "" su$"", "" tvd"", "" v49"", "" vuv"", "" wg."", "" x +"", "" xaj"", "" ydm"", "" z 9"", "" z-3"", ""! 35"", ""! 4."", ""!' i"", ""\"" ci"", ""\""..."", ""$exo"", ""& 92"", ""& dp"", ""& fj"", ""&cce"", ""&jan"", ""' '0"", ""'72 "", ""'anz"", ""'otr"", ""'rau"", ""'roe"", ""'tyl"", ""(& m"", ""(bun"", ""(dob"", ""(e)n"", ""(sco"", "")it("", ""* cu"", ""* ma"", ""* ob"", ""*lin"", ""+ ew"", "", qe"", ""- 1,"", ""- 9."", ""-2-a"", ""-adi"", ""-anu"", ""-eeu"", ""-erm"", ""-hi-"", ""-huz"", ""-i-g"", ""-je?"", ""-l.-"", ""-ofw"", ""-pei"", ""-v s"", ""-wip"", "". '8"", "". -o"", "". 76"", "". f "", "".\"" c"", "".+u."", "".-l."", "".-li"", "".-vr"", "".che"", "".d.1"", "".q.-"", "".s.\"""", "".u ("", "".uno"", ""/5. "", ""0-ig"", ""06 ("", ""1 : "", ""1 ul"", ""1* m"", ""1. w"", ""1/fa"", ""11 %"", ""11 :"", ""11* "", ""157:"", ""17er"", ""1a j"", ""2-af"", ""2.p."", ""25,1"", ""2spe"", ""3.te"", ""30er"", ""37 a"", ""3o d"", ""451,"", ""5 ls"", ""5,17"", ""53o "", ""6 (p"", ""6>98"", ""7. g"", ""7er "", ""8* c"", ""851 "", ""86>9"", ""8ht "", ""906-"", ""91 &"", ""983:"", "": \""."", ""; il"", ""? ea"", ""@ gf"", ""[roy"", ""a [r"", ""a dd"", ""a qv"", ""a367"", ""a; i"", ""aaky"", ""ac 0"", ""aca]"", ""ad'j"", ""ad*l"", ""afho"", ""afiu"", ""afme"", ""agyl"", ""ahnm"", ""ajr "", ""akvo"", ""al',"", ""am.1"", ""am99"", ""ams1"", ""amt,"", ""an&c"", ""aodt"", ""aonj"", ""aqri"", ""arhm"", ""aso)"", ""awua"", ""bh, "", ""birq"", ""bivl"", ""bkra"", ""blba"", ""byyt"", ""c' b"", ""c-37"", ""ca ["", ""caty"", ""cavd"", ""ccop"", ""cg f"", ""cilk"", ""ck&j"", ""cmp "", ""cnec"", ""cri."", ""ctej"", ""cu-c"", ""cunq"", ""cy.g"", ""cytr"", ""d gj"", ""d!' "", ""d*li"", ""d.18"", ""dam9"", ""dan&"", ""dasw"", ""dcmp"", ""de ."", ""dig'"", ""dio1"", ""dk p"", ""dlt'"", ""dmyg"", ""dmz,"", ""do.c"", ""dokf"", ""dolh"", ""dozn"", ""dprk"", ""dr.g"", ""dro?"", ""drzt"", ""dskd"", ""dugy"", ""dukb"", ""durj"", ""duwl"", ""dx13"", ""dy):"", ""e)ne"", ""e-wg"", ""e.+u"", ""e.mo"", ""e.q."", ""e.un"", ""e01:"", ""ead*"", ""eafm"", ""easf"", ""ebyy"", ""ecu-"", ""ed.o"", ""edgu"", ""eeaz"", ""eeek"", ""eeuu"", ""efpe"", ""egsd"", ""ehii"", ""ehm-"", ""ehnf"", ""ehnm"", ""ei8h"", ""eilz"", ""eipl"", ""ej's"", ""ejsr"", ""ekaf"", ""ekk!"", ""eks'"", ""elvj"", ""emss"", ""emup"", ""ene("", ""enhv"", ""epr:"", ""erbk"", ""esew"", ""ew(h"", ""ewax"", ""ez 8"", ""ezz,"", ""f26:"", ""fad'"", ""fal-"", ""fap "", ""fcg "", ""fda:"", ""fdtv"", ""fecs"", ""fed."", ""fedj"", ""feka"", ""feks"", ""femc"", ""ffsj"", ""fhol"", ""fisp"", ""fme:"", ""fnac"", ""fomm"", ""fooe"", ""foq:"", ""fpeu"", ""fra?"", ""fsju"", ""fskl"", ""ftto"", ""fyfo"", ""fyke"", ""fynd"", ""fyus"", ""g s'"", ""g' l"", ""g, 4"", ""g-v "", ""gasr"", ""gbin"", ""gchy"", ""gdga"", ""geip"", ""gh-n"", ""gi'r"", ""gitz"", ""gjog"", ""gmik"", ""go.d"", ""gowk"", ""h 06"", ""horq"", ""hpok"", ""hq y"", ""hrju"", ""hru;"", ""hsor"", ""htyr"", ""hveh"", ""hwy:"", ""i fn"", ""i. 9"", ""i8ht"", ""ialp"", ""icax"", ""ick&"", ""idn "", ""ijsw"", ""ikgw"", ""ilbh"", ""ilck"", ""in/5"", ""inn)"", ""io1 "", ""ioe:"", ""ioy "", ""ip.t"", ""iryf"", ""izcu"", ""izdz"", ""izkr"", ""j cy"", ""j qb"", ""j us"", ""jdt."", ""ji-u"", ""jit-"", ""jsri"", ""jssa"", ""jswi"", ""judl"", ""k dn"", ""k nl"", ""k v2"", ""k&ja"", ""k- s"", ""k. '"", ""kahj"", ""kauc"", ""kbib"", ""kdis"", ""ke01"", ""kefu"", ""kfa "", ""kgem"", ""khiu"", ""khly"", ""kidh"", ""kix?"", ""kjin"", ""kjit"", ""kl z"", ""kok'"", ""kol."", ""kozr"", ""ksi."", ""l 4)"", ""l', "", ""l'ri"", ""l.-v"", ""l.65"", ""l.69"", ""l.71"", ""lba!"", ""lbhe"", ""lbyl"", ""lcea"", ""lcod"", ""ldjo"", ""lfyk"", ""li ?"", ""ll'r"", ""llfy"", ""lm(k"", ""ls-v"", ""lsoz"", ""ltao"", ""lvjs"", ""lyyg"", ""m 98"", ""m a4"", ""m gm"", ""m(kn"", ""m. 7"", ""m.1:"", ""m2sp"", ""m999"", ""mau:"", ""mbh,"", ""mdic"", ""mkod"", ""mm '"", ""mmu:"", ""mni."", ""mr.p"", ""ms19"", ""mvog"", ""mz, "", ""mzio"", ""n&cc"", ""n.u "", ""n/5."", ""nau:"", ""nbju"", ""nc 1"", ""nef."", ""nhve"", ""nodp"", ""nok:"", ""np-9"", ""nt'r"", ""nt(e"", ""nudf"", ""nydj"", ""nzay"", ""o hj"", ""o'om"", ""o.-l"", ""o1 q"", ""oa 6"", ""oblb"", ""oby)"", ""odpf"", ""om2s"", ""omhn"", ""onyd"", ""oom3"", ""opa;"", ""oq: "", ""org-"", ""osbr"", ""oukm"", ""ova1"", ""owr "", ""p.tv"", ""pa; "", ""pn g"", ""pos)"", ""pp w"", ""prk:"", ""ptda"", ""ptla"", ""puhl"", ""pv15"", ""q ya"", ""q. -"", ""q.-l"", ""qber"", ""qelq"", ""qria"", ""r 2k"", ""r a9"", ""r.pr"", ""rav."", ""rbkr"", ""rd!'"", ""rda-"", ""rdo)"", ""rdu?"", ""re!)"", ""rebz"", ""rfui"", ""rivm"", ""rkgr"", ""rmdi"", ""rmvo"", ""rnoh"", ""rrox"", ""ru; "", ""rwul"", ""ryes"", ""rzaj"", ""s'we"", ""s-vm"", ""s.\"" "", ""s199"", ""sasm"", ""sbyf"", ""sez,"", ""skdi"", ""skuw"", ""slof"", ""sng "", ""spi."", ""su$e"", ""svys"", ""swrn"", ""t e'"", ""t g "", ""t np"", ""t'ri"", ""t) e"", ""tdar"", ""tgoc"", ""thsw"", ""tikw"", ""tjih"", ""tnaz"", ""tre("", ""tsng"", ""tvd "", ""ty-l"", ""tz-d"", ""tz-k"", ""u 80"", ""u zt"", ""u$ex"", ""u-2-"", ""uci!"", ""udvu"", ""ue.u"", ""uez."", ""uftt"", ""uha)"", ""uikr"", ""ujog"", ""uke0"", ""upsd"", ""uptd"", ""urmd"", ""urmv"", ""uskn"", ""utkh"", ""utsn"", ""uvuz"", ""uwke"", ""uwlo"", ""uzea"", ""v152"", ""v493"", ""vamk"", ""vc h"", ""vd ("", ""vdar"", ""vm k"", ""w 80"", ""w(h)"", ""waxa"", ""wlop"", ""wm 1"", ""wm t"", ""wr p"", ""wrna"", ""wuaj"", ""wunk"", ""x-ab"", ""x. m"", ""x130"", ""xajc"", ""xefl"", ""xiv."", ""xo r"", ""xusb"", ""y): "", ""y.go"", ""yasp"", ""ydji"", ""ydmy"", ""yetv"", ""yew("", ""yidn"", ""yk p"", ""ynsm"", ""yo'o"", ""yofi"", ""yp t"", ""yptl"", ""yrl:"", ""yryg"", ""yut/"", ""yveb"", ""yyge"", ""z 83"", ""z-di"", ""zbad"", ""zcub"", ""zdur"", ""zdze"", ""zm b"", ""znag"", ""zutc"", ""zwi "", ""zwoc"", ""zy 9"", ""zzmu""]",610,1,155,0.0064516129032258064
4,block_infix_fingerprint_v004.json,128,local_split_entropy_equivalence_classes,154,4,0.0,0.05,title,title,96," ""af","["" \""af"", "" \""i'"", "" 37e"", "" 7ev"", "" as-"", "" ddt"", "" dk "", "" frl"", "" i.h"", "" ihl"", "" lpi"", "" pr-"", "" wrc"", ""! 31"", ""\""afr"", ""\""i'm"", ""#17/"", ""&zet"", ""'/ae"", ""'/ex"", ""'/sl"", ""'62 "", ""'enz"", ""'mez"", ""'vul"", ""(ava"", ""(dog"", ""(vic"", "", \""a"", ""--16"", ""--ma"", ""-evn"", ""-gle"", ""-ied"", ""-ja,"", ""-luf"", ""-n-a"", "".sup"", "".wee"", "".x.g"", ""//au"", ""/ail"", ""/kae"", ""/nop"", ""/syk"", ""/tik"", ""05- "", ""105-"", ""17/l"", ""2-bo"", ""3ami"", ""5- p"", ""7/lu"", ""74 v"", ""808 "", ""? as"", ""a!?:"", ""a-aw"", ""a-tv"", ""a2ni"", ""ac-n"", ""addn"", ""afhe"", ""agt-"", ""aioa"", ""aj/t"", ""ajso"", ""aloq"", ""aocz"", ""axhj"", ""b-ty"", ""ba2n"", ""bbso"", ""bbsy"", ""bc 4"", ""bc5 "", ""betn"", ""biak"", ""bsy'"", ""bwen"", ""by!?"", ""c 07"", ""c-mu"", ""c/ti"", ""c5 f"", ""c? -"", ""cavy"", ""ciky"", ""clix"", ""d \""i"", ""d'za"", ""d/ec"", ""d/eg"", ""d/ft"", ""da-h"", ""ddef"", ""ddne"", ""decz"", ""dje&"", ""dk o"", ""dosm"", ""e&ze"", ""e'm "", ""e-!!"", ""e.su"", ""e/'l"", ""eanq"", ""edzk"", ""eefz"", ""efz "", ""egdh"", ""eim'"", ""eprz"", ""erfk"", ""exmi"", ""ey!!"", ""fazh"", ""fbi."", ""fe'?"", ""fe.s"", ""fhen"", ""fkat"", ""frli"", ""futv"", ""fz i"", ""g dk"", ""g hr"", ""g/ka"", ""g/ze"", ""gbis"", ""gekg"", ""ggih"", ""gt-g"", ""gurc"", ""gyaf"", ""gyo,"", ""hhha"", ""hs/a"", ""hui!"", ""hybt"", ""i/eg"", ""i/ev"", ""ic 0"", ""id'z"", ""ielj"", ""ik/r"", ""il/u"", ""iq ("", ""ir/'"", ""j. u"", ""j/tr"", ""jak/"", ""jc p"", ""jcia"", ""je&z"", ""jsov"", ""jyoz"", ""jyrs"", ""kazj"", ""kci?"", ""kgew"", ""kjup"", ""kseh"", ""ksiq"", ""ktao"", ""kue."", ""kyd "", ""l/oc"", ""laxh"", ""lc? "", ""lckr"", ""ld50"", ""ldyg"", ""lgev"", ""lgoh"", ""lltj"", ""lof,"", ""loqn"", ""lry?"", ""lt/f"", ""m 7t"", ""m uj"", ""mb48"", ""mcth"", ""mnlo"", ""mok!"", ""mpeh"", ""myuz"", ""n!!:"", ""n--1"", ""n-bb"", ""n//a"", ""nba2"", ""nbc5"", ""ne-!"", ""nhle"", ""nilb"", ""nivh"", ""nl s"", ""nlmc"", ""nmb4"", ""nonh"", ""nruu"", ""nsij"", ""nt--"", ""nv r"", ""nzx1"", ""o's!"", ""o.1,"", ""o; l"", ""oah?"", ""oh'o"", ""oh/s"", ""ohyn"", ""oig,"", ""ol-q"", ""olvr"", ""omnl"", ""on//"", ""onhl"", ""oqn "", ""orh,"", ""orxi"", ""orz'"", ""otpl"", ""oty."", ""ouhf"", ""owdu"", ""ozi?"", ""p/oz"", ""pa? "", ""pacd"", ""pe/'"", ""plc?"", ""po/i"", ""pol!"", ""pp n"", ""ppto"", ""pr-g"", ""pueh"", ""q (c"", ""q (d"", ""q (w"", ""q ve"", ""qimu"", ""qn i"", ""r cf"", ""r/'l"", ""rafh"", ""rc-t"", ""rei/"", ""rlaz"", ""rm/h"", ""rmow"", ""rndu"", ""rsks"", ""rt.m"", ""ruhg"", ""ruwi"", ""rys,"", ""rzt'"", ""s zt"", ""s'/s"", ""s'wu"", ""s/cp"", ""sa't"", ""sooh"", ""sprv"", ""suu-"", ""suv:"", ""t--m"", ""t.mu"", ""tb l"", ""teu,"", ""tlli"", ""tsbl"", ""u 1%"", ""u 51"", ""u/ak"", ""ua-s"", ""ue/'"", ""uehs"", ""uhfa"", ""uht."", ""uosk"", ""uwi "", ""ve'e"", ""vher"", ""viaq"", ""vimb"", ""vmez"", ""vne-"", ""vyci"", ""vymr"", ""w/et"", ""waxt"", ""wduh"", ""wgur"", ""wi 1"", ""wir,"", ""wl k"", ""wlle"", ""wpiv"", ""wrc-"", ""wsen"", ""wsna"", ""wswi"", ""wt/t"", ""wths"", ""wtom"", ""wysy"", ""x.g."", ""x: 3"", ""x: 6"", ""xhja"", ""xlug"", ""xrom"", ""y) l"", ""y?/j"", ""ybte"", ""yd/a"", ""yni,"", ""ynoa"", ""ypka"", ""ysyp"", ""yx k"", ""yzwa"", ""zao:"", ""zetj"", ""zlyh"", ""zt' "", ""zx10"", ""zysm""]",333,1,155,0.0064516129032258064
4,block_infix_fingerprint_v004.json,128,local_split_entropy_equivalence_classes,154,4,0.0,0.05,title,title,97," ""am","["" \""am"", "" \""ho"", "" & $"", "" ' s"", "" 'n-"", "" dfw"", "" fkm"", "" fx-"", "" hsb"", "" j.g"", "" kns"", "" nch"", "" vrk"", "" xti"", "" yzm"", ""!/ap"", ""!/dr"", ""!/po"", ""\"" li"", ""\"" qu"", ""\""a l"", ""\""am "", ""\""how"", ""# wo"", ""& $1"", ""& 80"", ""&t g"", ""'/he"", ""'65-"", ""'n-w"", ""'ny "", ""(s.o"", ""*n s"", ""*s, "", "", fk"", "",403"", ""-'95"", ""-in."", ""-urd"", "". 1?"", "". g,"", ""., g"", "".---"", ""..--"", ""...-"", "".g.,"", "".t -"", "".tun"", ""/.50"", ""/50g"", ""/a.c"", ""/ahj"", ""/at&"", ""/eac"", ""/huf"", ""/iph"", ""/kud"", ""/ohl"", ""/sko"", ""/tj "", ""/ubi"", ""0! a"", ""0+ b"", ""00! "", ""0g m"", ""1 as"", ""1/mu"", ""100b"", ""106b"", ""109b"", ""110a"", ""112b"", ""113b"", ""115?"", ""117a"", ""120b"", ""125a"", ""18-m"", ""28/o"", ""29-a"", ""2ry7"", ""30s,"", ""3d &"", ""4 er"", ""459-"", ""4gol"", ""4x2r"", ""5-'9"", ""5-ap"", ""50g "", ""59-s"", ""65-'"", ""7 ze"", ""7, i"", ""713,"", ""75 1"", ""8/oc"", ""892k"", ""894x"", ""895k"", ""9-au"", ""9-si"", ""94x2"", "": 62"", ""?\"" q"", ""@tri"", ""[web"", ""a*s,"", ""a- p"", ""ahg "", ""ahiz"", ""aidt"", ""ak/."", ""al?\"""", ""ao/u"", ""ap'm"", ""aq m"", ""ash4"", ""ast("", ""auk/"", ""b/lu"", ""beea"", ""bniz"", ""botv"", ""c pt"", ""c/50"", ""casf"", ""cch,"", ""cgib"", ""ckns"", ""cnn'"", ""coxt"", ""ct/1"", ""d 'y"", ""d hq"", ""d) b"", ""d-ke"", ""dka'"", ""dryr"", ""e \""a"", ""e \""h"", ""e yz"", ""ee):"", ""eirt"", ""enk,"", ""epp/"", ""er ["", ""f/gu"", ""foe-"", ""fx-a"", ""g's?"", ""g.tu"", ""g2bk"", ""gfyr"", ""gh. "", ""gi/k"", ""glc?"", ""glof"", ""gyg2"", ""gyms"", ""h/dj"", ""h/i'"", ""h/od"", ""h/rh"", ""h4go"", ""hg #"", ""hgro"", ""hm e"", ""hrvo"", ""ic/5"", ""il/5"", ""ist\"""", ""j.g."", ""k/.5"", ""k/tj"", ""kns "", ""ko/g"", ""lah?"", ""lahg"", ""lc c"", ""lib?"", ""lsh,"", ""lth)"", ""m df"", ""m!/p"", ""mdri"", ""mgyg"", ""mib:"", ""mpca"", ""n) l"", ""n/a."", ""n2 s"", ""nao/"", ""ngfy"", ""nj r"", ""nk/y"", ""nnd,"", ""nnnd"", ""numd"", ""o'fr"", ""o/kr"", ""oct/"", ""oe-w"", ""ogh-"", ""ol/o"", ""omgy"", ""on'd"", ""ou?\"""", ""p'm?"", ""p/gr"", ""pcam"", ""pd's"", ""porh"", ""pp y"", ""pp/r"", ""psig"", ""qi i"", ""r [w"", ""ra- "", ""raf'"", ""ragf"", ""rb/l"", ""reg-"", ""rj's"", ""ry71"", ""s/ah"", ""s4 s"", ""sap/"", ""sh4g"", ""so/n"", ""squy"", ""sso/"", ""st\"" "", ""sy/o"", ""t x."", ""t\"" l"", ""t/us"", ""td x"", ""te \"""", ""tvrs"", ""u?\"" "", ""u?/r"", ""ud/p"", ""uk/a"", ""uts."", ""vig/"", ""vma'"", ""voot"", ""vrkl"", ""w 3-"", ""wagb"", ""wi v"", ""wk/t"", ""x. h"", ""x2ry"", ""xlei"", ""xs a"", ""y @t"", ""y z-"", ""y' k"", ""y/ir"", ""y713"", ""yg2b"", ""yhrv"", ""yko'"", ""ypd'"", ""z: \"""", ""zco/"", ""zcob"", ""zcow""]",270,1,155,0.0064516129032258064
4,block_infix_fingerprint_v004.json,128,local_split_entropy_equivalence_classes,154,4,0.0,0.05,title,title,98," ""b-","["" \""b-"", "" #3)"", "" '3d"", "" 03,"", "" 4:1"", "" 88/"", "" al?"", "" aop"", "" c-x"", "" eap"", "" i 9"", "" i/m"", "" lvo"", "" q.i"", "" qld"", "" ri-"", "" sx4"", "" t&t"", "" xfr"", "" yda"", ""\""b-l"", ""#ppd"", ""#ppi"", ""% sc"", ""& bm"", ""& cc"", ""& r&"", ""&b i"", ""&t f"", ""'3d'"", ""'am!"", ""'cak"", ""'guc"", ""'udd"", ""'y f"", ""'zab"", ""(pip"", ""(was"", ""(yab"", ""+ ho"", ""+cat"", "",15:"", ""-221"", ""-jwe"", ""-l h"", ""-p c"", ""-peb"", ""-upe"", ""-w-w"", ""-x v"", ""-x75"", ""-xer"", "".2.9"", "".9.3"", "".?/a"", ""/527"", ""/694"", ""/awf"", ""/ca "", ""/de-"", ""/iza"", ""/kop"", ""/lid"", ""/nuk"", ""/t.h"", ""/te "", ""/xab"", ""/z i"", ""0,15"", ""01/a"", ""014?"", ""024:"", ""025:"", ""0th:"", ""1/ac"", ""2.9."", ""22/m"", ""26/5"", ""299/"", ""3 03"", ""35-y"", ""3d' "", ""50li"", ""526/"", ""570-"", ""5:05"", ""6/52"", ""693/"", ""7/bu"", ""70-3"", ""750l"", ""80,1"", ""9.2."", ""93/6"", ""99/3"", "": m "", "": tg"", ""= yi"", ""? ru"", ""?/am"", ""?/jo"", ""a b7"", ""a!/r"", ""a) f"", ""a-oh"", ""a? r"", ""abhl"", ""ac!!"", ""ac/a"", ""adwu"", ""adxs"", ""an \"""", ""aonl"", ""aopu"", ""arxs"", ""awk-"", ""ay-2"", ""b-lu"", ""basw"", ""bayc"", ""be 5"", ""beod"", ""bhlo"", ""bjas"", ""blz "", ""c-x7"", ""c. '"", ""c/bu"", ""ca-o"", ""cef!"", ""chs-"", ""ci 5"", ""ck?/"", ""cksq"", ""coy/"", ""cuz/"", ""d 1&"", ""d 9t"", ""d m6"", ""d- d"", ""d/j."", ""da'n"", ""ddfe"", ""df u"", ""diz?"", ""djip"", ""dkip"", ""dsab"", ""dxsp"", ""dyro"", ""e ql"", ""e) &"", ""e/xa"", ""e421"", ""eesj"", ""eg+c"", ""egpu"", ""egqu"", ""eijn"", ""emyl"", ""eno7"", ""enoz"", ""eo-y"", ""eodv"", ""eorp"", ""ewyp"", ""f-xe"", ""fay,"", ""ffo:"", ""fmaa"", ""fy-l"", ""g 4?"", ""g+ca"", ""gacj"", ""gah!"", ""gap!"", ""gog:"", ""gpuz"", ""gquo"", ""gy-h"", ""h?/r"", ""hlsw"", ""howu"", ""hs-o"", ""hum-"", ""hus'"", ""hvus"", ""i 44"", ""i 9."", ""i s4"", ""i-08"", ""ialh"", ""ie ="", ""iear"", ""iegq"", ""ijfk"", ""ijfm"", ""imyj"", ""irx "", ""itxa"", ""ivui"", ""ix/v"", ""ixif"", ""ixua"", ""j fu"", ""j gq"", ""jfko"", ""jfma"", ""jgon"", ""jm a"", ""jops"", ""jt's"", ""jweo"", ""k sx"", ""k-ju"", ""k-w-"", ""k/aa"", ""k/og"", ""k?/j"", ""ka) "", ""kda "", ""ki-0"", ""kiea"", ""kigm"", ""kjea"", ""krk-"", ""ks) "", ""kspf"", ""ksy'"", ""ktaf"", ""kua!"", ""l cg"", ""l-sn"", ""l/x-"", ""legp"", ""lerx"", ""leyk"", ""lrac"", ""luhl"", ""luv\"""", ""m pb"", ""m-p "", ""m111"", ""m114"", ""m6 s"", ""makj"", ""mb-p"", ""ms- "", ""mu/s"", ""mun?"", ""my-u"", ""myj "", ""mys."", ""n (y"", ""n 2j"", ""n i/"", ""n pd"", ""n!/e"", ""n'ta"", ""n)!!"", ""ndzk"", ""ne/x"", ""ne?."", ""nma?"", ""nml "", ""nn)!"", ""np d"", ""nui:"", ""nv a"", ""nxol"", ""nzl "", ""o cv"", ""o i,"", ""o's."", ""o-jw"", ""o/iz"", ""o/t."", ""o77/"", ""o? x"", ""ob!?"", ""of/j"", ""og/i"", ""ogoz"", ""oh' "", ""ohnr"", ""ombn"", ""org?"", ""osnc"", ""oupm"", ""ov-p"", ""owuh"", ""pam!"", ""pcov"", ""pd? "", ""pdf "", ""peg+"", ""pi!?"", ""pi-k"", ""pjap"", ""ppdu"", ""psce"", ""psi?"", ""puzl"", ""px r"", ""q ja"", ""qd: "", ""qixu"", ""qld "", ""qubo"", ""r 5?"", ""r t,"", ""r.p:"", ""rakf"", ""rja!"", ""rk-v"", ""rl/x"", ""rlsi"", ""ro/e"", ""rp/h"", ""rsh)"", ""rubf"", ""rwez"", ""rx k"", ""s'wi"", ""s- g"", ""s/91"", ""s/z "", ""sasr"", ""saw."", ""seec"", ""seo/"", ""sew?"", ""sh)!"", ""slo/"", ""snci"", ""ss/9"", ""stmy"", ""t ao"", ""t xy"", ""t, 5"", ""tdep"", ""tg -"", ""tijf"", ""titw"", ""tl d"", ""to!:"", ""tomj"", ""trl:"", ""txal"", ""tyhl"", ""tz/r"", ""uarx"", ""uavo"", ""ubnj"", ""uezu"", ""uhs "", ""uitx"", ""ujne"", ""ul/o"", ""umu-"", ""upt,"", ""urt."", ""uv\"" "", ""v\"" t"", ""ve-2"", ""vehn"", ""virb"", ""vp ("", ""vp w"", ""vshy"", ""vusv"", ""vvah"", ""vyag"", ""w! k"", ""w-ab"", ""w-w-"", ""w/aw"", ""w/le"", ""wbug"", ""we/b"", ""weo-"", ""wk-t"", ""wts,"", ""wuhs"", ""x6 m"", ""x75 "", ""xoli"", ""xuve"", ""y &t"", ""y) i"", ""y)!!"", ""y? ("", ""ya!/"", ""yay-"", ""ybe:"", ""ycov"", ""ye/b"", ""yem,"", ""yev'"", ""yj f"", ""ym!:"", ""zasw"", ""zl j"", ""zonp"", ""zood""]",405,1,155,0.0064516129032258064
4,block_infix_fingerprint_v004.json,128,local_split_entropy_equivalence_classes,154,4,0.0,0.05,title,title,99," ""bi","["" \""bi"", "" (29"", "" 1.6"", "" 1/o"", "" 3/w"", "" 34/"", "" 47/"", "" 48."", "" 54."", "" 7-d"", "" 85."", "" 9am"", "" az,"", "" b10"", "" cd:"", "" ckm"", "" e?'"", "" ei?"", "" ej."", "" g'l"", "" ikj"", "" it\"""", "" ktm"", "" op/"", "" otn"", "" p**"", "" zgl"", ""\"" vi"", ""\""bir"", ""\""i d"", ""#000"", ""#1/2"", ""#rea"", ""$ in"", ""$40k"", ""& b-"", ""& io"", ""& jf"", ""&b t"", ""&d d"", ""' 65"", ""'/ci"", ""'68e"", ""'en/"", ""'in/"", ""'syt"", ""'tje"", ""(29/"", ""(ech"", ""***y"", ""*kur"", ""*maz"", "", jj"", ""- gm"", ""- p."", ""-, g"", ""-8-9"", ""-ai-"", ""-ick"", ""-q h"", ""-rui"", "". 2f"", "".- 5"", ""./ad"", ""./wa"", "".? c"", "".erb"", "".g.f"", "".o.x"", ""//ro"", ""/30)"", ""/8 1"", ""/ar1"", ""/bem"", ""/c&d"", ""/cil"", ""/eu-"", ""/ms-"", ""/s/c"", ""/u.n"", ""/vip"", ""/vow"", ""0-ro"", ""03 y"", ""07 z"", ""1- e"", ""1- h"", ""10s:"", ""11/t"", ""13wh"", ""155:"", ""19:z"", ""1n1/"", ""1stl"", ""2,30"", ""2,50"", ""2- g"", ""20/4"", ""22,3"", ""24se"", ""25/b"", ""25/c"", ""25/w"", ""29/3"", ""2dtv"", ""2gs "", ""3/wh"", ""33/t"", ""34/w"", ""3:57"", ""3e v"", ""3wha"", ""4 'w"", ""40-r"", ""47/w"", ""4sev"", ""4w 2"", ""5 ko"", ""5/bu"", ""5/wh"", ""67 u"", ""7 ug"", ""7 zg"", ""7-8-"", ""7/wh"", ""8 lg"", ""8-9 "", ""8. u"", ""80-y"", ""8er'"", ""910s"", ""9:ze"", "":zeh"", ""; kr"", ""? s "", ""_str"", ""a 3/"", ""a*ma"", ""a/py"", ""acfr"", ""ack$"", ""ae? "", ""aesq"", ""ahe,"", ""ai/y"", ""ak'n"", ""amvs"", ""ani*"", ""ap-n"", ""ar10"", ""at_s"", ""aupf"", ""auul"", ""aw'?"", ""axep"", ""axut"", ""b bb"", ""b109"", ""baup"", ""bc-s"", ""bfl8"", ""biih"", ""bj c"", ""bpl "", ""bt/c"", ""byxa"", ""c&d "", ""c'sy"", ""ca/g"", ""cbas"", ""cd:n"", ""cfre"", ""ch@n"", ""ck$ "", ""cud-"", ""cz '"", ""d 7-"", ""d'mi"", ""d'tj"", ""d, $"", ""d-, "", ""d-50"", ""d/ae"", ""d/ci"", ""d:n?"", ""dd q"", ""deiu"", ""dfeh"", ""dfje"", ""dp -"", ""dt 4"", ""dteb"", ""dtis"", ""dubn"", ""duzl"", ""dys/"", ""e; n"", ""eeb'"", ""eeem"", ""efva"", ""ehn?"", ""eipf"", ""eiul"", ""eji!"", ""elfz"", ""elv,"", ""euza"", ""evuu"", ""ewyl"", ""eyns"", ""f \""i"", ""f 77"", ""f-za"", ""f/sk"", ""fbur"", ""fcz "", ""fkae"", ""fl8:"", ""flaz"", ""fsn-"", ""fvan"", ""fzij"", ""ga #"", ""gae?"", ""gd/p"", ""ggo!"", ""ggo,"", ""gh/n"", ""gnu'"", ""gnu,"", ""gs/8"", ""gtod"", ""gtsp"", ""h g'"", ""h gn"", ""h kk"", ""h/dh"", ""h/yi"", ""h@n-"", ""hat_"", ""hkow"", ""hlmu"", ""hst/"", ""huqi"", ""hy/f"", ""hy?/"", ""i ck"", ""i*ku"", ""i-q "", ""i/tk"", ""iadd"", ""ibwu"", ""ifma"", ""igsp"", ""ijl)"", ""insn"", ""ipva"", ""iyu,"", ""j ej"", ""j vl"", ""jben"", ""jdi "", ""ji-q"", ""jj h"", ""juv-"", ""jyo-"", ""k 2-"", ""k$ i"", ""k//r"", ""ka/c"", ""kdat"", ""kfsn"", ""kgab"", ""ki-v"", ""kje,"", ""kt/a"", ""ktsk"", ""kvip"", ""ky-i"", ""l 9t"", ""l = "", ""l fd"", ""l/e-"", ""l8: "", ""la) "", ""ld-,"", ""leee"", ""lefv"", ""lf-z"", ""lgy!"", ""liip"", ""ll ="", ""lme/"", ""logz"", ""lv, "", ""m'd "", ""m-c@"", ""m.- "", ""mamc"", ""maoc"", ""men\"""", ""meu."", ""mled"", ""mo'/"", ""mowm"", ""msge"", ""mydo"", ""n\"" v"", ""n/ak"", ""n/lb"", ""n1/t"", ""ndfj"", ""nevv"", ""ni*k"", ""nlob"", ""nooj"", ""npo/"", ""nu'i"", ""nxt "", ""nz- "", ""o vj"", ""o! 1"", ""o!/h"", ""o'/w"", ""o..?"", ""o.x."", ""o/s/"", ""oatw"", ""ojee"", ""org)"", ""os-i"", ""oxec"", ""oye/"", ""p vp"", ""p***"", ""pfbu"", ""ph q"", ""pl o"", ""ps? "", ""pudy"", ""pusy"", ""pvap"", ""quo'"", ""r zk"", ""r./w"", ""r/dv"", ""r/ep"", ""r; j"", ""r?/r"", ""rgeq"", ""ri15"", ""riq:"", ""rlby"", ""rm/j"", ""rrkl"", ""rs-8"", ""s \""b"", ""s nx"", ""s' 6"", ""s-80"", ""s/8 "", ""s/c&"", ""s; k"", ""sch@"", ""sku,"", ""sm/d"", ""smow"", ""sn-t"", ""sopt"", ""std/"", ""sus)"", ""t 2!"", ""t 9a"", ""t p*"", ""t-ic"", ""t-o/"", ""t/dc"", ""t/dv"", ""t/iv"", ""t/mc"", ""t: 9"", ""t_st"", ""tag)"", ""td/b"", ""tejb"", ""trs-"", ""tt/w"", ""ttpo"", ""tx-p"", ""tysu"", ""u./m"", ""u/ms"", ""ucav"", ""uco?"", ""uctl"", ""ud-c"", ""ugts"", ""uibl"", ""umpn"", ""unn;"", ""upfb"", ""uri1"", ""utsg"", ""uv-a"", ""v 9 "", ""v k "", ""vajb"", ""vd't"", ""vd-k"", ""vd-r"", ""vi w"", ""vipv"", ""vlca"", ""vr j"", ""vzte"", ""w ok"", ""w qa"", ""w/ko"", ""wbfl"", ""wd-5"", ""wke'"", ""wn-n"", ""woc "", ""xam'"", ""xepe"", ""y 'e"", ""y cd"", ""y qa"", ""y-ev"", ""y/b."", ""y/lb"", ""y?/b"", ""ycys"", ""ydiy"", ""ymp?"", ""yn?!"", ""ysui"", ""z '0"", ""z g."", ""z- u"", ""z/ge"", ""zax "", ""zbum"", ""ze-s"", ""zglo"", ""zijl"", ""zugb""]",447,1,155,0.0064516129032258064
4,block_infix_fingerprint_v004.json,128,local_split_entropy_equivalence_classes,154,4,0.0,0.05,title,title,100," ""br","["" \""br"", "" \""ov"", "" \""ro"", "" (k."", "" (lc"", "" (ws"", "" -'a"", "" 1 \"""", "" 1? "", "" 2-m"", "" 82a"", "" a5/"", "" agc"", "" axx"", "" c**"", "" db9"", "" dsa"", "" ghl"", "" kk2"", "" ksm"", "" m35"", "" mi)"", "" nt "", "" q7 "", "" r8 "", "" s80"", "" scw"", "" v2 "", "" w/o"", "" xc7"", "" xlr"", ""!!/m"", ""!/by"", ""\"" pa"", ""\"" sy"", ""\""bra"", ""\""ove"", ""\""rou"", ""'!/a"", ""'9' "", ""'duo"", ""'jon"", ""'o, "", ""'reu"", ""'t/m"", ""(1)!"", ""(2.9"", ""(3)!"", ""(gus"", ""(hes"", ""(k.u"", ""(lao"", ""(lca"", ""(ws)"", "") lu"", "")! a"", "")! g"", "")/u."", "")pop"", ""*'s "", ""**'s"", ""***'"", "", 93"", ""-'a "", ""---g"", ""--gi"", ""-5 v"", ""-9 r"", ""-c d"", ""-en,"", ""-hok"", ""-hvi"", ""-koe"", ""-tum"", ""-v c"", ""-vu?"", ""-y-n"", ""./ju"", "".0 w"", "".9 p"", "".abo"", "".k.)"", ""/999"", ""/dje"", ""/gi "", ""/gss"", ""/omp"", ""/op "", ""/tua"", ""/uje"", ""/wot"", ""/xm-"", ""02-g"", ""1 \""r"", ""1)! "", ""1? t"", ""2' 2"", ""2-go"", ""2-mo"", ""2.9 "", ""3)! "", ""3as "", ""3dd "", ""4.02"", ""4.dr"", ""402-"", ""45am"", ""49 t"", ""5 vs"", ""5/s5"", ""59 p"", ""6 pm"", ""7 td"", ""82a1"", ""84.0"", "": (y"", "": 4e"", "":45a"", ""?) g"", ""a'um"", ""a/td"", ""a5/s"", ""aayk"", ""abt-"", ""ac)/"", ""ag?/"", ""ahst"", ""ai/g"", ""aiaw"", ""aig-"", ""an--"", ""an/9"", ""asp/"", ""at'p"", ""autg"", ""ave\"""", ""aveo"", ""axxe"", ""b! g"", ""b/cr"", ""bbs-"", ""bg a"", ""bt-d"", ""bzza"", ""c lt"", ""c xl"", ""c)/u"", ""c***"", ""c/dj"", ""c/gs"", ""cac)"", ""cch/"", ""chh!"", ""cinm"", ""cl-c"", ""ct \"""", ""cto!"", ""d \""b"", ""d)po"", ""d-hv"", ""d-iv"", ""d/cs"", ""dd +"", ""dtv'"", ""duo'"", ""e a4"", ""e4 n"", ""eayo"", ""ecuj"", ""eg@h"", ""ely\"""", ""ep-r"", ""erkg"", ""ethf"", ""etz."", ""eual"", ""euz?"", ""eyoz"", ""ez '"", ""f (2"", ""f/sc"", ""f1 t"", ""f3 w"", ""ffij"", ""fibu"", ""fifn"", ""fol,"", ""fonf"", ""fpap"", ""fs/d"", ""ftkr"", ""fu-s"", ""fu/k"", ""g (k"", ""g-uk"", ""g-y-"", ""g/ci"", ""g@ho"", ""gaag"", ""gca:"", ""goa'"", ""gpof"", ""gviz"", ""gyp-"", ""h/ug"", ""ha'u"", ""hewd"", ""himz"", ""hne:"", ""hnlo"", ""hoew"", ""hra/"", ""hukb"", ""hvep"", ""hz p"", ""i ff"", ""i m3"", ""i q7"", ""i'is"", ""id-j"", ""idsy"", ""iehb"", ""ietp"", ""ig-y"", ""ill\"""", ""ioa/"", ""iobb"", ""ioi/"", ""iovc"", ""ip/g"", ""ipve"", ""iq/g"", ""iso!"", ""iu-f"", ""j-c "", ""jaol"", ""jb k"", ""jj &"", ""jm t"", ""k! j"", ""kal/"", ""kc: "", ""ks/x"", ""l 02"", ""l-lu"", ""lbaj"", ""lipv"", ""lizq"", ""lkru"", ""ll\"" "", ""lr-v"", ""lruv"", ""lte)"", ""m!/h"", ""m-29"", ""m2a "", ""m35h"", ""mb! "", ""mcmb"", ""md-v"", ""mei."", ""metm"", ""mff:"", ""mfx "", ""miee"", ""mii!"", ""mkc:"", ""mlb'"", ""mmma"", ""mmrf"", ""mo/o"", ""mob'"", ""mp3a"", ""mrf "", ""msf "", ""mtvr"", ""mudw"", ""muv-"", ""myie"", ""n'!/"", ""n---"", ""n/99"", ""nd)p"", ""ndi?"", ""nek'"", ""no52"", ""no61"", ""no62"", ""no76"", ""no79"", ""no82"", ""no84"", ""nob/"", ""nve,"", ""nyi!"", ""nyui"", ""o -'"", ""o q7"", ""o s8"", ""o!!/"", ""o'o,"", ""o130"", ""o131"", ""o140"", ""o142"", ""o145"", ""o147"", ""o153"", ""o154"", ""o166"", ""o172"", ""o173"", ""o178"", ""o179"", ""o188"", ""o191"", ""o192"", ""o214"", ""o216"", ""o217"", ""o218"", ""o219"", ""o220"", ""o222"", ""o225"", ""o227"", ""o231"", ""o244"", ""o249"", ""o252"", ""o264"", ""o267"", ""o271"", ""o284"", ""o286"", ""ob/e"", ""ochf"", ""od?:"", ""odgu"", ""odzu"", ""ofoz"", ""oi/o"", ""oifi"", ""om-g"", ""ond\"""", ""onkk"", ""oofk"", ""ore4"", ""os 0"", ""os?\"""", ""ouje"", ""ovu!"", ""ox/c"", ""ozev"", ""p-ts"", ""p.s:"", ""p/ed"", ""p3as"", ""ponh"", ""psty"", ""pym'"", ""q/ge"", ""q7 t"", ""qiub"", ""r nt"", ""r-aw"", ""r/uj"", ""rbi-"", ""rcuj"", ""re4 "", ""reg@"", ""reyb"", ""rgto"", ""riov"", ""rlol"", ""rm-g"", ""rrax"", ""rs./"", ""rvy/"", ""rwek"", ""rx &"", ""rx 4"", ""ryl/"", ""s a/"", ""s c6"", ""s kf"", ""s./l"", ""sbaj"", ""scwa"", ""si/o"", ""sid-"", ""siu-"", ""sp/l"", ""szth"", ""t \""o"", ""t'po"", ""t./b"", ""td g"", ""tki."", ""tlij"", ""tok/"", ""ts x"", ""tu-v"", ""tugk"", ""tz. "", ""u f3"", ""u-vu"", ""u? a"", ""ubo-"", ""ued?"", ""uhl!"", ""unnk"", ""uv-l"", ""v f1"", ""v2 r"", ""vod:"", ""vos?"", ""w/na"", ""wdir"", ""wged"", ""wjm "", ""wk/y"", ""x/cr"", ""xc 2"", ""xc70"", ""xlr-"", ""xm-2"", ""xorz"", ""xrev"", ""y jb"", ""y\"" s"", ""y?/f"", ""ybde"", ""yedr"", ""yl/k"", ""ymcm"", ""yoe!"", ""yp-t"", ""z. t"", ""zavc"", ""zexi""]",441,1,155,0.0064516129032258064
4,block_infix_fingerprint_v004.json,128,local_split_entropy_equivalence_classes,154,4,0.0,0.05,title,title,101," ""ca","["" \""ca"", ""\""can"", ""'boc"", ""'kum"", ""mouw"", ""wsfl""]",6,2,155,0.012903225806451613
4,block_infix_fingerprint_v004.json,128,local_split_entropy_equivalence_classes,154,4,0.0,0.05,title,title,102," ""co","["" \""co"", "" 579"", "" 665"", ""py!?"", ""x bb""]",5,2,155,0.012903225806451613
4,block_infix_fingerprint_v004.json,128,local_split_entropy_equivalence_classes,154,4,0.0,0.05,title,title,103," ""da","["" \""da"", "" 'zs"", "" (fy"", "" (kh"", "" 5 0"", "" 5/a"", "" 6 0"", "" 6/l"", "" 92f"", "" 9mm"", "" a31"", "" ea?"", "" i-p"", "" m62"", "" ne."", "" q43"", "" v**"", "" v-6"", "" vt "", "" vyg"", "" xb:"", ""!/vi"", ""\"" di"", ""\""dai"", ""#omm"", ""%! p"", ""& bg"", ""& u."", ""&w m"", ""'d q"", ""'r d"", ""'zsu"", ""(20."", ""(300"", ""(305"", ""(480"", ""(fyf"", ""(gil"", ""(gom"", ""(kha"", "") ji"", ""**i."", ""*h/t"", ""*k y"", ""++ p"", "", gv"", "", ys"", ""- 1:"", ""-adm"", ""-ay!"", ""-ay."", ""-da!"", ""-ik:"", ""-tv2"", ""-tv3"", ""-u-u"", ""-vaf"", ""-zeb"", "".-bo"", "".c.?"", ""//yo"", ""/aux"", ""/m*a"", ""/nyp"", ""/orr"", ""/sul"", ""/ufc"", ""/vcr"", ""0%! "", ""0) j"", ""0/m*"", ""0/pa"", ""00/s"", ""06/d"", ""10%!"", ""10/m"", ""10/p"", ""16 0"", ""17 0"", ""19/1"", ""2 06"", ""2 hj"", ""206/"", ""210/"", ""22 0"", ""227 "", ""23) "", ""24/1"", ""29 0"", ""3! r"", ""3) g"", ""3-ay"", ""4 ss"", ""400/"", ""5) p"", ""5. r"", ""5/12"", ""5/au"", ""574 "", ""6 05"", ""6/di"", ""6/le"", ""8/02"", ""80) "", ""9 07"", ""9-3 "", ""9/pa"", ""92fs"", "": vt"", ""?! l"", ""a 9m"", ""a rk"", ""a++ "", ""a310"", ""abce"", ""accs"", ""adfy"", ""adn "", ""aftt"", ""ambp"", ""ameq"", ""anjk"", ""atco"", ""auwz"", ""av' "", ""azto"", ""b//y"", ""bcee"", ""bfk "", ""bigw"", ""blyl"", ""bpad"", ""buz,"", ""bwoh"", ""bz n"", ""c hl"", ""c pp"", ""c/i "", ""caek"", ""ccok"", ""ccsa"", ""ceck"", ""cgol"", ""cic!"", ""cki!"", ""clo'"", ""cna'"", ""cr r"", ""cul/"", ""cwee"", ""d 3!"", ""d rp"", ""d zb"", ""d' &"", ""d-ei"", ""datn"", ""dduc"", ""de!/"", ""dfys"", ""dn n"", ""dny:"", ""do'?"", ""drtv"", ""dvd?"", ""dyik"", ""dyjk"", ""dze."", ""dzzz"", ""e 5'"", ""e q4"", ""ea?!"", ""ebdr"", ""ef ."", ""egej"", ""egi,"", ""eiwp"", ""ejlv"", ""eke."", ""en(n"", ""epvr"", ""erfz"", ""est_"", ""esyg"", ""euwk"", ""ezi?"", ""f) r"", ""f/go"", ""fa! "", ""fc's"", ""fdre"", ""fdza"", ""ffs!"", ""fikp"", ""fk u"", ""fsb "", ""ftte"", ""fubi"", ""fuic"", ""fy? "", ""geav"", ""geje"", ""gerq"", ""ghip"", ""gig:"", ""gnox"", ""gouh"", ""gsdy"", ""gtav"", ""guzv"", ""h-il"", ""haa?"", ""hahd"", ""hcor"", ""higp"", ""hkuv"", ""hl/b"", ""hls,"", ""hmip"", ""hmom"", ""hto-"", ""hwyt"", ""hyyt"", ""i v*"", ""i- &"", ""ialw"", ""id-h"", ""ieyr"", ""ifa!"", ""indq"", ""intp"", ""ippd"", ""ivi'"", ""iwie"", ""iwpo"", ""iz/f"", ""j dn"", ""jamr"", ""jlve"", ""jn 2"", ""jnru"", ""jon?"", ""jozd"", ""juot"", ""k b."", ""k-cs"", ""k-ik"", ""kajl"", ""kd j"", ""kll "", ""km k"", ""kx w"", ""kyc-"", ""l $t"", ""l 4t"", ""l v-"", ""l?/d"", ""lajn"", ""lcay"", ""lebw"", ""lf/g"", ""lfbl"", ""ll $"", ""lluy"", ""lox!"", ""lozr"", ""lscl"", ""lsy'"", ""m1 g"", ""m32 "", ""m629"", ""mbpa"", ""mc u"", ""mief"", ""mlaz"", ""mmyg"", ""mo/j"", ""mra)"", ""mtel"", ""mtui"", ""mygo"", ""myu!"", ""myy!"", ""mz p"", ""mz/w"", ""n xb"", ""n!/v"", ""n/ny"", ""ndzz"", ""nesj"", ""nizn"", ""njko"", ""nli-"", ""nn/o"", ""nyim"", ""o 4'"", ""o-od"", ""o/mr"", ""oa z"", ""oap'"", ""oatr"", ""obu'"", ""ocu'"", ""odsn"", ""oemt"", ""oho."", ""oi- "", ""okyk"", ""omuy"", ""ooi-"", ""opys"", ""otlz"", ""otzw"", ""owyo"", ""oyre"", ""p/ug"", ""pdro"", ""piey"", ""prci"", ""prye"", ""pto:"", ""puv "", ""pv e"", ""pz d"", ""q43 "", ""r\"" d"", ""r-lu"", ""r-s:"", ""rgfr"", ""rm/r"", ""rnuk"", ""rs-o"", ""rtew"", ""rye!"", ""s*h/"", ""s.g."", ""s/cj"", ""sb c"", ""sf -"", ""shyt"", ""sib:"", ""sl f"", ""sm/v"", ""sp h"", ""st_w"", ""suov"", ""svus"", ""syg?"", ""szpl"", ""t 6/"", ""t.s:"", ""t/oh"", ""t/uf"", ""t_wo"", ""te),"", ""tge,"", ""tlys"", ""tlz "", ""tmuk"", ""topb"", ""tujk"", ""tuzm"", ""tuzv"", ""tv/v"", ""tv27"", ""tv3'"", ""tvra"", ""tvww"", ""txar"", ""u' o"", ""u-up"", ""ua &"", ""uafr"", ""ub//"", ""ubii"", ""ud/n"", ""uddr"", ""udi!"", ""uen)"", ""uev "", ""uf 4"", ""ufc'"", ""ugsg"", ""ui/n"", ""un-1"", ""unz?"", ""urgf"", ""uwko"", ""uwze"", ""uzvo"", ""v 3."", ""v bb"", ""v' l"", ""v' o"", ""v***"", ""v-ab"", ""v-gl"", ""v-va"", ""v-ve"", ""v/vc"", ""v2 h"", ""v27 "", ""v3's"", ""vafl"", ""vca,"", ""veiw"", ""vihn"", ""viwu"", ""vjia"", ""vjoz"", ""vnij"", ""votk"", ""voyr"", ""vrda"", ""vuju"", ""vwww"", ""vygu"", ""w-pa"", ""w-tv"", ""w.-b"", ""w.bl"", ""w/pu"", ""wagv"", ""wah2"", ""wbz "", ""weec"", ""wen("", ""wfsb"", ""wk e"", ""wkom"", ""wkyc"", ""won!"", ""wwat"", ""wyou"", ""wyta"", ""wzee"", ""xav'"", ""xnay"", ""xnig"", ""y 5/"", ""yar?"", ""ybub"", ""yc 4"", ""yc-t"", ""yc/h"", ""yckm"", ""yfe)"", ""yjko"", ""ykl "", ""ykll"", ""ymik"", ""ywna"", ""z/er"", ""z/ri"", ""zas'"", ""zec,"", ""zec."", ""zi?!"", ""zig'"", ""zm z"", ""zou?"", ""zsup"", ""zviw"", ""zvjo"", ""zykr"", ""zz/k"", ""zz/r"", ""zzz/""]",467,1,155,0.0064516129032258064
4,block_infix_fingerprint_v004.json,128,local_split_entropy_equivalence_classes,154,4,0.0,0.05,title,title,104," ""de","["" \""de"", ""(lem"", ""t fb""]",3,2,155,0.012903225806451613
4,block_infix_fingerprint_v004.json,128,local_split_entropy_equivalence_classes,154,4,0.0,0.05,title,title,105," ""dr","["" \""dr"", "" 1-t"", "" 3/p"", "" 33e"", "" 3p!"", "" @ll"", "" eyg"", "" gnb"", "" lq "", "" m'q"", "" m.,"", "" sqa"", "" tvp"", "" v' "", "" v/i"", "" vtt"", "" wti"", "" x'e"", ""!)/c"", ""\""dri"", ""\""we'"", ""#029"", ""#602"", ""' wt"", ""'ael"", ""'inj"", ""'khr"", ""'oni"", ""'quv"", ""(19)"", ""(lob"", "")/co"", ""*sid"", ""+ es"", ""+ ra"", "", 3p"", "", g'"", ""- bm"", ""- x'"", ""-aaw"", ""-edw"", ""-f l"", ""-t/d"", ""-uri"", "".a/f"", "".ri "", ""/ab/"", ""/abl"", ""/aua"", ""/du "", ""/fuk"", ""/gef"", ""/gly"", ""/gub"", ""/iba"", ""/iud"", ""/m 5"", ""/unv"", ""/uro"", ""/zdf"", ""0 'n"", ""1-te"", ""28em"", ""3/gi"", ""3/pa"", ""36e "", ""6/ni"", ""69 t"", ""6e c"", ""? ij"", ""?/my"", ""?/ts"", ""@llu"", ""a 6e"", ""a'ae"", ""a.ri"", ""a.ti"", ""a/ip"", ""a/iu"", ""a?/l"", ""aas'"", ""aeug"", ""ag2o"", ""agiv"", ""ahu!"", ""ajfk"", ""aoa "", ""au/u"", ""auae"", ""avcn"", ""b/pi"", ""baoa"", ""be $"", ""bht "", ""bnab"", ""bog-"", ""bol/"", ""c 3-"", ""c om"", ""c/sh"", ""c/st"", ""c/ta"", ""cc-m"", ""ccoa"", ""cecy"", ""ceth"", ""ci/c"", ""ci/t"", ""cish"", ""ckki"", ""coa'"", ""cocq"", ""creq"", ""cubl"", ""d lk"", ""d!/r"", ""d\"" ("", ""d-ie"", ""davc"", ""dej/"", ""df f"", ""ditm"", ""dke/"", ""doep"", ""du-m"", ""e lq"", ""edu-"", ""effh"", ""eg/d"", ""ej/r"", ""em +"", ""enkb"", ""enu/"", ""epe/"", ""erdp"", ""es.b"", ""esc/"", ""ew/i"", ""ew/v"", ""eygl"", ""fajf"", ""fd v"", ""fe/u"", ""ffhe"", ""fhet"", ""fiud"", ""fmr "", ""fon'"", ""fseh"", ""ftsn"", ""fu.t"", ""fyda"", ""fyr-"", ""g v3"", ""g' u"", ""g-oa"", ""g/ov"", ""gazn"", ""gfej"", ""gg/b"", ""gluu"", ""goaj"", ""guo:"", ""gw 1"", ""h v4"", ""h v5"", ""h!/d"", ""h?/s"", ""hea/"", ""hecl"", ""heje"", ""hiaj"", ""hj-t"", ""hn/z"", ""hryp"", ""humv"", ""hyu-"", ""i 62"", ""i tx"", ""i. 3"", ""i/ay"", ""ieib"", ""iho'"", ""ihtm"", ""iji?"", ""imix"", ""ind\"""", ""ip!/"", ""isp/"", ""iudv"", ""j-tv"", ""j/ro"", ""ja/s"", ""jetw"", ""jeub"", ""jfku"", ""jo? "", ""k wl"", ""kb h"", ""kbeh"", ""kbik"", ""kcci"", ""kg n"", ""khj-"", ""ksl "", ""ksuj"", ""ksyj"", ""kti?"", ""kvsn"", ""l\"" a"", ""la.t"", ""lba/"", ""le.t"", ""lef-"", ""lga-"", ""lkl!"", ""lkpi"", ""lo/p"", ""lp/g"", ""lpdi"", ""lq 1"", ""lr10"", ""lu/e"", ""lz-k"", ""lzje"", ""m v3"", ""m'qu"", ""m/gl"", ""m/pl"", ""mabw"", ""maxt"", ""mgob"", ""mh s"", ""mhug"", ""minp"", ""ml-9"", ""mo +"", ""mpih"", ""mu!?"", ""n lk"", ""n'u "", ""n/zd"", ""ncyk"", ""nl o"", ""nn-a"", ""nodc"", ""nofj"", ""nop'"", ""nu/w"", ""nucs"", ""nwho"", ""nydu"", ""o?/m"", ""oa q"", ""oelz"", ""ofje"", ""oiir"", ""olr1"", ""olzj"", ""oogw"", ""oprt"", ""osix"", ""ot \"""", ""oul\"""", ""owlt"", ""p (w"", ""p/ip"", ""pdie"", ""peue"", ""pfhu"", ""plib"", ""ppaf"", ""prta"", ""qaud"", ""quve"", ""r, #"", ""r/dy"", ""r/op"", ""rgoc"", ""ruh/"", ""s @l"", ""s s1"", ""s-ph"", ""s.be"", ""si/e"", ""sixa"", ""soct"", ""sok/"", ""sp/j"", ""spix"", ""sqau"", ""sseq"", ""sua!"", ""t.a/"", ""t/dw"", ""ta.r"", ""ta/i"", ""tem-"", ""tkdn"", ""tuct"", ""txap"", ""txit"", ""tz/u"", ""u.ta"", ""u/ex"", ""uaeu"", ""ucc-"", ""uckv"", ""ud/j"", ""uf/b"", ""ufse"", ""uh/a"", ""ujo?"", ""ul\"" "", ""ulpd"", ""uosm"", ""usu?"", ""uuju"", ""uxid"", ""uy/u"", ""v 04"", ""v 06"", ""v v3"", ""v/ib"", ""va/n"", ""vcna"", ""vsn "", ""w-ur"", ""w/ve"", ""wed\"""", ""weeh"", ""wes,"", ""winr"", ""wlto"", ""wshw"", ""wtih"", ""x'ed"", ""x/l'"", ""x/pi"", ""xar-"", ""xie-"", ""y bd"", ""ybht"", ""yen!"", ""yogf"", ""yr-t"", ""z g:"", ""z/ur"", ""z/ve"", ""zboc"", ""zoo)"", ""zwo,""]",352,1,155,0.0064516129032258064
4,block_infix_fingerprint_v004.json,128,local_split_entropy_equivalence_classes,154,4,0.0,0.05,title,title,106," ""ex","["" \""ex"", "".d t"", ""d/sk"", ""hlud"", ""o.d "", ""tuup""]",6,2,155,0.012903225806451613
4,block_infix_fingerprint_v004.json,128,local_split_entropy_equivalence_classes,154,4,0.0,0.05,title,title,107," ""ez","["" \""ez"", ""\"" zu"", ""\""ez\"""", ""9. r"", ""afp:"", ""c \""e"", ""ez\"" "", ""iks!"", ""s?/e"", ""z\"" z""]",10,2,155,0.012903225806451613
4,block_infix_fingerprint_v004.json,128,local_split_entropy_equivalence_classes,154,4,0.0,0.05,title,title,108," ""fe","["" \""fe"", "" (#4"", "" ('d"", "" (45"", "" 01 "", "" 10j"", "" 19y"", "" 2-b"", "" 23e"", "" 27e"", "" 34c"", "" 43y"", "" 98,"", "" fwo"", "" h/j"", "" ixb"", "" j'c"", "" ju:"", "" m'v"", "" o-w"", "" phw"", "" rbd"", "" uk!"", "" xui"", "" z'i"", ""!' a"", ""\""feb"", ""# 28"", ""#062"", ""#607"", ""' (c"", ""'asg"", ""'dc "", ""'ezr"", ""'izi"", ""'lio"", ""'yeu"", ""(#4)"", ""('dr"", ""(45)"", ""(clu"", ""(ex "", ""(lit"", ""(oda"", ""*som"", "", rk"", ""- 'c"", ""-a$$"", ""-b-h"", ""-hao"", ""-iza"", ""-khr"", ""-ra/"", ""-ti-"", ""-yu'"", "".0/k"", "".4 s"", "".a 1"", "".his"", "".ka-"", ""/ ju"", ""/9 t"", ""/b.j"", ""/d.o"", ""/dya"", ""/err"", ""/erz"", ""/hyu"", ""/jik"", ""/kou"", ""/lmf"", ""/lop"", ""/lup"", ""/m83"", ""/wun"", ""/yud"", ""0/he"", ""0/ka"", ""000m"", ""03 ("", ""0ji!"", ""0mal"", ""1.ep"", ""1/li"", ""10/h"", ""10ji"", ""12.h"", ""12em"", ""15em"", ""19yr"", ""2.hi"", ""23em"", ""26/4"", ""27em"", ""2cas"", ""3 ('"", ""31.e"", ""39.e"", ""3yrs"", ""4 (c"", ""41.e"", ""43.e"", ""43yr"", ""44.e"", ""5.a "", ""6/45"", ""7e r"", ""8 ab"", ""8, c"", ""8/ul"", ""9.ep"", ""9:05"", ""9yrs"", "": \""f"", ""? 17"", ""?/it"", ""@liv"", ""a fm"", ""a v6"", ""a'oc"", ""a'su"", ""a/et"", ""aayl"", ""afzw"", ""agt/"", ""ahgl"", ""air\"""", ""aq/f"", ""arz'"", ""au-t"", ""avzo"", ""axfr"", ""ayll"", ""ayuj"", ""bu'a"", ""bur/"", ""c v3"", ""c'sl"", ""c-ic"", ""cc i"", ""ccsr"", ""cglo"", ""ci/p"", ""ckka"", ""csau"", ""csre"", ""cu-n"", ""cuo'"", ""d v2"", ""d'iz"", ""d/b."", ""d/rh"", ""d2ca"", ""da/y"", ""ddaw"", ""doo."", ""drsg"", ""e'ez"", ""e-cd"", ""e./m"", ""e/tv"", ""edrs"", ""eeoo"", ""eio!"", ""ely)"", ""eoow"", ""erzn"", ""esji"", ""etv'"", ""etzp"", ""euf?"", ""eux'"", ""ex/k"", ""exy-"", ""f 34"", ""f-d'"", ""fkic"", ""fm:s"", ""fmf "", ""fosq"", ""fwom"", ""fy' "", ""fy-g"", ""fzwe"", ""g nk"", ""g): "", ""g5 n"", ""gau!"", ""gop?"", ""gt/w"", ""gzow"", ""h. &"", ""h/lm"", ""hazv"", ""hde-"", ""hgl "", ""hh j"", ""hi/j"", ""hke-"", ""hkio"", ""hnep"", ""ho/c"", ""hpu "", ""hrby"", ""hte/"", ""htyi"", ""hwoa"", ""i zs"", ""i.de"", ""i/up"", ""i5 s"", ""iags"", ""idmu"", ""iegj"", ""in/9"", ""iny."", ""iom-"", ""iwae"", ""iwo,"", ""izst"", ""j'cr"", ""jeum"", ""jij?"", ""k k."", ""k mg"", ""k) r"", ""k/ex"", ""k/uk"", ""k@li"", ""kayg"", ""kee!"", ""keml"", ""kgar"", ""khgi"", ""kixx"", ""klkn"", ""kn c"", ""kniq"", ""kok@"", ""ksfy"", ""kuh!"", ""kyue"", ""l rb"", ""l2 l"", ""l4 y"", ""ld2c"", ""ldut"", ""lg, "", ""lkl'"", ""lkn "", ""lkyc"", ""ll')"", ""llh:"", ""lll."", ""llnk"", ""loe?"", ""m nb"", ""m'av"", ""m've"", ""m:st"", ""matx"", ""max2"", ""mi.d"", ""mlg,"", ""moap"", ""mup "", ""mwid"", ""n- &"", ""n/9 "", ""nahp"", ""ndax"", ""neee"", ""nfok"", ""ng):"", ""ng5 "", ""nk/u"", ""nkdy"", ""nki'"", ""no/u"", ""nug."", ""o?/i"", ""oapi"", ""oc-i"", ""ockg"", ""ok@l"", ""old2"", ""om(s"", ""on-9"", ""onn:"", ""oom("", ""op? "", ""opfh"", ""ouv'"", ""oy +"", ""p/ce"", ""phwo"", ""piib"", ""pvz "", ""q/fi"", ""qs d"", ""quhm"", ""r gz"", ""r wc"", ""r-sm"", ""r?/f"", ""reb!"", ""rfi?"", ""rmup"", ""rsg "", ""rv 1"", ""rwte"", ""rz/b"", ""rzno"", ""saxf"", ""sjij"", ""t/n."", ""tjua"", ""tla'"", ""tozt"", ""tto)"", ""tx b"", ""tzi/"", ""tzpi"", ""u/ga"", ""u/hy"", ""uar-"", ""uf/k"", ""uft/"", ""uiky"", ""ulox"", ""ulz!"", ""umwi"", ""untv"", ""uoic"", ""uv'b"", ""uyaw"", ""v 01"", ""v ox"", ""v'bo"", ""vak/"", ""vdue"", ""vz r"", ""vzol"", ""w/ f"", ""wae!"", ""wai)"", ""wel."", ""wiej"", ""wlll"", ""wlly"", ""woar"", ""woej"", ""wten"", ""wwll"", ""wwwl"", ""xa-h"", ""xen/"", ""xfra"", ""xi/a"", ""xisa"", ""xitv"", ""xy-a"", ""y (#"", ""y h/"", ""y-a$"", ""y-ar"", ""y/m8"", ""yaxu"", ""ybau"", ""yna/"", ""yul?"", ""ywki"", ""yze'"", ""z'in"", ""z-b-"", ""z-sz"", ""z/dy"", ""z/vi"", ""zeg!"", ""zh o"", ""zi 8"", ""zi/u"", ""zodd""]",383,1,155,0.0064516129032258064
4,block_infix_fingerprint_v004.json,128,local_split_entropy_equivalence_classes,154,4,0.0,0.05,title,title,109," ""go","["" \""go"", "" \""ky"", "" \""ra"", "" 'yi"", "" (x)"", "" -na"", "" -ua"", "" 5/m"", "" 50v"", "" a1c"", "" btr"", "" fkk"", "" g/m"", "" hda"", "" icp"", "" lfr"", "" m5 "", "" nvi"", "" opz"", "" pz "", "" sc-"", "" v/c"", "" xba"", "" ~ d"", ""! (k"", ""! hd"", ""! if"", ""! io"", ""!kyo"", ""!que"", ""\"" na"", ""\"": h"", ""\""gom"", ""\""kyl"", ""\""rak"", ""#3 h"", ""#goo"", ""#rob"", ""& 08"", ""&m/q"", ""&p p"", ""'/my"", ""'afy"", ""'buo"", ""'e j"", ""'gak"", ""'jia"", ""'sba"", ""'yin"", ""(26f"", ""(26h"", ""(aji"", ""(ove"", ""(yar"", "",99%"", ""- fd"", ""- fk"", ""-5 i"", ""-aav"", ""-atz"", ""-baq"", ""-dc "", ""-dn1"", ""-gy-"", ""-id "", ""-mop"", ""-uab"", ""-vg1"", ""-wg "", ""-wm."", ""-y t"", ""-yll"", "".goe"", "".j.t"", ""/007"", ""/14 "", ""/98'"", ""/ams"", ""/cep"", ""/d. "", ""/epm"", ""/f.u"", ""/g-u"", ""/koh"", ""/lex"", ""/mc "", ""/nen"", ""/o.c"", ""/pcu"", ""/s&m"", ""/syb"", ""/v a"", ""07 &"", ""1 pz"", ""129/"", ""13/d"", ""1c/s"", ""26f)"", ""26h)"", ""29/k"", ""2a: "", ""45-n"", ""52 g"", ""6f) "", ""710 "", ""8'/m"", ""9, j"", ""9/ka"", ""98'/"", ""99,9"", ""?/ga"", ""?/ok"", ""@ ce"", ""@mur"", ""@sie"", ""a\"" n"", ""a\"": "", ""a- j"", ""a-sm"", ""a. @"", ""a1c/"", ""a; l"", ""a?/d"", ""a?/o"", ""aaio"", ""aaoh"", ""adzt"", ""aerc"", ""afeb"", ""aji)"", ""alf!"", ""alpf"", ""an2g"", ""anll"", ""aohk"", ""at \"""", ""au/v"", ""auao"", ""aw/a"", ""aw/l"", ""b! i"", ""b-aq"", ""b-gy"", ""b? ("", ""baqa"", ""bi/o"", ""bis("", ""bopa"", ""bs @"", ""bs/i"", ""bs? "", ""bud!"", ""byoy"", ""c zv"", ""c-sp"", ""can2"", ""ch-5"", ""cicr"", ""cklt"", ""ckx-"", ""crao"", ""cta?"", ""ctge"", ""cu/w"", ""d hw"", ""d/10"", ""d/ia"", ""dby:"", ""dex/"", ""di/t"", ""dn10"", ""dpa!"", ""dzi."", ""e lf"", ""e m5"", ""e'sb"", ""e/00"", ""ebsb"", ""eckx"", ""egsy"", ""ei ."", ""ei!k"", ""ei/b"", ""ejuh"", ""emwi"", ""emyr"", ""ennn"", ""eod,"", ""epuk"", ""es'r"", ""ewoc"", ""ewpa"", ""ewuf"", ""ex/e"", ""f) w"", ""feak"", ""fgus"", ""fi ("", ""fkk "", ""fs/b"", ""fs/n"", ""fu/z"", ""g a/"", ""g-os"", ""g/o."", ""g10 "", ""gab,"", ""gab:"", ""gdo,"", ""ge ~"", ""ge-j"", ""gic-"", ""gju,"", ""gjuk"", ""gruu"", ""gs q"", ""gsts"", ""gsy,"", ""gukb"", ""gysl"", ""h ds"", ""h'on"", ""h-5 "", ""h-ty"", ""h/ms"", ""ha\"":"", ""hdak"", ""hexc"", ""hflu"", ""hgiv"", ""hrt-"", ""hwre"", ""hylp"", ""i -n"", ""i!ky"", ""i'sa"", ""i-ur"", ""iba)"", ""icpo"", ""idbj"", ""if/p"", ""ihi/"", ""ihn,"", ""ii/k"", ""ijdc"", ""iktr"", ""imh/"", ""ioih"", ""isys"", ""iv?/"", ""j hi"", ""ja/m"", ""jahv"", ""jdca"", ""jnam"", ""jo/9"", ""js -"", ""ju/l"", ""jukl"", ""jymy"", ""k 2n"", ""k' n"", ""k-ze"", ""k/f."", ""k3 k"", ""kay-"", ""kfax"", ""kh-m"", ""klti"", ""koo/"", ""ksep"", ""kx-n"", ""ky ~"", ""kycr"", ""l-id"", ""ld/1"", ""le/0"", ""lf/n"", ""lla\"""", ""lm/n"", ""lme@"", ""ln?!"", ""lpyr"", ""ltyr"", ""luoj"", ""lusr"", ""lv z"", ""lvo'"", ""ly?."", ""m gs"", ""m nv"", ""m p&"", ""m- b"", ""m/qu"", ""m5 b"", ""me@m"", ""mh/t"", ""ms/v"", ""my-y"", ""my/v"", ""n \""g"", ""n -u"", ""n bt"", ""n g/"", ""n-tt"", ""n/pc"", ""n104"", ""n?!!"", ""nd-z"", ""ndz!"", ""ne'l"", ""nlls"", ""nluj"", ""nnni"", ""nsa\"""", ""o/98"", ""ob-g"", ""obs."", ""oft!"", ""oild"", ""oju/"", ""omup"", ""on-3"", ""op.3"", ""opze"", ""os?:"", ""ouud"", ""p lt"", ""p' k"", ""p-77"", ""pcu/"", ""pftp"", ""pis:"", ""pls "", ""poht"", ""pouu"", ""pp/m"", ""ppt."", ""ppu/"", ""psek"", ""pt/i"", ""pu/r"", ""pymi"", ""pz s"", ""qnd "", ""qrda"", ""r-dn"", ""r/gw"", ""r2 c"", ""rb/b"", ""rbop"", ""rg! "", ""rgd "", ""rha\"""", ""rhej"", ""rkls"", ""rn/k"", ""rp-7"", ""rppo"", ""rpuo"", ""rqrd"", ""rr/m"", ""ruk!"", ""ruzc"", ""ryeh"", ""s&m/"", ""s/14"", ""s/ok"", ""s@si"", ""sa\"" "", ""sb-1"", ""sbb "", ""sbe!"", ""sfax"", ""shdt"", ""sivy"", ""six!"", ""sk/l"", ""smoj"", ""so/m"", ""sod'"", ""sspc"", ""ssu:"", ""str-"", ""stu-"", ""su/j"", ""syss"", ""t \""r"", ""t-ob"", ""temw"", ""tje-"", ""tr-d"", ""tu-m"", ""tv-q"", ""tzco"", ""tzme"", ""tzo'"", ""u 08"", ""u/le"", ""u/ve"", ""u/zu"", ""uabh"", ""uasu"", ""uf?!"", ""ufgu"", ""uhef"", ""uhn/"", ""uk-3"", ""ul-i"", ""uoss"", ""upaw"", ""upls"", ""uvoa"", ""uze,"", ""v-qu"", ""v?/t"", ""ve-z"", ""vg10"", ""vifs"", ""vl-v"", ""vsat"", ""vunm"", ""vyzr"", ""w ew"", ""w/as"", ""w/s&"", ""we/e"", ""wg -"", ""whob"", ""wm.."", ""wpac"", ""wpop"", ""wu 0"", ""wutp"", ""x-vg"", ""xba "", ""xin,"", ""xrp-"", ""y ls"", ""y v/"", ""y-iv"", ""y-yl"", ""y/g-"", ""y?.."", ""ya- "", ""yeh!"", ""yisy"", ""yk e"", ""yll-"", ""ymy-"", ""yrei"", ""yt &"", ""yulr"", ""yzra"", ""z/ke"", ""zcaf"", ""zey'"", ""zi. "", ""zkom"", ""zu-h"", ""zy!!"", ""~ de"", ""~ li""]",463,1,155,0.0064516129032258064
4,block_infix_fingerprint_v004.json,128,local_split_entropy_equivalence_classes,154,4,0.0,0.05,title,title,110," ""hi","["" \""hi"", "" $13"", "" $4."", "" 'x "", "" (bb"", "" (gy"", "" (nm"", "" (tn"", "" 1+1"", "" 13p"", "" 2/k"", "" 5/6"", "" 9-b"", "" 9-g"", "" 9-k"", "" bd7"", "" cx5"", "" d-o"", "" dws"", "" ed;"", "" g'm"", "" h w"", "" ke!"", "" lcb"", "" ls4"", "" m k"", "" q k"", "" t u"", "" yii"", ""! q "", ""! z "", ""!/gr"", ""\""hi\"""", ""#3 t"", ""$130"", ""& 06"", ""'; m"", ""'kif"", ""'s/a"", ""'uh/"", ""'x f"", ""(bbv"", ""(cop"", ""(gye"", ""(net"", ""(nm)"", ""(tn)"", ""(v1."", ""), o"", "")tus"", "")~!!"", "", 'k"", "", ck"", ""- 5/"", ""- m'"", ""-20-"", ""-555"", ""-ak "", ""-caw"", ""-d'u"", ""-d/m"", ""-hey"", ""-ihm"", ""-l a"", ""-v e"", ""-ve-"", ""-wro"", ""-yol"", "".01)"", ""/3 o"", ""/9.9"", ""/abi"", ""/ahh"", ""/anv"", ""/b.g"", ""/c+c"", ""/e.g"", ""/gad"", ""/mdl"", ""/ome"", ""/puc"", ""/sqo"", ""/t.j"", ""0 (c"", ""01):"", ""05 &"", ""0s. "", ""1 9-"", ""1-55"", ""11 9"", ""130,"", ""13pt"", ""2/e."", ""2/ki"", ""3pt "", ""4. -"", ""40s."", ""42/e"", ""43:1"", ""475:"", ""5 mr"", ""5-ve"", ""5/6 "", ""55-v"", ""6, v"", ""60-4"", ""68.9"", ""9 ds"", ""9-bu"", ""9-by"", ""9-ga"", ""; pi"", ""; te"", ""?!/t"", ""?/hu"", ""?/ip"", ""@ gw"", ""@tti"", ""a g'"", ""a)~!"", ""aa)~"", ""aa-j"", ""aa/d"", ""aag!"", ""adt."", ""af/o"", ""agzu"", ""aje."", ""amd "", ""aou/"", ""apsj"", ""aqq "", ""ark2"", ""awio"", ""axl,"", ""b dj"", ""b/ch"", ""b?/h"", ""baa)"", ""bbv)"", ""bik/"", ""biz?"", ""c-ca"", ""c/ke"", ""cawf"", ""caww"", ""cm u"", ""cte/"", ""d 9p"", ""d) f"", ""d./m"", ""d; r"", ""dde-"", ""dds;"", ""deii"", ""devn"", ""dey/"", ""dkee"", ""dr.d"", ""ds/9"", ""dwsa"", ""e $t"", ""e 7d"", ""e 8,"", ""e lc"", ""e ue"", ""e)tu"", ""e-d'"", ""e/ t"", ""eahc"", ""eaue"", ""eee-"", ""eef."", ""efuj"", ""egu,"", ""eke?"", ""em'h"", ""eniw"", ""ens;"", ""eu!?"", ""evnt"", ""f./s"", ""f/dr"", ""fpau"", ""fu. "", ""g hn"", ""g j,"", ""g'ma"", ""g-d/"", ""g; '"", ""ggpi"", ""gozb"", ""gpir"", ""gtsb"", ""gzuc"", ""h s,"", ""h; p"", ""hcim"", ""hdej"", ""hm.."", ""hn.c"", ""hnif"", ""hou)"", ""hyly"", ""i\"" s"", ""i-lh"", ""i-tt"", ""i?!/"", ""ic/k"", ""ich;"", ""idlu"", ""ig/i"", ""ik!'"", ""ik- "", ""ik/l"", ""ik/y"", ""inpf"", ""ip @"", ""ir/i"", ""isc9"", ""itu/"", ""iv):"", ""ixli"", ""ixx/"", ""j's/"", ""jem'"", ""ji?!"", ""jmah"", ""jnvl"", ""jr n"", ""k- o"", ""k-mi"", ""k/i'"", ""k2 t"", ""ka/n"", ""kdit"", ""ked)"", ""kje."", ""koaj"", ""koia"", ""kyy/"", ""l qm"", ""l/b."", ""l/ed"", ""lcbo"", ""le/ "", ""lpyn"", ""ls46"", ""luvc"", ""lvah"", ""lyo,"", ""m 3s"", ""m!/g"", ""md t"", ""md/t"", ""mdlt"", ""me-1"", ""n 1+"", ""n 8p"", ""n f1"", ""n l "", ""n/ah"", ""n/md"", ""nea'"", ""ni?-"", ""nm) "", ""nogb"", ""nt-x"", ""nu-p"", ""nui,"", ""nyll"", ""o \""h"", ""o'; "", ""o/wo"", ""oapl"", ""oapu"", ""obhe"", ""ogug"", ""omqu"", ""omyr"", ""on-4"", ""oomq"", ""orzn"", ""ouzp"", ""ox' "", ""p @ "", ""p p."", ""p' m"", ""p-15"", ""p-i-"", ""p/60"", ""pds?"", ""pekj"", ""pfpa"", ""ph/k"", ""pmd/"", ""pp/6"", ""pynt"", ""q hu"", ""q ku"", ""qmar"", ""qott"", ""qq o"", ""r tx"", ""r-v "", ""r/d'"", ""r/gn"", ""re'?"", ""re)t"", ""rerp"", ""rf/d"", ""rf/n"", ""rk2 "", ""rlym"", ""ro';"", ""ru/d"", ""ru/o"", ""s 8p"", ""s- c"", ""s/9."", ""s/b."", ""s460"", ""s; '"", ""s@tt"", ""sc10"", ""sck/"", ""seeo"", ""seg?"", ""sf-s"", ""sfn:"", ""sm/f"", ""sqot"", ""stzy"", ""sv b"", ""syju"", ""syo!"", ""t pm"", ""t xf"", ""t-mu"", ""t/tl"", ""t5: "", ""tacq"", ""tetj"", ""thm."", ""tkuh"", ""tmi-"", ""tn m"", ""tn) "", ""toap"", ""ttno"", ""tx w"", ""tyl!"", ""tzyn"", ""u 9-"", ""u/cr"", ""u/om"", ""uft:"", ""ufu."", ""uh/n"", ""ujr "", ""ukh,"", ""unnl"", ""uzpi"", ""v): "", ""v1.0"", ""vaa."", ""vcas"", ""vims"", ""vntu"", ""vute"", ""wa?/"", ""wal'"", ""wii/"", ""wion"", ""wk/o"", ""wl!?"", ""wn-e"", ""wonc"", ""wsar"", ""x-10"", ""x-l "", ""x/ar"", ""x/te"", ""xl, "", ""xor?"", ""xt! "", ""xwei"", ""xx/s"", ""xxth"", ""y-sw"", ""y/c+"", ""ya 4"", ""yczo"", ""ye +"", ""yiii"", ""yjuc"", ""ynyl"", ""yonv"", ""ystm"", ""yy/d"", ""yyka"", ""yyny"", ""zenq"", ""zig/"", ""zo'o"", ""zosz"", ""zu/c"", ""zziv""]",408,1,155,0.0064516129032258064
4,block_infix_fingerprint_v004.json,128,local_split_entropy_equivalence_classes,154,4,0.0,0.05,title,title,111," ""i ","["" \""i ""]",1,3,155,0.01935483870967742
4,block_infix_fingerprint_v004.json,128,local_split_entropy_equivalence_classes,154,4,0.0,0.05,title,title,112," ""in","["" \""in"", ""eepk""]",2,2,155,0.012903225806451613
4,block_infix_fingerprint_v004.json,128,local_split_entropy_equivalence_classes,154,4,0.0,0.05,title,title,113," ""ji","["" \""ji"", "" #05"", "" $23"", "" & \"""", "" '.0"", "" '1e"", "" 'ey"", "" 'gt"", "" 13g"", "" 15z"", "" 3co"", "" 738"", "" 75%"", "" 757"", "" 759"", "" 764"", "" 784"", "" 790"", "" 795"", "" 7a/"", "" 80)"", "" 803"", "" 812"", "" 817"", "" 818"", "" 836"", "" 842"", "" 844"", "" 858"", "" 868"", "" 874"", "" 878"", "" 892"", "" 899"", "" 938"", "" 952"", "" 975"", "" cph"", "" dy/"", "" g'b"", "" ia)"", "" k3!"", "" mwy"", "" s&p"", "" tpc"", "" v3s"", "" vm-"", "" wb2"", "" wr "", "" wrt"", ""! ep"", ""! ie"", ""! k-"", ""!/ab"", ""!nik"", ""\"" ap"", ""\""jim"", ""$.t."", ""$23."", ""% be"", ""& \""j"", ""& g'"", ""&b p"", ""&sol"", ""' 92"", ""'.07"", ""'/to"", ""'1e'"", ""'ett"", ""'eye"", ""'fiu"", ""'fot"", ""'gt-"", ""'jag"", ""'nol"", ""'tac"", ""'upo"", ""(elf"", ""(fig"", ""(gud"", ""(k)h"", ""(vil"", "")hau"", ""- 7a"", ""- n6"", ""-2.0"", ""-5 f"", ""-5 u"", ""-732"", ""-bij"", ""-heu"", ""-mab"", ""-r' "", ""-tzc"", ""-zoe"", "".$.t"", "".07%"", "".eug"", "".u.$"", ""/110"", ""/48."", ""/amr"", ""/arj"", ""/irw"", ""/lub"", ""/lyd"", ""0-gu"", ""0/th"", ""00/t"", ""07%'"", ""08-t"", ""136-"", ""13go"", ""14-i"", ""15zl"", ""173-"", ""178-"", ""1e' "", ""2-1/"", ""2-ma"", ""2-th"", ""2/fi"", ""2/he"", ""252-"", ""282-"", ""2wik"", ""3-ko"", ""3-pr"", ""30-7"", ""304:"", ""308-"", ""314-"", ""335-"", ""35-i"", ""36-g"", ""3com"", ""4 (e"", ""429:"", ""462/"", ""47-e"", ""492-"", ""5 18"", ""5 26"", ""5 uk"", ""5% b"", ""5-ir"", ""52-m"", ""6/9 "", ""62/1"", ""68-7"", ""7-ev"", ""73-p"", ""75% "", ""78-v"", ""7a/r"", ""8-75"", ""8-va"", ""8.5c"", ""82-t"", ""97/1"", ""9:12"", ""? 19"", ""? oi"", ""?! e"", ""@weg"", ""a ~ "", ""aaa'"", ""ai'r"", ""aiu!"", ""ajcz"", ""aktb"", ""anjl"", ""awp "", ""az'l"", ""b-ey"", ""b/ir"", ""b25 "", ""b2wi"", ""bai)"", ""baxi"", ""bc':"", ""bg &"", ""bia;"", ""bsah"", ""bu) "", ""c hq"", ""c/sp"", ""ced."", ""cfee"", ""ckoe"", ""ckz "", ""coa/"", ""cphp"", ""cue;"", ""cy $"", ""d cp"", ""d pn"", ""d sg"", ""d/em"", ""dcaa"", ""ddoh"", ""dnr:"", ""do':"", ""dor3"", ""dt- "", ""dtsh"", ""dttr"", ""dtvs"", ""dykl"", ""dysd"", ""e&so"", ""e-iv"", ""e.tr"", ""e/jm"", ""eb/i"", ""eedj"", ""eidd"", ""eimy"", ""eipy"", ""ek-r"", ""elkb"", ""eoib"", ""ep??"", ""epsd"", ""eu/h"", ""ez-k"", ""e~! "", ""f 84"", ""f dn"", ""f/ho"", ""fd z"", ""fft!"", ""fsaa"", ""ft.l"", ""fuup"", ""fwaa"", ""g q&"", ""g!/m"", ""g'by"", ""g4ce"", ""gafw"", ""gaz'"", ""gee."", ""geec"", ""gg-f"", ""ghi'"", ""gilj"", ""glyt"", ""gmab"", ""go'f"", ""gtot"", ""gwah"", ""h'fi"", ""h-vi"", ""hawp"", ""hc z"", ""he/n"", ""hieo"", ""higk"", ""hin@"", ""hpix"", ""hwi-"", ""hwya"", ""hwyl"", ""i'ol"", ""i-tz"", ""iai'"", ""iehg"", ""ifea"", ""igkr"", ""ii/p"", ""ijfl"", ""iku?"", ""im/g"", ""in@w"", ""ipyu"", ""is/u"", ""it'/"", ""iu! "", ""iu-s"", ""ix ~"", ""jamt"", ""jfli"", ""jjih"", ""jkva"", ""jo #"", ""k' 9"", ""k)ha"", ""k-2."", ""k/ea"", ""kbos"", ""ke&s"", ""keg!"", ""kla'"", ""koed"", ""kon."", ""ktbi"", ""kwa,"", ""kz f"", ""l? r"", ""lav,"", ""ld!)"", ""lf) "", ""lmwi"", ""lon\"""", ""loo."", ""lp/d"", ""lsdu"", ""lurv"", ""lygb"", ""m 3c"", ""m-sc"", ""m-ve"", ""m/cr"", ""m/ms"", ""ma'e"", ""mewn"", ""mipp"", ""mlow"", ""mnto"", ""mo!?"", ""mo-e"", ""msub"", ""mts."", ""mwyn"", ""n '."", ""n e,"", ""n\"" a"", ""n@we"", ""na ~"", ""nd'r"", ""ndsj"", ""ne?'"", ""njli"", ""nkiw"", ""nmax"", ""nokp"", ""nozn"", ""npao"", ""nsg'"", ""nulc"", ""nzru"", ""o k3"", ""o-eh"", ""o/48"", ""o/za"", ""oeib"", ""ofn "", ""oidb"", ""ojkv"", ""oke&"", ""optv"", ""orfz"", ""os25"", ""oz/b"", ""p f-"", ""p/ka"", ""p/sk"", ""pa'i"", ""padt"", ""pal!"", ""ph j"", ""phpi"", ""poip"", ""pox:"", ""psdy"", ""pu'o"", ""r hw"", ""r mw"", ""re~!"", ""rfze"", ""rghm"", ""rjoh"", ""rldf"", ""rrna"", ""rs.b"", ""rty5"", ""s vp"", ""s&p "", ""s. ?"", ""s.bl"", ""s136"", ""s173"", ""s178"", ""s252"", ""s282"", ""s3 l"", ""s308"", ""s314"", ""s335"", ""sdyn"", ""sh'f"", ""smiu"", ""sp z"", ""spa/"", ""sufe"", ""t tp"", ""t'/t"", ""t-30"", ""t-r'"", ""t/kl"", ""tcoc"", ""tdca"", ""the)"", ""tiu-"", ""tnbc"", ""toy?"", ""ty5 "", ""tyoe"", ""tz!n"", ""u bn"", ""u) r"", ""u.$."", ""ufko"", ""uh-v"", ""unzr"", ""ure~"", ""urf)"", ""uzo-"", ""va'o"", ""veak"", ""vm-g"", ""w! g"", ""w-we"", ""w.eu"", ""w/do"", ""w/ly"", ""wasj"", ""wb2w"", ""wi'n"", ""wik,"", ""wks!"", ""wosh"", ""wp b"", ""wrth"", ""wyai"", ""wyl "", ""xat "", ""xen?"", ""y $2"", ""y lb"", ""y5 s"", ""ya/r"", ""yaid"", ""ydeu"", ""yeen"", ""ygbi"", ""yo-f"", ""ysms"", ""ysz "", ""yvo "", ""z ov"", ""z!ni"", ""z'la"", ""zcen"", ""zkot"", ""zo/4"", ""zo/z"", ""zufk"", ""zy-h"", ""~! d"", ""~! p""]",462,1,155,0.0064516129032258064
4,block_infix_fingerprint_v004.json,128,local_split_entropy_equivalence_classes,154,4,0.0,0.05,title,title,114," ""kd","["" \""kd"", "" #2'"", "" $3 "", "" (yu"", "" 1!!"", "" 41,"", "" 4d'"", "" e55"", "" etj"", "" evk"", "" idn"", "" iup"", "" l h"", "" mkz"", "" o'q"", "" pi/"", "" u? "", "" w/t"", "" wc-"", "" xus"", "" z/z"", ""! oa"", ""!/fe"", ""\""cou"", ""\""exp"", ""\""kd\"""", ""\""tal"", ""#012"", ""#2':"", ""#tha"", ""$3 m"", ""' 24"", ""'-ng"", ""'/fr"", ""'81 "", ""': '"", ""'a'-"", ""'doy"", ""'ny'"", ""'reg"", ""(mao"", ""(na)"", ""(se)"", ""(yup"", "") 's"", "")mer"", "", 4/"", "", mb"", "", yt"", ""-165"", ""-30/"", ""-9/0"", ""-a-a"", ""-au/"", ""-bu!"", ""-kix"", ""-qum"", ""-ute"", "". 1!"", ""..us"", "".5. "", "".5.2"", "".h: "", "".us "", "".war"", ""/1 o"", ""/1 p"", ""/247"", ""0 8t"", ""0-gi"", ""0/00"", ""026:"", ""08s,"", ""0i g"", ""0z r"", ""2 rs"", ""2-re"", ""2.1."", ""246/"", ""25-k"", ""27ji"", ""3 ol"", ""3 u "", ""3.5."", ""30/0"", ""4 1s"", ""4 ub"", ""4/sw"", ""41, "", ""46/2"", ""4d c"", ""4d' "", ""5-ko"", ""5. -"", ""50i "", ""550i"", ""5son"", ""6/24"", ""642-"", ""656-"", ""70z "", ""7jik"", ""808s"", ""839-"", ""8s, "", "": \""c"", "": \""e"", "":mix"", "":sig"", ""<3 u"", ""= 2 "", ""= ic"", ""?/ea"", ""?/pu"", ""?: j"", ""@sch"", ""a'-n"", ""a)me"", ""a-16"", ""a-9/"", ""a-t?"", ""ac'h"", ""aji/"", ""ajsp"", ""akeq"", ""aq q"", ""arhv"", ""b ub"", ""bas/"", ""bb/k"", ""bcs/"", ""bekm"", ""bnob"", ""bo $"", ""bodw"", ""bowo"", ""btez"", ""butm"", ""c #9"", ""c!/f"", ""c-ry"", ""c/du"", ""c/iv"", ""c/lu"", ""ce!'"", ""cfis"", ""cio-"", ""ckzo"", ""cla2"", ""cloh"", ""cnd "", ""co2-"", ""czud"", ""d\"" d"", ""d/kr"", ""d:si"", ""ddum"", ""dp r"", ""dt/h"", ""dugl"", ""dymy"", ""dzyp"", ""e/1s"", ""e/og"", ""e550"", ""e:mi"", ""eac'"", ""eacq"", ""eaf!"", ""ed:s"", ""efey"", ""egi'"", ""egnv"", ""ei-a"", ""ejti"", ""ejvy"", ""elf\"""", ""epi?"", ""er22"", ""erc/"", ""erv'"", ""euf:"", ""ev/z"", ""evku"", ""ewtm"", ""eyrl"", ""ez) "", ""ezu/"", ""f! n"", ""f/hi"", ""fa-h"", ""fa/i"", ""ffa-"", ""ffos"", ""ffsw"", ""fir-"", ""fitb"", ""fm &"", ""fswo"", ""g \""t"", ""g?/l"", ""g?/s"", ""gan\"""", ""ggo/"", ""gh ."", ""gis'"", ""gmt "", ""gnve"", ""gry'"", ""gs!!"", ""gt2 "", ""gu!?"", ""gzap"", ""h 1a"", ""h rp"", ""h), "", ""h-gn"", ""haev"", ""hl? "", ""hmev"", ""hms?"", ""hom!"", ""i (y"", ""ic-r"", ""idke"", ""idy!"", ""iemv"", ""iepz"", ""ietv"", ""ifa/"", ""iigu"", ""ilf!"", ""in \"""", ""incc"", ""io-e"", ""ion@"", ""iutl"", ""izuw"", ""j o'"", ""ja/e"", ""jde!"", ""jeat"", ""ji/n"", ""ji/r"", ""jl c"", ""jobw"", ""jspo"", ""jsps"", ""jtic"", ""jvys"", ""ka/d"", ""kd\"" "", ""ke'!"", ""kequ"", ""kiei"", ""klyc"", ""kmam"", ""kop:"", ""kuep"", ""kuqu"", ""l' ("", ""letx"", ""lew'"", ""lgde"", ""lgua"", ""lheb"", ""loe!"", ""lor\"""", ""ltv "", ""lul?"", ""lvd:"", ""ly??"", ""m! u"", ""m108"", ""m2ni"", ""m?/p"", ""md o"", ""mi/r"", ""mlaf"", ""mobn"", ""moez"", ""muvm"", ""n \""k"", ""n rl"", ""n'/f"", ""n/1 "", ""n@sc"", ""na)m"", ""ncci"", ""ncth"", ""nea!"", ""ng \"""", ""nk ="", ""nry?"", ""nuzl"", ""nwoc"", ""o $3"", ""o m5"", ""o u?"", ""o z/"", ""o'em"", ""o/ru"", ""o2-r"", ""o?/a"", ""obwu"", ""oc!/"", ""oezu"", ""ofvi"", ""oh),"", ""oht?"", ""oizs"", ""ojid"", ""ok #"", ""ol-r"", ""om!?"", ""on@s"", ""ooh)"", ""opt:"", ""orvl"", ""ov/r"", ""oydm"", ""oyu/"", ""p. q"", ""pf 0"", ""pg p"", ""pi/f"", ""pic'"", ""pj o"", ""pkod"", ""pm2n"", ""pom/"", ""popv"", ""pp-a"", ""ppi/"", ""ppja"", ""pub."", ""pwn "", ""pyln"", ""pzee"", ""q qu"", ""q-kl"", ""qaga"", ""qi 1"", ""qua!"", ""quao"", ""qumi"", ""r 4-"", ""r/ig"", ""r/oi"", ""r226"", ""r5so"", ""r60 "", ""r?/e"", ""rc/l"", ""rek)"", ""rhva"", ""rjuv"", ""rl/h"", ""rn/y"", ""rpm2"", ""rsm,"", ""rss "", ""rth;"", ""s iu"", ""s-sw"", ""s.h:"", ""s/1 "", ""s/ee"", ""s7 g"", ""sev?"", ""sew!"", ""sk/q"", ""smi,"", ""so'e"", ""spd,"", ""spsk"", ""ss7 "", ""t! z"", ""t-sq"", ""t2 r"", ""ter2"", ""tez)"", ""tofv"", ""tov/"", ""tpow"", ""ts/1"", ""tuz,"", ""tv'."", ""txas"", ""typ?"", ""tzeg"", ""u? l"", ""ua!!"", ""udgw"", ""uemp"", ""ugnt"", ""uly?"", ""umsg"", ""us)!"", ""uxey"", ""v'. "", ""v/ri"", ""v/zh"", ""viz,"", ""vkag"", ""vkur"", ""w/ev"", ""wag?"", ""wc-s"", ""wde?"", ""wnoc"", ""wp t"", ""wp w"", ""wry'"", ""wtma"", ""x oa"", ""xey-"", ""xfri"", ""y k'"", ""y s1"", ""ya/g"", ""yah/"", ""yco:"", ""ydmi"", ""yss!"", ""yu/s"", ""yui,"", ""yysl"", ""z (f"", ""z e5"", ""z) f"", ""z/zo"", ""zshe"", ""zu/h"", ""zus)""]",435,1,155,0.0064516129032258064
4,block_infix_fingerprint_v004.json,128,local_split_entropy_equivalence_classes,154,4,0.0,0.05,title,title,115," ""ki","["" \""ki"", "" #4."", "" #7/"", "" 't-"", "" - \"""", "" 33n"", "" 35?"", "" 4-m"", "" 5-a"", "" 6-m"", "" c-/"", "" dl "", "" e.?"", "" hjs"", "" io-"", "" jl?"", "" k-m"", "" kjz"", "" mrb"", "" oan"", "" tw "", "" u-3"", "" v-j"", ""! cd"", ""!, f"", ""!/ye"", ""\""kib"", ""#7/e"", ""$2.2"", ""$hot"", ""& bj"", ""&b, "", ""'f l"", ""'fix"", ""'t-b"", ""(a.m"", ""(geo"", ""(psy"", "")/ch"", ""*o*s"", ""*s*t"", "", tj"", ""- \""t"", ""--je"", ""-/ba"", ""-06b"", ""-31 "", ""-5-4"", ""-bev"", ""-ect"", ""-iat"", ""-ruv"", "". k'"", "".2 m"", "".r, "", "".y.?"", ""/ em"", ""/ oa"", ""/c.p"", ""/caw"", ""/ewa"", ""/t f"", ""/wik"", ""0-ca"", ""1 (#"", ""105b"", ""114b"", ""116a"", ""116b"", ""121b"", ""122a"", ""123a"", ""127b"", ""130a"", ""18-5"", ""2 33"", ""2-ap"", ""2.2 "", ""202?"", ""2k, "", ""3/ep"", ""33nd"", ""348 "", ""3d!)"", ""4g/h"", ""4gof"", ""5-au"", ""6-ma"", ""60s?"", ""7/ep"", ""8 p."", ""8-5-"", ""890-"", ""894k"", ""901k"", ""902k"", ""903k"", ""90s,"", "": v-"", ""@ sa"", ""a tn"", ""al \"""", ""apox"", ""binv"", ""boz'"", ""c-/b"", ""c/ni"", ""ci/m"", ""clyb"", ""coka"", ""cwho"", ""cy/g"", ""d jl"", ""d lh"", ""d&b,"", ""d) -"", ""d/od"", ""dc o"", ""ddpe"", ""dlym"", ""dpet"", ""ds ~"", ""dtff"", ""dud/"", ""dvs "", ""dyps"", ""d~ p"", ""e--j"", ""eeet"", ""els&"", ""eul:"", ""ey $"", ""eygr"", ""eyyy"", ""ez)/"", ""f? 5"", ""fad/"", ""fld:"", ""gaup"", ""gdiy"", ""gh/z"", ""gh?'"", ""gilh"", ""glyv"", ""gu-r"", ""gyue"", ""h\"" o"", ""h-et"", ""he!)"", ""he/c"", ""hub'"", ""huy:"", ""i/ry"", ""io-w"", ""iz/u"", ""j j "", ""j/si"", ""je-r"", ""jimf"", ""jzz "", ""kfru"", ""kjzz"", ""koy4"", ""kuz-"", ""ky!/"", ""l \""s"", ""l u-"", ""l*o*"", ""l-ec"", ""lke-"", ""ls& "", ""ls)/"", ""ltwo"", ""ly-j"", ""m/mr"", ""mixy"", ""modf"", ""morw"", ""mrbb"", ""n'f "", ""n/k'"", ""n? l"", ""n?/j"", ""nc/d"", ""ne $"", ""ne--"", ""nniz"", ""ns'b"", ""nt +"", ""nx/m"", ""o*s*"", ""o/et"", ""oc-t"", ""od~ "", ""okyp"", ""oob/"", ""ood~"", ""orwh"", ""osh\"""", ""oy/o"", ""oy4g"", ""oy??"", ""p.r,"", ""p/c."", ""pez)"", ""po/n"", ""poxa"", ""psab"", ""pto,"", ""pwea"", ""py?'"", ""q fr"", ""r)/c"", ""r/t "", ""rag?"", ""re!,"", ""rktr"", ""rlz:"", ""rps/"", ""rr/b"", ""rt??"", ""rth\"""", ""rugc"", ""ruvy"", ""rvys"", ""ryl?"", ""s $2"", ""s nc"", ""s& m"", ""s)/b"", ""s- m"", ""sa?)"", ""sby\"""", ""sh\"" "", ""t 5-"", ""t./p"", ""t/ew"", ""t/k'"", ""tab/"", ""tax/"", ""tj e"", ""tl' "", ""tt/e"", ""ttl'"", ""tv/e"", ""tw h"", ""ty-u"", ""u-31"", ""ug-m"", ""ugco"", ""un/k"", ""una)"", ""ur/n"", ""uvu/"", ""ux/f"", ""uy/y"", ""uz-c"", ""v/ev"", ""v8 s"", ""vu/b"", ""w jr"", ""w/ o"", ""wd/e"", ""whas"", ""xaly"", ""xee "", ""y $h"", ""y 6-"", ""y!/y"", ""y-ea"", ""y-o-"", ""y-v-"", ""y2k,"", ""y4go"", ""ye/d"", ""ys/n"", ""ytip"", ""yyy?"", ""z' w"", ""z)/h"", ""z-co"", ""z/bl"", ""z/to"", ""z/va"", ""za/k"", ""zco'"", ""zcok"", ""zz/j"", ""~ pa""]",289,1,155,0.0064516129032258064
4,block_infix_fingerprint_v004.json,128,local_split_entropy_equivalence_classes,154,4,0.0,0.05,title,title,116," ""m""","["" \""m\"""", "" \""ou"", "" \""wo"", "" #6-"", "" &to"", "" (oe"", "" -vo"", "" 1-l"", "" 1:2"", "" 2/i"", "" 3\"" "", "" 3:4"", "" 63."", "" 77."", "" ax/"", "" bhl"", "" c'y"", "" e24"", "" ffr"", "" jbn"", "" m ("", "" o-h"", "" tbn"", "" usw"", "" wpk"", "" yu?"", "" zmu"", ""!/sy"", ""\"" bo"", ""\"" ma"", ""\""m\"" "", ""\""mag"", ""\""ouc"", ""\""toy"", ""\""wow"", ""#6-8"", ""$30k"", ""% mu"", ""&e t"", ""&tob"", ""'50/"", ""'53/"", ""'78?"", ""(50)"", ""(ask"", ""(ben"", ""(dep"", ""(hur"", ""(oeg"", ""(pet"", ""(vle"", ""(y c"", "") ok"", ""+500"", "", wp"", ""- 48"", ""- ft"", ""-262"", ""-7/t"", ""-73)"", ""-81)"", ""-hoa"", ""-l20"", ""-t i"", ""-teg"", ""-ult"", ""-urh"", ""-yo:"", "". hd"", "". ij"", "".!' "", "".'st"", ""..'s"", "".004"", "".3 r"", "".b.0"", "".di "", "".gar"", "".k.b"", ""//ta"", ""/19 "", ""/50'"", ""/50s"", ""/acq"", ""/ayl"", ""/gnu"", ""/pry"", ""/rej"", ""/s.i"", ""/tb/"", ""/usi"", ""/yem"", ""0' w"", ""0) g"", ""0/a "", ""0/ma"", ""03/s"", ""071-"", ""0vor"", ""1-l2"", ""1-nu"", ""1..2"", ""1/bl"", ""1/sk"", ""10vo"", ""12,0"", ""175:"", ""183 "", ""19/c"", ""1:2-"", ""2-an"", ""2..3"", ""2/i "", ""2/is"", ""20/a"", ""24in"", ""25i "", ""2k/s"", ""3\"" m"", ""3-81"", ""3-as"", ""3/to"", ""30k "", ""31 q"", ""31 w"", ""32/c"", ""3:4-"", ""3esk"", ""4 w/"", ""4-7/"", ""41/s"", ""42 l"", ""47 e"", ""4ins"", ""4mer"", ""4pop"", ""50) "", ""53/t"", ""5i o"", ""6 ue"", ""605b"", ""7-71"", ""71-n"", ""72 w"", ""820/"", ""83 b"", ""893-"", ""9 c."", ""9-to"", ""9. p"", ""9/ch"", ""90-8"", ""9ine"", "": km"", "":1-4"", "":2-6"", "":4-8"", ""= wi"", ""? fl"", ""? wt"", ""?/cl"", ""?/zi"", ""_por"", ""a 9t"", ""a qw"", ""a-t "", ""a_po"", ""aag)"", ""agdb"", ""ahfu"", ""ajn!"", ""anw:"", ""app?"", ""aua'"", ""ax/v"", ""axad"", ""b&bs"", ""b.00"", ""b/ci"", ""b/da"", ""bafi"", ""bbs?"", ""bfl7"", ""bh p"", ""boav"", ""boyp"", ""bq u"", ""brzd"", ""bsgc"", ""bskr"", ""bysv"", ""bz'e"", ""c'ye"", ""ca-8"", ""ch\"" "", ""chx!"", ""cniq"", ""cr -"", ""d @t"", ""dadl"", ""dhdt"", ""dopj"", ""dssu"", ""dzje"", ""e-26"", ""e/tb"", ""e4me"", ""ed)'"", ""edzj"", ""eezb"", ""elcz"", ""emdu"", ""emf'"", ""en/'"", ""eyic"", ""f bd"", ""f xl"", ""fauf"", ""ffth"", ""fim,"", ""fl11"", ""fl7:"", ""fs-t"", ""g bs"", ""g-ef"", ""g/gn"", ""g/zo"", ""g? i"", ""gaub"", ""gcas"", ""gd ("", ""gdbe"", ""gee/"", ""gem)"", ""ggi/"", ""gsbj"", ""gui'"", ""guun"", ""gyay"", ""h tb"", ""h\"" s"", ""h'ul"", ""h/s."", ""h2 q"", ""h? f"", ""hd/s"", ""hliy"", ""hlt'"", ""hms'"", ""hu #"", ""hx-1"", ""i'm,"", ""i/gi"", ""i/sm"", ""ia!/"", ""icy?"", ""ig-f"", ""igrr"", ""ijcy"", ""il+5"", ""io12"", ""je ="", ""jes-"", ""jp, "", ""k./n"", ""k.b."", ""k//t"", ""kow."", ""ku/w"", ""l 07"", ""l+50"", ""l./c"", ""l/sk"", ""l11:"", ""le!)"", ""ll/5"", ""lmi,"", ""lp/r"", ""lpim"", ""lsp "", ""lt.g"", ""lu-j"", ""luhb"", ""lz c"", ""m\"" b"", ""mbop"", ""md e"", ""mduh"", ""me-2"", ""memd"", ""mi/h"", ""mir/"", ""mirb"", ""mmi?"", ""mo/g"", ""moc,"", ""mur."", ""my \"""", ""n t,"", ""n'si"", ""n/'p"", ""n/b-"", ""ngh'"", ""nio1"", ""nt.c"", ""ntss"", ""nvac"", ""o-5 "", ""o12 "", ""ocru"", ""odix"", ""odsg"", ""oek)"", ""oelj"", ""ok/u"", ""ooob"", ""or/3"", ""or10"", ""ora_"", ""ots)"", ""ovsc"", ""oypr"", ""ozew"", ""p 1-"", ""p/od"", ""p105"", ""pc-7"", ""pcem"", ""pedh"", ""pk-t"", ""pm w"", ""psi'"", ""pt-t"", ""ptn'"", ""pu-u"", ""q un"", ""qwen"", ""r)/a"", ""r.di"", ""r/13"", ""r/3 "", ""r/eg"", ""ra/y"", ""ra_p"", ""radp"", ""rdt?"", ""reua"", ""rewz"", ""rfk:"", ""rkny"", ""rlo/"", ""rmmm"", ""rnty"", ""rof'"", ""rrmm"", ""rryg"", ""rsa/"", ""rul!"", ""rye,"", ""rzdy"", ""rzoi"", ""s/ay"", ""s/dw"", ""sduf"", ""sgca"", ""sh'u"", ""sh-g"", ""sil+"", ""sk-w"", ""skuz"", ""sp g"", ""ss/y"", ""stuw"", ""t ct"", ""t x!"", ""t!/u"", ""t.ga"", ""t/gy"", ""t?/z"", ""tb/d"", ""tchx"", ""tif'"", ""tje?"", ""tn's"", ""to-5"", ""tol;"", ""topj"", ""tutc"", ""tuwm"", ""txak"", ""tyxa"", ""tz-i"", ""u-ad"", ""u/ey"", ""u? u"", ""ua'i"", ""uch\"""", ""ue ."", ""ufs-"", ""uh y"", ""uhbi"", ""ui'm"", ""uiol"", ""ujje"", ""uk 5"", ""uk 6"", ""ul-o"", ""ula\"""", ""uswo"", ""ut !"", ""uwme"", ""uxep"", ""vdec"", ""vor1"", ""w. o"", ""wmee"", ""wow\"""", ""wpk-"", ""x ly"", ""x/vi"", ""xaku"", ""xi/f"", ""xn x"", ""xsce"", ""y \""o"", ""y 3\"""", ""yak."", ""yen/"", ""yna."", ""yo.\"""", ""yxai"", ""yzel"", ""z 25"", ""z ek"", ""z-iv"", ""zbo'"", ""zi/a"", ""zivc"", ""zte/"", ""zzun""]",440,1,155,0.0064516129032258064
4,block_infix_fingerprint_v004.json,128,local_split_entropy_equivalence_classes,154,4,0.0,0.05,title,title,117," ""me","["" \""me""]",1,3,155,0.01935483870967742
4,block_infix_fingerprint_v004.json,128,local_split_entropy_equivalence_classes,154,4,0.0,0.05,title,title,118," ""mi","["" \""mi""]",1,3,155,0.01935483870967742
4,block_infix_fingerprint_v004.json,128,local_split_entropy_equivalence_classes,154,4,0.0,0.05,title,title,119," ""mr","["" \""mr"", "" e.e"", ""unkg""]",3,2,155,0.012903225806451613
4,block_infix_fingerprint_v004.json,128,local_split_entropy_equivalence_classes,154,4,0.0,0.05,title,title,120," ""no","["" \""no""]",1,5,155,0.03225806451612903
4,block_infix_fingerprint_v004.json,128,local_split_entropy_equivalence_classes,154,4,0.0,0.05,title,title,121," ""ot","["" \""ot"", "" ~gr"", ""!/zo"", ""\""oth"", ""/30-"", ""67.3"", ""7 it"", ""9.0 "", ""az. "", ""en)/"", ""g!/z"", ""ii-o"", ""ine\"""", ""lso:"", ""n kc"", ""n)/a"", ""o ~g"", ""w x "", ""waz.""]",19,2,155,0.012903225806451613
4,block_infix_fingerprint_v004.json,128,local_split_entropy_equivalence_classes,154,4,0.0,0.05,title,title,122," ""oz","["" \""oz"", "" 'ut"", "" (33"", "" + q"", "" f./"", "" h1n"", "" hhi"", "" lyy"", "" mhk"", "" mj'"", "" o &"", "" p/m"", "" po/"", "" t/s"", "" tsj"", "" xeo"", ""\""oz "", ""#608"", ""#619"", ""' ok"", ""' xm"", ""'-ab"", ""'byo"", ""'d!/"", ""'fav"", ""'so-"", ""'tek"", ""'toq"", ""'uts"", ""(12)"", ""(33)"", ""(kai"", "")t d"", ""*res"", ""+ ot"", ""+ pc"", ""+ ps"", ""+ qu"", "", m "", "",20,"", "",21,"", ""--al"", ""--ke"", ""-egl"", ""-ko/"", ""-oxo"", ""-p/s"", ""-rav"", ""-rii"", ""-ty?"", ""./ok"", ""/ ji"", ""/6 j"", ""/69/"", ""/abz"", ""/acd"", ""/etw"", ""/kfz"", ""/kup"", ""/l'o"", ""/lez"", ""/m 2"", ""/ma-"", ""/obg"", ""/sa "", ""/t.d"", ""/txt"", ""/vv "", ""/wiw"", ""/woc"", ""/zur"", ""0 (3"", ""0,21"", ""0.ep"", ""0e n"", ""1,22"", ""19,2"", ""2 ok"", ""20,2"", ""21,2"", ""2d's"", ""2f-1"", ""3 t/"", ""30em"", ""390t"", ""40.e"", ""42.e"", ""49 n"", ""50-6"", ""5e c"", ""68/6"", ""774-"", ""778-"", ""8/69"", ""8t/h"", ""9,20"", "": vn"", ""?/ve"", ""_anz"", ""a-ox"", ""acdc"", ""ad'd"", ""aepf"", ""ag-f"", ""aguh"", ""ahze"", ""apza"", ""argw"", ""as(s"", ""aunv"", ""awgi"", ""azyf"", ""b/ja"", ""bcol"", ""bg/l"", ""bgyn"", ""bo/c"", ""bopy"", ""bq k"", ""bux,"", ""c! h"", ""c-an"", ""c/ra"", ""c/te"", ""ccoi"", ""cdc/"", ""clu!"", ""cmay"", ""cs/o"", ""csa-"", ""cx-7"", ""d \""o"", ""d v4"", ""d!/i"", ""d!/w"", ""d'd!"", ""dbez"", ""dc/a"", ""dfax"", ""die_"", ""dvi/"", ""e h1"", ""e'-a"", ""e--k"", ""e-p/"", ""e-ut"", ""e_an"", ""ebco"", ""eeg!"", ""efno"", ""eg/j"", ""ekrs"", ""en!."", ""eoad"", ""eqa'"", ""esn-"", ""et?!"", ""ettj"", ""eukv"", ""f./n"", ""f2f-"", ""faeb"", ""fah!"", ""flu'"", ""fne "", ""fnoe"", ""fsal"", ""ful\"""", ""fz-v"", ""g-ic"", ""g/kf"", ""g4 c"", ""ga +"", ""ghbs"", ""go/y"", ""h!/w"", ""h?/h"", ""has("", ""has?"", ""hhis"", ""hku/"", ""hl.."", ""hl/m"", ""hllo"", ""hlt/"", ""hlue"", ""hne-"", ""hnyu"", ""hok/"", ""i-ty"", ""ictw"", ""ie_a"", ""ieg-"", ""iesd"", ""ig?/"", ""ihi,"", ""ilj,"", ""in/6"", ""ipsl"", ""ivsc"", ""j-ci"", ""jeu."", ""jg t"", ""jkic"", ""jukc"", ""kai)"", ""kcop"", ""kd2a"", ""kemn"", ""kioo"", ""kli-"", ""kli/"", ""klm "", ""kmss"", ""kmtv"", ""kt20"", ""kt? "", ""kujy"", ""l lk"", ""l'eo"", ""le1f"", ""lf/k"", ""lj's"", ""lldh"", ""loi!"", ""lpbe"", ""lph?"", ""lqua"", ""ls-i"", ""lx l"", ""lyzh"", ""m 6/"", ""m2d'"", ""m8t/"", ""ma/k"", ""mik-"", ""mmt/"", ""ms-r"", ""msn "", ""mss "", ""mt/b"", ""mtma"", ""mu/t"", ""mujk"", ""mwuc"", ""n p/"", ""n--a"", ""n/6 "", ""n/gy"", ""n1 v"", ""naep"", ""nalq"", ""nd'c"", ""ne'-"", ""nho'"", ""noa!"", ""o m1"", ""o/l'"", ""o/ye"", ""o126"", ""o156"", ""o201"", ""o211"", ""o? j"", ""oaz "", ""obgy"", ""oefn"", ""oeiz"", ""og/k"", ""oolz"", ""oxyt"", ""p-er"", ""p/un"", ""pa/j"", ""patg"", ""pbeh"", ""peea"", ""ph?!"", ""po/o"", ""ppy;"", ""pro?"", ""pthe"", ""py; "", ""pytn"", ""pzan"", ""r 3p"", ""r g4"", ""r/tx"", ""rapz"", ""reao"", ""reoa"", ""rfsa"", ""rgwo"", ""rjeg"", ""rktu"", ""rl- "", ""ropw"", ""rp-e"", ""rpez"", ""rpij"", ""s hh"", ""s/ob"", ""s?/v"", ""sgec"", ""sio?"", ""sn-s"", ""stlj"", ""su)!"", ""sudz"", ""syvs"", ""t gd"", ""t p "", ""t20 "", ""te--"", ""thte"", ""thy;"", ""tljo"", ""tm8t"", ""tnyc"", ""ttju"", ""txtm"", ""u w9"", ""u' j"", ""udyk"", ""uhi!"", ""uhl/"", ""uhr/"", ""ukve"", ""ulpb"", ""uply"", ""urz/"", ""uual"", ""uutd"", ""uvi,"", ""v 02"", ""v 05"", ""v v2"", ""vlih"", ""w/am"", ""w/sc"", ""wa/l"", ""wacd"", ""wauj"", ""wel-"", ""wgiv"", ""wnci"", ""wou!"", ""woz'"", ""wsy:"", ""wwha"", ""x c."", ""xc a"", ""xska"", ""xta/"", ""xth?"", ""xtm8"", ""xxha"", ""xyto"", ""y fx"", ""y t/"", ""y zp"", ""y' x"", ""y) c"", ""y/vv"", ""yemr"", ""yfre"", ""yhut"", ""ytoc"", ""yuo "", ""yvso"", ""z'ad"", ""z/di"", ""z/sh"", ""zeok"", ""zict"", ""znem"", ""zz/u""]",377,1,155,0.0064516129032258064
4,block_infix_fingerprint_v004.json,128,local_split_entropy_equivalence_classes,154,4,0.0,0.05,title,title,123," ""pa","["" \""pa"", ""8345"", ""i) v"", ""jup ""]",4,2,155,0.012903225806451613
4,block_infix_fingerprint_v004.json,128,local_split_entropy_equivalence_classes,154,4,0.0,0.05,title,title,124," ""pe","["" \""pe"", "" 'iv"", "" (py"", "" (ug"", "" -1."", "" 1 @"", "" 2/b"", "" 36s"", "" 4.9"", "" 53%"", "" 6:3"", "" 84-"", "" @11"", "" a58"", "" ap:"", "" b-a"", "" bse"", "" cnc"", "" d-z"", "" d.m"", "" dld"", "" f-a"", "" g-h"", "" ghq"", "" gpx"", "" j/t"", "" mjr"", "" mn "", "" mnt"", "" ni~"", "" o'o"", "" q i"", "" ri'"", "" rv/"", "" s &"", "" tsd"", "" uuv"", "" v/n"", "" vd "", "" vub"", "" vyx"", "" ylt"", "" z.?"", "" z/h"", "" ~ o"", "" ~ai"", ""\"" ka"", ""\""pet"", ""$129"", ""& vy"", ""&d c"", ""' bm"", ""' s*"", ""'haq"", ""'ida"", ""'luo"", ""'nih"", ""'s/s"", ""'ska"", ""'z t"", ""(n)i"", ""(pye"", ""(sag"", ""(seo"", ""(ugh"", ""(vai"", ""(xbr"", "")/dr"", "")/ho"", "")ice"", ""+clg"", "", 9-"", "", s/"", ""- cd"", ""- np"", ""--so"", ""-1.4"", ""-3n "", ""-558"", ""-6 +"", ""-84x"", ""-9mm"", ""-ex-"", ""-jo,"", ""-m-i"", ""-o, "", ""-t-a"", ""-t/o"", ""-y d"", "". f4"", "".--s"", ""./fu"", ""./ic"", "".l.-"", "".t d"", ""/a z"", ""/aa "", ""/azr"", ""/bb."", ""/cbc"", ""/dmx"", ""/dwi"", ""/gap"", ""/hod"", ""/j-k"", ""/j.t"", ""/ked"", ""/kwa"", ""/kyz"", ""/l l"", ""/m.c"", ""/nis"", ""/nol"", ""/sct"", ""/t-c"", ""/ule"", ""/xxx"", ""0-de"", ""0-em"", ""007?"", ""04 1"", ""1 @ "", ""1)/d"", ""10/s"", ""129,"", ""15-b"", ""18h1"", ""2 's"", ""2/br"", ""3 as"", ""3% m"", ""3/sm"", ""31)/"", ""36st"", ""3n ("", ""4 1:"", ""4k t"", ""4x90"", ""5 ir"", ""53% "", ""745 "", ""774 "", ""780 "", ""84-i"", ""84x9"", ""8h10"", "": a5"", "": rr"", ""=zah"", ""@ oc"", ""@ re"", ""@11,"", ""_suj"", ""a @1"", ""a hc"", ""a-ck"", ""a-m-"", ""a-s-"", ""a./s"", ""a/bb"", ""a/ei"", ""a58,"", ""a?/n"", ""aa-c"", ""aagb"", ""aalz"", ""aaok"", ""abb'"", ""afmo"", ""afrk"", ""ag=z"", ""agbl"", ""ahop"", ""aky-"", ""akyj"", ""aoks"", ""aosm"", ""aosv"", ""ap:n"", ""apyy"", ""ar(t"", ""ar-5"", ""asgi"", ""ay ~"", ""b' t"", ""b-cr"", ""bbcs"", ""bosj"", ""br-8"", ""bse!"", ""c-ku"", ""c-o "", ""c./r"", ""c/a "", ""ca-r"", ""cazm"", ""ck/q"", ""clga"", ""cncr"", ""cq/p"", ""cy 8"", ""cz/t"", ""d_su"", ""dd/p"", ""dexy"", ""dl @"", ""dld0"", ""dp o"", ""dput"", ""duo)"", ""dy-e"", ""dynm"", ""e a2"", ""e/g."", ""e/l "", ""earu"", ""ee \"""", ""ehhe"", ""ehmh"", ""ehyp"", ""eiis"", ""ejf "", ""ejya"", ""em-1"", ""en @"", ""er)s"", ""er/5"", ""esyy"", ""eum."", ""euwd"", ""evr."", ""ewga"", ""ex-3"", ""ex-6"", ""f/ta"", ""fia?"", ""fic)"", ""figb"", ""fkor"", ""fomy"", ""fpot"", ""ftsu"", ""fuhi"", ""fyai"", ""g f-"", ""g rv"", ""g-9:"", ""g/av"", ""g/gw"", ""g=za"", ""gehj"", ""gehy"", ""gei,"", ""gh/e"", ""ghhh"", ""gicy"", ""gid'"", ""gij,"", ""gn! "", ""go/g"", ""goap"", ""gpx "", ""h 4k"", ""h hw"", ""h z'"", ""h!/r"", ""hblo"", ""hc ("", ""he!:"", ""hei'"", ""hex-"", ""hihn"", ""hixt"", ""hlsi"", ""ho'z"", ""hrok"", ""htoj"", ""hydn"", ""ia @"", ""ibej"", ""iesr"", ""ijmt"", ""ikoa"", ""ikt?"", ""ikzo"", ""ilex"", ""ilsw"", ""ion1"", ""ioop"", ""ip/a"", ""ivyt"", ""j/th"", ""jen/"", ""jeot"", ""ji/d"", ""jmt "", ""jr k"", ""jr/b"", ""jyaa"", ""k l "", ""k v/"", ""ka/j"", ""kahm"", ""kbo/"", ""khwe"", ""kilz"", ""kkkl"", ""kkky"", ""ko/f"", ""kokl"", ""koo,"", ""ktip"", ""ku/o"", ""kyns"", ""kyze"", ""l r&"", ""l'pr"", ""l'sa"", ""l.--"", ""l.e "", ""la'o"", ""ld0s"", ""ldpu"", ""lds!"", ""lgao"", ""ll.e"", ""locq"", ""logw"", ""lthf"", ""luxa"", ""lzit"", ""m3 &"", ""mdsc"", ""mehh"", ""meym"", ""mh p"", ""miu,"", ""mjr "", ""mmua"", ""mndi"", ""mnts"", ""mozv"", ""mp-9"", ""my/e"", ""n bs"", ""n lv"", ""n\"" k"", ""n)ic"", ""n/'n"", ""n/j-"", ""n? v"", ""nabn"", ""ncrt"", ""nd+1"", ""nnri"", ""nodb"", ""nonw"", ""np-t"", ""npox"", ""nrir"", ""ntrn"", ""o q "", ""o'hh"", ""o'z "", ""o/ai"", ""o/sm"", ""ocq/"", ""od_s"", ""oe't"", ""oep."", ""of?!"", ""ofdi"", ""olkg"", ""omuj"", ""on1:"", ""onn?"", ""oofp"", ""oui/"", ""owom"", ""p mn"", ""p-9m"", ""p-y "", ""p/az"", ""p/k "", ""p/xx"", ""pajy"", ""pcow"", ""pd d"", ""pe/k"", ""pf-e"", ""poeu"", ""pp-y"", ""ppep"", ""pt-i"", ""pu &"", ""puhr"", ""px s"", ""q/po"", ""qb b"", ""qutt"", ""r 65"", ""r xp"", ""r&d "", ""r(te"", ""r-55"", ""r-84"", ""r/50"", ""r/bj"", ""r/kw"", ""rb-c"", ""re-q"", ""rf/a"", ""rf/f"", ""rg-b"", ""rggg"", ""rib,"", ""rin\"""", ""rjuf"", ""rl/c"", ""rmds"", ""rn-w"", ""rpfi"", ""rrgg"", ""rri!"", ""rsys"", ""ru/u"", ""rufz"", ""rv/e"", ""ryx/"", ""s. ."", ""s/dm"", ""s3 g"", ""sazv"", ""sdl "", ""se ~"", ""seaa"", ""sgo,"", ""sh/u"", ""shs "", ""skyi"", ""smii"", ""sssi"", ""ssuu"", ""t -1"", ""t/ia"", ""tag="", ""teua"", ""teyt"", ""tgip"", ""tioo"", ""tjol"", ""tkot"", ""tmug"", ""tpog"", ""trnt"", ""tsdl"", ""ttyd"", ""tydo"", ""u/ok"", ""uatg"", ""ubo?"", ""ueft"", ""ugpi"", ""ui/p"", ""uikd"", ""uikz"", ""ukkk"", ""ukyb"", ""un-2"", ""und+"", ""uo/d"", ""up/x"", ""upa2"", ""upya"", ""uunu"", ""uwd "", ""v (x"", ""v/el"", ""va/a"", ""vi/f"", ""vkla"", ""vo-a"", ""vr. "", ""vsor"", ""vube"", ""vyxs"", ""vyy?"", ""w e-"", ""w, 9"", ""w/sa"", ""w3 s"", ""wd g"", ""wd h"", ""wkai"", ""wkol"", ""wkst"", ""wry,"", ""x! l"", ""x-3n"", ""x-6 "", ""x-ev"", ""x/sc"", ""xbr-"", ""xsin"", ""y #9"", ""y 84"", ""y k-"", ""y z/"", ""y ~a"", ""y-o,"", ""y/cb"", ""ya 6"", ""ya/o"", ""yap/"", ""ylti"", ""ypt-"", ""yu/j"", ""yvim"", ""yx/r"", ""yxsi"", ""yy j"", ""yyke"", ""ze x"", ""zicz"", ""zitp"", ""~ oa"", ""~ais""]",527,1,155,0.0064516129032258064
4,block_infix_fingerprint_v004.json,128,local_split_entropy_equivalence_classes,154,4,0.0,0.05,title,title,125," ""re","["" \""re""]",1,4,155,0.025806451612903226
4,block_infix_fingerprint_v004.json,128,local_split_entropy_equivalence_classes,154,4,0.0,0.05,title,title,126," ""se","["" \""se"", ""zsze""]",2,2,155,0.012903225806451613
4,block_infix_fingerprint_v004.json,128,local_split_entropy_equivalence_classes,154,4,0.0,0.05,title,title,127," ""wi","["" \""wi"", ""ffa'"", ""gy-w"", ""s s2""]",4,2,155,0.012903225806451613
5,block_infix_fingerprint_v005.json,256,local_split_entropy_equivalence_classes,154,4,0.0,0.05,title,title,0, # 2,"["" # 2""]",1,7,155,0.04516129032258064
5,block_infix_fingerprint_v005.json,256,local_split_entropy_equivalence_classes,154,4,0.0,0.05,title,title,1, #58,"["" #58""]",1,7,155,0.04516129032258064
5,block_infix_fingerprint_v005.json,256,local_split_entropy_equivalence_classes,154,4,0.0,0.05,title,title,2, #8:,"["" #8:""]",1,7,155,0.04516129032258064
5,block_infix_fingerprint_v005.json,256,local_split_entropy_equivalence_classes,154,4,0.0,0.05,title,title,3, $15,"["" $15""]",1,7,155,0.04516129032258064
5,block_infix_fingerprint_v005.json,256,local_split_entropy_equivalence_classes,154,4,0.0,0.05,title,title,4, '30,"["" '30""]",1,7,155,0.04516129032258064
5,block_infix_fingerprint_v005.json,256,local_split_entropy_equivalence_classes,154,4,0.0,0.05,title,title,5, '58,"["" '58""]",1,7,155,0.04516129032258064
5,block_infix_fingerprint_v005.json,256,local_split_entropy_equivalence_classes,154,4,0.0,0.05,title,title,6, (ao,"["" (ao""]",1,7,155,0.04516129032258064
5,block_infix_fingerprint_v005.json,256,local_split_entropy_equivalence_classes,154,4,0.0,0.05,title,title,7, 09 ,"["" 09 ""]",1,7,155,0.04516129032258064
5,block_infix_fingerprint_v005.json,256,local_split_entropy_equivalence_classes,154,4,0.0,0.05,title,title,8, 298,"["" 298""]",1,7,155,0.04516129032258064
5,block_infix_fingerprint_v005.json,256,local_split_entropy_equivalence_classes,154,4,0.0,0.05,title,title,9, = m,"["" = m""]",1,7,155,0.04516129032258064
5,block_infix_fingerprint_v005.json,256,local_split_entropy_equivalence_classes,154,4,0.0,0.05,title,title,10, iai,"["" iai""]",1,7,155,0.04516129032258064
5,block_infix_fingerprint_v005.json,256,local_split_entropy_equivalence_classes,154,4,0.0,0.05,title,title,11, sdp,"["" sdp""]",1,7,155,0.04516129032258064
5,block_infix_fingerprint_v005.json,256,local_split_entropy_equivalence_classes,154,4,0.0,0.05,title,title,12,ad/l,"[""ad/l""]",1,7,155,0.04516129032258064
5,block_infix_fingerprint_v005.json,256,local_split_entropy_equivalence_classes,154,4,0.0,0.05,title,title,13,ak! ,"[""ak! ""]",1,7,155,0.04516129032258064
5,block_infix_fingerprint_v005.json,256,local_split_entropy_equivalence_classes,154,4,0.0,0.05,title,title,14,crua,"[""crua""]",1,7,155,0.04516129032258064
5,block_infix_fingerprint_v005.json,256,local_split_entropy_equivalence_classes,154,4,0.0,0.05,title,title,15, gva,"["" gva""]",1,6,155,0.03870967741935484
5,block_infix_fingerprint_v005.json,256,local_split_entropy_equivalence_classes,154,4,0.0,0.05,title,title,16, kkk,"["" kkk""]",1,7,155,0.04516129032258064
5,block_infix_fingerprint_v005.json,256,local_split_entropy_equivalence_classes,154,4,0.0,0.05,title,title,17,4694,"[""4694""]",1,7,155,0.04516129032258064
5,block_infix_fingerprint_v005.json,256,local_split_entropy_equivalence_classes,154,4,0.0,0.05,title,title,18,hy/p,"[""hy/p""]",1,7,155,0.04516129032258064
5,block_infix_fingerprint_v005.json,256,local_split_entropy_equivalence_classes,154,4,0.0,0.05,title,title,19,rzfi,"[""rzfi""]",1,7,155,0.04516129032258064
5,block_infix_fingerprint_v005.json,256,local_split_entropy_equivalence_classes,154,4,0.0,0.05,title,title,20,984:,"[""984:""]",1,7,155,0.04516129032258064
5,block_infix_fingerprint_v005.json,256,local_split_entropy_equivalence_classes,154,4,0.0,0.05,title,title,21, 1 l,"["" 1 l""]",1,6,155,0.03870967741935484
5,block_infix_fingerprint_v005.json,256,local_split_entropy_equivalence_classes,154,4,0.0,0.05,title,title,22, 'ph,"["" 'ph""]",1,5,155,0.03225806451612903
5,block_infix_fingerprint_v005.json,256,local_split_entropy_equivalence_classes,154,4,0.0,0.05,title,title,23,-num,"[""-num""]",1,5,155,0.03225806451612903
5,block_infix_fingerprint_v005.json,256,local_split_entropy_equivalence_classes,154,4,0.0,0.05,title,title,24," ""st","["" \""st""]",1,5,155,0.03225806451612903
5,block_infix_fingerprint_v005.json,256,local_split_entropy_equivalence_classes,154,4,0.0,0.05,title,title,25, #73,"["" #73""]",1,6,155,0.03870967741935484
5,block_infix_fingerprint_v005.json,256,local_split_entropy_equivalence_classes,154,4,0.0,0.05,title,title,26, &..,"["" &.."", ""&...""]",2,7,155,0.04516129032258064
5,block_infix_fingerprint_v005.json,256,local_split_entropy_equivalence_classes,154,4,0.0,0.05,title,title,27, 'dj,"["" 'dj""]",1,7,155,0.04516129032258064
5,block_infix_fingerprint_v005.json,256,local_split_entropy_equivalence_classes,154,4,0.0,0.05,title,title,28, (by,"["" (by""]",1,7,155,0.04516129032258064
5,block_infix_fingerprint_v005.json,256,local_split_entropy_equivalence_classes,154,4,0.0,0.05,title,title,29, 012,"["" 012""]",1,5,155,0.03225806451612903
5,block_infix_fingerprint_v005.json,256,local_split_entropy_equivalence_classes,154,4,0.0,0.05,title,title,30, 1/l,"["" 1/l""]",1,5,155,0.03225806451612903
5,block_infix_fingerprint_v005.json,256,local_split_entropy_equivalence_classes,154,4,0.0,0.05,title,title,31, 505,"["" 505""]",1,7,155,0.04516129032258064
5,block_infix_fingerprint_v005.json,256,local_split_entropy_equivalence_classes,154,4,0.0,0.05,title,title,32, by-,"["" by-""]",1,7,155,0.04516129032258064
5,block_infix_fingerprint_v005.json,256,local_split_entropy_equivalence_classes,154,4,0.0,0.05,title,title,33, cnd,"["" cnd""]",1,6,155,0.03870967741935484
5,block_infix_fingerprint_v005.json,256,local_split_entropy_equivalence_classes,154,4,0.0,0.05,title,title,34, tp ,"["" tp ""]",1,7,155,0.04516129032258064
5,block_infix_fingerprint_v005.json,256,local_split_entropy_equivalence_classes,154,4,0.0,0.05,title,title,35,#11:,"[""#11:""]",1,7,155,0.04516129032258064
5,block_infix_fingerprint_v005.json,256,local_split_entropy_equivalence_classes,154,4,0.0,0.05,title,title,36,-hi!,"[""-hi!""]",1,4,155,0.025806451612903226
5,block_infix_fingerprint_v005.json,256,local_split_entropy_equivalence_classes,154,4,0.0,0.05,title,title,37,-sli,"[""-sli""]",1,6,155,0.03870967741935484
5,block_infix_fingerprint_v005.json,256,local_split_entropy_equivalence_classes,154,4,0.0,0.05,title,title,38,ahii,"[""ahii""]",1,7,155,0.04516129032258064
5,block_infix_fingerprint_v005.json,256,local_split_entropy_equivalence_classes,154,4,0.0,0.05,title,title,39, 5 q,"["" 5 q""]",1,4,155,0.025806451612903226
5,block_infix_fingerprint_v005.json,256,local_split_entropy_equivalence_classes,154,4,0.0,0.05,title,title,40, da-,"["" da-""]",1,7,155,0.04516129032258064
5,block_infix_fingerprint_v005.json,256,local_split_entropy_equivalence_classes,154,4,0.0,0.05,title,title,41, gji,"["" gji""]",1,7,155,0.04516129032258064
5,block_infix_fingerprint_v005.json,256,local_split_entropy_equivalence_classes,154,4,0.0,0.05,title,title,42,(you,"[""(you""]",1,7,155,0.04516129032258064
5,block_infix_fingerprint_v005.json,256,local_split_entropy_equivalence_classes,154,4,0.0,0.05,title,title,43,2104,"[""2104""]",1,7,155,0.04516129032258064
5,block_infix_fingerprint_v005.json,256,local_split_entropy_equivalence_classes,154,4,0.0,0.05,title,title,44, 'ep,"["" 'ep""]",1,6,155,0.03870967741935484
5,block_infix_fingerprint_v005.json,256,local_split_entropy_equivalence_classes,154,4,0.0,0.05,title,title,45," 1,2","["" 1,2""]",1,7,155,0.04516129032258064
5,block_infix_fingerprint_v005.json,256,local_split_entropy_equivalence_classes,154,4,0.0,0.05,title,title,46, #3/,"["" #3/""]",1,6,155,0.03870967741935484
5,block_infix_fingerprint_v005.json,256,local_split_entropy_equivalence_classes,154,4,0.0,0.05,title,title,47, #55,"["" #55""]",1,7,155,0.04516129032258064
5,block_infix_fingerprint_v005.json,256,local_split_entropy_equivalence_classes,154,4,0.0,0.05,title,title,48, #6 ,"["" #6 ""]",1,7,155,0.04516129032258064
5,block_infix_fingerprint_v005.json,256,local_split_entropy_equivalence_classes,154,4,0.0,0.05,title,title,49, '48,"["" '48""]",1,4,155,0.025806451612903226
5,block_infix_fingerprint_v005.json,256,local_split_entropy_equivalence_classes,154,4,0.0,0.05,title,title,50, '55,"["" '55""]",1,7,155,0.04516129032258064
5,block_infix_fingerprint_v005.json,256,local_split_entropy_equivalence_classes,154,4,0.0,0.05,title,title,51, 'a.,"["" 'a.""]",1,5,155,0.03225806451612903
5,block_infix_fingerprint_v005.json,256,local_split_entropy_equivalence_classes,154,4,0.0,0.05,title,title,52, 'hy,"["" 'hy""]",1,5,155,0.03225806451612903
5,block_infix_fingerprint_v005.json,256,local_split_entropy_equivalence_classes,154,4,0.0,0.05,title,title,53, 'os,"["" 'os""]",1,5,155,0.03225806451612903
5,block_infix_fingerprint_v005.json,256,local_split_entropy_equivalence_classes,154,4,0.0,0.05,title,title,54, 'up,"["" 'up""]",1,6,155,0.03870967741935484
5,block_infix_fingerprint_v005.json,256,local_split_entropy_equivalence_classes,154,4,0.0,0.05,title,title,55, 'zl,"["" 'zl"", ""'zla""]",2,3,155,0.01935483870967742
5,block_infix_fingerprint_v005.json,256,local_split_entropy_equivalence_classes,154,4,0.0,0.05,title,title,56, (ob,"["" (ob"", ""(obs""]",2,4,155,0.025806451612903226
5,block_infix_fingerprint_v005.json,256,local_split_entropy_equivalence_classes,154,4,0.0,0.05,title,title,57, 12/,"["" 12/""]",1,6,155,0.03870967741935484
5,block_infix_fingerprint_v005.json,256,local_split_entropy_equivalence_classes,154,4,0.0,0.05,title,title,58, 40s,"["" 40s""]",1,7,155,0.04516129032258064
5,block_infix_fingerprint_v005.json,256,local_split_entropy_equivalence_classes,154,4,0.0,0.05,title,title,59, 5 j,"["" 5 j""]",1,7,155,0.04516129032258064
5,block_infix_fingerprint_v005.json,256,local_split_entropy_equivalence_classes,154,4,0.0,0.05,title,title,60, 7 e,"["" 7 e""]",1,6,155,0.03870967741935484
5,block_infix_fingerprint_v005.json,256,local_split_entropy_equivalence_classes,154,4,0.0,0.05,title,title,61, ga-,"["" ga-""]",1,7,155,0.04516129032258064
5,block_infix_fingerprint_v005.json,256,local_split_entropy_equivalence_classes,154,4,0.0,0.05,title,title,62,  sy,"[""  sy"", ""#112"", ""g e-"", ""hun)"", ""k! q"", ""lmob"", ""mfeb"", ""tzu/""]",8,2,155,0.012903225806451613
5,block_infix_fingerprint_v005.json,256,local_split_entropy_equivalence_classes,154,4,0.0,0.05,title,title,63, ! t,"["" ! t"", "" #6/"", "" #9-"", "" (oh"", "" 0 f"", "" 10r"", "" 2)/"", "" 4 +"", "" 4k,"", "" 5-k"", "" 8.6"", "" 9/k"", "" as?"", "" brc"", "" c &"", "" e/p"", "" h l"", "" hx3"", "" iea"", "" m40"", "" mi/"", "" n.z"", "" nv'"", "" oup"", "" p/j"", "" pff"", "" pkk"", "" ps1"", "" qau"", "" rvc"", "" rzi"", "" sk1"", "" tx3"", "" wgv"", "" wx3"", "" yme"", "" ~ t"", ""! e?"", ""! xo"", ""!/yo"", ""!?/b"", ""!?/f"", ""!?/h"", ""#6/v"", ""#655"", ""#669"", ""#9-1"", ""$ ba"", ""$$ b"", ""$70 "", ""& kw"", ""& ub"", ""' h2"", ""' oe"", ""'dim"", ""'hyo"", ""'in:"", ""'lym"", ""'tij"", ""'v'/"", ""(fug"", ""(nyu"", ""(oht"", ""(sno"", ""*tty"", "", 4k"", "", hx"", "", tz"", ""- #6"", ""- pd"", ""-140"", ""-7 a"", ""-??)"", ""-od "", ""-siu"", "". 7g"", ""../d"", ""./ge"", "".eli"", "".nor"", "".pai"", ""/ac/"", ""/aeg"", ""/d-n"", ""/d.a"", ""/ebb"", ""/elt"", ""/heg"", ""/ibf"", ""/ju "", ""/kot"", ""/lo-"", ""/nep"", ""/orn"", ""/pbb"", ""/s.o"", ""/sp "", ""/tuv"", ""/twd"", ""/vig"", ""0-cr"", ""10rb"", ""12-?"", ""14-a"", ""2)/s"", ""2-??"", ""34 y"", ""340-"", ""35 n"", ""4 + "", ""4k a"", ""4k, "", ""5-ki"", ""5ift"", ""6/12"", ""6/ve"", ""669 "", ""69-2"", ""8 tv"", ""9-1/"", ""9/k "", "": xp"", ""?? t"", ""@ wi"", ""_aba"", ""_roy"", ""a !!"", ""a z,"", ""a-ov"", ""a/jm"", ""a/pb"", ""a/wb"", ""aa-g"", ""aac!"", ""aasv"", ""ac! "", ""ae!/"", ""ak/e"", ""aks."", ""akt."", ""amhn"", ""ampj"", ""amub"", ""ao/v"", ""ao?!"", ""aqun"", ""asuz"", ""asyj"", ""atsj"", ""auod"", ""awi/"", ""ax/j"", ""azpe"", ""b/sm"", ""ba/w"", ""bc/i"", ""bcd."", ""bd j"", ""bdit"", ""bh h"", ""bi/g"", ""bosr"", ""box."", ""bs-r"", ""bslk"", ""bur!"", ""c/bl"", ""c/ib"", ""ca/v"", ""casd"", ""cd.."", ""cek/"", ""cjim"", ""cm k"", ""coo'"", ""ctau"", ""cusq"", ""d's/"", ""d_ab"", ""d_ro"", ""da-p"", ""ddco"", ""ddfa"", ""ddyj"", ""deuu"", ""di/n"", ""dil'"", ""dkuc"", ""dobk"", ""dpyr"", ""dso/"", ""dupm"", ""e a5"", ""e m4"", ""e p/"", ""e!/k"", ""e'un"", ""e-15"", ""eb/t"", ""ebso"", ""eefh"", ""egd "", ""egl "", ""ei-u"", ""ejlr"", ""ejwo"", ""eorw"", ""erz)"", ""euup"", ""ewcl"", ""ewem"", ""ex-7"", ""ez/y"", ""ezuw"", ""f 2!"", ""f x9"", ""f/av"", ""f/rh"", ""f4u "", ""fboe"", ""fc &"", ""fdge"", ""feep"", ""ffta"", ""fpfe"", ""fs/g"", ""ftsi"", ""ftt."", ""fyes"", ""fzuh"", ""gaif"", ""gaoh"", ""gcol"", ""gd s"", ""gdli"", ""gedm"", ""gjum"", ""gl s"", ""go/k"", ""gse?"", ""gumf"", ""gv s"", ""gyml"", ""gzus"", ""h*tt"", ""hihy"", ""hoav"", ""ht ~"", ""hujh"", ""hwum"", ""hx30"", ""i), "", ""i/at"", ""i/gu"", ""i; n"", ""ibeb"", ""ibsl"", ""icnj"", ""iee?"", ""iekb"", ""ijfb"", ""iji)"", ""ilzw"", ""imo)"", ""in!:"", ""iyeb"", ""izzt"", ""j av"", ""j e-"", ""j, g"", ""jazp"", ""jfbo"", ""jhiy"", ""ji? "", ""jij!"", ""jlre"", ""jna!"", ""jopp"", ""jr/f"", ""juam"", ""jyyt"", ""k 4k"", ""k a$"", ""k/yv"", ""k2 p"", ""kah:"", ""kbak"", ""kiuu"", ""kna."", ""knix"", ""ksgr"", ""ktv/"", ""ku !"", ""kua,"", ""l bf"", ""l j,"", ""l/i,"", ""l/zi"", ""ldeh"", ""ldpy"", ""lgse"", ""lhuj"", ""liih"", ""ljap"", ""lk'i"", ""lmdi"", ""lo-k"", ""lov/"", ""lpme"", ""lref"", ""luv,"", ""luvd"", ""lv p"", ""m #6"", ""m-41"", ""m10 "", ""m40 "", ""mao/"", ""mawg"", ""mjub"", ""mnf "", ""moeh"", ""mubl"", ""n pk"", ""n-et"", ""n/b."", ""n/d-"", ""n/kc"", ""n/u2"", ""nbi/"", ""nbyu"", ""nea?"", ""nf d"", ""ng'?"", ""ngii"", ""ngzu"", ""ni),"", ""nirl"", ""nk-1"", ""nkeo"", ""nkoz"", ""noal"", ""nse8"", ""nt??"", ""nv' "", ""nwab"", ""o 4x"", ""o/ae"", ""o? 2"", ""od_a"", ""od_r"", ""oddc"", ""odyf"", ""oehe"", ""oex "", ""ofdg"", ""ohe,"", ""okcl"", ""olmd"", ""os/g"", ""oui'"", ""ouid"", ""ov/s"", ""oxo:"", ""pa?!"", ""pds "", ""pfft"", ""pkk-"", ""pmig"", ""pomt"", ""pov?"", ""ps1 "", ""psaa"", ""psra"", ""pytu"", ""q wh"", ""qauo"", ""r-dr"", ""rab)"", ""rfo'"", ""riib"", ""rpsr"", ""rr/h"", ""rsap"", ""rsuv"", ""rt/y"", ""rtkl"", ""rufp"", ""rx10"", ""ry ~"", ""s rp"", ""s ym"", ""s'ok"", ""s.el"", ""s/kz"", ""s/s."", ""s1 g"", ""sat-"", ""sbd "", ""sdod"", ""se/5"", ""sf-t"", ""sfav"", ""sjol"", ""sk 9"", ""sktv"", ""slka"", ""smo/"", ""so/p"", ""sp j"", ""srys"", ""stjy"", ""su./"", ""sukb"", ""suo)"", ""syit"", ""t wg"", ""t wx"", ""t ~ "", ""t-f4"", ""t/eb"", ""t20:"", ""ta !"", ""tf, "", ""thmn"", ""thwu"", ""tii,"", ""tinr"", ""tj r"", ""tjyl"", ""tny/"", ""tt/v"", ""tuys"", ""tviu"", ""twdy"", ""tx30"", ""tyib"", ""typr"", ""tzu,"", ""u ! "", ""u uj"", ""u!/y"", ""u./h"", ""ufpf"", ""ugdl"", ""ugsd"", ""ugu)"", ""ulmb"", ""um-4"", ""usgl"", ""utuy"", ""uu &"", ""uvdi"", ""uvix"", ""uwve"", ""ux/s"", ""uysi"", ""v' b"", ""v'/a"", ""v/mo"", ""v/sv"", ""var."", ""vc s"", ""vcrs"", ""ve-1"", ""vio."", ""viut"", ""vm v"", ""vrsu"", ""vs.e"", ""vu j"", ""vuhi"", ""w pc"", ""w pf"", ""w z8"", ""wba/"", ""wcle"", ""wgv "", ""wi/r"", ""wtf,"", ""wver"", ""wx30"", ""x-35"", ""x-7 "", ""x/su"", ""x300"", ""xa j"", ""xabr"", ""xabu"", ""xo u"", ""xo:)"", ""xx/b"", ""y a9"", ""y?/u"", ""ya 9"", ""yf 2"", ""ymej"", ""ymle"", ""ys/q"", ""yst!"", ""ysyv"", ""yte/"", ""ytuo"", ""yues"", ""yze/"", ""z ry"", ""z, 4"", ""z/d."", ""z/ye"", ""zolk"", ""zper"", ""zra?"", ""ztay"", ""zuwi"", ""zy x"", ""zzum"", ""~ la"", ""~ tr""]",518,1,155,0.0064516129032258064
5,block_infix_fingerprint_v005.json,256,local_split_entropy_equivalence_classes,154,4,0.0,0.05,title,title,64, !/n,"["" !/n"", "" '27"", "" (6 "", "" -a-"", "" 0.6"", "" 30%"", "" 4tv"", "" a4 "", "" ak "", "" b'w"", "" c70"", "" cg:"", "" cpm"", "" e/o"", "" eju"", "" ezk"", "" g6 "", "" ilx"", "" kux"", "" m@d"", "" q p"", "" tl."", "" uim"", "" uy "", "" v.d"", "" wjm"", "" ysm"", ""! !/"", ""! (6"", ""! 9/"", ""!?/o"", ""\"" (p"", ""# 24"", ""$75,"", ""& ej"", ""&mis"", ""'27 "", ""'eyr"", ""'jaz"", ""'jet"", ""'pa "", ""'r, "", ""'re!"", ""'tog"", ""'up/"", ""(146"", ""(2)!"", ""(6 i"", ""(tws"", ""(yay"", "")! j"", ""***a"", ""*ass"", ""*h o"", ""- ow"", ""- p2"", ""- zh"", ""-90s"", ""-a- "", ""-ify"", ""-q m"", ""-wiz"", "". ds"", "".mur"", "".sip"", ""/ cr"", ""/160"", ""/a-2"", ""/ac-"", ""/c-1"", ""/hii"", ""/ho "", ""/ilt"", ""/ofu"", ""/oyu"", ""/suu"", ""/td'"", ""/tsa"", ""/uhr"", ""/usm"", ""/wwe"", ""/zel"", ""0's/"", ""0-br"", ""0.6 "", ""011!"", ""08! "", ""0s-9"", ""1! m"", ""1/mo"", ""11! "", ""14,0"", ""16k "", ""2)! "", ""3-f?"", ""34 w"", ""35is"", ""4,05"", ""46),"", ""51 t"", ""55-s"", ""580s"", ""6), "", ""634 "", ""6k s"", ""736 "", ""7:53"", ""8 gx"", ""8 yr"", ""8! m"", ""8, '"", ""8/sp"", ""80s-"", ""853-"", ""855-"", "":tim"", ""?/oy"", ""a m9"", ""a'r,"", ""a- d"", ""a-22"", ""a/16"", ""a/il"", ""a/of"", ""a/ts"", ""a/uh"", ""a4 s"", ""a4or"", ""abgw"", ""abiw"", ""ac-4"", ""agiw"", ""agy!"", ""amwl"", ""an'm"", ""an?."", ""aoz/"", ""asz:"", ""au '"", ""avlb"", ""ayln"", ""azoj"", ""b'wa"", ""b-q "", ""b/fu"", ""b/go"", ""b/na"", ""b4 1"", ""beg:"", ""bepr"", ""bg v"", ""bgwo"", ""biee"", ""byxi"", ""c g6"", ""c-th"", ""c/ne"", ""cg: "", ""chn "", ""cs q"", ""d cg"", ""da!\"""", ""ddiu"", ""decs"", ""di 9"", ""di/b"", ""diei"", ""dj v"", ""dl 2"", ""dt-b"", ""dub/"", ""dyns"", ""dzii"", ""e -d"", ""e e/"", ""e gx"", ""e/s."", ""e:li"", ""ehie"", ""em?!"", ""epme"", ""er&m"", ""er**"", ""errf"", ""esu)"", ""eta4"", ""ewts"", ""eyve"", ""f b'"", ""f fy"", ""f m@"", ""f/vi"", ""fae,"", ""faeg"", ""ffr "", ""fr 2"", ""ft q"", ""g c "", ""g qt"", ""g-wi"", ""g6 c"", ""g???"", ""geyv"", ""gfu,"", ""gifg"", ""girf"", ""gpop"", ""gsgj"", ""gt50"", ""gudf"", ""h ns"", ""h-uh"", ""h/sk"", ""hda?"", ""her*"", ""hlao"", ""hm ("", ""ho/a"", ""hoyh"", ""hs-i"", ""hsst"", ""i nd"", ""i q5"", ""iaor"", ""id. "", ""ijms"", ""ikbu"", ""ipuj"", ""irnu"", ""is.s"", ""it'd"", ""ivi/"", ""ivky"", ""ivl "", ""izvr"", ""jat/"", ""jmor"", ""jms "", ""jp p"", ""js/n"", ""k 'h"", ""k -a"", ""k/ww"", ""ka'r"", ""kkec"", ""kod!"", ""kro/"", ""krs!"", ""kswi"", ""kul?"", ""kux "", ""l:-)"", ""la/u"", ""lb/f"", ""ldji"", ""lf/v"", ""ln.."", ""lr i"", ""ltyl"", ""lydv"", ""lzet"", ""m-es"", ""m8/s"", ""mamw"", ""maoy"", ""mb/g"", ""mb/h"", ""me:l"", ""mfi:"", ""mj: "", ""mug,"", ""muwi"", ""mwf "", ""mwla"", ""mxg "", ""n! !"", ""n!?/"", ""n' ."", ""n'id"", ""n'ma"", ""n2 d"", ""n: \"""", ""nal4"", ""ndsn"", ""nepm"", ""niop"", ""nnop"", ""no55"", ""no56"", ""no58"", ""no63"", ""no69"", ""no73"", ""no81"", ""no83"", ""no90"", ""no94"", ""nu/p"", ""nuh-"", ""nuhn"", ""nuk!"", ""ny?)"", ""nyvt"", ""o c7"", ""o uy"", ""o.8,"", ""o100"", ""o102"", ""o125"", ""o129"", ""o132"", ""o133"", ""o148"", ""o158"", ""o159"", ""o162"", ""o165"", ""o169"", ""o174"", ""o182"", ""o185"", ""o194"", ""o196"", ""o197"", ""o200"", ""o202"", ""o209"", ""o226"", ""o235"", ""o242"", ""o246"", ""o256"", ""o281"", ""oaia"", ""ob 6"", ""oem:"", ""ojs/"", ""ol:-"", ""opu'"", ""or-k"", ""or/q"", ""otzg"", ""owsa"", ""ox/l"", ""oxo!"", ""oye'"", ""oyhe"", ""pa/1"", ""pam?"", ""pmes"", ""po/a"", ""po? "", ""ps's"", ""pum,"", ""qo: "", ""r wj"", ""r\"" ("", ""r&mi"", ""r' n"", ""r***"", ""r-ui"", ""r/18"", ""rlsk"", ""rma)"", ""rmza"", ""rnu/"", ""ro/y"", ""rsvr"", ""rubw"", ""s! 9"", ""s'up"", ""s) -"", ""s-90"", ""s-if"", ""s/1s"", ""s/bg"", ""s/c-"", ""s2 f"", ""s:ti"", ""sfob"", ""sg p"", ""smc "", ""sps "", ""sqo:"", ""ss:t"", ""sut/"", ""t wt"", ""t-ds"", ""t/aq"", ""t500"", ""ta/w"", ""ta4o"", ""ter&"", ""tgie"", ""tha)"", ""ti/h"", ""tkev"", ""tou?"", ""twss"", ""tyy-"", ""tzgu"", ""u) s"", ""ubgr"", ""uey/"", ""uh-u"", ""uji'"", ""ur-u"", ""uraq"", ""va/i"", ""va/t"", ""vi/o"", ""vio?"", ""vl i"", ""vlb/"", ""vrnu"", ""vrtn"", ""w' g"", ""w' i"", ""w-ap"", ""w-ex"", ""w.mu"", ""w/ c"", ""wdre"", ""wij?"", ""ws-r"", ""wss)"", ""xei?"", ""xg b"", ""xin-"", ""xinn"", ""xm8/"", ""xnif"", ""xoad"", ""y 'o"", ""y) 2"", ""yag,"", ""yda/"", ""ydve"", ""yecs"", ""ylty"", ""yno?"", ""ynt'"", ""yok."", ""ytyl"", ""yvta"", ""yy-p"", ""z c-"", ""z' '"", ""z-90"", ""zaap"", ""zi-d"", ""ziit"", ""znor"", ""znyj"", ""zs-l"", ""zuzo"", ""zzaa""]",457,1,155,0.0064516129032258064
5,block_infix_fingerprint_v005.json,256,local_split_entropy_equivalence_classes,154,4,0.0,0.05,title,title,65," "" d","["" \"" d"", "" 'vy"", "" (85"", "" (pq"", "" -sp"", "" 047"", "" 5-8"", "" 59e"", "" @. "", "" a5 "", "" af!"", "" ecz"", "" f9:"", "" lcs"", "" mgb"", "" myw"", "" nc/"", "" rfr"", "" vp'"", "" xjl"", ""!/le"", ""!? ("", ""\""miy"", ""# eq"", ""$ eq"", ""$1.7"", ""'cab"", ""'t! "", ""'vyz"", ""(2 e"", ""(85)"", ""(low"", ""(noa"", ""(pqp"", "",2 p"", ""-97q"", ""-l-i"", ""-puw"", ""-raa"", ""-rez"", ""-rox"", ""-u-d"", ""-uee"", ""-y/t"", ""..sh"", "".0t "", "".5/d"", "".75 "", ""/297"", ""/amn"", ""/azu"", ""/dmi"", ""/ild"", ""/m-u"", ""/nu "", ""/t-t"", ""0-97"", ""0-bi"", ""0-pi"", ""0/ni"", ""00/n"", ""005,"", ""0t t"", ""1/dr"", ""15/9"", ""2 (v"", ""2 aq"", ""2.0t"", ""245i"", ""296/"", ""2rau"", ""2th:"", ""3.5/"", ""325:"", ""47)!"", ""5 2."", ""5, c"", ""5/99"", ""5/do"", ""50-p"", ""535i"", ""59er"", ""7)!!"", ""7q-u"", ""96/2"", ""97q-"", ""9er "", "": (j"", "": f9"", ""?/m-"", ""@. k"", ""a t1"", ""a!/l"", ""a-2/"", ""a5 2"", ""aca?"", ""adt!"", ""aii)"", ""alfz"", ""aly."", ""an15"", ""aopp"", ""apu2"", ""arf,"", ""arvh"", ""avnu"", ""awey"", ""awsb"", ""b4 a"", ""bbyl"", ""bir:"", ""bn c"", ""bsze"", ""by? "", ""byls"", ""c \""m"", ""c gm"", ""c n "", ""c s'"", ""cavn"", ""cca?"", ""cd c"", ""cfac"", ""cfiz"", ""cge "", ""cjat"", ""cpac"", ""cpic"", ""cs!!"", ""csub"", ""ct!?"", ""ct/r"", ""cubc"", ""cuz?"", ""d yl"", ""d-fu"", ""d/ot"", ""ddra"", ""dihi"", ""dojd"", ""e k,"", ""e'pe"", ""eacj"", ""ealr"", ""edyb"", ""ee'p"", ""egke"", ""eh/j"", ""ehlf"", ""ep/q"", ""epcu"", ""epym"", ""er2n"", ""ev-l"", ""ew'd"", ""eygo"", ""ez/q"", ""f (s"", ""f dv"", ""f/pi"", ""f9:1"", ""fil,"", ""fl -"", ""for)"", ""fotf"", ""fr: "", ""frab"", ""fu/h"", ""fzev"", ""g ae"", ""g lt"", ""g-sl"", ""g/ph"", ""g37 "", ""gafr"", ""gda!"", ""gee,"", ""gghi"", ""ggy)"", ""go \"""", ""gsof"", ""gt5 "", ""gy) "", ""gymb"", ""h -d"", ""h fc"", ""h tl"", ""h/t-"", ""h: ("", ""hev-"", ""hivc"", ""hnbl"", ""hnt!"", ""hsup"", ""ht?:"", ""hte-"", ""i/ya"", ""ia)!"", ""ibi)"", ""icfa"", ""icpi"", ""ie/y"", ""ijkm"", ""ilk!"", ""ilzg"", ""ir-y"", ""isry"", ""iuon"", ""ivi?"", ""iz! "", ""j (t"", ""j-si"", ""jay!"", ""jesf"", ""jfre"", ""jit?"", ""jizn"", ""jjer"", ""jkma"", ""jl s"", ""k) i"", ""k)' "", ""k-yu"", ""k/ia"", ""kdel"", ""ker2"", ""kobz"", ""kpo/"", ""kt 9"", ""ktko"", ""kul."", ""l ms"", ""l- n"", ""l/dm"", ""l/ov"", ""l? f"", ""lc's"", ""ld?/"", ""leh/"", ""lehl"", ""lfyo"", ""lfze"", ""lk!?"", ""lls\"""", ""lopv"", ""lpu "", ""lrya"", ""lubw"", ""lv v"", ""lz' "", ""lzo,"", ""m) -"", ""m/ai"", ""m109"", ""m110"", ""m112"", ""m113"", ""m6 t"", ""m6 w"", ""mdih"", ""mgbe"", ""mlf "", ""moo,"", ""mop-"", ""mvli"", ""mygr"", ""mzhi"", ""n\"" s"", ""n'ob"", ""n/il"", ""nc 4"", ""nc/c"", ""nck)"", ""ne-0"", ""ni/d"", ""nicf"", ""nicj"", ""nk)'"", ""no.e"", ""nuf?"", ""nuq "", ""nymt"", ""nyop"", ""o \"" "", ""o (8"", ""o rf"", ""o-ut"", ""o.es"", ""ocu?"", ""oef,"", ""of/p"", ""oggh"", ""oj ("", ""ojje"", ""omvl"", ""onn'"", ""onx,"", ""opqu"", ""oq o"", ""ou-d"", ""ouo!"", ""ov/z"", ""ovuc"", ""ox/e"", ""p nc"", ""p./r"", ""p/qu"", ""paw!"", ""paw/"", ""pc t"", ""pep-"", ""pf c"", ""pfth"", ""pm s"", ""po/j"", ""poef"", ""popq"", ""pqp "", ""pqui"", ""psbt"", ""q-bo"", ""q-ue"", ""qi ("", ""qp 0"", ""qw b"", ""qw p"", ""r!!?"", ""r' &"", ""r, $"", ""r-t-"", ""r-wu"", ""r-y/"", ""r2ni"", ""ran1"", ""rffm"", ""rfl "", ""rfr:"", ""rlfa"", ""rlz'"", ""rntw"", ""rp-d"", ""rspc"", ""rth8"", ""ruad"", ""rvhe"", ""s-ol"", ""s/az"", ""saa."", ""satp"", ""sbt "", ""scok"", ""seue"", ""siu?"", ""sk!!"", ""slyt"", ""sryo"", ""svu'"", ""t lc"", ""t100"", ""t5 s"", ""tdio"", ""tes7"", ""tfou"", ""th88"", ""tlc'"", ""tp s"", ""ts-f"", ""ts.t"", ""tz'd"", ""tz--"", ""tzec"", ""tzz!"", ""u-je"", ""u/hu"", ""ucnu"", ""ufub"", ""ukhg"", ""umzh"", ""unxp"", ""uq i"", ""utzn"", ""v/ze"", ""vchh"", ""vhet"", ""vnie"", ""vow?"", ""w 'd"", ""w 53"", ""w ft"", ""w wu"", ""w/bo"", ""w/kn"", ""wayt"", ""wezo"", ""wna'"", ""wnte"", ""wodc"", ""wp i"", ""wuep"", ""x vj"", ""x/em"", ""xjl "", ""xsop"", ""xubi"", ""y @."", ""y cw"", ""y-2 "", ""yba'"", ""ybe-"", ""yeb "", ""ylsm"", ""ym!!"", ""yov/"", ""yph "", ""ypuk"", ""yrii"", ""yuk-"", ""yumz"", ""ywod"", ""yx v"", ""z! s"", ""z'd!"", ""z--a"", ""z/qu"", ""zezw"", ""zin!"", ""zki/"", ""zo/e"", ""zpfl"", ""zz!!""]",430,1,155,0.0064516129032258064
5,block_infix_fingerprint_v005.json,256,local_split_entropy_equivalence_classes,154,4,0.0,0.05,title,title,66," ""@""","["" \""@\"""", "" (ub"", "" 0-2"", "" 3/6"", "" 3p "", "" 3xt"", "" 7-g"", "" c@f"", "" cbt"", "" e/b"", "" e35"", "" eu/"", "" iu,"", "" mpg"", "" ohb"", "" ohd"", "" os-"", "" pu'"", "" s-w"", "" sw3"", "" wi,"", "" ~da"", ""! s "", ""!/mu"", ""!er!"", ""#@!e"", ""& 34"", ""' og"", ""'/pu"", ""'eko"", ""'huw"", ""'s-k"", ""'s/u"", ""'uwa"", ""(ade"", ""(adv"", ""(paw"", ""(ubc"", ""(wra"", ""(xbo"", ""(yel"", "")pus"", ""*4*2"", ""+dos"", "", 5:"", ""- t-"", ""--ac"", ""--vo"", ""-3-h"", ""-foz"", ""-g a"", ""-j s"", ""-x w"", ""-yo'"", ""/itt"", ""/j.b"", ""/lok"", ""/myt"", ""/wav"", ""/yng"", ""0! s"", ""0pt."", ""130t"", ""19-n"", ""289a"", ""3 (w"", ""3/6 "", ""319:"", ""33 &"", ""37xs"", ""3p &"", ""4 my"", ""520-"", ""59 t"", ""67 h"", ""7-g "", ""; pl"", ""= ar"", ""= ii"", ""?? o"", ""@!er"", ""a-iw"", ""aa)!"", ""adwh"", ""aey?"", ""afmy"", ""ahrv"", ""aki~"", ""am/r"", ""ar(l"", ""aw--"", ""awdl"", ""awhu"", ""b/la"", ""bc) "", ""beai"", ""bi-z"", ""bswo"", ""but/"", ""c-ad"", ""c3 g"", ""c@fe"", ""cbt "", ""cfc "", ""coqt"", ""cs/v"", ""culc"", ""cyfa"", ""d a&"", ""d???"", ""daof"", ""dawd"", ""ddaz"", ""degv"", ""df 1"", ""dos+"", ""dwhe"", ""e (#"", ""e 3p"", ""e 3x"", ""e)pu"", ""e350"", ""eeou"", ""egy?"", ""ejuw"", ""el \"""", ""erfy"", ""eslt"", ""eszh"", ""eu/s"", ""evse"", ""eykl"", ""ezmu"", ""f#@!"", ""fmyc"", ""foxl"", ""fozu"", ""fpal"", ""fs/o"", ""ftoc"", ""fyij"", ""g!/t"", ""g37x"", ""gdy!"", ""ge-r"", ""gihe"", ""giut"", ""gn?/"", ""gneb"", ""ha/p"", ""hawg"", ""hn/w"", ""ho-v"", ""ho/y"", ""hrve"", ""htkr"", ""i 8p"", ""icup"", ""ifsc"", ""in1 "", ""injz"", ""ir +"", ""ir-x"", ""isc4"", ""iyht"", ""iyu'"", ""izu)"", ""jajn"", ""ji/p"", ""joow"", ""jr b"", ""jtob"", ""k nz"", ""ka ="", ""keew"", ""keyk"", ""kezm"", ""kt q"", ""l \""@"", ""lbs!"", ""lex."", ""lrud"", ""ltka"", ""ly--"", ""m t-"", ""mez."", ""mlaj"", ""mliv"", ""msmo"", ""mvc3"", ""mvp'"", ""n1 a"", ""naoe"", ""njzz"", ""nk-f"", ""ns;g"", ""nygy"", ""nymb"", ""o/ly"", ""o/yn"", ""ombf"", ""oqto"", ""orlw"", ""os+d"", ""ow $"", ""p!/w"", ""p-2-"", ""p/ov"", ""p; s"", ""pawh"", ""pczy"", ""piox"", ""pkyl"", ""plze"", ""pma "", ""px-d"", ""qtob"", ""r 7-"", ""r f#"", ""r pm"", ""rce;"", ""rdzy"", ""rfyi"", ""rg 4"", ""rlwa"", ""roh'"", ""rtzs"", ""ru ="", ""ru?'"", ""s pm"", ""s+do"", ""s-kn"", ""sg v"", ""sin1"", ""slte"", ""sok-"", ""srba"", ""sssw"", ""sz #"", ""t c@"", ""t*4*"", ""t-j "", ""t7: "", ""t; g"", ""t; s"", ""tc i"", ""tiih"", ""tivc"", ""tiyh"", ""tozn"", ""u'uw"", ""u) w"", ""u. o"", ""ubc)"", ""ubu,"", ""ui/a"", ""up-2"", ""vc3 "", ""vp's"", ""w $1"", ""w--a"", ""w/ep"", ""waa)"", ""wdle"", ""whus"", ""x/wh"", ""xtaf"", ""xxa "", ""y eo"", ""y nf"", ""y--v"", ""y/ap"", ""y?!)"", ""ygye"", ""ymbu"", ""ysir"", ""yszn"", ""yui'"", ""yuu."", ""zmuv"", ""znyk"", ""zs d"", ""zu) "", ""zzs "", ""~dai""]",285,1,155,0.0064516129032258064
5,block_infix_fingerprint_v005.json,256,local_split_entropy_equivalence_classes,154,4,0.0,0.05,title,title,67," ""a ","["" \""a ""]",1,4,155,0.025806451612903226
5,block_infix_fingerprint_v005.json,256,local_split_entropy_equivalence_classes,154,4,0.0,0.05,title,title,68," ""al","["" \""al"", "" #3-"", "" $11"", "" (ij"", "" 2+3"", "" 33."", "" 4sc"", "" 61,"", "" 69."", "" 89."", "" 93."", "" c-t"", "" cbn"", "" ckh"", "" en)"", "" gax"", "" h.:"", "" j 3"", "" k/r"", "" l m"", "" lfn"", "" lms"", "" lsm"", "" ntz"", "" o(h"", "" omt"", "" q&q"", "" sds"", "" u/t"", "" z'h"", "" ~ k"", ""! fj"", ""! vm"", ""\""all"", ""#208"", ""#3-4"", ""#5/s"", ""$1.2"", ""$115"", ""$55 "", ""$: t"", ""% az"", ""% to"", ""'/'j"", ""'?: "", ""'beg"", ""'kri"", ""'m q"", ""'wre"", ""(cil"", ""(ede"", ""(huu"", ""(ijm"", ""(oud"", ""(rab"", ""(vee"", "") ky"", ""+4 -"", ""+4/n"", "", iy"", ""-82)"", ""-atc"", ""-cke"", ""-eta"", ""-ofe"", ""-pu-"", ""-u t"", ""-voo"", ""-yo-"", ""-zea"", ""-zo "", "". cd"", "". lf"", ""./ag"", ""./in"", ""./je"", "".5 u"", "".: 4"", "".g t"", "".j t"", "".mal"", "".ov."", "".z.a"", ""/'bu"", ""/'ja"", ""/'pr"", ""/'sp"", ""/70 "", ""/ag "", ""/bbc"", ""/dye"", ""/hez"", ""/jeo"", ""/moi"", ""/mpd"", ""/o'l"", ""/puu"", ""/raq"", ""/rza"", ""/suv"", ""/wyc"", ""0-be"", ""0. w"", ""0/fr"", ""006,"", ""018 "", ""0tan"", ""0x r"", ""1/co"", ""13-s"", ""15/a"", ""2+4 "", ""2-ba"", ""2.g "", ""2/su"", ""20/f"", ""20ta"", ""24ch"", ""2boy"", ""2coo"", ""2rsl"", ""3-99"", ""3-sa"", ""33/s"", ""37 h"", ""3sg:"", ""4-a2"", ""4.5 "", ""4/ni"", ""42/a"", ""4ch:"", ""4sch"", ""5 (2"", ""5 um"", ""5-72"", ""5/an"", ""5/st"", ""53 w"", ""55-7"", ""5i p"", ""6. i"", ""604 "", ""69-8"", ""70-l"", ""74 p"", ""74.5"", ""793-"", ""8 ve"", ""85 d"", ""89.0"", ""93-9"", ""94 o"", ""950:"", ""9am "", ""; ga"", ""?/dn"", ""?/fl"", ""?/op"", ""?/wy"", ""@ ai"", ""@ pr"", ""@get"", ""a 2+"", ""a x."", ""a.s:"", ""a201"", ""aal)"", ""adbc"", ""aehk"", ""af1 "", ""afhv"", ""ah-b"", ""aq/g"", ""arrd"", ""atn:"", ""ax-l"", ""b' u"", ""b.j "", ""b@ge"", ""bbqu"", ""bcok"", ""be/i"", ""bio?"", ""bn r"", ""bqui"", ""byg "", ""c (v"", ""c-be"", ""c-u "", ""c: $"", ""cadp"", ""cdu-"", ""ce'/"", ""cety"", ""ceze"", ""ck'/"", ""ckek"", ""conp"", ""ct/y"", ""cu q"", ""d kg"", ""d$: "", ""d-aj"", ""d/ze"", ""dat-"", ""dewu"", ""dmx,"", ""dr z"", ""dwez"", ""dyce"", ""e'/m"", ""e's/"", ""e/70"", ""e/l'"", ""e/ub"", ""e; g"", ""ea20"", ""eer$"", ""efew"", ""ehyg"", ""er'/"", ""erlr"", ""ev'd"", ""ew/b"", ""ewul"", ""ez/'"", ""f \""a"", ""f gb"", ""f z'"", ""f/as"", ""f/si"", ""f1 ("", ""fe/i"", ""fhv:"", ""fo/i"", ""fsri"", ""g $3"", ""g/dv"", ""g/u2"", ""gaii"", ""gaxx"", ""gb b"", ""gcso"", ""gg u"", ""gowy"", ""grul"", ""gul/"", ""h, '"", ""h/ab"", ""h/iv"", ""h/rz"", ""hact"", ""hi/c"", ""hlda"", ""hlsm"", ""hngg"", ""hos/"", ""hs-g"", ""huaw"", ""huhg"", ""hv: "", ""i-ck"", ""i/ii"", ""i/mp"", ""ia/v"", ""id$:"", ""iirk"", ""ijmu"", ""ik'?"", ""il/y"", ""ily\"""", ""ilzz"", ""im/y"", ""im?/"", ""in'r"", ""in/'"", ""irtv"", ""itpl"", ""iu/b"", ""iusb"", ""ivow"", ""iy's"", ""jmui"", ""k'/'"", ""k.t."", ""k: 8"", ""kce,"", ""kcud"", ""kife"", ""kku."", ""ko-l"", ""ktu:"", ""l.ov"", ""limc"", ""lm/m"", ""lm/v"", ""lso?"", ""ltef"", ""ltpe"", ""lve/"", ""lzze"", ""m 73"", ""m/o'"", ""m/yi"", ""m?/t"", ""mlio"", ""mm/o"", ""mpd/"", ""mugy"", ""n ls"", ""n nn"", ""n!/d"", ""n'?:"", ""n- b"", ""n/'b"", ""n/uf"", ""nbso"", ""nhy "", ""nnhy"", ""nozb"", ""nysc"", ""nz/i"", ""o ck"", ""o(h)"", ""oarz"", ""obco"", ""od/z"", ""of/c"", ""ofsg"", ""ohld"", ""ohyg"", ""opd-"", ""or',"", ""orcl"", ""os-4"", ""ougs"", ""ov.e"", ""oxaw"", ""p #7"", ""p106"", ""pa-h"", ""pai?"", ""pd z"", ""pd-l"", ""pd/v"", ""pekn"", ""pet?"", ""pfah"", ""polb"", ""q, j"", ""q/gu"", ""r n-"", ""r'/'"", ""r: ."", ""rac-"", ""ragc"", ""rck/"", ""rea2"", ""rgg "", ""rgh."", ""rgo?"", ""rgt?"", ""rhuu"", ""ril?"", ""rlao"", ""rlra"", ""rnbs"", ""rnke"", ""rnpo"", ""ro?/"", ""rolw"", ""rrde"", ""rrfi"", ""rrt,"", ""rslv"", ""ru/r"", ""rufl"", ""ruiw"", ""rukf"", ""s o("", ""s sd"", ""s./j"", ""s/dn"", ""s?/o"", ""sdsu"", ""sekc"", ""siy'"", ""sizw"", ""sk/c"", ""slvj"", ""snoz"", ""sytn"", ""syu,"", ""taed"", ""taeh"", ""td b"", ""tevk"", ""tiu/"", ""tne!"", ""toxa"", ""tvah"", ""txad"", ""tys/"", ""u dc"", ""u q&"", ""u?/f"", ""uawe"", ""ufe)"", ""ufsr"", ""ug-c"", ""ukfi"", ""uw ("", ""vaez"", ""ve/7"", ""w 'm"", ""w/bu"", ""wd/'"", ""wei/"", ""wek:"", ""wry:"", ""x u "", ""x-ay"", ""x-et"", ""xad:"", ""xawa"", ""xidr"", ""xn s"", ""xumz"", ""y 1d"", ""y cb"", ""y's-"", ""y-kl"", ""y/dy"", ""y/yi"", ""yggl"", ""yl/w"", ""yrdw"", ""yreq"", ""ys!/"", ""ytsp"", ""z q,"", ""z/'s"", ""z/im"", ""za-g"", ""zcan"", ""zeeg"", ""zlul"", ""zsok"", ""zuai"", ""zwe "", ""zzaf"", ""zzke"", ""zzov"", ""~ ke""]",454,1,155,0.0064516129032258064
5,block_infix_fingerprint_v005.json,256,local_split_entropy_equivalence_classes,154,4,0.0,0.05,title,title,69," ""ar","["" \""ar"", "" 'bf"", "" 'oo"", "" (2v"", "" -'r"", "" 1-s"", "" 9.e"", "" @ 5"", "" e63"", "" f43"", "" fcx"", "" gl "", "" i't"", "" js "", "" lhi"", "" lx "", "" m-c"", "" m80"", "" no4"", "" sc "", "" sx-"", "" u-m"", "" urx"", "" xl7"", "" z.a"", "" zl1"", ""! oc"", ""\""are"", ""%:n "", ""& fb"", ""& rj"", ""'nbu"", ""'oo'"", ""'rif"", ""'th "", ""'urs"", ""(2v2"", ""(loc"", ""(nai"", ""(rol"", ""(yog"", "")/di"", "")mem"", ""*a*v"", ""*v*e"", "", jb"", "",' l"", "",147"", "",279"", "",568"", ""- p3"", ""-'re"", ""-, i"", ""--, "", ""---,"", ""-124"", ""-4 s"", ""-64,"", ""-fiy"", ""-ke,"", ""-kje"", ""-m. "", ""-msh"", ""-phy"", ""-ror"", ""-srb"", ""-urg"", ""-vip"", "". wt"", "".-22"", "".a.j"", "".b.."", "".ko."", "".nov"", "".s.0"", "".suk"", "".tak"", ""/co2"", ""/edn"", ""/eld"", ""/ouc"", ""/pje"", ""/urt"", ""/v f"", ""/vou"", ""0%:n"", ""0/bu"", ""00%:"", ""06-b"", ""06-v"", ""07! "", ""0pm "", ""1-m."", ""147,"", ""279 "", ""2co3"", ""3s t"", ""4, y"", ""447:"", ""47,5"", ""5.dr"", ""568,"", ""6-vi"", ""64, "", ""68,2"", ""7! m"", ""7,56"", ""8,27"", ""848-"", ""8ter"", ""?. p"", ""?/af"", ""@ 5."", ""a g7"", ""a p3"", ""a!/d"", ""a*v*"", ""a.ko"", ""a/cs"", ""a64!"", ""a64?"", ""a? b"", ""aa/y"", ""abc3"", ""ae'd"", ""afok"", ""ag-m"", ""ai1 "", ""am?:"", ""ap)/"", ""appm"", ""arrl"", ""aru2"", ""avy."", ""axme"", ""ay :"", ""azi!"", ""b! m"", ""b-tv"", ""b.. "", ""bbef"", ""bg f"", ""biib"", ""blk."", ""bln1"", ""bwe,"", ""c*a*"", ""c/fa"", ""c/pj"", ""c3 h"", ""cgc "", ""ciit"", ""co'."", ""co3 "", ""cs-c"", ""csia"", ""cu-p"", ""cui-"", ""cx c"", ""cy!?"", ""d 9."", ""d g-"", ""d zm"", ""d-kj"", ""d-nu"", ""d24:"", ""dag-"", ""dai1"", ""dd-k"", ""ddjo"", ""dekb"", ""dj z"", ""dr.n"", ""dry-"", ""dtop"", ""dzot"", ""e u2"", ""e z."", ""e-sr"", ""e-tz"", ""e-ur"", ""e/td"", ""e63 "", ""edix"", ""eg-w"", ""evup"", ""f m8"", ""f430"", ""fae'"", ""faes"", ""fbot"", ""fcx "", ""fjaa"", ""fli,"", ""fob "", ""ftys"", ""fucs"", ""fum-"", ""g/v "", ""gc b"", ""geps"", ""ggi'"", ""ggte"", ""gkoy"", ""gl c"", ""goys"", ""gshj"", ""h -'"", ""h kw"", ""h!/e"", ""h, 4"", ""hdou"", ""hgov"", ""hh a"", ""hhn "", ""hmof"", ""htuy"", ""htv:"", ""huav"", ""i f4"", ""i k'"", ""i sx"", ""i'th"", ""i1 y"", ""i?/r"", ""ie.'"", ""ieo "", ""ikby"", ""ikhj"", ""ikks"", ""irk1"", ""is)m"", ""ito+"", ""ixau"", ""j z-"", ""j'ab"", ""ja.k"", ""ja/c"", ""jb b"", ""jb l"", ""jb w"", ""jezo"", ""jodj"", ""k-ol"", ""k13 "", ""k8te"", ""kapg"", ""kba "", ""kbyr"", ""keyd"", ""kiz."", ""kka."", ""kkso"", ""ko.j"", ""ko/v"", ""koz "", ""kszt"", ""kvli"", ""ky!)"", ""ky/u"", ""l cd"", ""laf/"", ""lfja"", ""lhiy"", ""ln11"", ""lvob"", ""lx 5"", ""m ms"", ""m'il"", ""maau"", ""mbln"", ""mdoo"", ""medm"", ""mhtv"", ""miic"", ""mli'"", ""mocs"", ""moe-"", ""msg,"", ""muvh"", ""mvs "", ""n jb"", ""n s7"", ""n'ah"", ""n11 "", ""n2 a"", ""n2 o"", ""nac/"", ""nd24"", ""ne'!"", ""no65"", ""no74"", ""no78"", ""no80"", ""no86"", ""no92"", ""no95"", ""no97"", ""nx/l"", ""o'n."", ""o.su"", ""o127"", ""o137"", ""o138"", ""o143"", ""o144"", ""o163"", ""o176"", ""o180"", ""o189"", ""o2 p"", ""o224"", ""o237"", ""o243"", ""o253"", ""o254"", ""o257"", ""o261"", ""o263"", ""o265"", ""o270"", ""o273"", ""o274"", ""o275"", ""o283"", ""o3 n"", ""oddj"", ""oga)"", ""ogh/"", ""oi?/"", ""okvl"", ""ooo-"", ""orl'"", ""ot 0"", ""otuc"", ""ov-1"", ""ovy!"", ""ow +"", ""p)/d"", ""p3 o"", ""pjol"", ""pn l"", ""pod,"", ""por!"", ""pun."", ""pypl"", ""r j'"", ""r.no"", ""rahh"", ""rd-n"", ""re?\"""", ""rk13"", ""rkjo"", ""rky?"", ""rmca"", ""ru)!"", ""ru21"", ""rxen"", ""ry-r"", ""s lx"", ""s q'"", ""s'nb"", ""s'on"", ""s)me"", ""s-aa"", ""s.03"", ""s/td"", ""sc 5"", ""scgc"", ""se @"", ""se,'"", ""sg, "", ""sk8t"", ""sm/k"", ""spyp"", ""ss- "", ""su \"""", ""suak"", ""suv/"", ""sx-4"", ""t b:"", ""t-64"", ""t.-2"", ""takc"", ""td m"", ""teof"", ""tf v"", ""tho?"", ""tkuk"", ""to.s"", ""toa'"", ""toa/"", ""tryr"", ""ts'o"", ""u \""a"", ""u u."", ""u-ms"", ""u210"", ""ug-v"", ""ugau"", ""ui!?"", ""ui-c"", ""und2"", ""uobl"", ""uozy"", ""upfi"", ""urrm"", ""urxe"", ""uscg"", ""uv/c"", ""uvha"", ""v-12"", ""v/cr"", ""vilq"", ""vupp"", ""w + "", ""w 1-"", ""w.mi"", ""w/i "", ""wfic"", ""whyr"", ""wk/n"", ""wuhn"", ""x 57"", ""x-27"", ""xau "", ""xmen"", ""xyca"", ""y -1"", ""y :)"", ""y!/r"", ""y-ru"", ""y-t "", ""ydom"", ""yggh"", ""yip/"", ""yitk"", ""yleu"", ""yuht"", ""yz f"", ""z e6"", ""z uk"", ""z'we"", ""z. v"", ""z/ha"", ""z06-"", ""z: 9"", ""zaa/"", ""zag,"", ""zaor"", ""zda3"", ""zda5"", ""zeco"", ""zogm"", ""zue'"", ""zuly""]",456,1,155,0.0064516129032258064
5,block_infix_fingerprint_v005.json,256,local_split_entropy_equivalence_classes,154,4,0.0,0.05,title,title,70," ""ba","["" \""ba"", "" (c."", "" 1-p"", "" 2 2"", "" 5 2"", "" 6/d"", "" 6in"", "" ?ue"", "" crl"", "" dj/"", "" f13"", "" fe("", "" g-b"", "" m78"", "" nkv"", "" p2 "", "" r1-"", "" skp"", "" x9 "", "" xk8"", "" zew"", ""! #1"", ""! id"", ""! oz"", ""!/m "", ""\"" bi"", ""\""bal"", ""#565"", ""& nc"", ""& xa"", ""' 4i"", ""'erz"", ""'et'"", ""'glu"", ""'ju "", ""'naj"", ""'pom"", ""'u c"", ""'xtr"", ""'z u"", ""(19."", ""(773"", ""(?)m"", ""(c.e"", ""(evi"", ""(hen"", ""(kem"", ""(pes"", ""(rhe"", ""(syl"", ""(tok"", ""(zam"", "")mal"", "", s,"", ""- 2:"", ""-4-g"", ""-aue"", ""-o. "", ""-olt"", ""-uut"", ""-v '"", "".! -"", "".-o."", "".-pa"", "".get"", "".pe "", "".v.l"", ""/als"", ""/lyt"", ""/m i"", ""/mcs"", ""/mo'"", ""/o'd"", ""/spu"", ""/tae"", ""/voc"", ""/zay"", ""0 'g"", ""0 05"", ""0/18"", ""1+99"", ""1-po"", ""1/49"", ""10 0"", ""146/"", ""15 0"", ""15-g"", ""2 t2"", ""2-y "", ""2/au"", ""2/no"", ""27/1"", ""3) p"", ""3rs/"", ""4/a "", ""4/au"", ""46/l"", ""4inc"", ""5 06"", ""5 20"", ""5-gr"", ""5.5!"", ""51/4"", ""565 "", ""576 "", ""58kg"", ""6/de"", ""6/ly"", ""6inc"", ""7 i "", ""73) "", ""78 ("", ""8 (b"", ""8kgm"", ""9/27"", ""960,"", ""97 4"", "": pm"", ""; ka"", ""= si"", ""?)ma"", ""?ues"", ""a a4"", ""a' 4"", ""adax"", ""adl/"", ""aiup"", ""aivc"", ""al'b"", ""albn"", ""alzr"", ""astz"", ""at'z"", ""att;"", ""awff"", ""b-sm"", ""b-vi"", ""bkuv"", ""bnac"", ""bnaj"", ""br54"", ""broq"", ""brru"", ""bs/u"", ""bsbr"", ""bsby"", ""bsvr"", ""byzn"", ""c-kl"", ""canm"", ""chux"", ""cic,"", ""cox'"", ""cq a"", ""crlj"", ""cseb"", ""d ?u"", ""d- o"", ""datv"", ""dh 7"", ""dj/c"", ""dlo:"", ""dmom"", ""dnj "", ""do'u"", ""dovc"", ""dr.b"", ""dtto"", ""e tb"", ""e(?)"", ""e6 c"", ""ea ="", ""ecq:"", ""edtt"", ""enxi"", ""ep) "", ""et.n"", ""euf'"", ""eun'"", ""evyb"", ""ex2k"", ""exuh"", ""exyc"", ""eyo."", ""f mp"", ""f sj"", ""f17 "", ""fe(?"", ""fedm"", ""few!"", ""fref"", ""g vp"", ""g/vo"", ""gix "", ""h/o'"", ""h1 1"", ""hafm"", ""hdh "", ""henx"", ""hi/e"", ""hm!!"", ""hny:"", ""hsac"", ""ht ."", ""hy/o"", ""hza "", ""hzer"", ""i r1"", ""i. x"", ""i/ou"", ""ibev"", ""ibsv"", ""ien\"""", ""ihof"", ""ijsa"", ""ikez"", ""iorp"", ""itvl"", ""iwee"", ""ixmi"", ""j ui"", ""j/ca"", ""jajl"", ""je/g"", ""ji-n"", ""ji/o"", ""jkel"", ""jrt "", ""jsaa"", ""jz-t"", ""k jd"", ""k-o!"", ""k-v "", ""k.-o"", ""k/x "", ""kajf"", ""kaw?"", ""kgms"", ""klja"", ""kohd"", ""kvd "", ""ky-d"", ""l 05"", ""l 5."", ""l!? "", ""l'bo"", ""lbna"", ""lcis"", ""lke!"", ""lohw"", ""lua!"", ""lvss"", ""ly-i"", ""lynp"", ""lzru"", ""m 2x"", ""m 6i"", ""m bc"", ""m m7"", ""m78 "", ""mcem"", ""me?."", ""mk-v"", ""mmez"", ""mpyl"", ""mtv!"", ""mw3'"", ""n\"" b"", ""n'ju"", ""n,10"", ""n-4-"", ""nceg"", ""nd ?"", ""nev?"", ""nk/x"", ""nkvd"", ""nn.,"", ""nphe"", ""nri)"", ""ns/q"", ""nyry"", ""nzri"", ""o 8."", ""o iq"", ""o/wr"", ""of!!"", ""ohm!"", ""ojta"", ""onu."", ""osu."", ""oxx."", ""oys-"", ""oz +"", ""p) d"", ""p2 &"", ""pke'"", ""q: 2"", ""qilb"", ""r dl"", ""r jk"", ""r..p"", ""r.bu"", ""r1 v"", ""r1-g"", ""r549"", ""r; k"", ""rb/m"", ""re6 "", ""rfi,"", ""rfio"", ""rhuk"", ""rii!"", ""rn-4"", ""roo."", ""rsu!"", ""rsye"", ""rveo"", ""rzh "", ""s p2"", ""s/uf"", ""sbae"", ""sebh"", ""secq"", ""sek?"", ""sixm"", ""skp "", ""ssbl"", ""svrg"", ""sylc"", ""sytl"", ""sytu"", ""szoc"", ""t.-p"", ""t; p"", ""t? l"", ""tb t"", ""tisv"", ""tje/"", ""tog,"", ""togk"", ""tssu"", ""tts?"", ""tuf1"", ""tv-9"", ""tvle"", ""tzo?"", ""u8 o"", ""ub-v"", ""udgr"", ""uf17"", ""uhci"", ""uhdo"", ""uieu"", ""ultm"", ""ume)"", ""unsg"", ""urrg"", ""v 'k"", ""v cv"", ""v-ak"", ""v-uu"", ""v.l."", ""v2/n"", ""v3 k"", ""vd -"", ""vdu "", ""veor"", ""vgam"", ""vi-k"", ""vre/"", ""vrga"", ""vrgn"", ""vssi"", ""vujo"", ""vums"", ""vy/l"", ""w (z"", ""w3's"", ""w817"", ""wakf"", ""wawf"", ""wfa "", ""wfel"", ""wffa"", ""whdh"", ""whre"", ""whyn"", ""wiaa"", ""wiis"", ""wil!"", ""wjrt"", ""wjz-"", ""wloi"", ""wmac"", ""wynf"", ""x (g"", ""x uf"", ""x.ki"", ""x9 f"", ""xe-w"", ""xuhc"", ""xx.k"", ""y 4/"", ""y nk"", ""y' ("", ""yby:"", ""ybys"", ""yc 5"", ""yd'b"", ""yj r"", ""yjo "", ""ylca"", ""yldr"", ""ynfo"", ""ynk "", ""ynph"", ""yp -"", ""ys-a"", ""yum."", ""z ye"", ""zda:"", ""ze!'"", ""zewn"", ""zh b"", ""zio-"", ""znys"", ""zocs"", ""zruf"", ""zziw""]",429,1,155,0.0064516129032258064
5,block_infix_fingerprint_v005.json,256,local_split_entropy_equivalence_classes,154,4,0.0,0.05,title,title,71," ""be","["" \""be""]",1,2,155,0.012903225806451613
5,block_infix_fingerprint_v005.json,256,local_split_entropy_equivalence_classes,154,4,0.0,0.05,title,title,72," ""bo","["" \""bo"", "" \""i\"""", "" $la"", "" 1%/"", "" 19e"", "" 4- "", "" 5-p"", "" 8/2"", "" dwl"", "" fa?"", "" g.h"", "" glw"", "" i/b"", "" k.n"", "" nkl"", "" oim"", "" q.u"", "" ra/"", "" s.n"", "" swm"", "" wi:"", "" wnd"", ""\"" - "", ""\""bon"", ""\""i\"" "", ""\""mik"", ""#179"", ""#560"", ""$lap"", ""%/th"", ""' if"", ""'/sp"", ""'apu"", ""'ebu"", ""'gee"", ""(asm"", ""(sun"", ""*tfl"", "",008"", ""-116"", ""-23 "", ""-e.y"", ""-f.o"", ""-kuo"", ""-ouf"", ""-p.a"", ""-rck"", ""-s.h"", ""-sey"", ""-szi"", ""-t/c"", ""-upg"", ""-yoj"", "".-e."", "".-u."", ""../1"", ""./13"", ""./cu"", "".a.."", "".e.g"", "".i.x"", "".k.-"", "".s y"", ""/\""mi"", ""/29/"", ""/2nd"", ""/e3 "", ""/git"", ""/neb"", ""/rbd"", ""/sfi"", ""025?"", ""07/o"", ""09 1"", ""1%/t"", ""1-ok"", ""116!"", ""16 &"", ""2. 2"", ""23 #"", ""27/0"", ""2a c"", ""3 h2"", ""38 h"", ""4- w"", ""401:"", ""5 u."", ""5-pi"", ""650t"", ""6673"", ""6676"", ""6694"", ""6703"", ""6706"", ""6711"", ""6714"", ""6720"", ""6756"", ""6777"", ""6780"", ""6796"", ""6803"", ""6806"", ""6811"", ""6827"", ""6870"", ""6915"", ""6928"", ""6977"", ""7/ou"", ""7/sp"", ""7092"", ""7094"", ""7098"", ""7102"", ""7104"", ""7109"", ""7131"", ""7132"", ""7153"", ""7181"", ""7201"", ""7208"", ""7217"", ""7228"", ""7245"", ""7253"", ""7303"", ""7322"", ""7328"", ""7334"", ""7368"", ""7385"", ""7395"", ""7423"", ""7430"", ""7464"", ""7473"", ""7477"", ""7479"", ""7480"", ""7492"", ""7512"", ""7515"", ""7523"", ""7525"", ""7531"", ""7548"", ""7551"", ""7567"", ""7578"", ""7581"", ""7599"", ""7608"", ""7626"", ""7638"", ""7642"", ""7648"", ""7667"", ""7674"", ""7678"", ""7683"", ""7690"", ""7695"", ""8:35"", ""8:52"", ""9 oi"", "": q."", "":38 "", ""@ ol"", ""[wed"", ""a/sf"", ""aa/s"", ""aacc"", ""aatb"", ""acck"", ""acuk"", ""adrf"", ""aebn"", ""aj/b"", ""anx/"", ""arl2"", ""at @"", ""av/d"", ""b-em"", ""b/au"", ""b/te"", ""bd/j"", ""bdaq"", ""bi/j"", ""bsio"", ""c/ge"", ""cckk"", ""celp"", ""cf-r"", ""ckkk"", ""ckl-"", ""clek"", ""cloq"", ""ctyv"", ""cuka"", ""cwan"", ""d'we"", ""d./d"", ""d/ry"", ""drfi"", ""dwlf"", ""e-e3"", ""e.-s"", ""e/\""m"", ""e/2n"", ""eagg"", ""edgs"", ""egbr"", ""eh-s"", ""ei-e"", ""etdr"", ""f-rc"", ""f-ru"", ""flo-"", ""fuig"", ""g (e"", ""g-ku"", ""g/rb"", ""glws"", ""gokr"", ""gowg"", ""gs] "", ""h 6 "", ""h rs"", ""h*tf"", ""hoc."", ""hopm"", ""i\"" i"", ""i-15"", ""i-ei"", ""i-sz"", ""i.x."", ""i/e3"", ""i/kn"", ""idr "", ""il'o"", ""immw"", ""ip/r"", ""ipt."", ""ispm"", ""izoa"", ""izuz"", ""j/bl"", ""jmou"", ""jnr."", ""jo/y"", ""jr/y"", ""jyuj"", ""k.-e"", ""k./o"", ""k.n."", ""kh &"", ""kl-k"", ""kl-s"", ""ks/q"", ""kydo"", ""kyhi"", ""l b,"", ""lao."", ""lebd"", ""lf-j"", ""lmck"", ""lwss"", ""m zb"", ""m/i."", ""mb/t"", ""mhub"", ""mme/"", ""mmhu"", ""mmwo"", ""mv d"", ""n 1%"", ""n wt"", ""n'/s"", ""n-y-"", ""naj'"", ""ndt)"", ""nef'"", ""neib"", ""ng?\"""", ""ngs]"", ""nir."", ""nkl-"", ""nkyd"", ""nkyh"", ""ny\"" "", ""ny) "", ""o \""i"", ""ob/a"", ""oe/w"", ""onwr"", ""ony\"""", ""ox/v"", ""oyge"", ""p 3r"", ""p 5-"", ""p.-p"", ""p24 "", ""p3 h"", ""ph/f"", ""pkyn"", ""pto!"", ""pweg"", ""py $"", ""qwee"", ""r 5/"", ""r 8/"", ""r.s "", ""rbd/"", ""rbo/"", ""s] k"", ""sh/z"", ""sos/"", ""spmo"", ""sqwe"", ""swma"", ""szi-"", ""t @ "", ""t cg"", ""t cv"", ""t'ol"", ""t.-f"", ""te/\"""", ""te??"", ""toyg"", ""ttco"", ""tyvo"", ""ua-f"", ""udsv"", ""ufs!"", ""ugi."", ""uhej"", ""uheu"", ""uie."", ""w.-u"", ""w/gs"", ""wndl"", ""wssa"", ""x dy"", ""x-23"", ""xben"", ""y $l"", ""y 4-"", ""y jn"", ""y\"" -"", ""y\"" i"", ""y/ll"", ""yeh-"", ""yhig"", ""ykeo"", ""ymir"", ""yn/s"", ""ys-h"", ""yse?"", ""za-a"", ""zas/"", ""zob "", ""zonh"", ""zuze""]",365,1,155,0.0064516129032258064
5,block_infix_fingerprint_v005.json,256,local_split_entropy_equivalence_classes,154,4,0.0,0.05,title,title,73," ""ch","["" \""ch"", "") ke"", ""ofib"", ""sdug""]",4,2,155,0.012903225806451613
5,block_infix_fingerprint_v005.json,256,local_split_entropy_equivalence_classes,154,4,0.0,0.05,title,title,74," ""di","["" \""di"", ""humw"", ""sjeb""]",3,2,155,0.012903225806451613
5,block_infix_fingerprint_v005.json,256,local_split_entropy_equivalence_classes,154,4,0.0,0.05,title,title,75," ""do","["" \""do"", "" 2t2"", "" 68'"", "" 90)"", "" axh"", "" eej"", "" ff/"", "" i.n"", "" kwu"", "" sc3"", "" ye/"", ""\""do "", ""\""not"", ""#13 "", ""#622"", ""#695"", ""$5 g"", ""$h &"", ""& 1,"", ""'foc"", ""'gem"", ""'il/"", ""'psi"", ""'seg"", ""'so,"", ""'ts!"", ""'ts/"", ""'urt"", ""(jef"", ""(m)p"", ""(moe"", ""(z)i"", "")ido"", "")pil"", "", 'p"", "", o'"", "",918"", ""-b/c"", ""-bmx"", ""-ca-"", ""-emo"", ""-k-t"", ""-owl"", ""-pyo"", ""-vea"", "".'ho"", ""..'h"", "".5 p"", "".? i"", "".c.y"", "".h.y"", "".r.v"", "".s.?"", "".t.z"", "".z.z"", ""/exo"", ""/ha "", ""/hfp"", ""/mce"", ""/mew"", ""/mlb"", ""/nhr"", ""/wov"", ""0 (j"", ""0/ve"", ""003r"", ""10/v"", ""101t"", ""104h"", ""105h"", ""12-j"", ""12-k"", ""18:4"", ""2 (u"", ""2,91"", ""2-ko"", ""2:45"", ""2x t"", ""3-b/"", ""36-3"", ""42 t"", ""43 ("", ""46.9"", ""4tas"", ""6 ab"", ""6-39"", ""6/06"", ""62 t"", ""622 "", ""64.2"", ""6635"", ""6649"", ""6692"", ""6700"", ""6705"", ""6723"", ""6726"", ""6730"", ""6736"", ""6774"", ""6786"", ""6788"", ""6808"", ""6816"", ""6822"", ""6856"", ""6860"", ""6885"", ""6889"", ""6892"", ""6894"", ""6895"", ""6896"", ""7089"", ""7111"", ""7128"", ""7140"", ""7145"", ""7156"", ""7158"", ""7160"", ""7177"", ""7214"", ""7222"", ""7227"", ""7246"", ""7265"", ""7279"", ""7283"", ""7289"", ""7311"", ""7342"", ""7347"", ""7365"", ""7386"", ""7412"", ""7417"", ""7421"", ""7424"", ""7433"", ""7438"", ""7453"", ""7467"", ""7486"", ""7495"", ""7501"", ""7518"", ""7538"", ""7539"", ""7542"", ""7544"", ""7547"", ""7552"", ""7557"", ""7559"", ""7565"", ""7572"", ""7583"", ""7590"", ""7601"", ""7603"", ""7622"", ""7624"", ""7625"", ""7630"", ""7651"", ""7664"", ""7671"", ""7681"", ""82 b"", ""8:40"", ""90 ("", ""93 r"", ""9:31"", ""a/af"", ""ac/p"", ""ahoh"", ""aje/"", ""ap/g"", ""asbj"", ""atrv"", ""awl'"", ""axh'"", ""ay?\"""", ""b-of"", ""basp"", ""biby"", ""bts/"", ""c/bo"", ""c/br"", ""c/cu"", ""c/pc"", ""c/so"", ""c4 c"", ""ca't"", ""cab:"", ""cbtv"", ""cd-e"", ""chp-"", ""citz"", ""cni:"", ""co(m"", ""cos("", ""coxy"", ""cra$"", ""csma"", ""cwe "", ""cyco"", ""d 2t"", ""d) m"", ""d-12"", ""d/mc"", ""dadz"", ""dajk"", ""dejc"", ""der\"""", ""dgwo"", ""diq:"", ""dje)"", ""driq"", ""dy.t"", ""e e3"", ""e3 v"", ""eb-o"", ""eciz"", ""eiph"", ""ek?'"", ""elyw"", ""eovl"", ""epa'"", ""esy!"", ""euc "", ""eue/"", ""euin"", ""f/hf"", ""fe/y"", ""feo."", ""fi'n"", ""fl/m"", ""fo 0"", ""foem"", ""fozb"", ""fp l"", ""fu/g"", ""g jn"", ""g' g"", ""g4u "", ""gge?"", ""gio-"", ""gobh"", ""gsvl"", ""h'oo"", ""hfp "", ""his)"", ""hp-b"", ""igh)"", ""iky,"", ""ivao"", ""j ok"", ""j-wo"", ""je/c"", ""jnr,"", ""jo/o"", ""ke/q"", ""kev'"", ""kow/"", ""ktec"", ""l/ml"", ""l/ze"", ""lax/"", ""lf/f"", ""lfay"", ""lhi/"", ""louw"", ""lps-"", ""lt-l"", ""lti/"", ""m (b"", ""m)pi"", ""m- a"", ""mcsm"", ""mcwa"", ""mew/"", ""mo'k"", ""mpe."", ""n z-"", ""n/hb"", ""n/nh"", ""n/o "", ""nghl"", ""nm v"", ""nr, "", ""o bt"", ""o(m)"", ""o/es"", ""oa/a"", ""ocib"", ""oe-e"", ""ohiz"", ""ohm,"", ""olm)"", ""or \"""", ""os(z"", ""p r "", ""p-bm"", ""p/on"", ""pc e"", ""peio"", ""pigb"", ""psa)"", ""put."", ""q: b"", ""qmii"", ""r \""n"", ""r-k-"", ""re/q"", ""rr 2"", ""s(z)"", ""s.? "", ""s/kt"", ""s/ky"", ""s/l'"", ""s/ms"", ""s/oo"", ""sco("", ""seip"", ""stby"", ""sy/r"", ""uesy"", ""ujob"", ""umc,"", ""uphy"", ""url/"", ""ut?:"", ""uubo"", ""v/me"", ""vyjd"", ""w-cu"", ""wl #"", ""wl/f"", ""x v "", ""x.a."", ""xh'o"", ""y c "", ""y, \"""", ""yc y"", ""ye/h"", ""yjde"", ""yosb"", ""ypul"", ""z)id"", ""z-ga"", ""z.z."", ""znus"", ""zwid""]",355,1,155,0.0064516129032258064
5,block_infix_fingerprint_v005.json,256,local_split_entropy_equivalence_classes,154,4,0.0,0.05,title,title,76," ""eg","["" \""eg"", "" #1_"", "" 'nt"", "" + ("", "" -wf"", "" .89"", "" 0 n"", "" 0.4"", "" 070"", "" 1/j"", "" 15a"", "" 2/9"", "" 2ts"", "" 5,3"", "" 60m"", "" 91'"", "" : i"", "" [me"", "" aj:"", "" am3"", "" b'u"", "" bjs"", "" cni"", "" cpl"", "" dj."", "" dsi"", "" e!?"", "" ghj"", "" h-e"", "" hu'"", "" i-4"", "" kr3"", "" kv "", "" nly"", "" oaj"", "" pp:"", "" psu"", "" qap"", "" t-a"", "" uhi"", "" uzv"", "" v.3"", "" vwx"", "" wbh"", ""! ae"", ""! az"", ""! vw"", ""!1 ("", ""\""egg"", ""####"", ""#1_l"", ""#79:"", ""#bca"", ""#fil"", ""#omn"", ""#pos"", ""#qui"", ""#sav"", ""#ven"", ""$5.1"", ""$mon"", ""% en"", ""% il"", ""% ji"", ""% si"", ""% va"", ""'-ag"", ""'-ou"", ""'17'"", ""'28-"", ""': 3"", ""'a':"", ""'aio"", ""'c.s"", ""'e 1"", ""'enk"", ""'hic"", ""'huf"", ""'ike"", ""'k'n"", ""'nti"", ""'nur"", ""'pim"", ""'puc"", ""'tai"", ""'tsl"", ""'yun"", ""(a.s"", ""(alg"", ""(bag"", ""(bew"", ""(ego"", ""(ges"", ""(im)"", ""(nam"", ""(pli"", ""(tek"", "") + "", "")-po"", "")dea"", "")hei"", "")lea"", "")typ"", "")vei"", ""*h':"", ""*mei"", ""*tee"", ""+ (a"", ""+ sl"", "", --"", "", 8,"", "",213"", "",332"", "",7 y"", ""- (u"", ""- 97"", ""- z "", ""-'ku"", ""-08:"", ""-1=2"", ""-304"", ""-4 x"", ""-45,"", ""-475"", ""-69-"", ""-76d"", ""-as'"", ""-azr"", ""-b h"", ""-b. "", ""-e -"", ""-iz'"", ""-k.o"", ""-ke'"", ""-yhd"", ""-zhi"", "". : "", "".' m"", "".' r"", "".-b."", ""...7"", ""..7,"", ""..fi"", ""..se"", ""..zh"", ""./g."", "".084"", "".1 w"", "".15/"", "".3.0"", "".5 d"", "".5.5"", "".8.5"", "".86:"", "".9 f"", "".: 2"", "".: q"", "".a z"", "".a.0"", "".bar"", "".be "", "".dot"", "".e n"", "".eba"", "".erw"", "".fir"", "".i d"", "".i v"", "".m: "", "".nac"", "".nij"", "".qua"", "".rem"", "".rep"", "".se "", "".sol"", "".sui"", "".van"", "".y d"", "".zu "", ""//ze"", ""/03:"", ""/2 c"", ""/2ba"", ""/3 t"", ""/57:"", ""/69:"", ""/7 -"", ""/78:"", ""/85:"", ""/96 "", ""/g.p"", ""/hr."", ""/inp"", ""/p4x"", ""/um "", ""0 (t"", ""0 b'"", ""0 ez"", ""0 gp"", ""0 n'"", ""0 nl"", ""0 ua"", ""0 wr"", ""0 za"", ""0!1 "", ""0% e"", ""0+10"", ""0,7 "", ""0-an"", ""0-ci"", ""0-ya"", ""0/96"", ""0/ci"", ""00/c"", ""010n"", ""02 h"", ""03 o"", ""04.8"", ""047:"", ""05'0"", ""05.."", ""05h4"", ""066 "", ""070:"", ""074 "", ""07:0"", ""093:"", ""0:0 "", ""0:4 "", ""0:96"", ""1 (l"", ""1 (z"", ""1 ci"", ""1 kh"", ""1 km"", ""1 r+"", ""1 wb"", ""1'e "", ""1, v"", ""1,33"", ""1-69"", ""1-87"", ""1-96"", ""1-ic"", ""1-k."", ""1/03"", ""1/57"", ""1/je"", ""10:9"", ""10ny"", ""11'e"", ""12in"", ""13 1"", ""13:1"", ""13hr"", ""14-5"", ""14-e"", ""14-n"", ""14h0"", ""15/h"", ""15:1"", ""15a "", ""17''"", ""17-3"", ""17/6"", ""179t"", ""181."", ""182."", ""183."", ""190."", ""192:"", ""194."", ""19os"", ""19xx"", ""1:32"", ""1=2:"", ""1>19"", ""1_lo"", ""1c4,"", ""1h92"", ""1i m"", ""1min"", ""2 oc"", ""2 ps"", ""2 uo"", ""2) s"", ""2, z"", ""2-1="", ""2-ok"", ""2.. "", ""2/09"", ""2/23"", ""2/50"", ""206."", ""21-8"", ""213,"", ""214-"", ""21>1"", ""23/6"", ""23:5"", ""24's"", ""24,2"", ""24k "", ""25' "", ""25-e"", ""26 c"", ""26 w"", ""273d"", ""28 k"", ""28-a"", ""287t"", ""2=5="", ""2b b"", ""2bat"", ""2bed"", ""2inu"", ""2k n"", ""2ob "", ""2p2r"", ""2tsu"", ""3 (p"", ""3 2 "", ""3 ag"", ""3 ee"", ""3 kg"", ""3 sb"", ""3 sl"", ""3'17"", ""3.. "", ""30 1"", ""30-b"", ""301,"", ""31 c"", ""32 p"", ""32 t"", ""332 "", ""33e "", ""35, "", ""36 f"", ""36 i"", ""362:"", ""37/7"", ""38,5"", ""38ne"", ""3d 1"", ""3ein"", ""3fou"", ""3g ("", ""3g -"", ""3hrs"", ""3oha"", ""3r1c"", ""3rs "", ""3s3:"", ""3tar"", ""4 3 "", ""4 dj"", ""4 dn"", ""4 ly"", ""4 pf"", ""4 ru"", ""4###"", ""4' i"", ""4, m"", ""4,21"", ""4-50"", ""4-7:"", ""4-cy"", ""4-si"", ""4/85"", ""40-c"", ""401-"", ""409."", ""41 b"", ""41 e"", ""41-6"", ""44, "", ""44/8"", ""457m"", ""46 u"", ""462."", ""466."", ""49 e"", ""49 i"", ""490a"", ""494#"", ""4a4f"", ""4c m"", ""4clo"", ""4e g"", ""4glo"", ""4h05"", ""4k g"", ""4nin"", ""4wol"", ""4xl/"", ""5 (m"", ""5 dr"", ""5 iu"", ""5 zi"", ""5' s"", ""5'01"", ""5,30"", ""5-e "", ""5.5."", ""5/95"", ""5/hr"", ""50/9"", ""506a"", ""514-"", ""51mi"", ""525'"", ""53 p"", ""54 e"", ""541-"", ""55/9"", ""57mm"", ""5a p"", ""5doc"", ""5eye"", ""5h42"", ""5ob "", ""5poi"", ""5wom"", ""5x p"", ""5x5,"", ""6 (b"", ""6 aa"", ""6 ad"", ""6 ot"", ""6 sn"", ""6 ww"", ""6-76"", ""606 "", ""60ml"", ""61 d"", ""633 "", ""65 s"", ""65do"", ""68 o"", ""69 h"", ""69-9"", ""6=0 "", ""6b: "", ""7 10"", ""7 23"", ""7 30"", ""7 31"", ""7 39"", ""7 41"", ""7 66"", ""7 ke"", ""7 kr"", ""7 og"", ""7 ww"", ""7 ya"", ""7 yp"", ""7, 8"", ""7, h"", ""7.8."", ""7/78"", ""700%"", ""72 r"", ""72/5"", ""730-"", ""74 j"", ""74 k"", ""749 "", ""75 r"", ""76 r"", ""76dd"", ""77 6"", ""77bo"", ""7:07"", ""7:13"", ""7:23"", ""7:50"", ""7boa"", ""7mm "", ""7na:"", ""8 hz"", ""8 sx"", ""8, u"", ""81 h"", ""81 l"", ""81 o"", ""818 "", ""82 k"", ""83 o"", ""831,"", ""84 k"", ""84c "", ""89 r"", ""89+1"", ""895 "", ""8new"", ""9 11"", ""9 a."", ""9 fm"", ""9 gl"", ""9 le"", ""9 m2"", ""9% w"", ""9.08"", ""9.9 "", ""90 0"", ""90am"", ""92-o"", ""921>"", ""93 y"", ""94 d"", ""94##"", ""944,"", ""947:"", ""95 ("", ""97.4"", ""99 k"", ""9:25"", ""9:54"", ""9o e"", ""9os "", ""9xx:"", "": 2t"", "": zd"", "":0 ("", "":05'"", "":07:"", "":16-"", "":25."", "":30h"", "":4 ("", "":59:"", "":96:"", ""<3 m"", ""= 13"", ""= on"", ""= pe"", ""=0 h"", ""=2: "", ""=5=1"", "">198"", "">>dr"", "">dre"", ""? j'"", ""?/wu"", ""?anx"", ""?e?a"", ""[mei"", ""] da"", ""] ge"", ""] vo"", ""]hab"", ""]mai"", ""]mem"", ""_lou"", ""_vie"", ""a '2"", ""a 5,"", ""a c!"", ""a w/"", ""a)ty"", ""a*te"", ""a-'k"", ""a-yh"", ""a-zh"", ""a.' "", ""a.-b"", ""a./g"", ""a.08"", ""a.m:"", ""a3ta"", ""a40 "", ""a9 -"", ""aaav"", ""aalh"", ""aawi"", ""aazm"", ""abf-"", ""abxa"", ""af'i"", ""agnh"", ""ah-p"", ""ai?/"", ""aid;"", ""aitb"", ""ajiz"", ""akkj"", ""akt-"", ""alc2"", ""alt_"", ""ao-i"", ""apfl"", ""ar(e"", ""ara;"", ""as)-"", ""auww"", ""ay.n"", ""ayif"", ""azsd"", ""b.c:"", ""baor"", ""baxu"", ""bcfi"", ""bdu "", ""becl"", ""bexo"", ""bf-m"", ""bgar"", ""bheo"", ""bui'"", ""bur?"", ""bxan"", ""bzzy"", ""c4, "", ""ca-w"", ""ceig"", ""celk"", ""cfil"", ""cic?"", ""ciuk"", ""ckku"", ""coxl"", ""cpl."", ""curh"", ""d 0 "", ""d'ip"", ""d) 2"", ""d-ir"", ""d/2b"", ""datb"", ""dbam"", ""ddo'"", ""dewb"", ""deyd"", ""df-f"", ""df-w"", ""df.r"", ""dip'"", ""dj. "", ""dnek"", ""doym"", ""drbz"", ""dsym"", ""dto "", ""dtpl"", ""duh?"", ""dusg"", ""dz/a"", ""dzub"", ""e) +"", ""e-b "", ""e. #"", ""e?an"", ""e]ha"", ""e]ma"", ""e]me"", ""eal;"", ""ean)"", ""ebcf"", ""ebex"", ""egg\"""", ""ei ["", ""eig]"", ""el!:"", ""epej"", ""er00"", ""er83"", ""ermt"", ""euim"", ""eut:"", ""ezro"", ""f) l"", ""f.re"", ""faty"", ""fes)"", ""fm c"", ""fnd "", ""fsfe"", ""g -w"", ""g\"" o"", ""g) b"", ""g] v"", ""gacs"", ""gam:"", ""gg\"" "", ""gnhe"", ""gnik"", ""go':"", ""gs-l"", ""gtve"", ""gyi-"", ""h 62"", ""h b,"", ""h'n."", ""h-na"", ""h..!"", ""hcok"", ""hdrb"", ""heai"", ""her0"", ""hhob"", ""hi/i"", ""hivb"", ""hl-s"", ""hle'"", ""i [m"", ""i! v"", ""i!' "", ""i-47"", ""i-kh"", ""i/fx"", ""i?/g"", ""iauw"", ""icoz"", ""ier@"", ""ig] "", ""igtv"", ""iha'"", ""iiet"", ""ijdb"", ""ijej"", ""ijno"", ""ik'a"", ""ikk-"", ""im) "", ""imt!"", ""imug"", ""imyz"", ""iop "", ""ipnj"", ""irwn"", ""is':"", ""itox"", ""ium5"", ""iv/l"", ""ivba"", ""ivbh"", ""ivme"", ""iy: "", ""iyyo"", ""iz'a"", ""j hl"", ""j im"", ""j. :"", ""ja-'"", ""jdbo"", ""jei-"", ""jejt"", ""jlod"", ""josr"", ""jsbe"", ""ju' "", ""k'ai"", ""k, -"", ""k//z"", ""ka-z"", ""kdia"", ""kisg"", ""kiy:"", ""kk-z"", ""kkja"", ""kksi"", ""knyo"", ""kr3w"", ""kt-s"", ""kukr"", ""kv p"", ""l'le"", ""laf?"", ""lbev"", ""lc2:"", ""lcaj"", ""lemc"", ""ler8"", ""li!."", ""lk!'"", ""lpib"", ""lr m"", ""lt-s"", ""lt_v"", ""ltsn"", ""lu 5"", ""lytj"", ""lyzk"", ""m i-"", ""m sf"", ""m) p"", ""m-ot"", ""m2 p"", ""m3r1"", ""m50a"", ""mak."", ""mcic"", ""mg r"", ""mkoz"", ""mlxv"", ""mn k"", ""mokn"", ""mugt"", ""mumr"", ""muom"", ""mz 6"", ""n 94"", ""n m)"", ""n)he"", ""n)ve"", ""na!'"", ""nbao"", ""ney$"", ""nfto"", ""nhig"", ""nhiy"", ""nnfl"", ""nog."", ""nos1"", ""nsh:"", ""ntdi"", ""ntmn"", ""ntyb"", ""nuak"", ""nx ("", ""nyze"", ""nz-j"", ""o bf"", ""o tn"", ""o-ul"", ""o.3)"", ""o: 9"", ""oaos"", ""ocui"", ""odz/"", ""oejo"", ""ohl-"", ""ojtu"", ""okks"", ""oobg"", ""or ."", ""orc'"", ""os1)"", ""ot'-"", ""ou-v"", ""ou/r"", ""ounl"", ""ow 0"", ""owtd"", ""ox/i"", ""oxo,"", ""oytt"", ""ozej"", ""ozsz"", ""ozuj"", ""p 'j"", ""p 08"", ""p'ed"", ""p4xl"", ""pau."", ""pnja"", ""pntm"", ""pp'e"", ""ppnt"", ""pt.5"", ""qabo"", ""qapi"", ""r #0"", ""r .8"", ""r(ed"", ""r(gl"", ""r-rd"", ""r/p4"", ""r00?"", ""r1c4"", ""r83!"", ""ra'y"", ""ralw"", ""rcca"", ""re]h"", ""rgap"", ""rkju"", ""rmt!"", ""rokf"", ""rs-e"", ""rwnu"", ""rwyr"", ""rzaq"", ""s \""e"", ""s)-p"", ""s)le"", ""s.s)"", ""s10 "", ""sa!'"", ""saa'"", ""sab'"", ""sdob"", ""sel)"", ""sgaz"", ""sgiz"", ""si!'"", ""sne!"", ""stm-"", ""sua'"", ""t s1"", ""t'-a"", ""t'-o"", ""t.5a"", ""t.su"", ""t_vi"", ""tbak"", ""tf n"", ""tirw"", ""tj p"", ""tm-t"", ""tmto"", ""toe)"", ""towt"", ""ts \"""", ""tsmy"", ""tzua"", ""u n-"", ""u pp"", ""u' y"", ""u-i:"", ""u-vo"", ""ualh"", ""uarv"", ""uaws"", ""ubzz"", ""uce;"", ""ufsf"", ""uicu"", ""uixu"", ""uk '"", ""ulwh"", ""um50"", ""umup"", ""un)d"", ""un)v"", ""unuo"", ""ur/u"", ""uu' "", ""uza)"", ""uzvr"", ""v'ts"", ""v.3."", ""v/lo"", ""v] d"", ""v] g"", ""v] k"", ""vbaj"", ""vbha"", ""vd h"", ""vebc"", ""vg o"", ""vie4"", ""vie5"", ""vliy"", ""vo/h"", ""vou'"", ""vudd"", ""w 0."", ""wbht"", ""wd v"", ""wf p"", ""wnu'"", ""wotd"", ""wowo"", ""wrem"", ""wros"", ""wstm"", ""wtc:"", ""wtdi"", ""wubz"", ""wvli"", ""wwi'"", ""x/in"", ""x5, "", ""xan'"", ""xe-b"", ""xext"", ""xhdr"", ""xia."", ""xkai"", ""xl/l"", ""xtyn"", ""xunh"", ""xusv"", ""y' 2"", ""y' e"", ""yaez"", ""yalj"", ""ybio"", ""ye-v"", ""yf a"", ""yg i"", ""yg s"", ""yodi"", ""yol!"", ""yp-b"", ""ys's"", ""ytje"", ""yutb"", ""yzka"", ""yzoj"", ""z 38"", ""z 39"", ""z eq"", ""z'ag"", ""z-jo"", ""zapx"", ""zazv"", ""zdim"", ""zivb"", ""zix "", ""zrin"", ""zsdo"", ""ztob"", ""zvam""]",1017,1,155,0.0064516129032258064
5,block_infix_fingerprint_v005.json,256,local_split_entropy_equivalence_classes,154,4,0.0,0.05,title,title,77," ""f""","["" \""f\"""", "" $ g"", "" 'fd"", "" (11"", "" 12g"", "" 28'"", "" 3/2"", "" 4&5"", "" 69e"", "" 75)"", "" aex"", "" b.2"", "" d17"", "" dwu"", "" dyg"", "" egd"", "" f'k"", "" g.t"", "" gfy"", "" ifr"", "" ijj"", "" im."", "" kr."", "" l-e"", "" m/s"", "" msv"", "" pi."", "" rsi"", "" swk"", "" ta:"", "" uix"", "" v'c"", "" vlc"", "" w &"", "" wca"", "" wpl"", "" zsy"", ""!: z"", ""\"" ou"", ""\""f\"" "", ""$ gr"", ""& az"", ""' u."", ""'27'"", ""'73!"", ""'8 l"", ""'a-c"", ""'abc"", ""'bba"", ""'bic"", ""'blh"", ""'edm"", ""'eso"", ""'fd3"", ""'ime"", ""'irl"", ""'je'"", ""'kha"", ""'pah"", ""'y '"", ""(11/"", ""(164"", ""(pio"", ""(r)s"", ""(rue"", ""(why"", ""): e"", ""): i"", "")ses"", ""- ej"", ""- kd"", ""- rs"", ""-'er"", ""-308"", ""-7 -"", ""-an,"", ""-biq"", ""-elj"", ""-fa "", ""-h h"", ""-izo"", ""-jii"", ""-meh"", ""-roz"", "". #7"", "". rz"", "". z "", "".!: "", ""..!:"", "".fuc"", "".hon"", "".obe"", "".rr:"", ""/95 "", ""/lkp"", ""/s f"", ""0 m "", ""0e r"", ""1 ii"", ""1. i"", ""12gw"", ""18-n"", ""199x"", ""2 'r"", ""27''"", ""28'2"", ""2gwa"", ""3 + "", ""317e"", ""33 +"", ""3e j"", ""3s21"", ""4 (w"", ""4 fp"", ""4 kh"", ""4m: "", ""5 er"", ""5 if"", ""50e "", ""6 ed"", ""640-"", ""65 l"", ""69 #"", ""69em"", ""7 em"", ""7.5."", ""7/95"", ""70-2"", ""7e p"", ""8 lu"", ""8 m/"", ""8'27"", ""8, q"", ""83 f"", ""860-"", ""9,8 "", ""9-1 "", ""98 j"", "": gf"", ""; le"", ""a -t"", ""a d1"", ""a'ra"", ""a-ef"", ""a-oc"", ""a.rr"", ""aa.r"", ""ac-u"", ""accy"", ""addk"", ""adhm"", ""adn,"", ""ae-z"", ""aext"", ""afhi"", ""afo)"", ""aft)"", ""ahaq"", ""ahfi"", ""ajhl"", ""akkp"", ""al-7"", ""amn:"", ""anqe"", ""aoco"", ""aosk"", ""arb,"", ""awgn"", ""axee"", ""b 'h"", ""b 34"", ""b dl"", ""b-ac"", ""bady"", ""bawt"", ""bey."", ""bfia"", ""bohg"", ""bryi"", ""bt. "", ""bucj"", ""but'"", ""c! j"", ""c(s)"", ""c-un"", ""c-zm"", ""cgah"", ""cit@"", ""civy"", ""ckyz"", ""cocy"", ""coj "", ""cq o"", ""d 9,"", ""d lg"", ""d'a-"", ""ddka"", ""ddo?"", ""dezm"", ""de~d"", ""diiv"", ""dlae"", ""domv"", ""dsia"", ""dua:"", ""duiw"", ""dve!"", ""dwud"", ""dygr"", ""e \""f"", ""e $ "", ""e 6'"", ""e gb"", ""e(le"", ""e-h "", ""e.ho"", ""ec! "", ""ecys"", ""ed!."", ""efok"", ""egdi"", ""eia?"", ""eiut"", ""ejm "", ""ekhl"", ""ektd"", ""emch"", ""epbe"", ""epiq"", ""eqma"", ""era("", ""esi)"", ""eu(r"", ""euz-"", ""eviq"", ""ext)"", ""exxc"", ""eya-"", ""ez'b"", ""e~da"", ""f\"" o"", ""f'ka"", ""fadh"", ""fd3'"", ""fea."", ""ffyv"", ""fhid"", ""fim:"", ""finm"", ""fok'"", ""fsty"", ""fu-a"", ""fu-i"", ""furz"", ""g b:"", ""g vg"", ""ga ."", ""gcra"", ""gdr "", ""gemh"", ""gic("", ""gitk"", ""gja,"", ""gkiy"", ""gkyo"", ""gmax"", ""gnsg"", ""go3 "", ""gro)"", ""gueb"", ""guo!"", ""h ug"", ""hemc"", ""heqm"", ""hidm"", ""hiey"", ""hioz"", ""hpe "", ""hrtm"", ""ht!:"", ""hth,"", ""hti?"", ""hu 7"", ""huov"", ""hwiz"", ""hzin"", ""i h-"", ""i qy"", ""ib '"", ""ibe."", ""ic(s"", ""ic-z"", ""ick;"", ""id 8"", ""idoa"", ""iduv"", ""ieph"", ""ieye"", ""ifi?"", ""ifst"", ""ijkp"", ""impw"", ""ior;"", ""ipec"", ""itpf"", ""iu-c"", ""iuyu"", ""ixci"", ""j nj"", ""jasb"", ""jegk"", ""jff "", ""jhli"", ""jidu"", ""jil-"", ""jirj"", ""jiuy"", ""jkpl"", ""jm i"", ""joeu"", ""jogb"", ""jokb"", ""jowj"", ""jp i"", ""jrho"", ""jsve"", ""jual"", ""judr"", ""juk-"", ""jumy"", ""jv: "", ""jwol"", ""k 4&"", ""k/or"", ""k2 ("", ""k3 b"", ""k3s2"", ""k; p"", ""kagb"", ""kaoj"", ""kas-"", ""kemr"", ""kepb"", ""kghz"", ""kimj"", ""kip!"", ""kivf"", ""kjv:"", ""kk ("", ""kkpp"", ""kl 7"", ""klu-"", ""ko'a"", ""kokv"", ""komr"", ""kp g"", ""kppu"", ""kr. "", ""krzn"", ""ks-d"", ""kt!!"", ""ktd "", ""ktdi"", ""ktse"", ""kuib"", ""kutj"", ""kuug"", ""kuxa"", ""ky 9"", ""kyzi"", ""kz9 "", ""l 2o"", ""l 7/"", ""l k'"", ""l'kh"", ""l-7 "", ""l.a!"", ""l.aa"", ""l.j."", ""la-3"", ""laiq"", ""lakp"", ""lbu "", ""lcav"", ""lchl"", ""ler7"", ""leu("", ""lgim"", ""lhus"", ""lirf"", ""lkic"", ""ll.a"", ""lo'h"", ""logc"", ""lqin"", ""ltmi"", ""lu'b"", ""lu-m"", ""luah"", ""luxm"", ""lwy "", ""ly +"", ""lya!"", ""lykl"", ""lyvy"", ""lzoj"", ""m 3/"", ""m iw"", ""m'po"", ""m's:"", ""m. 0"", ""m4m:"", ""mabk"", ""meud"", ""mexc"", ""mivl"", ""mmfr"", ""moyi"", ""mp'e"", ""mr.f"", ""msv "", ""muly"", ""mval"", ""n #0"", ""n p1"", ""na ."", ""nde~"", ""nivk"", ""nkiz"", ""nlur"", ""npli"", ""nus1"", ""nuu,"", ""nvex"", ""nys;"", ""nzav"", ""o'o:"", ""o/lk"", ""o3 w"", ""o?!."", ""obbr"", ""ocay"", ""ody;"", ""ogcr"", ""ohig"", ""ohrh"", ""oizk"", ""oja)"", ""oky."", ""olsf"", ""op #"", ""opui"", ""oq n"", ""oudq"", ""oui!"", ""ouqs"", ""ouun"", ""ox-f"", ""oyud"", ""oz j"", ""pbau"", ""pben"", ""pbil"", ""pe't"", ""pel!"", ""phaw"", ""pizd"", ""pjas"", ""pkiy"", ""pol?"", ""ppbi"", ""q d'"", ""qa f"", ""qabd"", ""qina"", ""qish"", ""qmas"", ""qraf"", ""qsor"", ""r .4"", ""r vj"", ""r)se"", ""r.fu"", ""r.ob"", ""ra(t"", ""rakd"", ""rc k"", ""rey;"", ""rgac"", ""rjir"", ""rtls"", ""ruuu"", ""ryaj"", ""rynq"", ""rzvi"", ""s tl"", ""s zv"", ""s219"", ""sd '"", ""sek."", ""sewu"", ""sh/y"", ""shju"", ""shvu"", ""sihk"", ""sijw"", ""sje."", ""sl i"", ""soh "", ""srel"", ""sui)"", ""sv a"", ""swkh"", ""sygm"", ""sz. "", ""sztn"", ""tafh"", ""tatw"", ""tbyu"", ""td 2"", ""tjut"", ""tof,"", ""tryb"", ""ts-n"", ""tsi'"", ""tu-s"", ""tz x"", ""tzud"", ""u 'v"", ""u iw"", ""u o:"", ""u wc"", ""u'bb"", ""u(r)"", ""u-ag"", ""u-iz"", ""uasf"", ""ucoj"", ""udqu"", ""udr."", ""ufok"", ""ug-g"", ""ugiv"", ""ugof"", ""uhu-"", ""uihk"", ""uir)"", ""uiwe"", ""uk-u"", ""ulqi"", ""une)"", ""uo 2"", ""uqet"", ""uqso"", ""ur.o"", ""urc "", ""urnj"", ""ursm"", ""uryc"", ""urzv"", ""usnt"", ""ut-k"", ""utce"", ""utn,"", ""uxfe"", ""uyo:"", ""v'ca"", ""v. y"", ""vaky"", ""ve(l"", ""ve.h"", ""vebz"", ""veef"", ""vex-"", ""vir:"", ""vnid"", ""vopu"", ""vouq"", ""vsfl"", ""vshj"", ""vssl"", ""vuro"", ""vya'"", ""w: z"", ""waio"", ""wcal"", ""wdyl"", ""wgno"", ""why)"", ""wkht"", ""wmor"", ""wu-s"", ""wudz"", ""wyzy"", ""x-sq"", ""xcia"", ""xcio"", ""xees"", ""xfer"", ""xv g"", ""xvi,"", ""xxcu"", ""y x'"", ""y! 5"", ""y! 6"", ""y-su"", ""yaj "", ""yakc"", ""yawl"", ""ybec"", ""yepp"", ""yfem"", ""ygou"", ""yikc"", ""yim,"", ""yji "", ""yky-"", ""yn-f"", ""ynqu"", ""yok)"", ""youu"", ""yov,"", ""ysek"", ""yueb"", ""yv b"", ""yvyt"", ""yzyn"", ""z9 -"", ""zaps"", ""zat."", ""zes."", ""zgry"", ""zi-i"", ""znyo"", ""zojm"", ""zsyg"", ""ztne"", ""zud "", ""zuht"", ""zvak"", ""~dal""]",641,1,155,0.0064516129032258064
5,block_infix_fingerprint_v005.json,256,local_split_entropy_equivalence_classes,154,4,0.0,0.05,title,title,78," ""gi","["" \""gi"", "" (__"", "" 1-k"", "" 12+"", "" 51,"", "" 99'"", "" [86"", "" [99"", "" [ab"", "" [ag"", "" [be"", "" [da"", "" [fl"", "" [ha"", "" [hu"", "" [in"", "" [ki"", "" [lo"", "" [ma"", "" [on"", "" [pu"", "" [si"", "" [sp"", "" [st"", "" [ta"", "" [to"", "" [tr"", "" [up"", "" a.]"", "" cp2"", "" f-0"", "" gge"", "" hsh"", "" q h"", "" ujj"", "" up]"", ""! [c"", ""! [g"", ""! [p"", ""\""gir"", ""$ on"", ""'$ o"", ""'] m"", ""'kao"", ""'rez"", ""(__)"", ""(ish"", ""*rec"", "", 99"", ""-j5/"", ""-mu-"", ""-no!"", ""-xy "", "". [g"", "". [k"", "". [t"", "".dou"", "".moo"", ""/43 "", ""/9-d"", ""0b56"", ""0t25"", ""1, w"", ""1:13"", ""1b78"", ""1c97"", ""2/43"", ""2w56"", ""3: ["", ""3:36"", ""42/4"", ""5/9-"", ""563 "", ""7 id"", ""784 "", ""7p46"", ""7r49"", ""7r51"", ""8h46"", ""8s51"", ""8w50"", ""9 is"", ""9 ok"", ""9's "", ""9, y"", ""9-do"", ""92 j"", ""99's"", ""9: ["", "": [8"", "": [9"", "": [a"", "": [b"", "": [c"", "": [d"", "": [f"", "": [g"", "": [h"", "": [i"", "": [l"", "": [m"", "": [n"", "": [o"", "": [r"", "": [s"", "": [u"", "": [w"", "": uh"", "": uj"", ""[ do"", ""[86 "", ""[99 "", ""[abo"", ""[age"", ""[bef"", ""[cha"", ""[che"", ""[dan"", ""[fli"", ""[gas"", ""[goe"", ""[hav"", ""[hun"", ""[in "", ""[is "", ""[kis"", ""[loo"", ""[max"", ""[now"", ""[on "", ""[pos"", ""[pul"", ""[pus"", ""[rea"", ""[sie"", ""[spe"", ""[sti"", ""[tam"", ""[tas"", ""[to "", ""[tra"", ""[ups"", ""[wea"", ""] bu"", ""] di"", ""] ha"", ""] he"", ""] hm"", ""] i "", ""] i'"", ""] is"", ""] ma"", ""] no"", ""] oh"", ""] oo"", ""] po"", ""] th"", ""] wh"", ""] yo"", ""_) c"", ""__) "", ""a 2)"", ""a] d"", ""a] w"", ""aeud"", ""aft]"", ""ah. "", ""ail]"", ""ajfa"", ""al] "", ""amrs"", ""ase]"", ""ata]"", ""aw-y"", ""ax? "", ""b563"", ""b784"", ""b] w"", ""baip"", ""bomy"", ""c-48"", ""c972"", ""cdet"", ""ce] "", ""ced]"", ""cigd"", ""cz 1"", ""czba"", ""d] y"", ""dhtr"", ""dt! "", ""duzb"", ""e *r"", ""e ->"", ""e' y"", ""e'] "", ""e'fa"", ""e. '"", ""e. ["", ""e] b"", ""e] m"", ""e] o"", ""e] t"", ""e] w"", ""e] y"", ""ecde"", ""ed] "", ""eduq"", ""ehm,"", ""el] "", ""ely]"", ""eog-"", ""es] "", ""et] "", ""etvu"", ""eutj"", ""evov"", ""ey] "", ""f.p:"", ""fag."", ""fit]"", ""fsgr"", ""ft] "", ""g(is"", ""gbuh"", ""gdem"", ""gla!"", ""grr-"", ""gvaz"", ""gzol"", ""h-a "", ""h462"", ""h? y"", ""h] m"", ""ha'r"", ""hik."", ""hmm!"", ""hom,"", ""hot]"", ""hsna"", ""hyvy"", ""iaod"", ""ic-4"", ""ice]"", ""ick]"", ""iczb"", ""ie] "", ""il] "", ""iqan"", ""it'$"", ""it] "", ""iuyi"", ""j5/9"", ""jaud"", ""je-g"", ""jfa!"", ""jkt,"", ""jynj"", ""k 'b"", ""k, 2"", ""k. ["", ""k? i"", ""ko 6"", ""ks] "", ""kusw"", ""l. ["", ""l. y"", ""l? ("", ""l] m"", ""l] n"", ""l] p"", ""labm"", ""le] "", ""ley]"", ""lfaa"", ""ljyn"", ""lodj"", ""ltd,"", ""lub]"", ""lumt"", ""ly] "", ""lzsa"", ""m hs"", ""max."", ""mhwa"", ""mie]"", ""mizl"", ""mlu "", ""mmme"", ""mojh"", ""mokj"", ""mrse"", ""myn'"", ""n: ["", ""n] h"", ""n] o"", ""nd ]"", ""ne] "", ""nes]"", ""nfui"", ""ng(i"", ""ng*."", ""nks]"", ""nny]"", ""ny] "", ""o! ["", ""o: ["", ""obip"", ""oe 5"", ""ofl "", ""ojho"", ""ol-n"", ""ole]"", ""omhw"", ""omlj"", ""on] "", ""one]"", ""oth]"", ""ove]"", ""ox-u"", ""p468"", ""p] n"", ""p] w"", ""p] y"", ""ps] "", ""qiuy"", ""r-j5"", ""r492"", ""r518"", ""ral]"", ""rd?!"", ""re *"", ""rgts"", ""rilc"", ""rox-"", ""rr-r"", ""rsfl"", ""ry?)"", ""rza?"", ""s \""g"", ""s (7"", ""s! ["", ""s.mo"", ""s510"", ""s] h"", ""s] i"", ""s] o"", ""sa] "", ""se] "", ""set]"", ""sevk"", ""sid:"", ""sku."", ""sly]"", ""sps]"", ""sujs"", ""t255"", ""t] h"", ""t] i"", ""t] m"", ""t] t"", ""ta] "", ""te']"", ""th] "", ""thi?"", ""u i."", ""ub] "", ""uh? "", ""uhuh"", ""um'c"", ""ung("", ""up] "", ""usa]"", ""uyap"", ""ve'f"", ""ve] "", ""vegf"", ""vket"", ""vlll"", ""vo!!"", ""w (_"", ""w.do"", ""w1 a"", ""w2 r"", ""w504"", ""w561"", ""w562"", ""wajs"", ""wf g"", ""wo'm"", ""wofl"", ""wolw"", ""ww.d"", ""wzw:"", ""x 85"", ""x! ["", ""x-25"", ""x-uv"", ""x-xy"", ""x? o"", ""xahh"", ""xemo"", ""xexe"", ""xma:"", ""xofr"", ""xpw "", ""xua'"", ""xvll"", ""xx-r"", ""xx-x"", ""y2 t"", ""y] i"", ""y] m"", ""y] o"", ""yedd"", ""yieu"", ""yli."", ""ynja"", ""yosl"", ""yrmw"", ""yu-l"", ""yuxw"", ""yvy,"", ""yydo"", ""z (z"", ""z-da"", ""zaac"", ""zah-"", ""zaoy"", ""zavy"", ""zboh"", ""zda,"", ""zeb:"", ""zel]"", ""zhyv"", ""zivx"", ""zjoe"", ""zk: "", ""zog'"", ""zolw""]",440,1,155,0.0064516129032258064
5,block_infix_fingerprint_v005.json,256,local_split_entropy_equivalence_classes,154,4,0.0,0.05,title,title,79," ""hu","["" \""hu"", "" $33"", "" '54"", "" (4/"", "" -t "", "" 7 #"", "" `em"", "" ar/"", "" ba("", "" cbb"", "" gdc"", "" ge,"", "" k-y"", "" kzm"", "" u.t"", "" un["", "" wa/"", "" wbo"", "" wu?"", "" zdz"", ""!!!1"", ""!!11"", ""!/zu"", ""!111"", ""\""hum"", ""#$*%"", ""#hom"", ""$*% "", ""$33 "", ""$35 "", ""% pi"", ""%ers"", ""& 8-"", ""' 15"", ""'/hi"", ""'oll"", ""'r o"", ""(4/4"", ""(emi"", ""(ke$"", ""(n)c"", ""(up)"", ""(wee"", "") sc"", "")/th"", "")cht"", ""*% m"", ""*ssi"", ""+ zo"", "",' s"", ""-99:"", ""-a'a"", ""-ava"", ""-ey!"", ""-oo-"", ""-p t"", ""-s-o"", ""-t a"", ""-t-f"", ""-t.w"", "".79*"", "".a/w"", "".d.y"", ""/'cr"", ""/'ga"", ""//si"", ""/1 y"", ""/a y"", ""/azn"", ""/f-a"", ""/koz"", ""/sia"", ""/sow"", ""/y-f"", ""0%er"", ""023,"", ""024,"", ""04/t"", ""058'"", ""0:06"", ""0h10"", ""0z b"", ""1 od"", ""10%e"", ""18/s"", ""2-no"", ""2/co"", ""22/s"", ""240z"", ""262:"", ""267 "", ""3 et"", ""33 e"", ""360t"", ""4/4)"", ""40z "", ""46.7"", ""5 mm"", ""5 sm"", ""52/t"", ""5k o"", ""60tv"", ""629,"", ""6677"", ""6689"", ""6690"", ""6732"", ""6733"", ""6776"", ""6797"", ""6802"", ""6820"", ""6868"", ""6929"", ""6948"", ""6a c"", ""7 #2"", ""7/su"", ""7095"", ""7105"", ""7110"", ""7116"", ""7127"", ""7147"", ""7152"", ""7154"", ""7166"", ""7205"", ""7224"", ""7229"", ""7252"", ""7299"", ""7329"", ""7367"", ""7446"", ""7476"", ""7489"", ""7516"", ""7522"", ""7524"", ""7529"", ""7550"", ""7555"", ""7566"", ""7579"", ""758 "", ""7609"", ""7611"", ""7614"", ""7639"", ""7649"", ""7658"", ""7660"", ""7682"", ""7:43"", ""7e s"", ""8/sn"", ""8:03"", ""9, 0"", ""9-ye"", "": jp"", "": lm"", "":43 "", ""> pa"", ""?/i "", ""a!/z"", ""a)/t"", ""a./o"", ""accc"", ""adgl"", ""af/s"", ""afuu"", ""ahe/"", ""anu!"", ""aqbe"", ""ar.h"", ""arh:"", ""at'/"", ""au/o"", ""auex"", ""aw/u"", ""b if"", ""b mt"", ""b-an"", ""b-pl"", ""b/ji"", ""ba(n"", ""bah/"", ""baqb"", ""beh!"", ""c3: "", ""caum"", ""ccce"", ""ccyd"", ""ccyw"", ""chs?"", ""com)"", ""cqc "", ""cqfd"", ""cr p"", ""cyou"", ""cywo"", ""d \""h"", ""d e3"", ""d.y."", ""da'r"", ""dau:"", ""dd/r"", ""ddzi"", ""dgle"", ""dor."", ""drh "", ""dz.c"", ""e .2"", ""e `e"", ""e)do"", ""e/'c"", ""e/'g"", ""e/f-"", ""e/oz"", ""eas."", ""eb/j"", ""ef/l"", ""efa'"", ""egy,"", ""ehn/"", ""el/y"", ""elmw"", ""euk!"", ""ews>"", ""eypf"", ""f hb"", ""f-a "", ""f-t-"", ""fd m"", ""g jc"", ""g qs"", ""g'/m"", ""g?/i"", ""gcr "", ""gdc?"", ""gdio"", ""ghi/"", ""gicc"", ""h k-"", ""h kz"", ""h' b"", ""h10 "", ""i u,"", ""i-- "", ""i/pu"", ""ifoa"", ""ijgh"", ""iod."", ""iqlo"", ""ir-n"", ""ix/r"", ""jgh:"", ""jo-n"", ""jos-"", ""jr/m"", ""k/gu"", ""ke `"", ""ki--"", ""kzme"", ""l #$"", ""l e3"", ""l zz"", ""l-a'"", ""l/yu"", ""ld) "", ""levv"", ""lk/d"", ""lluf"", ""lol!"", ""lpe/"", ""m) f"", ""m-wa"", ""m/em"", ""m/nf"", ""mau/"", ""mc -"", ""mdlo"", ""mjuz"", ""mug!"", ""n)ch"", ""n-p "", ""n/eg"", ""n[e]"", ""na'm"", ""ndhv"", ""nijg"", ""niql"", ""no/n"", ""nyap"", ""nysm"", ""o/nu"", ""oelg"", ""ofe,"", ""oho/"", ""ok/w"", ""oog/"", ""orp)"", ""osl:"", ""ox/p"", ""ozzv"", ""p) a"", ""p/fe"", ""p/i "", ""p/kn"", ""pg b"", ""pki-"", ""poe/"", ""pub'"", ""py!/"", ""qbee"", ""qc -"", ""qfd "", ""r!/b"", ""r- k"", ""r- s"", ""r-b "", ""r.hu"", ""rbs,"", ""rcuo"", ""rdz."", ""re)d"", ""reyp"", ""rh m"", ""rh: "", ""ri-f"", ""rm-w"", ""ro-i"", ""rta)"", ""rys'"", ""s'ob"", ""s-o/"", ""s./a"", ""s/et"", ""s> p"", ""se/'"", ""sfoa"", ""sms/"", ""smye"", ""t'/h"", ""t-s-"", ""t/y-"", ""ta)/"", ""tbam"", ""tf!!"", ""th.c"", ""tisg"", ""tzvo"", ""uab "", ""udyn"", ""uem."", ""uet?"", ""uexp"", ""uls?"", ""un/v"", ""un[e"", ""up) "", ""us-o"", ""uyao"", ""uze/"", ""vr s"", ""w v."", ""w/us"", ""wayg"", ""wm27"", ""wogl"", ""ws> "", ""x/hi"", ""x/po"", ""x/si"", ""y s#"", ""y t'"", ""y/az"", ""y/kt"", ""ygoz"", ""ym h"", ""yn/p"", ""yoih"", ""z.co"", ""z/cu"", ""zdcu"", ""zdzw"", ""ze +"", ""ze/'"", ""ze/n"", ""zoe:"", ""zoov"", ""zrek"", ""zsuf"", ""ztep"", ""zvog"", ""zz/c"", ""zzvo""]",398,1,155,0.0064516129032258064
5,block_infix_fingerprint_v005.json,256,local_split_entropy_equivalence_classes,154,4,0.0,0.05,title,title,80," ""lo","["" \""lo"", "" $it"", "" (5 "", "" (ik"", "" (n'"", "" 29k"", "" 40m"", "" drg"", "" e50"", "" f/j"", "" fst"", "" fw-"", "" ht-"", "" jpn"", "" mt:"", "" nnj"", "" oi,"", "" qog"", "" qzx"", "" smp"", "" ssg"", "" su'"", "" uvl"", "" xl-"", ""! (z"", ""! 6 "", ""! sy"", ""!w v"", ""\"" je"", ""\""hol"", ""\""los"", ""\""mrs"", ""#1 t"", ""#4 t"", ""#fav"", ""#new"", ""$1,2"", ""$ity"", ""&ger"", ""' yu"", ""'74 "", ""'aun"", ""'cul"", ""'en'"", ""'kud"", ""'nee"", ""'nez"", ""'vem"", ""'wu "", ""'zou"", ""(5 d"", ""(av "", ""(bok"", ""(co-"", ""(ikr"", ""(kon"", ""(mok"", ""(n'a"", "") ii"", "")/z-"", ""): \"""", ""- (p"", ""-174"", ""-86a"", ""-ct6"", ""-d i"", ""-dui"", ""-ed)"", ""-ex,"", ""-hii"", ""-igu"", ""-jad"", ""-jic"", ""-n10"", ""-sof"", ""-stz"", ""-ui-"", ""-yst"", "". fw"", ""..ev"", ""./le"", ""./ri"", "".71 "", "".eve"", "".j:t"", "".lo "", ""/4 b"", ""/axi"", ""/g-m"", ""/imi"", ""/ire"", ""/jt "", ""/kly"", ""/nir"", ""/nud"", ""/oas"", ""/ooz"", ""/pys"", ""/ry "", ""/uba"", ""/yue"", ""/z-l"", ""1 (5"", ""1 um"", ""2-ya"", ""4 e "", ""40mm"", ""564-"", ""660 "", ""6a v"", ""71 ("", ""72-j"", ""7yr "", ""8, s"", ""837-"", ""86a "", "": xu"", ""? sm"", ""?/yo"", ""?/yu"", ""_gre"", ""a's?"", ""a'tr"", ""a-ig"", ""a-ys"", ""a/yv"", ""a?/y"", ""agwh"", ""ah/c"", ""aku)"", ""aky/"", ""alx "", ""ammp"", ""aoop"", ""aoqi"", ""arvz"", ""as)/"", ""aslb"", ""auwg"", ""auyo"", ""axay"", ""axx/"", ""b (w"", ""b 42"", ""b ue"", ""bc/c"", ""biv/"", ""bnec"", ""c 'n"", ""ce'a"", ""ceej"", ""ciff"", ""citc"", ""cjuk"", ""co/x"", ""ct66"", ""cyjk"", ""d 2,"", ""d bf"", ""d hc"", ""d_gr"", ""dauy"", ""dbeg"", ""dd-s"", ""djiz"", ""drgn"", ""e f/"", ""e/py"", ""e500"", ""eci-"", ""eci/"", ""ecju"", ""edvr"", ""eegw"", ""eg?!"", ""emdv"", ""er(l"", ""eulc"", ""ewgo"", ""ex/g"", ""ey\"" "", ""ey/3"", ""ezz!"", ""f/jt"", ""f:uk"", ""falx"", ""fays"", ""fbaa"", ""fdag"", ""fin)"", ""fket"", ""ftnu"", ""fw-1"", ""fy/i"", ""g/cy"", ""g/k "", ""ge-c"", ""gg/d"", ""ggea"", ""gkau"", ""gwa,"", ""gwha"", ""gy/d"", ""h \""m"", ""h fs"", ""h g "", ""h! x"", ""h'bu"", ""h'ko"", ""h/of"", ""h/t."", ""haox"", ""hc o"", ""hey\"""", ""ho/i"", ""hotv"", ""hr-u"", ""hu' "", ""huvo"", ""i e5"", ""i!/p"", ""i)! "", ""iaoq"", ""idko"", ""iejl"", ""ijyy"", ""ilyj"", ""im/p"", ""iru)"", ""iu/j"", ""ivce"", ""iwi-"", ""izzq"", ""j:ta"", ""jdt "", ""jezk"", ""jt l"", ""jyy "", ""k $i"", ""k): "", ""kf s"", ""kliq"", ""kndr"", ""koam"", ""koc,"", ""kra)"", ""kun/"", ""l' v"", ""lc/e"", ""lg c"", ""lgow"", ""lha."", ""liu/"", ""llzy"", ""lmoz"", ""ln ="", ""lo/e"", ""lroe"", ""lsyy"", ""lvok"", ""lx c"", ""lzyx"", ""m! 6"", ""m!/z"", ""m1 b"", ""mdve"", ""mecj"", ""mi)!"", ""mmps"", ""mn q"", ""moaa"", ""mp-n"", ""mtok"", ""mur/"", ""my-d"", ""n&ge"", ""n*st"", ""n/oo"", ""n/ub"", ""n100"", ""n: 9"", ""naz,"", ""naz/"", ""nexs"", ""nfuu"", ""ngvr"", ""nkhn"", ""nlex"", ""nn-l"", ""nu?!"", ""o c2"", ""o qo"", ""o, ."", ""o.j:"", ""o/ig"", ""o/kz"", ""o? c"", ""od_g"", ""oehd"", ""og!!"", ""oh/m"", ""oh/p"", ""oi @"", ""oieu"", ""okk'"", ""on&g"", ""on*s"", ""oon*"", ""ooog"", ""opyh"", ""orbb"", ""ot-n"", ""owmi"", ""ozu-"", ""p sj"", ""p-n1"", ""p47 "", ""pa/w"", ""pav:"", ""pgar"", ""pkad"", ""pkou"", ""potm"", ""ppo?"", ""prsa"", ""ptfa"", ""puao"", ""purw"", ""pyhy"", ""pysc"", ""q-le"", ""qoga"", ""qpr "", ""r' y"", ""r/kl"", ""r/u2"", ""rbbi"", ""rei)"", ""rex?"", ""rfda"", ""rfke"", ""rjec"", ""rk $"", ""rkym"", ""rn!?"", ""rprs"", ""rr/j"", ""rs/4"", ""ruih"", ""rukw"", ""rvzi"", ""rx1!"", ""ryed"", ""rypy"", ""rz-4"", ""s k "", ""s!w "", ""s)/z"", ""s/4 "", ""s/g-"", ""s/j."", ""s/k "", ""san@"", ""sayg"", ""sctw"", ""sdju"", ""sf:u"", ""sh'b"", ""sh'k"", ""sieq"", ""slbe"", ""sm/s"", ""smo-"", ""smp-"", ""son&"", ""ss't"", ""sum4"", ""syty"", ""szoh"", ""t cn"", ""t qz"", ""t!/o"", ""t-ct"", ""t660"", ""tahc"", ""tkyc"", ""tlc/"", ""tou'"", ""trtu"", ""ts!w"", ""tubt"", ""tuf "", ""tvii"", ""tykt"", ""u 48"", ""u jp"", ""u o."", ""uaoo"", ""ub/k"", ""uca."", ""uf &"", ""ugaj"", ""uidv"", ""uk):"", ""uk-m"", ""ukwe"", ""um41"", ""ur/z"", ""urfd"", ""urfk"", ""usdj"", ""uszl"", ""uwgo"", ""uwpa"", ""uy/d"", ""uy/w"", ""v8 b"", ""v8 i"", ""va/r"", ""vaij"", ""vdog"", ""vehm"", ""vf m"", ""vi q"", ""vzil"", ""w ht"", ""w-19"", ""was)"", ""wgoa"", ""wgom"", ""wie!"", ""wmin"", ""wn/q"", ""woe?"", ""wth,"", ""wult"", ""x/cl"", ""x/gl"", ""xals"", ""xaya"", ""xcqu"", ""xenr"", ""xl l"", ""xl-5"", ""xso "", ""xt-c"", ""xta,"", ""xx/c"", ""y\"" j"", ""y/3-"", ""y/kl"", ""y/oa"", ""ya 8"", ""yd/b"", ""yjka"", ""ylsy"", ""yo'v"", ""ys/y"", ""yskj"", ""ysoh"", ""yz/m"", ""z-4?"", ""z-ex"", ""z-lo"", ""zaiz"", ""zko'"", ""zmid"", ""zouo"", ""zzqu""]",469,1,155,0.0064516129032258064
5,block_infix_fingerprint_v005.json,256,local_split_entropy_equivalence_classes,154,4,0.0,0.05,title,title,81," ""sp","["" \""sp"", ""tux ""]",2,2,155,0.012903225806451613
5,block_infix_fingerprint_v005.json,256,local_split_entropy_equivalence_classes,154,4,0.0,0.05,title,title,82, # 4,"["" # 4"", ""dy-f"", ""sor!""]",3,2,155,0.012903225806451613
5,block_infix_fingerprint_v005.json,256,local_split_entropy_equivalence_classes,154,4,0.0,0.05,title,title,83, #$&,"["" #$&"", ""#$&%"", ""$&% "", ""% is"", ""&% i"", ""bicz"", ""dx 4"", ""eidn"", ""fpar"", ""tadc"", ""utxa""]",11,2,155,0.012903225806451613
5,block_infix_fingerprint_v005.json,256,local_split_entropy_equivalence_classes,154,4,0.0,0.05,title,title,84, #*%,"["" #*%"", "" 'if"", "" (kn"", "" (p1"", "" (sr"", "" 1$ "", "" 21l"", "" 2re"", "" 57-"", "" 6 7"", "" 763"", "" 8:2"", "" @ct"", "" [15"", "" [3d"", "" [o]"", "" _ee"", "" _oo"", "" aau"", "" bm7"", "" cc7"", "" d.g"", "" ehj"", "" eyn"", "" eyy"", "" gii"", "" h5n"", "" hyk"", "" j-8"", "" juq"", "" l.n"", "" lzh"", "" mrv"", "" nrx"", "" pe?"", "" pwo"", "" q' "", "" qaz"", "" qoc"", "" r1n"", "" st*"", "" t*w"", "" tbm"", "" u67"", "" ud,"", "" v.p"", "" x11"", "" xum"", "" yi,"", "" ymo"", ""! rh"", ""#*%$"", ""#@!!"", ""$ ma"", ""$#@!"", ""%$#@"", ""&m q"", ""' 3:"", ""'78,"", ""'cir"", ""'if'"", ""'l f"", ""'lup"", ""'o g"", ""'r 7"", ""'re-"", ""'si,"", ""'tv'"", ""'tzi"", ""'unw"", ""(19-"", ""(5):"", ""(bec"", ""(det"", ""(ets"", ""(fit"", ""(p13"", ""(r.p"", ""(s. "", ""(sna"", ""(sri"", "") qu"", ""*%$#"", ""*ll "", ""*r f"", ""*t p"", ""*wn "", ""+ my"", "", #*"", ""- pj"", ""- s."", ""-- k"", ""-- l"", ""-2 i"", ""-687"", ""-8-4"", ""-9/1"", ""-bhu"", ""-cum"", ""-eif"", ""-ekh"", ""-eot"", ""-ino"", ""-lal"", ""-osu"", ""-ou "", ""-pim"", ""-ruf"", ""-skl"", ""-u-i"", ""-vak"", ""-vra"", ""-yu "", "". 09"", "". 43"", "". p'"", "".-ma"", ""...9"", ""..95"", "".34:"", "".95%"", "".a.-"", "".edu"", "".mag"", "".n.w"", "".p.y"", "".s.q"", "".t.1"", "".t.?"", "".v, "", "".v.d"", "".w.d"", "".w.r"", "".wom"", ""/3: "", ""/njp"", ""/wo/"", ""012]"", ""04.."", ""1$ m"", ""1/3:"", ""1/ma"", ""112x"", ""13-6"", ""17-f"", ""19-i"", ""192b"", ""1ptu"", ""2 04"", ""2 xi"", ""21-f"", ""21/m"", ""23 y"", ""27/2"", ""2rev"", ""3-6)"", ""3-de"", ""321/"", ""333:"", ""34 i"", ""3e g"", ""3jo5"", ""3nd3"", ""42 e"", ""4zag"", ""5 #3"", ""5): "", ""504:"", ""527:"", ""57-8"", ""590]"", ""5ta "", ""6 7/"", ""60-n"", ""666s"", ""68-9"", ""687:"", ""7-82"", ""72 x"", ""78, "", ""7ong"", ""859:"", ""8:20"", ""9-90"", ""9-ii"", ""90 &"", ""90])"", ""95% "", "": 1$"", "": 2r"", "": bt"", "": f/"", "":ect"", "":fla"", "":gen"", "":mov"", "":s:e"", "":s:s"", "":tre"", ""=amo"", ""?, l"", ""@ctu"", ""@stu"", ""[159"", ""[3d]"", ""[a]c"", ""[o]t"", ""] ar"", ""]cor"", ""]the"", ""_ th"", ""_ee "", ""_ool"", ""a (5"", ""a [3"", ""a x1"", ""a'si"", ""a. 0"", ""a.-m"", ""a/nj"", ""a192"", ""a571"", ""a]co"", ""aaph"", ""aatw"", ""aawg"", ""acih"", ""adgr"", ""adzm"", ""afjo"", ""afuj"", ""agm "", ""ahef"", ""ahyi"", ""aj-u"", ""am:s"", ""ammd"", ""an.b"", ""an.w"", ""anh-"", ""anj:"", ""anmj"", ""aolh"", ""ap-i"", ""aqf "", ""ar':"", ""arv,"", ""arxm"", ""askw"", ""ass3"", ""atz@"", ""auny"", ""awnt"", ""awya"", ""aytl"", ""b' k"", ""baog"", ""bau!"", ""bhho"", ""bhna"", ""bm72"", ""bope"", ""box3"", ""bu!."", ""c zd"", ""cadn"", ""cc7d"", ""cer="", ""ces("", ""chhh"", ""clii"", ""cowk"", ""cr1p"", ""cui."", ""culy"", ""czy-"", ""d jm"", ""d3jo"", ""d: 7"", ""da ."", ""dah:"", ""de',"", ""dfuk"", ""dku."", ""dmik"", ""dmio"", ""dniu"", ""doie"", ""dpen"", ""dz u"", ""e [o"", ""e _e"", ""e h5"", ""e r1"", ""e u6"", ""e:ge"", ""e:mo"", ""e[a]"", ""e_ t"", ""easm"", ""ec!!"", ""edod"", ""ee_ "", ""egh:"", ""eh 6"", ""ehji"", ""eiii"", ""ekt-"", ""ele$"", ""elmb"", ""emgr"", ""emjo"", ""eny."", ""eokm"", ""eozb"", ""epa:"", ""er=a"", ""erdq"", ""erpn"", ""esrt"", ""etzb"", ""eu-l"", ""ex @"", ""ex@s"", ""exju"", ""eytz"", ""f sx"", ""f: 5"", ""facl"", ""fafe"", ""fdar"", ""feac"", ""feey"", ""figk"", ""fil4"", ""fker"", ""gafj"", ""gesf"", ""gg -"", ""ghuj"", ""giiz"", ""gjad"", ""gl a"", ""gmok"", ""gn-a"", ""goht"", ""gp p"", ""gsa:"", ""gwut"", ""gy-m"", ""gz a"", ""gz l"", ""h #5"", ""h'an"", ""h'un"", ""h-bh"", ""h-h!"", ""haa!"", ""haj,"", ""hdic"", ""he _"", ""hefk"", ""hilr"", ""hivl"", ""hje "", ""hjik"", ""hjoo"", ""hlym"", ""hm 0"", ""hmim"", ""hmlo"", ""hni-"", ""hoe?"", ""hsey"", ""hvim"", ""hw h"", ""hx ("", ""hyia"", ""hysl"", ""i 02"", ""i 03"", ""i 79"", ""i 97"", ""i pw"", ""i tm"", ""i wz"", ""i'tz"", ""i-14"", ""i7on"", ""i? q"", ""i?, "", ""i] a"", ""ibi!"", ""if 2"", ""igoa"", ""igy-"", ""ihuh"", ""ii-1"", ""iizh"", ""ijdo"", ""il4z"", ""in20"", ""ioza"", ""ipub"", ""irl;"", ""is.n"", ""it:f"", ""iti]"", ""iu-p"", ""iurp"", ""iuwe"", ""ive("", ""ivuy"", ""iwoy"", ""izev"", ""j-8-"", ""j-ud"", ""j: y"", ""jamh"", ""jamy"", ""jc: "", ""jdte"", ""jevd"", ""jhau"", ""jhba"", ""jiks"", ""jiod"", ""jiot"", ""joci"", ""joza"", ""juzh"", ""k z-"", ""k-ss"", ""kee_"", ""ker$"", ""kfix"", ""kit."", ""kjim"", ""kk n"", ""kk'n"", ""kkha"", ""ko'z"", ""kphi"", ""kt-z"", ""l (u"", ""l k2"", ""l t*"", ""l-ek"", ""l.34"", ""l.n."", ""l4za"", ""la ["", ""laui"", ""leo."", ""lff:"", ""lfus"", ""li 9"", ""liil"", ""loap"", ""lpa!"", ""lrak"", ""lryg"", ""luxd"", ""luxi"", ""luzu"", ""lvys"", ""lymb"", ""lypr"", ""m 01"", ""m 3-"", ""m 71"", ""m*ll"", ""m:s:"", ""mci,"", ""meh,"", ""meoo"", ""mg/h"", ""mi't"", ""mjc:"", ""mjeh"", ""mmde"", ""moa1"", ""mok'"", ""mp2v"", ""mrg "", ""mrko"", ""mru,"", ""mrva"", ""mwad"", ""myuk"", ""n (q"", ""n [g"", ""n cc"", ""n x8"", ""n'ko"", ""n) v"", ""n.bl"", ""n.wo"", ""n201"", ""n: #"", ""n:s:"", ""naf:"", ""namz"", ""nasg"", ""ncde"", ""nd3j"", ""nda1"", ""nea)"", ""nedf"", ""nej!"", ""nejt"", ""nh-n"", ""niu-"", ""nix)"", ""nj p"", ""njhb"", ""nkph"", ""nmjo"", ""noh-"", ""nopb"", ""nr 8"", ""nrx "", ""nsyg"", ""ntmc"", ""nuh'"", ""nuih"", ""nuqa"", ""nyey"", ""nyts"", ""nywe"", ""o ls"", ""o'fi"", ""o'zi"", ""o-vr"", ""o..f"", ""o.v,"", ""o]th"", ""oa19"", ""obhn"", ""ocnj"", ""odfu"", ""ofys"", ""ogji"", ""ogz "", ""oh-g"", ""ohsc"", ""oi?,"", ""ojdt"", ""ojoz"", ""okby"", ""okfr"", ""olux"", ""omb2"", ""omg/"", ""on *"", ""on:s"", ""oo16"", ""oosg"", ""opby"", ""opeb"", ""opuy"", ""oqe "", ""or ["", ""osmj"", ""owlf"", ""ox36"", ""oxno"", ""oxyh"", ""oyfn"", ""ozwe"", ""p 'q"", ""p! 8"", ""p13-"", ""p3nd"", ""pbyg"", ""peef"", ""pf- "", ""pgez"", ""pheh"", ""phiz"", ""phw "", ""phx "", ""pi7o"", ""pin2"", ""pjur"", ""pkaj"", ""pkel"", ""po-y"", ""pokg"", ""poo1"", ""posf"", ""poxn"", ""ppsy"", ""prde"", ""prul"", ""pt-1"", ""ptl,"", ""ptyn"", ""pulz"", ""pumk"", ""purm"", ""pwob"", ""pwoj"", ""pxxx"", ""pyoj"", ""q' c"", ""q-sh"", ""qaan"", ""qaja"", ""qayn"", ""qe k"", ""qerq"", ""qf d"", ""qi -"", ""qite"", ""qiyu"", ""qoca"", ""qu' "", ""qusq"", ""r 1]"", ""r 4x"", ""r [2"", ""r _o"", ""r lz"", ""r sb"", ""r-1 "", ""r1nn"", ""r1pt"", ""r=am"", ""raj-"", ""rakw"", ""rbe'"", ""rcew"", ""rdt:"", ""re:g"", ""re=l"", ""re[a"", ""repm"", ""rfaq"", ""rikp"", ""rimw"", ""rit)"", ""rk-u"", ""rl; "", ""rmwr"", ""rncu"", ""rpni"", ""rqiy"", ""rrc "", ""rrfo"", ""rtt:"", ""rtzw"", ""rxma"", ""ryv!"", ""rzev"", ""rzii"", ""s'a "", ""s'ci"", ""s) q"", ""s.ed"", ""s.tr"", ""s3ge"", ""s:ec"", ""s:s:"", ""s:tr"", ""saaw"", ""sael"", ""saqf"", ""saxl"", ""scr1"", ""sepk"", ""sex@"", ""sexj"", ""sf-p"", ""si?."", ""sid."", ""sit."", ""sjaa"", ""sjeg"", ""sla-"", ""slc "", ""slnd"", ""sm +"", ""sm j"", ""sm*l"", ""soih"", ""sri)"", ""srnc"", ""srti"", ""ss3g"", ""st*r"", ""suea"", ""suh "", ""sukj"", ""syab"", ""szkr"", ""t xb"", ""t y."", ""t*r "", ""t*wn"", ""t, #"", ""t-9/"", ""t-za"", ""t.-1"", ""t.1."", ""t:fl"", ""tdab"", ""thm'"", ""ti] "", ""tinw"", ""tje:"", ""tjeh"", ""tnyt"", ""tov!"", ""ts.e"", ""tv' "", ""ty.2"", ""tyog"", ""tz@h"", ""tzvi"", ""u 69"", ""u tb"", ""u!.."", ""u-os"", ""u-ou"", ""ualg"", ""uax "", ""ubhh"", ""ubi."", ""ubu?"", ""udyl"", ""uh'u"", ""uhml"", ""uig."", ""uilc"", ""ujoa"", ""ulgh"", ""um-z"", ""un ["", ""unjs"", ""unkp"", ""unuy"", ""upfw"", ""ur _"", ""ure="", ""usjk"", ""usoy"", ""usqo"", ""uvae"", ""uweh"", ""uxdr"", ""uxio"", ""uyop"", ""uzlo"", ""uzyr"", ""v (m"", ""v 3e"", ""v, 2"", ""v-68"", ""va-e"", ""va-m"", ""vads"", ""vid?"", ""vngl"", ""vt n"", ""vuez"", ""vuho"", ""vurl"", ""vuty"", ""vydr"", ""vzvo"", ""w, e"", ""w.d."", ""wa/n"", ""we 1"", ""wee!"", ""wlf'"", ""wnta"", ""wolj"", ""wowz"", ""wset"", ""wu e"", ""wyam"", ""x (k"", ""x 47"", ""x @c"", ""x-no"", ""x112"", ""x360"", ""x@st"", ""xdro"", ""xe 9"", ""xfin"", ""xiuw"", ""xjun"", ""xmad"", ""xnor"", ""xyha"", ""xz l"", ""y f-"", ""yar-"", ""yayd"", ""yazy"", ""yfn "", ""ygik"", ""ykay"", ""yopu"", ""yot!"", ""yrev"", ""yweb"", ""yyub"", ""z b'"", ""z h."", ""z oj"", ""z-sk"", ""zba'"", ""zbao"", ""zdej"", ""zedz"", ""zes)"", ""zezy"", ""zgof"", ""zha-"", ""zhi-"", ""zonf"", ""zsel"", ""zutz"", ""zy-m"", ""zyrk"", ""zysp""]",830,1,155,0.0064516129032258064
5,block_infix_fingerprint_v005.json,256,local_split_entropy_equivalence_classes,154,4,0.0,0.05,title,title,85, #04,"["" #04""]",1,3,155,0.01935483870967742
5,block_infix_fingerprint_v005.json,256,local_split_entropy_equivalence_classes,154,4,0.0,0.05,title,title,86, #1',"["" #1'"", ""#1's""]",2,4,155,0.025806451612903226
5,block_infix_fingerprint_v005.json,256,local_split_entropy_equivalence_classes,154,4,0.0,0.05,title,title,87, #1),"["" #1)""]",1,3,155,0.01935483870967742
5,block_infix_fingerprint_v005.json,256,local_split_entropy_equivalence_classes,154,4,0.0,0.05,title,title,88, #1/,"["" #1/""]",1,6,155,0.03870967741935484
5,block_infix_fingerprint_v005.json,256,local_split_entropy_equivalence_classes,154,4,0.0,0.05,title,title,89, #78,"["" #78""]",1,4,155,0.025806451612903226
5,block_infix_fingerprint_v005.json,256,local_split_entropy_equivalence_classes,154,4,0.0,0.05,title,title,90, $5.,"["" $5.""]",1,5,155,0.03225806451612903
5,block_infix_fingerprint_v005.json,256,local_split_entropy_equivalence_classes,154,4,0.0,0.05,title,title,91,  br,"[""  br"", "" 0-5"", "" 16'"", "" 2-6"", "" 21?"", "" 53,"", "" 5:e"", "" bgm"", "" czi"", "" d u"", "" d''"", "" d-i"", "" dfb"", "" esd"", "" g'h"", "" i-7"", "" ie!"", "" m r"", "" nw "", "" oc:"", "" ps!"", "" r e"", "" sh#"", ""! dy"", ""! kv"", ""!!? "", ""!/en"", ""#118"", ""#119"", ""#155"", ""#189"", ""#203"", ""#212"", ""#214"", ""#229"", ""#235"", ""#252"", ""#253"", ""#260"", ""#280"", ""#282"", ""#287"", ""#289"", ""#292"", ""#299"", ""#301"", ""#304"", ""#318"", ""#328"", ""#330"", ""#332"", ""#345"", ""#353"", ""#364"", ""#367"", ""#368"", ""#375"", ""#379"", ""#381"", ""#387"", ""#390"", ""#409"", ""#418"", ""#433"", ""#441"", ""#445"", ""#447"", ""#483"", ""#486"", ""#492"", ""#496"", ""#497"", ""#499"", ""#509"", ""#516"", ""#520"", ""#528"", ""#535"", ""#541"", ""#547"", ""#548"", ""#551"", ""#553"", ""#848"", ""#854"", ""#856"", ""#863"", ""#868"", ""#877"", ""#890"", ""#895"", ""#897"", ""#898"", ""#90 "", ""#903"", ""#910"", ""#911"", ""#912"", ""#913"", ""#919"", ""#921"", ""#925"", ""#942"", ""#943"", ""#944"", ""#96 "", ""#973"", ""#982"", ""#t t"", ""& gn"", ""& ok"", ""&c p"", ""''em"", ""'61/"", ""'fus"", ""'jup"", ""'or'"", ""(gua"", ""(h)a"", ""(t)i"", "")aus"", "")iss"", ""*fig"", "", e!"", ""- 'v"", ""-4 d"", ""-9 q"", ""-eki"", ""-f a"", ""-iq/"", ""-nyt"", ""-oxi"", ""..tv"", "".28:"", "".jin"", "".pop"", ""/'ti"", ""/*fi"", ""/10-"", ""/bop"", ""/cei"", ""/dac"", ""/ied"", ""/jis"", ""/mya"", ""/pte"", ""/t.r"", ""0 xs"", ""0-5 "", ""00 x"", ""00x "", ""010'"", ""05 i"", ""0x f"", ""1) g"", ""1/01"", ""1/do"", ""100g"", ""100x"", ""11/d"", ""16' "", ""189 "", ""1:08"", ""2-ny"", ""252 "", ""260 "", ""280,"", ""282 "", ""292 "", ""304 "", ""367 "", ""368 "", ""379 "", ""390 "", ""4 is"", ""409 "", ""41 '"", ""424 "", ""433 "", ""445 "", ""46 g"", ""483 "", ""488 "", ""496 "", ""497 "", ""5' n"", ""509 "", ""50:5"", ""535 "", ""541 "", ""547 "", ""553 "", ""5:e "", ""6' w"", ""61/o"", ""64 i"", ""70 k"", ""78 u"", ""8 sn"", "": 54"", "":e k"", ""? & "", ""? mr"", ""?' g"", ""?/ov"", ""a d:"", ""aa-d"", ""aal!"", ""ad 0"", ""ad'a"", ""adci"", ""afzo"", ""aiod"", ""an3'"", ""auws"", ""bchl"", ""bdo'"", ""bgm "", ""bor."", ""bozl"", ""bse-"", ""c*ol"", ""c-wr"", ""ca/e"", ""camf"", ""cioj"", ""ck!'"", ""ckhi"", ""cs/n"", ""cue)"", ""czif"", ""d 05"", ""d''e"", ""d'fu"", ""d.de"", ""d/up"", ""d23'"", ""da!/"", ""dadc"", ""dbuy"", ""dcip"", ""df-s"", ""doh!"", ""dr.j"", ""dr0n"", ""dr2-"", ""ds?!"", ""dubw"", ""duid"", ""duzh"", ""dv p"", ""dye!"", ""e&c "", ""e- &"", ""e/mm"", ""e/pt"", ""ec*o"", ""eddr"", ""eg ."", ""eid-"", ""ejdm"", ""ejsm"", ""em?'"", ""eooh"", ""ep/9"", ""ep/k"", ""epsg"", ""euor"", ""ewtv"", ""ex!/"", ""ez-o"", ""f rr"", ""f-fo"", ""f-so"", ""f/'t"", ""f?' "", ""fan3"", ""fde'"", ""ff/'"", ""fgep"", ""fhua"", ""foy,"", ""ftlm"", ""fup?"", ""g  b"", ""g'ha"", ""gm o"", ""h 'a"", ""h#t "", ""h)au"", ""h-tr"", ""h/nu"", ""hkot"", ""hl '"", ""hl-v"", ""hny-"", ""ho?!"", ""hrth"", ""htpi"", ""hy '"", ""i+ j"", ""i-70"", ""i-iq"", ""i/ie"", ""i/ob"", ""i/um"", ""if?'"", ""ijp/"", ""ikh:"", ""il ."", ""ilgh"", ""ili+"", ""innw"", ""inqt"", ""ip/l"", ""iq/p"", ""irfe"", ""ixbr"", ""ixim"", ""jaxe"", ""jkto"", ""jlsk"", ""jp/p"", ""js 2"", ""jsmu"", ""kotf"", ""ku'b"", ""kuhg"", ""l -r"", ""l 0-"", ""l 2-"", ""li+ "", ""lig'"", ""lip."", ""llck"", ""lmli"", ""lsva"", ""lytv"", ""lzuc"", ""m k3"", ""md k"", ""me/1"", ""mim!"", ""mlia"", ""mn!!"", ""mpmo"", ""n-ek"", ""n.de"", ""n/*f"", ""n3's"", ""nah."", ""nec*"", ""neuo"", ""ng  "", ""nmij"", ""nqta"", ""nw w"", ""nyu/"", ""o 4,"", ""o rx"", ""o!!?"", ""o-ox"", ""o/om"", ""oagg"", ""oam?"", ""obly"", ""ocst"", ""oe?!"", ""oekz"", ""ohl!"", ""oja?"", ""olml"", ""opth"", ""or*o"", ""oth)"", ""ow-k"", ""p/91"", ""p/k-"", ""pabz"", ""pcw "", ""pf-f"", ""pi-d"", ""po'b"", ""psog"", ""ptfi"", ""q/pr"", ""qta "", ""r-27"", ""r.ji"", ""r0ne"", ""r2-n"", ""rd-t"", ""rd.d"", ""rez)"", ""rfup"", ""rilg"", ""rixb"", ""ro'?"", ""rr/n"", ""rstg"", ""rulp"", ""rygn"", ""rz-d"", ""rz-h"", ""rzkr"", ""s df"", ""s!/e"", ""s!/o"", ""s/rh"", ""sacj"", ""sc 4"", ""sh#t"", ""sho*"", ""sly-"", ""ssth"", ""sy/w"", ""syu!"", ""t 2c"", ""t)is"", ""t/k-"", ""t/m."", ""t/o."", ""t/ts"", ""tad?"", ""tb's"", ""tfui"", ""tkip"", ""tlc,"", ""toag"", ""tor*"", ""touo"", ""ttdi"", ""tzso"", ""u!/i"", ""u's/"", ""u/d2"", ""ufsb"", ""uord"", ""uttd"", ""uyl "", ""v-id"", ""vad,"", ""vem,"", ""voph"", ""w vr"", ""w-ku"", ""w.mo"", ""wn/*"", ""ww t"", ""x!/n"", ""xa q"", ""xbru"", ""xt-a"", ""y 78"", ""y? &"", ""ya/m"", ""ygim"", ""ympr"", ""yo/f"", ""yu/d"", ""z-do"", ""z-hi"", ""z-om"", ""zit/"", ""zsoh"", ""zudr"", ""zvia"", ""zymp"", ""zzhi""]",469,1,155,0.0064516129032258064
5,block_infix_fingerprint_v005.json,256,local_split_entropy_equivalence_classes,154,4,0.0,0.05,title,title,92, ! o,"["" ! o"", "" 'j'"", "" 8-j"", "" d/j"", "" edt"", "" f-l"", "" hdn"", "" jlo"", "" k11"", "" kt "", "" o.w"", "" qpr"", "" vj'"", "" x/l"", "" xps"", ""!/tv"", ""#fml"", ""$avi"", ""& '8"", ""& 'r"", ""' 4-"", ""'-re"", ""'fao"", ""'huc"", ""'j' "", ""(p.m"", ""(unl"", ""(x)i"", "")ist"", ""*n m"", ""--wh"", ""-08b"", ""-e/c"", ""-fek"", ""-l-p"", ""-ova"", ""./fo"", ""./li"", "".t.p"", "".w.l"", ""/'ps"", ""/1/2"", ""/c'm"", ""/ezr"", ""/foy"", ""/ibs"", ""/jls"", ""/lsu"", ""/unj"", ""/xti"", ""01's"", ""1's!"", ""1/ep"", ""100a"", ""101'"", ""101a"", ""103a"", ""103b"", ""106a"", ""109a"", ""115a"", ""118a"", ""122b"", ""124b"", ""135t"", ""2(x)"", ""210'"", ""251 "", ""2d h"", ""2xl/"", ""3th/"", ""4/05"", ""44 y"", ""5/1/"", ""500?"", ""78-t"", ""8-ju"", ""8th?"", ""= mu"", ""@ss "", ""a/ls"", ""a398"", ""actz"", ""art\"""", ""ba-3"", ""bad@"", ""bbq-"", ""bc &"", ""bdei"", ""bq-s"", ""c xm"", ""cc g"", ""ch $"", ""cki/"", ""cmun"", ""cne/"", ""cpap"", ""ctzo"", ""cyry"", ""d d*"", ""d! e"", ""d/jl"", ""d/xt"", ""d@ss"", ""dkim"", ""drri"", ""dz j"", ""e hd"", ""e k1"", ""e-t,"", ""e/ez"", ""e/ow"", ""ea/w"", ""ed/x"", ""elu'"", ""erp!"", ""ew !"", ""ex/y"", ""ey:p"", ""f jy"", ""f-ov"", ""f/of"", ""faol"", ""fc q"", ""fo'-"", ""fth/"", ""g/ey"", ""gg/j"", ""h $a"", ""h bd"", ""hev?"", ""himf"", ""hit?"", ""hmm "", ""hr/t"", ""hy-f"", ""i./f"", ""il/v"", ""imfe"", ""imvi"", ""iq l"", ""is!/"", ""iz/m"", ""j' f"", ""j-mo"", ""jicl"", ""jr/o"", ""jyne"", ""k d/"", ""k ib"", ""k' &"", ""k/'p"", ""kb b"", ""ky 5"", ""l ft"", ""l/ib"", ""l/ll"", ""l/os"", ""lfak"", ""lk' "", ""lozt"", ""lys."", ""m 6t"", ""mct "", ""mmsd"", ""my-m"", ""my.c"", ""n-z "", ""n140"", ""ngrw"", ""ni/r"", ""ns--"", ""nwc'"", ""o'-r"", ""owuk"", ""p 06"", ""pax!"", ""pocy"", ""q-st"", ""r-os"", ""r/om"", ""rdki"", ""rdu'"", ""rjic"", ""roz/"", ""rrfu"", ""rvy'"", ""rwif"", ""s x/"", ""s--w"", ""s-e/"", ""sal)"", ""sco?"", ""sef/"", ""sk-k"", ""t 5/"", ""t qp"", ""tapd"", ""tawm"", ""tei'"", ""towu"", ""u.o."", ""uadc"", ""ue/j"", ""ulux"", ""un14"", ""urhm"", ""us/1"", ""v if"", ""vj's"", ""vonv"", ""w ! "", ""w ug"", ""wc's"", ""wniu"", ""woah"", ""ww f"", ""wye:"", ""x bf"", ""x)is"", ""x/yo"", ""xber"", ""xl/o"", ""xon?"", ""xps/"", ""y 8t"", ""y hm"", ""y:pa"", ""yelc"", ""yfug"", ""yk/'"", ""yryx"", ""zik'"", ""zmop"", ""zyk/"", ""zzyn""]",236,1,155,0.0064516129032258064
5,block_infix_fingerprint_v005.json,256,local_split_entropy_equivalence_classes,154,4,0.0,0.05,title,title,93, !!!,"["" !!!"", "" '15"", "" - $"", "" 21h"", "" 3d."", "" 41?"", "" 6,5"", "" 8'4"", "" [bi"", "" a't"", "" cja"", "" d12"", "" e '"", "" esn"", "" icu"", "" if,"", "" iia"", "" jj'"", "" l.m"", "" llp"", "" n 4"", "" n 6"", "" n 8"", "" nxh"", "" ocl"", "" rrp"", "" vdb"", "" wc:"", "" x20"", ""#$*!"", ""#*%e"", ""#180"", ""#3 n"", ""$*! "", ""'22 "", ""'43 "", ""'ku "", ""'n't"", ""'nov"", ""'pee"", ""'t 2"", ""'t 7"", ""(a n"", ""(a)m"", ""(doe"", ""(e n"", ""(fus"", ""(he)"", ""(r) "", ""(tap"", "")art"", "")mor"", "")nib"", ""*! d"", ""*%ed"", "", 3!"", "", rn"", "",5 r"", ""- $5"", ""- (t"", ""- 35"", ""-- j"", ""---?"", ""-5-2"", ""-864"", ""-@#*"", ""-ebi"", ""-gly"", ""-gwy"", ""-kgb"", ""-kke"", ""-po "", ""-pyt"", ""-syl"", ""-vst"", ""-wyd"", ""-yvo"", ""-zaa"", "". !!"", "". jf"", "". oy"", "".. !"", "".fur"", "".me."", "".mob"", "".re."", "".s.."", "".sor"", "".woh"", ""/113"", ""/heu"", ""/hie"", ""/m f"", ""/ucc"", ""2 '1"", ""2 oo"", ""203:"", ""22 '"", ""3 '2"", ""355:"", ""358:"", ""361:"", ""3max"", ""5 uo"", ""6,5 "", ""64-2"", ""7nin"", ""8'47"", ""821 "", ""864:"", ""942."", ""992?"", "": d1"", "": m*"", "":003"", ""; 3 "", ""@#*%"", ""@men"", ""[bil"", ""_427"", ""a nb"", ""a$: "", ""a'to"", ""a)mo"", ""a-vs"", ""a/uc"", ""absv"", ""af-o"", ""ahh:"", ""ahhs"", ""ahht"", ""aj 9"", ""ajh "", ""alvy"", ""an'w"", ""an-v"", ""apny"", ""as_4"", ""aua,"", ""auah"", ""awy."", ""b! c"", ""b? a"", ""bat."", ""bawh"", ""be'm"", ""bgas"", ""br d"", ""buxb"", ""c '0"", ""c 38"", ""c 94"", ""c 95"", ""c 96"", ""c 97"", ""c-py"", ""caaa"", ""cce$"", ""ce$s"", ""cgog"", ""chn!"", ""cjas"", ""ckik"", ""cpro"", ""csva"", ""ct!:"", ""d '?"", ""d (#"", ""d g7"", ""d p "", ""d rr"", ""d vk"", ""den]"", ""dfos"", ""dhyo"", ""dl r"", ""dmuk"", ""dmy'"", ""drua"", ""ds)."", ""dsno"", ""dub?"", ""dyaa"", ""dyok"", ""dzhb"", ""e y2"", ""e)ar"", ""e-@#"", ""e7ni"", ""e:00"", ""e? 5"", ""e? 6"", ""e? 7"", ""eak)"", ""ee7n"", ""egt?"", ""egvu"", ""eho!"", ""eioe"", ""ejo-"", ""eki2"", ""el.m"", ""el_0"", ""elb,"", ""em; "", ""eno)"", ""eny!"", ""ep07"", ""est~"", ""et'k"", ""euad"", ""ewmi"", ""ezwo"", ""f 33"", ""f 3c"", ""fa-i"", ""fadg"", ""fct:"", ""fe-y"", ""fodo"", ""fs 6"", ""fto?"", ""g hd"", ""g s/"", ""g44:"", ""gaap"", ""gby?"", ""geue"", ""gixe"", ""gly,"", ""gps?"", ""gveg"", ""gzez"", ""h-wy"", ""hah'"", ""hdoj"", ""he)a"", ""hfe-"", ""hfeh"", ""hgip"", ""hhoy"", ""hk v"", ""hle:"", ""hr3e"", ""hsot"", ""hupl"", ""hy q"", ""i 6,"", ""i cj"", ""i e,"", ""i-kk"", ""i2 -"", ""iahu"", ""ias_"", ""icpr"", ""idsn"", ""idy/"", ""ieom"", ""ijgz"", ""ijod"", ""imb."", ""inqi"", ""iol@"", ""ir ["", ""ir.1"", ""isqv"", ""ita$"", ""itrv"", ""iuaq"", ""iuuu"", ""izez"", ""iztl"", ""j 99"", ""jahh"", ""jce "", ""jf g"", ""jgze"", ""jjhu"", ""jr 2"", ""jwaa"", ""k's,"", ""k025"", ""kg 9"", ""kg u"", ""khso"", ""ki2 "", ""kme-"", ""kooy"", ""kr e"", ""ksov"", ""l'si"", ""l.mo"", ""lb, "", ""le:0"", ""led5"", ""lem;"", ""lev."", ""lizt"", ""lki!"", ""lmc "", ""lmu."", ""lnuk"", ""lsle"", ""lum."", ""lva!"", ""lybn"", ""m cn"", ""m cv"", ""m jy"", ""m'ex"", ""m-kg"", ""may?"", ""me-@"", ""mfi "", ""mgid"", ""mjum"", ""mo!!"", ""mok?"", ""mpf:"", ""ms-p"", ""mshc"", ""mukb"", ""mv 6"", ""n 7a"", ""n.fu"", ""n; 3"", ""n? 4"", ""nc '"", ""ncsv"", ""ne.n"", ""nelp"", ""nes$"", ""ng44"", ""ngyb"", ""nh a"", ""njax"", ""nkfy"", ""nkym"", ""nmaf"", ""nolf"", ""nty1"", ""nu-s"", ""numj"", ""nxhe"", ""ny.h"", ""nyfo"", ""o-eb"", ""o-oa"", ""o-os"", ""o.so"", ""o3ma"", ""oaas"", ""oapw"", ""odi?"", ""odmu"", ""ombw"", ""ooym"", ""op) "", ""opiz"", ""opp."", ""orfn"", ""orp!"", ""osru"", ""otef"", ""oxdo"", ""oxx?"", ""p 'l"", ""p 4x"", ""p uw"", ""p) f"", ""p07 "", ""paoh"", ""peu."", ""pho?"", ""pi-g"", ""pnoy"", ""powl"", ""pp. "", ""psag"", ""pu 5"", ""pyry"", ""q1-4"", ""qipr"", ""qnar"", ""qvil"", ""r [b"", ""r dx"", ""r) u"", ""r-mc"", ""r.1."", ""raf-"", ""rafc"", ""rdi)"", ""rdi?"", ""ree7"", ""rfa-"", ""rfna"", ""rgsa"", ""rkss"", ""rnc "", ""rnu-"", ""rooa"", ""rrp "", ""rshp"", ""rt-8"", ""rtgy"", ""rub,"", ""ruuz"", ""rvo'"", ""rvvi"", ""rygv"", ""rzzo"", ""s 8'"", ""s'n'"", ""s). "", ""s? u"", ""s_42"", ""siua"", ""sk-o"", ""sotl"", ""sqvi"", ""st-1"", ""st~b"", ""suod"", ""suzk"", ""t jj"", ""t q'"", ""t): "", ""t-8:"", ""t-yv"", ""t.wo"", ""ta$:"", ""ta/e"", ""tat;"", ""tbe'"", ""ten@"", ""tgys"", ""thez"", ""ti 5"", ""tk02"", ""tkyr"", ""tlmc"", ""tnn'"", ""tokm"", ""tosq"", ""toxd"", ""tr(a"", ""trne"", ""trvv"", ""ts'n"", ""tt):"", ""ttew"", ""ttv:"", ""tu(a"", ""tuzp"", ""tv8 "", ""tvap"", ""tvif"", ""tvof"", ""tvtt"", ""ty12"", ""tyfe"", ""t~bo"", ""u #8"", ""u(a)"", ""u-16"", ""u-86"", ""u.h."", ""u/k-"", ""u701"", ""ub? "", ""udy;"", ""ue(r"", ""ue-v"", ""ujjh"", ""umgi"", ""un.f"", ""uqna"", ""urng"", ""utt)"", ""uum)"", ""uurn"", ""uuul"", ""uuzu"", ""uxau"", ""uxbu"", ""uyay"", ""uydc"", ""uyui"", ""uzke"", ""uzoe"", ""uzpr"", ""uzvi"", ""v-di"", ""v-fe"", ""v-jo"", ""v-ju"", ""v615"", ""v8 m"", ""va'y"", ""vaac"", ""vai!"", ""vamh"", ""vdb "", ""vdl "", ""vel_"", ""viff"", ""vifr"", ""viuu"", ""vivs"", ""vloc"", ""vmv "", ""vo3m"", ""vock"", ""vofo"", ""vtr "", ""vtto"", ""vue-"", ""vur,"", ""vyki"", ""vzlo"", ""w e "", ""w ry"", ""w-rh"", ""wa 9"", ""wa.r"", ""wae?"", ""waok"", ""wc-p"", ""wd &"", ""wdec"", ""we ("", ""wes-"", ""winm"", ""wo-o"", ""wy. "", ""wyde"", ""x-14"", ""x20 "", ""x4 w"", ""xaua"", ""xdol"", ""xen!"", ""xhet"", ""xl o"", ""xor:"", ""xotx"", ""y.hu"", ""yce?"", ""ydco"", ""yfop"", ""yirt"", ""ykru"", ""yksa"", ""yloz"", ""ynca"", ""yo.s"", ""yryz"", ""yvep"", ""zapn"", ""zear"", ""zeh,"", ""zolv"", ""zos-"", ""ztse"", ""ztyk"", ""zvut"", ""zyly"", ""~bou""]",569,1,155,0.0064516129032258064
5,block_infix_fingerprint_v005.json,256,local_split_entropy_equivalence_classes,154,4,0.0,0.05,title,title,94, !@#,"["" !@#"", "" 'ig"", "" -el"", "" 0 2"", "" 19d"", "" 32)"", "" 3dn"", "" 3so"", "" 40g"", "" 5-i"", "" 5-j"", "" 57)"", "" 5:2"", "" 70m"", "" 75!"", "" 8 8"", "" [oo"", "" b.g"", "" b.t"", "" bo,"", "" c4 "", "" dj-"", "" ea'"", "" eu)"", "" f'i"", "" fmi"", "" h i"", "" hma"", "" img"", "" msa"", "" ngw"", "" o10"", "" p-n"", "" p90"", "" pr'"", "" qvr"", "" scz"", "" t-e"", "" uaw"", "" uz."", "" vbs"", "" xv-"", "" z.k"", "" {pa"", ""! (j"", ""!@#$"", ""# 15"", ""#$%^"", ""#$in"", ""$ da"", ""$$'$"", ""$%^&"", ""$'$ "", ""$ing"", ""% 70"", ""%^&*"", ""&*!i"", ""&chl"", ""&dau"", ""'$ d"", ""'-ie"", ""'apc"", ""'kak"", ""'mib"", ""'no?"", ""'o a"", ""'sbu"", ""'wip"", ""'zah"", ""(4):"", ""(abu"", ""(d) "", ""(e a"", ""(hab"", ""(hyd"", ""(jon"", ""(nat"", ""(o u"", ""(sua"", "") i "", "") ve"", "", o-"", "",9 o"", ""-008"", ""-009"", ""-047"", ""-3 ("", ""-ail"", ""-bi,"", ""-dhi"", ""-fua"", ""-ig?"", ""-ii "", ""-iim"", ""-n b"", ""-ppe"", ""-se)"", ""-u-t"", ""-ume"", ""-vec"", ""-vya"", ""-weo"", ""-xvi"", "". '0"", "". gq"", "". h "", "". tn"", "".-ni"", "".2 4"", "".30."", "".fiv"", "".i-l"", "".i.-"", "".ted"", "".two"", "".z: "", ""/suf"", ""0 eo"", ""0% 7"", ""017 "", ""028:"", ""03 v"", ""057a"", ""0:28"", ""0:54"", ""0boy"", ""0gye"", ""1 'c"", ""1,55"", ""17,9"", ""19de"", ""1o a"", ""2 4x"", ""250b"", ""2:36"", ""2k10"", ""2k13"", ""2ohh"", ""2one"", ""3 (1"", ""3 km"", ""3-to"", ""33-2"", ""36am"", ""3dna"", ""3s f"", ""3s: "", ""40gy"", ""47, "", ""5-96"", ""5-ig"", ""50bo"", ""54,5"", ""57ad"", ""58:1"", ""5:22"", ""7 0 "", ""7 cu"", ""7, y"", ""7,9 "", ""70mm"", ""8 8 "", ""8) m"", ""8:17"", ""9 ku"", ""9 o1"", ""9 ob"", ""920!"", ""947,"", ""95-2"", ""95-9"", ""999?"", "": 5-"", "": rc"", "":17,"", "":36a"", "":54,"", "":fut"", ""; ru"", ""@ br"", ""@#$%"", ""@#$i"", ""[dis"", ""[ooc"", ""^&*!"", ""a&ch"", ""a) s"", ""a.z:"", ""aa ("", ""aazj"", ""ac(h"", ""aczc"", ""adi$"", ""ah; "", ""aiks"", ""ajpr"", ""ajsu"", ""ak #"", ""amnu"", ""anmm"", ""aoos"", ""aot?"", ""aseq"", ""at-y"", ""atjh"", ""augo"", ""aurn"", ""av-o"", ""avbr"", ""awza"", ""axhu"", ""ay40"", ""ayju"", ""aym "", ""azdg"", ""a~jo"", ""b 3'"", ""b hy"", ""b'on"", ""baey"", ""bfus"", ""bjal"", ""bk: "", ""bom'"", ""bown"", ""brii"", ""bslu"", ""c(hy"", ""c-at"", ""c-il"", ""c212"", ""c4 p"", ""c5: "", ""c[di"", ""ce !"", ""cef-"", ""chht"", ""cimd"", ""cneb"", ""czce"", ""czez"", ""d 3-"", ""d vb"", ""d-sy"", ""davb"", ""day4"", ""ddiv"", ""di$e"", ""dj-s"", ""do'a"", ""duvn"", ""duzo"", ""dwo."", ""dyah"", ""e !@"", ""e c4"", ""e p:"", ""e vk"", ""e'ho"", ""e-pp"", ""e.tw"", ""ec-i"", ""ed +"", ""ef 0"", ""ef-k"", ""egdj"", ""eghd"", ""egts"", ""ei!."", ""eilr"", ""eji,"", ""eji?"", ""ek '"", ""ekdy"", ""enyf"", ""eohu"", ""eosf"", ""er {"", ""erfc"", ""erm)"", ""ers&"", ""ervc"", ""erxo"", ""esml"", ""etns"", ""etoq"", ""etz-"", ""eusj"", ""ewdz"", ""exge"", ""ext2"", ""eyih"", ""ezhp"", ""ezi:"", ""e} s"", ""f 4t"", ""f 64"", ""f'in"", ""f@#$"", ""fay:"", ""fbus"", ""feei"", ""ffca"", ""figt"", ""fmil"", ""fos,"", ""fteo"", ""ftor"", ""fzil"", ""g cv"", ""g-or"", ""gak'"", ""gan;"", ""gga."", ""ggud"", ""ghi,"", ""gin("", ""gioo"", ""gna?"", ""goeh"", ""grex"", ""gthy"", ""gtri"", ""gyio"", ""h 66"", ""h p-"", ""h yy"", ""h'ol"", ""h. 4"", ""ha&c"", ""hah,"", ""hbaa"", ""hbii"", ""hdey"", ""hey;"", ""hhta"", ""himr"", ""hoap"", ""hof,"", ""hoi'"", ""hr- "", ""hrgi"", ""htuk"", ""huh,"", ""huk-"", ""hyah"", ""hybs"", ""i nk"", ""i'cl"", ""i-xv"", ""i.-n"", ""ibt!"", ""ie 0"", ""iekz"", ""iewd"", ""ifo)"", ""ig #"", ""iice"", ""iimb"", ""ilfb"", ""ilfz"", ""ilkt"", ""ilt)"", ""ilwi"", ""ing2"", ""ioe "", ""iqev"", ""ist]"", ""isye"", ""itj "", ""itls"", ""iu 1"", ""iv ("", ""ivso"", ""ivuc"", ""ivy!"", ""ivza"", ""ix-3"", ""iya~"", ""iyny"", ""izzn"", ""j lj"", ""j yo"", ""jots"", ""jozy"", ""jpre"", ""jsul"", ""jtot"", ""juaz"", ""kdil"", ""kel."", ""khbi"", ""kkym"", ""kluf"", ""km.6"", ""koc "", ""kod:"", ""kt- "", ""ktoa"", ""ktod"", ""kuac"", ""kumv"", ""kylu"", ""kzaa"", ""l 5-"", ""l'-i"", ""l-dh"", ""l.2 "", ""lacv"", ""lao,"", ""lbwi"", ""leiz"", ""lfbu"", ""lhoi"", ""ljod"", ""ll'-"", ""lmeh"", ""loiy"", ""lpa:"", ""lput"", ""lteo"", ""ly~t"", ""lzno"", ""m 4d"", ""m xm"", ""m'sb"", ""m.66"", ""masg"", ""maxh"", ""mbk:"", ""mc i"", ""mc5:"", ""mcci"", ""mcid"", ""mdi?"", ""mdoe"", ""mduk"", ""medc"", ""memr"", ""mexm"", ""mezs"", ""mfic"", ""mia-"", ""mivz"", ""mjit"", ""mjmw"", ""mk u"", ""mklo"", ""mkuz"", ""mni'"", ""moft"", ""mokp"", ""mom2"", ""momj"", ""mor("", ""moxo"", ""mpd "", ""mpix"", ""mr.i"", ""mra:"", ""msef"", ""mstk"", ""mtmo"", ""mu 3"", ""muax"", ""mugc"", ""muph"", ""muxe"", ""muyy"", ""muz)"", ""mxpw"", ""myct"", ""mzes"", ""n e3"", ""n p9"", ""n s&"", ""n'dj"", ""n'ka"", ""n'oa"", ""n-id"", ""n-ii"", ""n-od"", ""n.l."", ""n58:"", ""nabj"", ""nawz"", ""nayj"", ""nb -"", ""ncah"", ""ne2o"", ""nfa:"", ""nfft"", ""ngoy"", ""nixx"", ""nmma"", ""nno'"", ""nogn"", ""noou"", ""npt:"", ""npti"", ""nsb "", ""ntph"", ""numy"", ""nus)"", ""nuyr"", ""nx 2"", ""nx 3"", ""nxl "", ""o 4o"", ""o 5o"", ""o$$'"", ""o.fi"", ""o10:"", ""oab:"", ""oas,"", ""obfu"", ""oc 0"", ""ocik"", ""oda;"", ""oesb"", ""offc"", ""ogr:"", ""ohm:"", ""oi'c"", ""oiim"", ""oirl"", ""ojiv"", ""omji"", ""onkf"", ""onpt"", ""onuf"", ""ooan"", ""ooc]"", ""ooun"", ""oqee"", ""or(d"", ""os!)"", ""osc["", ""ose8"", ""oshw"", ""ot2:"", ""ovif"", ""ovsy"", ""owl."", ""ozfe"", ""p ua"", ""p-04"", ""p.1."", ""p903"", ""pab:"", ""pac("", ""pah;"", ""pamn"", ""paot"", ""papk"", ""pau:"", ""pauf"", ""pcaz"", ""pep:"", ""ph 1"", ""plao"", ""pnav"", ""pnun"", ""pptu"", ""pr' "", ""psec"", ""ptsy"", ""pym "", ""qvri"", ""r 56"", ""r mk"", ""r t'"", ""r {p"", ""r(d)"", ""r.i-"", ""r.te"", ""r3s:"", ""ragy"", ""rarw"", ""rav-"", ""re-z"", ""re} "", ""rfct"", ""ricz"", ""riic"", ""rluq"", ""rm) "", ""rmkl"", ""rn 9"", ""rojm"", ""rs&d"", ""rsu."", ""rt +"", ""rthg"", ""rvci"", ""rvje"", ""rxor"", ""ryz "", ""s [h"", ""s jm"", ""s&da"", ""s) n"", ""s.aa"", ""sb b"", ""sc[d"", ""scze"", ""sec-"", ""smlu"", ""snmo"", ""sopg"", ""sozr"", ""ss 0"", ""ss.a"", ""st:f"", ""stlf"", ""stsv"", ""su.c"", ""syem"", ""syrm"", ""syzi"", ""t -e"", ""t 5p"", ""t qv"", ""t-yi"", ""t:fu"", ""tapn"", ""tgau"", ""th?'"", ""tha&"", ""tidg"", ""tiey"", ""tj y"", ""tjae"", ""tjha"", ""tjoy"", ""tlfe"", ""tloy"", ""tlst"", ""tngi"", ""tni,"", ""toqe"", ""tv2:"", ""tzuv"", ""u 1,"", ""u 1o"", ""u l."", ""u yg"", ""uaw-"", ""uaxi"", ""uazn"", ""ujae"", ""uk-f"", ""ukhb"", ""uks'"", ""uksn"", ""ul 9"", ""uly~"", ""upnu"", ""upy!"", ""ure}"", ""usnm"", ""ut-g"", ""uti?"", ""uva!"", ""uvny"", ""uyrk"", ""uyyi"", ""uzez"", ""uzh)"", ""v (d"", ""v 1s"", ""v-xv"", ""v20:"", ""v2: "", ""vafy"", ""vai?"", ""vbru"", ""vchy"", ""veih"", ""vez)"", ""vi-x"", ""vidv"", ""vifu"", ""vkhe"", ""vlo:"", ""vmaj"", ""voas"", ""vp 2"", ""vrao"", ""vriv"", ""vsac"", ""vsop"", ""vyu,"", ""vza "", ""w-fo"", ""wie)"", ""wlus"", ""wo. "", ""wo.f"", ""wyto"", ""wzad"", ""x 4."", ""x-3 "", ""xges"", ""xi'n"", ""xivi"", ""xpx:"", ""xt21"", ""xtiz"", ""xv-x"", ""xvi-"", ""y 7)"", ""y 97"", ""y d-"", ""y f@"", ""y-vy"", ""y40:"", ""y; a"", ""yaay"", ""yalw"", ""yar!"", ""yauh"", ""yaun"", ""ya~j"", ""yc21"", ""ycii"", ""yd j"", ""ye-p"", ""yeuh"", ""yhno"", ""yihi"", ""yjud"", ""yluo"", ""ymiy"", ""yte?"", ""yyig"", ""yyun"", ""yzit"", ""y~ti"", ""z xp"", ""z zg"", ""z-eu"", ""zdge"", ""zek)"", ""zez-"", ""zfer"", ""zh -"", ""zh e"", ""zhpl"", ""zifu"", ""zil)"", ""zki:"", ""zod,"", ""zoir"", ""zom,"", ""zreu"", ""zukr"", ""zzre"", ""{pas"", ""} si"", ""~jou"", ""~tic""]",762,1,155,0.0064516129032258064
5,block_infix_fingerprint_v005.json,256,local_split_entropy_equivalence_classes,154,4,0.0,0.05,title,title,95," ""..","["" \"".."", "" 'y "", "" -op"", "" 11*"", "" 12b"", "" 2.p"", "" 3.t"", "" 30e"", "" 53o"", "" 86>"", "" [ro"", "" a18"", "" a94"", "" afh"", "" awu"", "" cne"", "" e 8"", "" e.k"", "" esv"", "" f 2"", "" gfu"", "" h-i"", "" kix"", "" lji"", "" nlq"", "" o.-"", "" qbe"", "" qel"", "" qvc"", "" s'w"", "" si)"", "" su$"", "" tvd"", "" v49"", "" vuv"", "" wg."", "" x +"", "" xaj"", "" ydm"", "" z 9"", "" z-3"", ""! 35"", ""! 4."", ""!' i"", ""\"" ci"", ""\""..."", ""$exo"", ""& 92"", ""& dp"", ""& fj"", ""&cce"", ""&jan"", ""' '0"", ""'72 "", ""'anz"", ""'otr"", ""'rau"", ""'roe"", ""'tyl"", ""(& m"", ""(bun"", ""(dob"", ""(e)n"", ""(sco"", "")it("", ""* cu"", ""* ma"", ""* ob"", ""*lin"", ""+ ew"", "", qe"", ""- 1,"", ""- 9."", ""-2-a"", ""-adi"", ""-anu"", ""-eeu"", ""-erm"", ""-hi-"", ""-huz"", ""-i-g"", ""-je?"", ""-l.-"", ""-ofw"", ""-pei"", ""-v s"", ""-wip"", "". '8"", "". -o"", "". 76"", "". f "", "".\"" c"", "".+u."", "".-l."", "".-li"", "".-vr"", "".che"", "".d.1"", "".q.-"", "".s.\"""", "".u ("", "".uno"", ""/5. "", ""0-ig"", ""06 ("", ""1 : "", ""1 ul"", ""1* m"", ""1. w"", ""1/fa"", ""11 %"", ""11 :"", ""11* "", ""157:"", ""17er"", ""1a j"", ""2-af"", ""2.p."", ""25,1"", ""2spe"", ""3.te"", ""30er"", ""37 a"", ""3o d"", ""451,"", ""5 ls"", ""5,17"", ""53o "", ""6 (p"", ""6>98"", ""7. g"", ""7er "", ""8* c"", ""851 "", ""86>9"", ""8ht "", ""906-"", ""91 &"", ""983:"", "": \""."", ""; il"", ""? ea"", ""@ gf"", ""[roy"", ""a [r"", ""a dd"", ""a qv"", ""a367"", ""a; i"", ""aaky"", ""ac 0"", ""aca]"", ""ad'j"", ""ad*l"", ""afho"", ""afiu"", ""afme"", ""agyl"", ""ahnm"", ""ajr "", ""akvo"", ""al',"", ""am.1"", ""am99"", ""ams1"", ""amt,"", ""an&c"", ""aodt"", ""aonj"", ""aqri"", ""arhm"", ""aso)"", ""awua"", ""bh, "", ""birq"", ""bivl"", ""bkra"", ""blba"", ""byyt"", ""c' b"", ""c-37"", ""ca ["", ""caty"", ""cavd"", ""ccop"", ""cg f"", ""cilk"", ""ck&j"", ""cmp "", ""cnec"", ""cri."", ""ctej"", ""cu-c"", ""cunq"", ""cy.g"", ""cytr"", ""d gj"", ""d!' "", ""d*li"", ""d.18"", ""dam9"", ""dan&"", ""dasw"", ""dcmp"", ""de ."", ""dig'"", ""dio1"", ""dk p"", ""dlt'"", ""dmyg"", ""dmz,"", ""do.c"", ""dokf"", ""dolh"", ""dozn"", ""dprk"", ""dr.g"", ""dro?"", ""drzt"", ""dskd"", ""dugy"", ""dukb"", ""durj"", ""duwl"", ""dx13"", ""dy):"", ""e)ne"", ""e-wg"", ""e.+u"", ""e.mo"", ""e.q."", ""e.un"", ""e01:"", ""ead*"", ""eafm"", ""easf"", ""ebyy"", ""ecu-"", ""ed.o"", ""edgu"", ""eeaz"", ""eeek"", ""eeuu"", ""efpe"", ""egsd"", ""ehii"", ""ehm-"", ""ehnf"", ""ehnm"", ""ei8h"", ""eilz"", ""eipl"", ""ej's"", ""ejsr"", ""ekaf"", ""ekk!"", ""eks'"", ""elvj"", ""emss"", ""emup"", ""ene("", ""enhv"", ""epr:"", ""erbk"", ""esew"", ""ew(h"", ""ewax"", ""ez 8"", ""ezz,"", ""f26:"", ""fad'"", ""fal-"", ""fap "", ""fcg "", ""fda:"", ""fdtv"", ""fecs"", ""fed."", ""fedj"", ""feka"", ""feks"", ""femc"", ""ffsj"", ""fhol"", ""fisp"", ""fme:"", ""fnac"", ""fomm"", ""fooe"", ""foq:"", ""fpeu"", ""fra?"", ""fsju"", ""fskl"", ""ftto"", ""fyfo"", ""fyke"", ""fynd"", ""fyus"", ""g s'"", ""g' l"", ""g, 4"", ""g-v "", ""gasr"", ""gbin"", ""gchy"", ""gdga"", ""geip"", ""gh-n"", ""gi'r"", ""gitz"", ""gjog"", ""gmik"", ""go.d"", ""gowk"", ""h 06"", ""horq"", ""hpok"", ""hq y"", ""hrju"", ""hru;"", ""hsor"", ""htyr"", ""hveh"", ""hwy:"", ""i fn"", ""i. 9"", ""i8ht"", ""ialp"", ""icax"", ""ick&"", ""idn "", ""ijsw"", ""ikgw"", ""ilbh"", ""ilck"", ""in/5"", ""inn)"", ""io1 "", ""ioe:"", ""ioy "", ""ip.t"", ""iryf"", ""izcu"", ""izdz"", ""izkr"", ""j cy"", ""j qb"", ""j us"", ""jdt."", ""ji-u"", ""jit-"", ""jsri"", ""jssa"", ""jswi"", ""judl"", ""k dn"", ""k nl"", ""k v2"", ""k&ja"", ""k- s"", ""k. '"", ""kahj"", ""kauc"", ""kbib"", ""kdis"", ""ke01"", ""kefu"", ""kfa "", ""kgem"", ""khiu"", ""khly"", ""kidh"", ""kix?"", ""kjin"", ""kjit"", ""kl z"", ""kok'"", ""kol."", ""kozr"", ""ksi."", ""l 4)"", ""l', "", ""l'ri"", ""l.-v"", ""l.65"", ""l.69"", ""l.71"", ""lba!"", ""lbhe"", ""lbyl"", ""lcea"", ""lcod"", ""ldjo"", ""lfyk"", ""li ?"", ""ll'r"", ""llfy"", ""lm(k"", ""ls-v"", ""lsoz"", ""ltao"", ""lvjs"", ""lyyg"", ""m 98"", ""m a4"", ""m gm"", ""m(kn"", ""m. 7"", ""m.1:"", ""m2sp"", ""m999"", ""mau:"", ""mbh,"", ""mdic"", ""mkod"", ""mm '"", ""mmu:"", ""mni."", ""mr.p"", ""ms19"", ""mvog"", ""mz, "", ""mzio"", ""n&cc"", ""n.u "", ""n/5."", ""nau:"", ""nbju"", ""nc 1"", ""nef."", ""nhve"", ""nodp"", ""nok:"", ""np-9"", ""nt'r"", ""nt(e"", ""nudf"", ""nydj"", ""nzay"", ""o hj"", ""o'om"", ""o.-l"", ""o1 q"", ""oa 6"", ""oblb"", ""oby)"", ""odpf"", ""om2s"", ""omhn"", ""onyd"", ""oom3"", ""opa;"", ""oq: "", ""org-"", ""osbr"", ""oukm"", ""ova1"", ""owr "", ""p.tv"", ""pa; "", ""pn g"", ""pos)"", ""pp w"", ""prk:"", ""ptda"", ""ptla"", ""puhl"", ""pv15"", ""q ya"", ""q. -"", ""q.-l"", ""qber"", ""qelq"", ""qria"", ""r 2k"", ""r a9"", ""r.pr"", ""rav."", ""rbkr"", ""rd!'"", ""rda-"", ""rdo)"", ""rdu?"", ""re!)"", ""rebz"", ""rfui"", ""rivm"", ""rkgr"", ""rmdi"", ""rmvo"", ""rnoh"", ""rrox"", ""ru; "", ""rwul"", ""ryes"", ""rzaj"", ""s'we"", ""s-vm"", ""s.\"" "", ""s199"", ""sasm"", ""sbyf"", ""sez,"", ""skdi"", ""skuw"", ""slof"", ""sng "", ""spi."", ""su$e"", ""svys"", ""swrn"", ""t e'"", ""t g "", ""t np"", ""t'ri"", ""t) e"", ""tdar"", ""tgoc"", ""thsw"", ""tikw"", ""tjih"", ""tnaz"", ""tre("", ""tsng"", ""tvd "", ""ty-l"", ""tz-d"", ""tz-k"", ""u 80"", ""u zt"", ""u$ex"", ""u-2-"", ""uci!"", ""udvu"", ""ue.u"", ""uez."", ""uftt"", ""uha)"", ""uikr"", ""ujog"", ""uke0"", ""upsd"", ""uptd"", ""urmd"", ""urmv"", ""uskn"", ""utkh"", ""utsn"", ""uvuz"", ""uwke"", ""uwlo"", ""uzea"", ""v152"", ""v493"", ""vamk"", ""vc h"", ""vd ("", ""vdar"", ""vm k"", ""w 80"", ""w(h)"", ""waxa"", ""wlop"", ""wm 1"", ""wm t"", ""wr p"", ""wrna"", ""wuaj"", ""wunk"", ""x-ab"", ""x. m"", ""x130"", ""xajc"", ""xefl"", ""xiv."", ""xo r"", ""xusb"", ""y): "", ""y.go"", ""yasp"", ""ydji"", ""ydmy"", ""yetv"", ""yew("", ""yidn"", ""yk p"", ""ynsm"", ""yo'o"", ""yofi"", ""yp t"", ""yptl"", ""yrl:"", ""yryg"", ""yut/"", ""yveb"", ""yyge"", ""z 83"", ""z-di"", ""zbad"", ""zcub"", ""zdur"", ""zdze"", ""zm b"", ""znag"", ""zutc"", ""zwi "", ""zwoc"", ""zy 9"", ""zzmu""]",610,1,155,0.0064516129032258064
5,block_infix_fingerprint_v005.json,256,local_split_entropy_equivalence_classes,154,4,0.0,0.05,title,title,96," ""af","["" \""af"", "" \""i'"", "" 37e"", "" 7ev"", "" as-"", "" ddt"", "" dk "", "" frl"", "" i.h"", "" ihl"", "" lpi"", "" pr-"", "" wrc"", ""! 31"", ""\""afr"", ""\""i'm"", ""#17/"", ""&zet"", ""'/ae"", ""'/ex"", ""'/sl"", ""'62 "", ""'enz"", ""'mez"", ""'vul"", ""(ava"", ""(dog"", ""(vic"", "", \""a"", ""--16"", ""--ma"", ""-evn"", ""-gle"", ""-ied"", ""-ja,"", ""-luf"", ""-n-a"", "".sup"", "".wee"", "".x.g"", ""//au"", ""/ail"", ""/kae"", ""/nop"", ""/syk"", ""/tik"", ""05- "", ""105-"", ""17/l"", ""2-bo"", ""3ami"", ""5- p"", ""7/lu"", ""74 v"", ""808 "", ""? as"", ""a!?:"", ""a-aw"", ""a-tv"", ""a2ni"", ""ac-n"", ""addn"", ""afhe"", ""agt-"", ""aioa"", ""aj/t"", ""ajso"", ""aloq"", ""aocz"", ""axhj"", ""b-ty"", ""ba2n"", ""bbso"", ""bbsy"", ""bc 4"", ""bc5 "", ""betn"", ""biak"", ""bsy'"", ""bwen"", ""by!?"", ""c 07"", ""c-mu"", ""c/ti"", ""c5 f"", ""c? -"", ""cavy"", ""ciky"", ""clix"", ""d \""i"", ""d'za"", ""d/ec"", ""d/eg"", ""d/ft"", ""da-h"", ""ddef"", ""ddne"", ""decz"", ""dje&"", ""dk o"", ""dosm"", ""e&ze"", ""e'm "", ""e-!!"", ""e.su"", ""e/'l"", ""eanq"", ""edzk"", ""eefz"", ""efz "", ""egdh"", ""eim'"", ""eprz"", ""erfk"", ""exmi"", ""ey!!"", ""fazh"", ""fbi."", ""fe'?"", ""fe.s"", ""fhen"", ""fkat"", ""frli"", ""futv"", ""fz i"", ""g dk"", ""g hr"", ""g/ka"", ""g/ze"", ""gbis"", ""gekg"", ""ggih"", ""gt-g"", ""gurc"", ""gyaf"", ""gyo,"", ""hhha"", ""hs/a"", ""hui!"", ""hybt"", ""i/eg"", ""i/ev"", ""ic 0"", ""id'z"", ""ielj"", ""ik/r"", ""il/u"", ""iq ("", ""ir/'"", ""j. u"", ""j/tr"", ""jak/"", ""jc p"", ""jcia"", ""je&z"", ""jsov"", ""jyoz"", ""jyrs"", ""kazj"", ""kci?"", ""kgew"", ""kjup"", ""kseh"", ""ksiq"", ""ktao"", ""kue."", ""kyd "", ""l/oc"", ""laxh"", ""lc? "", ""lckr"", ""ld50"", ""ldyg"", ""lgev"", ""lgoh"", ""lltj"", ""lof,"", ""loqn"", ""lry?"", ""lt/f"", ""m 7t"", ""m uj"", ""mb48"", ""mcth"", ""mnlo"", ""mok!"", ""mpeh"", ""myuz"", ""n!!:"", ""n--1"", ""n-bb"", ""n//a"", ""nba2"", ""nbc5"", ""ne-!"", ""nhle"", ""nilb"", ""nivh"", ""nl s"", ""nlmc"", ""nmb4"", ""nonh"", ""nruu"", ""nsij"", ""nt--"", ""nv r"", ""nzx1"", ""o's!"", ""o.1,"", ""o; l"", ""oah?"", ""oh'o"", ""oh/s"", ""ohyn"", ""oig,"", ""ol-q"", ""olvr"", ""omnl"", ""on//"", ""onhl"", ""oqn "", ""orh,"", ""orxi"", ""orz'"", ""otpl"", ""oty."", ""ouhf"", ""owdu"", ""ozi?"", ""p/oz"", ""pa? "", ""pacd"", ""pe/'"", ""plc?"", ""po/i"", ""pol!"", ""pp n"", ""ppto"", ""pr-g"", ""pueh"", ""q (c"", ""q (d"", ""q (w"", ""q ve"", ""qimu"", ""qn i"", ""r cf"", ""r/'l"", ""rafh"", ""rc-t"", ""rei/"", ""rlaz"", ""rm/h"", ""rmow"", ""rndu"", ""rsks"", ""rt.m"", ""ruhg"", ""ruwi"", ""rys,"", ""rzt'"", ""s zt"", ""s'/s"", ""s'wu"", ""s/cp"", ""sa't"", ""sooh"", ""sprv"", ""suu-"", ""suv:"", ""t--m"", ""t.mu"", ""tb l"", ""teu,"", ""tlli"", ""tsbl"", ""u 1%"", ""u 51"", ""u/ak"", ""ua-s"", ""ue/'"", ""uehs"", ""uhfa"", ""uht."", ""uosk"", ""uwi "", ""ve'e"", ""vher"", ""viaq"", ""vimb"", ""vmez"", ""vne-"", ""vyci"", ""vymr"", ""w/et"", ""waxt"", ""wduh"", ""wgur"", ""wi 1"", ""wir,"", ""wl k"", ""wlle"", ""wpiv"", ""wrc-"", ""wsen"", ""wsna"", ""wswi"", ""wt/t"", ""wths"", ""wtom"", ""wysy"", ""x.g."", ""x: 3"", ""x: 6"", ""xhja"", ""xlug"", ""xrom"", ""y) l"", ""y?/j"", ""ybte"", ""yd/a"", ""yni,"", ""ynoa"", ""ypka"", ""ysyp"", ""yx k"", ""yzwa"", ""zao:"", ""zetj"", ""zlyh"", ""zt' "", ""zx10"", ""zysm""]",333,1,155,0.0064516129032258064
5,block_infix_fingerprint_v005.json,256,local_split_entropy_equivalence_classes,154,4,0.0,0.05,title,title,97," ""am","["" \""am"", "" \""ho"", "" & $"", "" ' s"", "" 'n-"", "" dfw"", "" fkm"", "" fx-"", "" hsb"", "" j.g"", "" kns"", "" nch"", "" vrk"", "" xti"", "" yzm"", ""!/ap"", ""!/dr"", ""!/po"", ""\"" li"", ""\"" qu"", ""\""a l"", ""\""am "", ""\""how"", ""# wo"", ""& $1"", ""& 80"", ""&t g"", ""'/he"", ""'65-"", ""'n-w"", ""'ny "", ""(s.o"", ""*n s"", ""*s, "", "", fk"", "",403"", ""-'95"", ""-in."", ""-urd"", "". 1?"", "". g,"", ""., g"", "".---"", ""..--"", ""...-"", "".g.,"", "".t -"", "".tun"", ""/.50"", ""/50g"", ""/a.c"", ""/ahj"", ""/at&"", ""/eac"", ""/huf"", ""/iph"", ""/kud"", ""/ohl"", ""/sko"", ""/tj "", ""/ubi"", ""0! a"", ""0+ b"", ""00! "", ""0g m"", ""1 as"", ""1/mu"", ""100b"", ""106b"", ""109b"", ""110a"", ""112b"", ""113b"", ""115?"", ""117a"", ""120b"", ""125a"", ""18-m"", ""28/o"", ""29-a"", ""2ry7"", ""30s,"", ""3d &"", ""4 er"", ""459-"", ""4gol"", ""4x2r"", ""5-'9"", ""5-ap"", ""50g "", ""59-s"", ""65-'"", ""7 ze"", ""7, i"", ""713,"", ""75 1"", ""8/oc"", ""892k"", ""894x"", ""895k"", ""9-au"", ""9-si"", ""94x2"", "": 62"", ""?\"" q"", ""@tri"", ""[web"", ""a*s,"", ""a- p"", ""ahg "", ""ahiz"", ""aidt"", ""ak/."", ""al?\"""", ""ao/u"", ""ap'm"", ""aq m"", ""ash4"", ""ast("", ""auk/"", ""b/lu"", ""beea"", ""bniz"", ""botv"", ""c pt"", ""c/50"", ""casf"", ""cch,"", ""cgib"", ""ckns"", ""cnn'"", ""coxt"", ""ct/1"", ""d 'y"", ""d hq"", ""d) b"", ""d-ke"", ""dka'"", ""dryr"", ""e \""a"", ""e \""h"", ""e yz"", ""ee):"", ""eirt"", ""enk,"", ""epp/"", ""er ["", ""f/gu"", ""foe-"", ""fx-a"", ""g's?"", ""g.tu"", ""g2bk"", ""gfyr"", ""gh. "", ""gi/k"", ""glc?"", ""glof"", ""gyg2"", ""gyms"", ""h/dj"", ""h/i'"", ""h/od"", ""h/rh"", ""h4go"", ""hg #"", ""hgro"", ""hm e"", ""hrvo"", ""ic/5"", ""il/5"", ""ist\"""", ""j.g."", ""k/.5"", ""k/tj"", ""kns "", ""ko/g"", ""lah?"", ""lahg"", ""lc c"", ""lib?"", ""lsh,"", ""lth)"", ""m df"", ""m!/p"", ""mdri"", ""mgyg"", ""mib:"", ""mpca"", ""n) l"", ""n/a."", ""n2 s"", ""nao/"", ""ngfy"", ""nj r"", ""nk/y"", ""nnd,"", ""nnnd"", ""numd"", ""o'fr"", ""o/kr"", ""oct/"", ""oe-w"", ""ogh-"", ""ol/o"", ""omgy"", ""on'd"", ""ou?\"""", ""p'm?"", ""p/gr"", ""pcam"", ""pd's"", ""porh"", ""pp y"", ""pp/r"", ""psig"", ""qi i"", ""r [w"", ""ra- "", ""raf'"", ""ragf"", ""rb/l"", ""reg-"", ""rj's"", ""ry71"", ""s/ah"", ""s4 s"", ""sap/"", ""sh4g"", ""so/n"", ""squy"", ""sso/"", ""st\"" "", ""sy/o"", ""t x."", ""t\"" l"", ""t/us"", ""td x"", ""te \"""", ""tvrs"", ""u?\"" "", ""u?/r"", ""ud/p"", ""uk/a"", ""uts."", ""vig/"", ""vma'"", ""voot"", ""vrkl"", ""w 3-"", ""wagb"", ""wi v"", ""wk/t"", ""x. h"", ""x2ry"", ""xlei"", ""xs a"", ""y @t"", ""y z-"", ""y' k"", ""y/ir"", ""y713"", ""yg2b"", ""yhrv"", ""yko'"", ""ypd'"", ""z: \"""", ""zco/"", ""zcob"", ""zcow""]",270,1,155,0.0064516129032258064
5,block_infix_fingerprint_v005.json,256,local_split_entropy_equivalence_classes,154,4,0.0,0.05,title,title,98," ""b-","["" \""b-"", "" #3)"", "" '3d"", "" 03,"", "" 4:1"", "" 88/"", "" al?"", "" aop"", "" c-x"", "" eap"", "" i 9"", "" i/m"", "" lvo"", "" q.i"", "" qld"", "" ri-"", "" sx4"", "" t&t"", "" xfr"", "" yda"", ""\""b-l"", ""#ppd"", ""#ppi"", ""% sc"", ""& bm"", ""& cc"", ""& r&"", ""&b i"", ""&t f"", ""'3d'"", ""'am!"", ""'cak"", ""'guc"", ""'udd"", ""'y f"", ""'zab"", ""(pip"", ""(was"", ""(yab"", ""+ ho"", ""+cat"", "",15:"", ""-221"", ""-jwe"", ""-l h"", ""-p c"", ""-peb"", ""-upe"", ""-w-w"", ""-x v"", ""-x75"", ""-xer"", "".2.9"", "".9.3"", "".?/a"", ""/527"", ""/694"", ""/awf"", ""/ca "", ""/de-"", ""/iza"", ""/kop"", ""/lid"", ""/nuk"", ""/t.h"", ""/te "", ""/xab"", ""/z i"", ""0,15"", ""01/a"", ""014?"", ""024:"", ""025:"", ""0th:"", ""1/ac"", ""2.9."", ""22/m"", ""26/5"", ""299/"", ""3 03"", ""35-y"", ""3d' "", ""50li"", ""526/"", ""570-"", ""5:05"", ""6/52"", ""693/"", ""7/bu"", ""70-3"", ""750l"", ""80,1"", ""9.2."", ""93/6"", ""99/3"", "": m "", "": tg"", ""= yi"", ""? ru"", ""?/am"", ""?/jo"", ""a b7"", ""a!/r"", ""a) f"", ""a-oh"", ""a? r"", ""abhl"", ""ac!!"", ""ac/a"", ""adwu"", ""adxs"", ""an \"""", ""aonl"", ""aopu"", ""arxs"", ""awk-"", ""ay-2"", ""b-lu"", ""basw"", ""bayc"", ""be 5"", ""beod"", ""bhlo"", ""bjas"", ""blz "", ""c-x7"", ""c. '"", ""c/bu"", ""ca-o"", ""cef!"", ""chs-"", ""ci 5"", ""ck?/"", ""cksq"", ""coy/"", ""cuz/"", ""d 1&"", ""d 9t"", ""d m6"", ""d- d"", ""d/j."", ""da'n"", ""ddfe"", ""df u"", ""diz?"", ""djip"", ""dkip"", ""dsab"", ""dxsp"", ""dyro"", ""e ql"", ""e) &"", ""e/xa"", ""e421"", ""eesj"", ""eg+c"", ""egpu"", ""egqu"", ""eijn"", ""emyl"", ""eno7"", ""enoz"", ""eo-y"", ""eodv"", ""eorp"", ""ewyp"", ""f-xe"", ""fay,"", ""ffo:"", ""fmaa"", ""fy-l"", ""g 4?"", ""g+ca"", ""gacj"", ""gah!"", ""gap!"", ""gog:"", ""gpuz"", ""gquo"", ""gy-h"", ""h?/r"", ""hlsw"", ""howu"", ""hs-o"", ""hum-"", ""hus'"", ""hvus"", ""i 44"", ""i 9."", ""i s4"", ""i-08"", ""ialh"", ""ie ="", ""iear"", ""iegq"", ""ijfk"", ""ijfm"", ""imyj"", ""irx "", ""itxa"", ""ivui"", ""ix/v"", ""ixif"", ""ixua"", ""j fu"", ""j gq"", ""jfko"", ""jfma"", ""jgon"", ""jm a"", ""jops"", ""jt's"", ""jweo"", ""k sx"", ""k-ju"", ""k-w-"", ""k/aa"", ""k/og"", ""k?/j"", ""ka) "", ""kda "", ""ki-0"", ""kiea"", ""kigm"", ""kjea"", ""krk-"", ""ks) "", ""kspf"", ""ksy'"", ""ktaf"", ""kua!"", ""l cg"", ""l-sn"", ""l/x-"", ""legp"", ""lerx"", ""leyk"", ""lrac"", ""luhl"", ""luv\"""", ""m pb"", ""m-p "", ""m111"", ""m114"", ""m6 s"", ""makj"", ""mb-p"", ""ms- "", ""mu/s"", ""mun?"", ""my-u"", ""myj "", ""mys."", ""n (y"", ""n 2j"", ""n i/"", ""n pd"", ""n!/e"", ""n'ta"", ""n)!!"", ""ndzk"", ""ne/x"", ""ne?."", ""nma?"", ""nml "", ""nn)!"", ""np d"", ""nui:"", ""nv a"", ""nxol"", ""nzl "", ""o cv"", ""o i,"", ""o's."", ""o-jw"", ""o/iz"", ""o/t."", ""o77/"", ""o? x"", ""ob!?"", ""of/j"", ""og/i"", ""ogoz"", ""oh' "", ""ohnr"", ""ombn"", ""org?"", ""osnc"", ""oupm"", ""ov-p"", ""owuh"", ""pam!"", ""pcov"", ""pd? "", ""pdf "", ""peg+"", ""pi!?"", ""pi-k"", ""pjap"", ""ppdu"", ""psce"", ""psi?"", ""puzl"", ""px r"", ""q ja"", ""qd: "", ""qixu"", ""qld "", ""qubo"", ""r 5?"", ""r t,"", ""r.p:"", ""rakf"", ""rja!"", ""rk-v"", ""rl/x"", ""rlsi"", ""ro/e"", ""rp/h"", ""rsh)"", ""rubf"", ""rwez"", ""rx k"", ""s'wi"", ""s- g"", ""s/91"", ""s/z "", ""sasr"", ""saw."", ""seec"", ""seo/"", ""sew?"", ""sh)!"", ""slo/"", ""snci"", ""ss/9"", ""stmy"", ""t ao"", ""t xy"", ""t, 5"", ""tdep"", ""tg -"", ""tijf"", ""titw"", ""tl d"", ""to!:"", ""tomj"", ""trl:"", ""txal"", ""tyhl"", ""tz/r"", ""uarx"", ""uavo"", ""ubnj"", ""uezu"", ""uhs "", ""uitx"", ""ujne"", ""ul/o"", ""umu-"", ""upt,"", ""urt."", ""uv\"" "", ""v\"" t"", ""ve-2"", ""vehn"", ""virb"", ""vp ("", ""vp w"", ""vshy"", ""vusv"", ""vvah"", ""vyag"", ""w! k"", ""w-ab"", ""w-w-"", ""w/aw"", ""w/le"", ""wbug"", ""we/b"", ""weo-"", ""wk-t"", ""wts,"", ""wuhs"", ""x6 m"", ""x75 "", ""xoli"", ""xuve"", ""y &t"", ""y) i"", ""y)!!"", ""y? ("", ""ya!/"", ""yay-"", ""ybe:"", ""ycov"", ""ye/b"", ""yem,"", ""yev'"", ""yj f"", ""ym!:"", ""zasw"", ""zl j"", ""zonp"", ""zood""]",405,1,155,0.0064516129032258064
5,block_infix_fingerprint_v005.json,256,local_split_entropy_equivalence_classes,154,4,0.0,0.05,title,title,99," ""bi","["" \""bi"", "" (29"", "" 1.6"", "" 1/o"", "" 3/w"", "" 34/"", "" 47/"", "" 48."", "" 54."", "" 7-d"", "" 85."", "" 9am"", "" az,"", "" b10"", "" cd:"", "" ckm"", "" e?'"", "" ei?"", "" ej."", "" g'l"", "" ikj"", "" it\"""", "" ktm"", "" op/"", "" otn"", "" p**"", "" zgl"", ""\"" vi"", ""\""bir"", ""\""i d"", ""#000"", ""#1/2"", ""#rea"", ""$ in"", ""$40k"", ""& b-"", ""& io"", ""& jf"", ""&b t"", ""&d d"", ""' 65"", ""'/ci"", ""'68e"", ""'en/"", ""'in/"", ""'syt"", ""'tje"", ""(29/"", ""(ech"", ""***y"", ""*kur"", ""*maz"", "", jj"", ""- gm"", ""- p."", ""-, g"", ""-8-9"", ""-ai-"", ""-ick"", ""-q h"", ""-rui"", "". 2f"", "".- 5"", ""./ad"", ""./wa"", "".? c"", "".erb"", "".g.f"", "".o.x"", ""//ro"", ""/30)"", ""/8 1"", ""/ar1"", ""/bem"", ""/c&d"", ""/cil"", ""/eu-"", ""/ms-"", ""/s/c"", ""/u.n"", ""/vip"", ""/vow"", ""0-ro"", ""03 y"", ""07 z"", ""1- e"", ""1- h"", ""10s:"", ""11/t"", ""13wh"", ""155:"", ""19:z"", ""1n1/"", ""1stl"", ""2,30"", ""2,50"", ""2- g"", ""20/4"", ""22,3"", ""24se"", ""25/b"", ""25/c"", ""25/w"", ""29/3"", ""2dtv"", ""2gs "", ""3/wh"", ""33/t"", ""34/w"", ""3:57"", ""3e v"", ""3wha"", ""4 'w"", ""40-r"", ""47/w"", ""4sev"", ""4w 2"", ""5 ko"", ""5/bu"", ""5/wh"", ""67 u"", ""7 ug"", ""7 zg"", ""7-8-"", ""7/wh"", ""8 lg"", ""8-9 "", ""8. u"", ""80-y"", ""8er'"", ""910s"", ""9:ze"", "":zeh"", ""; kr"", ""? s "", ""_str"", ""a 3/"", ""a*ma"", ""a/py"", ""acfr"", ""ack$"", ""ae? "", ""aesq"", ""ahe,"", ""ai/y"", ""ak'n"", ""amvs"", ""ani*"", ""ap-n"", ""ar10"", ""at_s"", ""aupf"", ""auul"", ""aw'?"", ""axep"", ""axut"", ""b bb"", ""b109"", ""baup"", ""bc-s"", ""bfl8"", ""biih"", ""bj c"", ""bpl "", ""bt/c"", ""byxa"", ""c&d "", ""c'sy"", ""ca/g"", ""cbas"", ""cd:n"", ""cfre"", ""ch@n"", ""ck$ "", ""cud-"", ""cz '"", ""d 7-"", ""d'mi"", ""d'tj"", ""d, $"", ""d-, "", ""d-50"", ""d/ae"", ""d/ci"", ""d:n?"", ""dd q"", ""deiu"", ""dfeh"", ""dfje"", ""dp -"", ""dt 4"", ""dteb"", ""dtis"", ""dubn"", ""duzl"", ""dys/"", ""e; n"", ""eeb'"", ""eeem"", ""efva"", ""ehn?"", ""eipf"", ""eiul"", ""eji!"", ""elfz"", ""elv,"", ""euza"", ""evuu"", ""ewyl"", ""eyns"", ""f \""i"", ""f 77"", ""f-za"", ""f/sk"", ""fbur"", ""fcz "", ""fkae"", ""fl8:"", ""flaz"", ""fsn-"", ""fvan"", ""fzij"", ""ga #"", ""gae?"", ""gd/p"", ""ggo!"", ""ggo,"", ""gh/n"", ""gnu'"", ""gnu,"", ""gs/8"", ""gtod"", ""gtsp"", ""h g'"", ""h gn"", ""h kk"", ""h/dh"", ""h/yi"", ""h@n-"", ""hat_"", ""hkow"", ""hlmu"", ""hst/"", ""huqi"", ""hy/f"", ""hy?/"", ""i ck"", ""i*ku"", ""i-q "", ""i/tk"", ""iadd"", ""ibwu"", ""ifma"", ""igsp"", ""ijl)"", ""insn"", ""ipva"", ""iyu,"", ""j ej"", ""j vl"", ""jben"", ""jdi "", ""ji-q"", ""jj h"", ""juv-"", ""jyo-"", ""k 2-"", ""k$ i"", ""k//r"", ""ka/c"", ""kdat"", ""kfsn"", ""kgab"", ""ki-v"", ""kje,"", ""kt/a"", ""ktsk"", ""kvip"", ""ky-i"", ""l 9t"", ""l = "", ""l fd"", ""l/e-"", ""l8: "", ""la) "", ""ld-,"", ""leee"", ""lefv"", ""lf-z"", ""lgy!"", ""liip"", ""ll ="", ""lme/"", ""logz"", ""lv, "", ""m'd "", ""m-c@"", ""m.- "", ""mamc"", ""maoc"", ""men\"""", ""meu."", ""mled"", ""mo'/"", ""mowm"", ""msge"", ""mydo"", ""n\"" v"", ""n/ak"", ""n/lb"", ""n1/t"", ""ndfj"", ""nevv"", ""ni*k"", ""nlob"", ""nooj"", ""npo/"", ""nu'i"", ""nxt "", ""nz- "", ""o vj"", ""o! 1"", ""o!/h"", ""o'/w"", ""o..?"", ""o.x."", ""o/s/"", ""oatw"", ""ojee"", ""org)"", ""os-i"", ""oxec"", ""oye/"", ""p vp"", ""p***"", ""pfbu"", ""ph q"", ""pl o"", ""ps? "", ""pudy"", ""pusy"", ""pvap"", ""quo'"", ""r zk"", ""r./w"", ""r/dv"", ""r/ep"", ""r; j"", ""r?/r"", ""rgeq"", ""ri15"", ""riq:"", ""rlby"", ""rm/j"", ""rrkl"", ""rs-8"", ""s \""b"", ""s nx"", ""s' 6"", ""s-80"", ""s/8 "", ""s/c&"", ""s; k"", ""sch@"", ""sku,"", ""sm/d"", ""smow"", ""sn-t"", ""sopt"", ""std/"", ""sus)"", ""t 2!"", ""t 9a"", ""t p*"", ""t-ic"", ""t-o/"", ""t/dc"", ""t/dv"", ""t/iv"", ""t/mc"", ""t: 9"", ""t_st"", ""tag)"", ""td/b"", ""tejb"", ""trs-"", ""tt/w"", ""ttpo"", ""tx-p"", ""tysu"", ""u./m"", ""u/ms"", ""ucav"", ""uco?"", ""uctl"", ""ud-c"", ""ugts"", ""uibl"", ""umpn"", ""unn;"", ""upfb"", ""uri1"", ""utsg"", ""uv-a"", ""v 9 "", ""v k "", ""vajb"", ""vd't"", ""vd-k"", ""vd-r"", ""vi w"", ""vipv"", ""vlca"", ""vr j"", ""vzte"", ""w ok"", ""w qa"", ""w/ko"", ""wbfl"", ""wd-5"", ""wke'"", ""wn-n"", ""woc "", ""xam'"", ""xepe"", ""y 'e"", ""y cd"", ""y qa"", ""y-ev"", ""y/b."", ""y/lb"", ""y?/b"", ""ycys"", ""ydiy"", ""ymp?"", ""yn?!"", ""ysui"", ""z '0"", ""z g."", ""z- u"", ""z/ge"", ""zax "", ""zbum"", ""ze-s"", ""zglo"", ""zijl"", ""zugb""]",447,1,155,0.0064516129032258064
5,block_infix_fingerprint_v005.json,256,local_split_entropy_equivalence_classes,154,4,0.0,0.05,title,title,100," ""br","["" \""br"", "" \""ov"", "" \""ro"", "" (k."", "" (lc"", "" (ws"", "" -'a"", "" 1 \"""", "" 1? "", "" 2-m"", "" 82a"", "" a5/"", "" agc"", "" axx"", "" c**"", "" db9"", "" dsa"", "" ghl"", "" kk2"", "" ksm"", "" m35"", "" mi)"", "" nt "", "" q7 "", "" r8 "", "" s80"", "" scw"", "" v2 "", "" w/o"", "" xc7"", "" xlr"", ""!!/m"", ""!/by"", ""\"" pa"", ""\"" sy"", ""\""bra"", ""\""ove"", ""\""rou"", ""'!/a"", ""'9' "", ""'duo"", ""'jon"", ""'o, "", ""'reu"", ""'t/m"", ""(1)!"", ""(2.9"", ""(3)!"", ""(gus"", ""(hes"", ""(k.u"", ""(lao"", ""(lca"", ""(ws)"", "") lu"", "")! a"", "")! g"", "")/u."", "")pop"", ""*'s "", ""**'s"", ""***'"", "", 93"", ""-'a "", ""---g"", ""--gi"", ""-5 v"", ""-9 r"", ""-c d"", ""-en,"", ""-hok"", ""-hvi"", ""-koe"", ""-tum"", ""-v c"", ""-vu?"", ""-y-n"", ""./ju"", "".0 w"", "".9 p"", "".abo"", "".k.)"", ""/999"", ""/dje"", ""/gi "", ""/gss"", ""/omp"", ""/op "", ""/tua"", ""/uje"", ""/wot"", ""/xm-"", ""02-g"", ""1 \""r"", ""1)! "", ""1? t"", ""2' 2"", ""2-go"", ""2-mo"", ""2.9 "", ""3)! "", ""3as "", ""3dd "", ""4.02"", ""4.dr"", ""402-"", ""45am"", ""49 t"", ""5 vs"", ""5/s5"", ""59 p"", ""6 pm"", ""7 td"", ""82a1"", ""84.0"", "": (y"", "": 4e"", "":45a"", ""?) g"", ""a'um"", ""a/td"", ""a5/s"", ""aayk"", ""abt-"", ""ac)/"", ""ag?/"", ""ahst"", ""ai/g"", ""aiaw"", ""aig-"", ""an--"", ""an/9"", ""asp/"", ""at'p"", ""autg"", ""ave\"""", ""aveo"", ""axxe"", ""b! g"", ""b/cr"", ""bbs-"", ""bg a"", ""bt-d"", ""bzza"", ""c lt"", ""c xl"", ""c)/u"", ""c***"", ""c/dj"", ""c/gs"", ""cac)"", ""cch/"", ""chh!"", ""cinm"", ""cl-c"", ""ct \"""", ""cto!"", ""d \""b"", ""d)po"", ""d-hv"", ""d-iv"", ""d/cs"", ""dd +"", ""dtv'"", ""duo'"", ""e a4"", ""e4 n"", ""eayo"", ""ecuj"", ""eg@h"", ""ely\"""", ""ep-r"", ""erkg"", ""ethf"", ""etz."", ""eual"", ""euz?"", ""eyoz"", ""ez '"", ""f (2"", ""f/sc"", ""f1 t"", ""f3 w"", ""ffij"", ""fibu"", ""fifn"", ""fol,"", ""fonf"", ""fpap"", ""fs/d"", ""ftkr"", ""fu-s"", ""fu/k"", ""g (k"", ""g-uk"", ""g-y-"", ""g/ci"", ""g@ho"", ""gaag"", ""gca:"", ""goa'"", ""gpof"", ""gviz"", ""gyp-"", ""h/ug"", ""ha'u"", ""hewd"", ""himz"", ""hne:"", ""hnlo"", ""hoew"", ""hra/"", ""hukb"", ""hvep"", ""hz p"", ""i ff"", ""i m3"", ""i q7"", ""i'is"", ""id-j"", ""idsy"", ""iehb"", ""ietp"", ""ig-y"", ""ill\"""", ""ioa/"", ""iobb"", ""ioi/"", ""iovc"", ""ip/g"", ""ipve"", ""iq/g"", ""iso!"", ""iu-f"", ""j-c "", ""jaol"", ""jb k"", ""jj &"", ""jm t"", ""k! j"", ""kal/"", ""kc: "", ""ks/x"", ""l 02"", ""l-lu"", ""lbaj"", ""lipv"", ""lizq"", ""lkru"", ""ll\"" "", ""lr-v"", ""lruv"", ""lte)"", ""m!/h"", ""m-29"", ""m2a "", ""m35h"", ""mb! "", ""mcmb"", ""md-v"", ""mei."", ""metm"", ""mff:"", ""mfx "", ""miee"", ""mii!"", ""mkc:"", ""mlb'"", ""mmma"", ""mmrf"", ""mo/o"", ""mob'"", ""mp3a"", ""mrf "", ""msf "", ""mtvr"", ""mudw"", ""muv-"", ""myie"", ""n'!/"", ""n---"", ""n/99"", ""nd)p"", ""ndi?"", ""nek'"", ""no52"", ""no61"", ""no62"", ""no76"", ""no79"", ""no82"", ""no84"", ""nob/"", ""nve,"", ""nyi!"", ""nyui"", ""o -'"", ""o q7"", ""o s8"", ""o!!/"", ""o'o,"", ""o130"", ""o131"", ""o140"", ""o142"", ""o145"", ""o147"", ""o153"", ""o154"", ""o166"", ""o172"", ""o173"", ""o178"", ""o179"", ""o188"", ""o191"", ""o192"", ""o214"", ""o216"", ""o217"", ""o218"", ""o219"", ""o220"", ""o222"", ""o225"", ""o227"", ""o231"", ""o244"", ""o249"", ""o252"", ""o264"", ""o267"", ""o271"", ""o284"", ""o286"", ""ob/e"", ""ochf"", ""od?:"", ""odgu"", ""odzu"", ""ofoz"", ""oi/o"", ""oifi"", ""om-g"", ""ond\"""", ""onkk"", ""oofk"", ""ore4"", ""os 0"", ""os?\"""", ""ouje"", ""ovu!"", ""ox/c"", ""ozev"", ""p-ts"", ""p.s:"", ""p/ed"", ""p3as"", ""ponh"", ""psty"", ""pym'"", ""q/ge"", ""q7 t"", ""qiub"", ""r nt"", ""r-aw"", ""r/uj"", ""rbi-"", ""rcuj"", ""re4 "", ""reg@"", ""reyb"", ""rgto"", ""riov"", ""rlol"", ""rm-g"", ""rrax"", ""rs./"", ""rvy/"", ""rwek"", ""rx &"", ""rx 4"", ""ryl/"", ""s a/"", ""s c6"", ""s kf"", ""s./l"", ""sbaj"", ""scwa"", ""si/o"", ""sid-"", ""siu-"", ""sp/l"", ""szth"", ""t \""o"", ""t'po"", ""t./b"", ""td g"", ""tki."", ""tlij"", ""tok/"", ""ts x"", ""tu-v"", ""tugk"", ""tz. "", ""u f3"", ""u-vu"", ""u? a"", ""ubo-"", ""ued?"", ""uhl!"", ""unnk"", ""uv-l"", ""v f1"", ""v2 r"", ""vod:"", ""vos?"", ""w/na"", ""wdir"", ""wged"", ""wjm "", ""wk/y"", ""x/cr"", ""xc 2"", ""xc70"", ""xlr-"", ""xm-2"", ""xorz"", ""xrev"", ""y jb"", ""y\"" s"", ""y?/f"", ""ybde"", ""yedr"", ""yl/k"", ""ymcm"", ""yoe!"", ""yp-t"", ""z. t"", ""zavc"", ""zexi""]",441,1,155,0.0064516129032258064
5,block_infix_fingerprint_v005.json,256,local_split_entropy_equivalence_classes,154,4,0.0,0.05,title,title,101," ""ca","["" \""ca"", ""\""can"", ""'boc"", ""'kum"", ""mouw"", ""wsfl""]",6,2,155,0.012903225806451613
5,block_infix_fingerprint_v005.json,256,local_split_entropy_equivalence_classes,154,4,0.0,0.05,title,title,102," ""co","["" \""co"", "" 579"", "" 665"", ""py!?"", ""x bb""]",5,2,155,0.012903225806451613
5,block_infix_fingerprint_v005.json,256,local_split_entropy_equivalence_classes,154,4,0.0,0.05,title,title,103," ""da","["" \""da"", "" 'zs"", "" (fy"", "" (kh"", "" 5 0"", "" 5/a"", "" 6 0"", "" 6/l"", "" 92f"", "" 9mm"", "" a31"", "" ea?"", "" i-p"", "" m62"", "" ne."", "" q43"", "" v**"", "" v-6"", "" vt "", "" vyg"", "" xb:"", ""!/vi"", ""\"" di"", ""\""dai"", ""#omm"", ""%! p"", ""& bg"", ""& u."", ""&w m"", ""'d q"", ""'r d"", ""'zsu"", ""(20."", ""(300"", ""(305"", ""(480"", ""(fyf"", ""(gil"", ""(gom"", ""(kha"", "") ji"", ""**i."", ""*h/t"", ""*k y"", ""++ p"", "", gv"", "", ys"", ""- 1:"", ""-adm"", ""-ay!"", ""-ay."", ""-da!"", ""-ik:"", ""-tv2"", ""-tv3"", ""-u-u"", ""-vaf"", ""-zeb"", "".-bo"", "".c.?"", ""//yo"", ""/aux"", ""/m*a"", ""/nyp"", ""/orr"", ""/sul"", ""/ufc"", ""/vcr"", ""0%! "", ""0) j"", ""0/m*"", ""0/pa"", ""00/s"", ""06/d"", ""10%!"", ""10/m"", ""10/p"", ""16 0"", ""17 0"", ""19/1"", ""2 06"", ""2 hj"", ""206/"", ""210/"", ""22 0"", ""227 "", ""23) "", ""24/1"", ""29 0"", ""3! r"", ""3) g"", ""3-ay"", ""4 ss"", ""400/"", ""5) p"", ""5. r"", ""5/12"", ""5/au"", ""574 "", ""6 05"", ""6/di"", ""6/le"", ""8/02"", ""80) "", ""9 07"", ""9-3 "", ""9/pa"", ""92fs"", "": vt"", ""?! l"", ""a 9m"", ""a rk"", ""a++ "", ""a310"", ""abce"", ""accs"", ""adfy"", ""adn "", ""aftt"", ""ambp"", ""ameq"", ""anjk"", ""atco"", ""auwz"", ""av' "", ""azto"", ""b//y"", ""bcee"", ""bfk "", ""bigw"", ""blyl"", ""bpad"", ""buz,"", ""bwoh"", ""bz n"", ""c hl"", ""c pp"", ""c/i "", ""caek"", ""ccok"", ""ccsa"", ""ceck"", ""cgol"", ""cic!"", ""cki!"", ""clo'"", ""cna'"", ""cr r"", ""cul/"", ""cwee"", ""d 3!"", ""d rp"", ""d zb"", ""d' &"", ""d-ei"", ""datn"", ""dduc"", ""de!/"", ""dfys"", ""dn n"", ""dny:"", ""do'?"", ""drtv"", ""dvd?"", ""dyik"", ""dyjk"", ""dze."", ""dzzz"", ""e 5'"", ""e q4"", ""ea?!"", ""ebdr"", ""ef ."", ""egej"", ""egi,"", ""eiwp"", ""ejlv"", ""eke."", ""en(n"", ""epvr"", ""erfz"", ""est_"", ""esyg"", ""euwk"", ""ezi?"", ""f) r"", ""f/go"", ""fa! "", ""fc's"", ""fdre"", ""fdza"", ""ffs!"", ""fikp"", ""fk u"", ""fsb "", ""ftte"", ""fubi"", ""fuic"", ""fy? "", ""geav"", ""geje"", ""gerq"", ""ghip"", ""gig:"", ""gnox"", ""gouh"", ""gsdy"", ""gtav"", ""guzv"", ""h-il"", ""haa?"", ""hahd"", ""hcor"", ""higp"", ""hkuv"", ""hl/b"", ""hls,"", ""hmip"", ""hmom"", ""hto-"", ""hwyt"", ""hyyt"", ""i v*"", ""i- &"", ""ialw"", ""id-h"", ""ieyr"", ""ifa!"", ""indq"", ""intp"", ""ippd"", ""ivi'"", ""iwie"", ""iwpo"", ""iz/f"", ""j dn"", ""jamr"", ""jlve"", ""jn 2"", ""jnru"", ""jon?"", ""jozd"", ""juot"", ""k b."", ""k-cs"", ""k-ik"", ""kajl"", ""kd j"", ""kll "", ""km k"", ""kx w"", ""kyc-"", ""l $t"", ""l 4t"", ""l v-"", ""l?/d"", ""lajn"", ""lcay"", ""lebw"", ""lf/g"", ""lfbl"", ""ll $"", ""lluy"", ""lox!"", ""lozr"", ""lscl"", ""lsy'"", ""m1 g"", ""m32 "", ""m629"", ""mbpa"", ""mc u"", ""mief"", ""mlaz"", ""mmyg"", ""mo/j"", ""mra)"", ""mtel"", ""mtui"", ""mygo"", ""myu!"", ""myy!"", ""mz p"", ""mz/w"", ""n xb"", ""n!/v"", ""n/ny"", ""ndzz"", ""nesj"", ""nizn"", ""njko"", ""nli-"", ""nn/o"", ""nyim"", ""o 4'"", ""o-od"", ""o/mr"", ""oa z"", ""oap'"", ""oatr"", ""obu'"", ""ocu'"", ""odsn"", ""oemt"", ""oho."", ""oi- "", ""okyk"", ""omuy"", ""ooi-"", ""opys"", ""otlz"", ""otzw"", ""owyo"", ""oyre"", ""p/ug"", ""pdro"", ""piey"", ""prci"", ""prye"", ""pto:"", ""puv "", ""pv e"", ""pz d"", ""q43 "", ""r\"" d"", ""r-lu"", ""r-s:"", ""rgfr"", ""rm/r"", ""rnuk"", ""rs-o"", ""rtew"", ""rye!"", ""s*h/"", ""s.g."", ""s/cj"", ""sb c"", ""sf -"", ""shyt"", ""sib:"", ""sl f"", ""sm/v"", ""sp h"", ""st_w"", ""suov"", ""svus"", ""syg?"", ""szpl"", ""t 6/"", ""t.s:"", ""t/oh"", ""t/uf"", ""t_wo"", ""te),"", ""tge,"", ""tlys"", ""tlz "", ""tmuk"", ""topb"", ""tujk"", ""tuzm"", ""tuzv"", ""tv/v"", ""tv27"", ""tv3'"", ""tvra"", ""tvww"", ""txar"", ""u' o"", ""u-up"", ""ua &"", ""uafr"", ""ub//"", ""ubii"", ""ud/n"", ""uddr"", ""udi!"", ""uen)"", ""uev "", ""uf 4"", ""ufc'"", ""ugsg"", ""ui/n"", ""un-1"", ""unz?"", ""urgf"", ""uwko"", ""uwze"", ""uzvo"", ""v 3."", ""v bb"", ""v' l"", ""v' o"", ""v***"", ""v-ab"", ""v-gl"", ""v-va"", ""v-ve"", ""v/vc"", ""v2 h"", ""v27 "", ""v3's"", ""vafl"", ""vca,"", ""veiw"", ""vihn"", ""viwu"", ""vjia"", ""vjoz"", ""vnij"", ""votk"", ""voyr"", ""vrda"", ""vuju"", ""vwww"", ""vygu"", ""w-pa"", ""w-tv"", ""w.-b"", ""w.bl"", ""w/pu"", ""wagv"", ""wah2"", ""wbz "", ""weec"", ""wen("", ""wfsb"", ""wk e"", ""wkom"", ""wkyc"", ""won!"", ""wwat"", ""wyou"", ""wyta"", ""wzee"", ""xav'"", ""xnay"", ""xnig"", ""y 5/"", ""yar?"", ""ybub"", ""yc 4"", ""yc-t"", ""yc/h"", ""yckm"", ""yfe)"", ""yjko"", ""ykl "", ""ykll"", ""ymik"", ""ywna"", ""z/er"", ""z/ri"", ""zas'"", ""zec,"", ""zec."", ""zi?!"", ""zig'"", ""zm z"", ""zou?"", ""zsup"", ""zviw"", ""zvjo"", ""zykr"", ""zz/k"", ""zz/r"", ""zzz/""]",467,1,155,0.0064516129032258064
5,block_infix_fingerprint_v005.json,256,local_split_entropy_equivalence_classes,154,4,0.0,0.05,title,title,104," ""de","["" \""de"", ""(lem"", ""t fb""]",3,2,155,0.012903225806451613
5,block_infix_fingerprint_v005.json,256,local_split_entropy_equivalence_classes,154,4,0.0,0.05,title,title,105," ""dr","["" \""dr"", "" 1-t"", "" 3/p"", "" 33e"", "" 3p!"", "" @ll"", "" eyg"", "" gnb"", "" lq "", "" m'q"", "" m.,"", "" sqa"", "" tvp"", "" v' "", "" v/i"", "" vtt"", "" wti"", "" x'e"", ""!)/c"", ""\""dri"", ""\""we'"", ""#029"", ""#602"", ""' wt"", ""'ael"", ""'inj"", ""'khr"", ""'oni"", ""'quv"", ""(19)"", ""(lob"", "")/co"", ""*sid"", ""+ es"", ""+ ra"", "", 3p"", "", g'"", ""- bm"", ""- x'"", ""-aaw"", ""-edw"", ""-f l"", ""-t/d"", ""-uri"", "".a/f"", "".ri "", ""/ab/"", ""/abl"", ""/aua"", ""/du "", ""/fuk"", ""/gef"", ""/gly"", ""/gub"", ""/iba"", ""/iud"", ""/m 5"", ""/unv"", ""/uro"", ""/zdf"", ""0 'n"", ""1-te"", ""28em"", ""3/gi"", ""3/pa"", ""36e "", ""6/ni"", ""69 t"", ""6e c"", ""? ij"", ""?/my"", ""?/ts"", ""@llu"", ""a 6e"", ""a'ae"", ""a.ri"", ""a.ti"", ""a/ip"", ""a/iu"", ""a?/l"", ""aas'"", ""aeug"", ""ag2o"", ""agiv"", ""ahu!"", ""ajfk"", ""aoa "", ""au/u"", ""auae"", ""avcn"", ""b/pi"", ""baoa"", ""be $"", ""bht "", ""bnab"", ""bog-"", ""bol/"", ""c 3-"", ""c om"", ""c/sh"", ""c/st"", ""c/ta"", ""cc-m"", ""ccoa"", ""cecy"", ""ceth"", ""ci/c"", ""ci/t"", ""cish"", ""ckki"", ""coa'"", ""cocq"", ""creq"", ""cubl"", ""d lk"", ""d!/r"", ""d\"" ("", ""d-ie"", ""davc"", ""dej/"", ""df f"", ""ditm"", ""dke/"", ""doep"", ""du-m"", ""e lq"", ""edu-"", ""effh"", ""eg/d"", ""ej/r"", ""em +"", ""enkb"", ""enu/"", ""epe/"", ""erdp"", ""es.b"", ""esc/"", ""ew/i"", ""ew/v"", ""eygl"", ""fajf"", ""fd v"", ""fe/u"", ""ffhe"", ""fhet"", ""fiud"", ""fmr "", ""fon'"", ""fseh"", ""ftsn"", ""fu.t"", ""fyda"", ""fyr-"", ""g v3"", ""g' u"", ""g-oa"", ""g/ov"", ""gazn"", ""gfej"", ""gg/b"", ""gluu"", ""goaj"", ""guo:"", ""gw 1"", ""h v4"", ""h v5"", ""h!/d"", ""h?/s"", ""hea/"", ""hecl"", ""heje"", ""hiaj"", ""hj-t"", ""hn/z"", ""hryp"", ""humv"", ""hyu-"", ""i 62"", ""i tx"", ""i. 3"", ""i/ay"", ""ieib"", ""iho'"", ""ihtm"", ""iji?"", ""imix"", ""ind\"""", ""ip!/"", ""isp/"", ""iudv"", ""j-tv"", ""j/ro"", ""ja/s"", ""jetw"", ""jeub"", ""jfku"", ""jo? "", ""k wl"", ""kb h"", ""kbeh"", ""kbik"", ""kcci"", ""kg n"", ""khj-"", ""ksl "", ""ksuj"", ""ksyj"", ""kti?"", ""kvsn"", ""l\"" a"", ""la.t"", ""lba/"", ""le.t"", ""lef-"", ""lga-"", ""lkl!"", ""lkpi"", ""lo/p"", ""lp/g"", ""lpdi"", ""lq 1"", ""lr10"", ""lu/e"", ""lz-k"", ""lzje"", ""m v3"", ""m'qu"", ""m/gl"", ""m/pl"", ""mabw"", ""maxt"", ""mgob"", ""mh s"", ""mhug"", ""minp"", ""ml-9"", ""mo +"", ""mpih"", ""mu!?"", ""n lk"", ""n'u "", ""n/zd"", ""ncyk"", ""nl o"", ""nn-a"", ""nodc"", ""nofj"", ""nop'"", ""nu/w"", ""nucs"", ""nwho"", ""nydu"", ""o?/m"", ""oa q"", ""oelz"", ""ofje"", ""oiir"", ""olr1"", ""olzj"", ""oogw"", ""oprt"", ""osix"", ""ot \"""", ""oul\"""", ""owlt"", ""p (w"", ""p/ip"", ""pdie"", ""peue"", ""pfhu"", ""plib"", ""ppaf"", ""prta"", ""qaud"", ""quve"", ""r, #"", ""r/dy"", ""r/op"", ""rgoc"", ""ruh/"", ""s @l"", ""s s1"", ""s-ph"", ""s.be"", ""si/e"", ""sixa"", ""soct"", ""sok/"", ""sp/j"", ""spix"", ""sqau"", ""sseq"", ""sua!"", ""t.a/"", ""t/dw"", ""ta.r"", ""ta/i"", ""tem-"", ""tkdn"", ""tuct"", ""txap"", ""txit"", ""tz/u"", ""u.ta"", ""u/ex"", ""uaeu"", ""ucc-"", ""uckv"", ""ud/j"", ""uf/b"", ""ufse"", ""uh/a"", ""ujo?"", ""ul\"" "", ""ulpd"", ""uosm"", ""usu?"", ""uuju"", ""uxid"", ""uy/u"", ""v 04"", ""v 06"", ""v v3"", ""v/ib"", ""va/n"", ""vcna"", ""vsn "", ""w-ur"", ""w/ve"", ""wed\"""", ""weeh"", ""wes,"", ""winr"", ""wlto"", ""wshw"", ""wtih"", ""x'ed"", ""x/l'"", ""x/pi"", ""xar-"", ""xie-"", ""y bd"", ""ybht"", ""yen!"", ""yogf"", ""yr-t"", ""z g:"", ""z/ur"", ""z/ve"", ""zboc"", ""zoo)"", ""zwo,""]",352,1,155,0.0064516129032258064
5,block_infix_fingerprint_v005.json,256,local_split_entropy_equivalence_classes,154,4,0.0,0.05,title,title,106," ""ex","["" \""ex"", "".d t"", ""d/sk"", ""hlud"", ""o.d "", ""tuup""]",6,2,155,0.012903225806451613
5,block_infix_fingerprint_v005.json,256,local_split_entropy_equivalence_classes,154,4,0.0,0.05,title,title,107," ""ez","["" \""ez"", ""\"" zu"", ""\""ez\"""", ""9. r"", ""afp:"", ""c \""e"", ""ez\"" "", ""iks!"", ""s?/e"", ""z\"" z""]",10,2,155,0.012903225806451613
5,block_infix_fingerprint_v005.json,256,local_split_entropy_equivalence_classes,154,4,0.0,0.05,title,title,108," ""fe","["" \""fe"", "" (#4"", "" ('d"", "" (45"", "" 01 "", "" 10j"", "" 19y"", "" 2-b"", "" 23e"", "" 27e"", "" 34c"", "" 43y"", "" 98,"", "" fwo"", "" h/j"", "" ixb"", "" j'c"", "" ju:"", "" m'v"", "" o-w"", "" phw"", "" rbd"", "" uk!"", "" xui"", "" z'i"", ""!' a"", ""\""feb"", ""# 28"", ""#062"", ""#607"", ""' (c"", ""'asg"", ""'dc "", ""'ezr"", ""'izi"", ""'lio"", ""'yeu"", ""(#4)"", ""('dr"", ""(45)"", ""(clu"", ""(ex "", ""(lit"", ""(oda"", ""*som"", "", rk"", ""- 'c"", ""-a$$"", ""-b-h"", ""-hao"", ""-iza"", ""-khr"", ""-ra/"", ""-ti-"", ""-yu'"", "".0/k"", "".4 s"", "".a 1"", "".his"", "".ka-"", ""/ ju"", ""/9 t"", ""/b.j"", ""/d.o"", ""/dya"", ""/err"", ""/erz"", ""/hyu"", ""/jik"", ""/kou"", ""/lmf"", ""/lop"", ""/lup"", ""/m83"", ""/wun"", ""/yud"", ""0/he"", ""0/ka"", ""000m"", ""03 ("", ""0ji!"", ""0mal"", ""1.ep"", ""1/li"", ""10/h"", ""10ji"", ""12.h"", ""12em"", ""15em"", ""19yr"", ""2.hi"", ""23em"", ""26/4"", ""27em"", ""2cas"", ""3 ('"", ""31.e"", ""39.e"", ""3yrs"", ""4 (c"", ""41.e"", ""43.e"", ""43yr"", ""44.e"", ""5.a "", ""6/45"", ""7e r"", ""8 ab"", ""8, c"", ""8/ul"", ""9.ep"", ""9:05"", ""9yrs"", "": \""f"", ""? 17"", ""?/it"", ""@liv"", ""a fm"", ""a v6"", ""a'oc"", ""a'su"", ""a/et"", ""aayl"", ""afzw"", ""agt/"", ""ahgl"", ""air\"""", ""aq/f"", ""arz'"", ""au-t"", ""avzo"", ""axfr"", ""ayll"", ""ayuj"", ""bu'a"", ""bur/"", ""c v3"", ""c'sl"", ""c-ic"", ""cc i"", ""ccsr"", ""cglo"", ""ci/p"", ""ckka"", ""csau"", ""csre"", ""cu-n"", ""cuo'"", ""d v2"", ""d'iz"", ""d/b."", ""d/rh"", ""d2ca"", ""da/y"", ""ddaw"", ""doo."", ""drsg"", ""e'ez"", ""e-cd"", ""e./m"", ""e/tv"", ""edrs"", ""eeoo"", ""eio!"", ""ely)"", ""eoow"", ""erzn"", ""esji"", ""etv'"", ""etzp"", ""euf?"", ""eux'"", ""ex/k"", ""exy-"", ""f 34"", ""f-d'"", ""fkic"", ""fm:s"", ""fmf "", ""fosq"", ""fwom"", ""fy' "", ""fy-g"", ""fzwe"", ""g nk"", ""g): "", ""g5 n"", ""gau!"", ""gop?"", ""gt/w"", ""gzow"", ""h. &"", ""h/lm"", ""hazv"", ""hde-"", ""hgl "", ""hh j"", ""hi/j"", ""hke-"", ""hkio"", ""hnep"", ""ho/c"", ""hpu "", ""hrby"", ""hte/"", ""htyi"", ""hwoa"", ""i zs"", ""i.de"", ""i/up"", ""i5 s"", ""iags"", ""idmu"", ""iegj"", ""in/9"", ""iny."", ""iom-"", ""iwae"", ""iwo,"", ""izst"", ""j'cr"", ""jeum"", ""jij?"", ""k k."", ""k mg"", ""k) r"", ""k/ex"", ""k/uk"", ""k@li"", ""kayg"", ""kee!"", ""keml"", ""kgar"", ""khgi"", ""kixx"", ""klkn"", ""kn c"", ""kniq"", ""kok@"", ""ksfy"", ""kuh!"", ""kyue"", ""l rb"", ""l2 l"", ""l4 y"", ""ld2c"", ""ldut"", ""lg, "", ""lkl'"", ""lkn "", ""lkyc"", ""ll')"", ""llh:"", ""lll."", ""llnk"", ""loe?"", ""m nb"", ""m'av"", ""m've"", ""m:st"", ""matx"", ""max2"", ""mi.d"", ""mlg,"", ""moap"", ""mup "", ""mwid"", ""n- &"", ""n/9 "", ""nahp"", ""ndax"", ""neee"", ""nfok"", ""ng):"", ""ng5 "", ""nk/u"", ""nkdy"", ""nki'"", ""no/u"", ""nug."", ""o?/i"", ""oapi"", ""oc-i"", ""ockg"", ""ok@l"", ""old2"", ""om(s"", ""on-9"", ""onn:"", ""oom("", ""op? "", ""opfh"", ""ouv'"", ""oy +"", ""p/ce"", ""phwo"", ""piib"", ""pvz "", ""q/fi"", ""qs d"", ""quhm"", ""r gz"", ""r wc"", ""r-sm"", ""r?/f"", ""reb!"", ""rfi?"", ""rmup"", ""rsg "", ""rv 1"", ""rwte"", ""rz/b"", ""rzno"", ""saxf"", ""sjij"", ""t/n."", ""tjua"", ""tla'"", ""tozt"", ""tto)"", ""tx b"", ""tzi/"", ""tzpi"", ""u/ga"", ""u/hy"", ""uar-"", ""uf/k"", ""uft/"", ""uiky"", ""ulox"", ""ulz!"", ""umwi"", ""untv"", ""uoic"", ""uv'b"", ""uyaw"", ""v 01"", ""v ox"", ""v'bo"", ""vak/"", ""vdue"", ""vz r"", ""vzol"", ""w/ f"", ""wae!"", ""wai)"", ""wel."", ""wiej"", ""wlll"", ""wlly"", ""woar"", ""woej"", ""wten"", ""wwll"", ""wwwl"", ""xa-h"", ""xen/"", ""xfra"", ""xi/a"", ""xisa"", ""xitv"", ""xy-a"", ""y (#"", ""y h/"", ""y-a$"", ""y-ar"", ""y/m8"", ""yaxu"", ""ybau"", ""yna/"", ""yul?"", ""ywki"", ""yze'"", ""z'in"", ""z-b-"", ""z-sz"", ""z/dy"", ""z/vi"", ""zeg!"", ""zh o"", ""zi 8"", ""zi/u"", ""zodd""]",383,1,155,0.0064516129032258064
5,block_infix_fingerprint_v005.json,256,local_split_entropy_equivalence_classes,154,4,0.0,0.05,title,title,109," ""go","["" \""go"", "" \""ky"", "" \""ra"", "" 'yi"", "" (x)"", "" -na"", "" -ua"", "" 5/m"", "" 50v"", "" a1c"", "" btr"", "" fkk"", "" g/m"", "" hda"", "" icp"", "" lfr"", "" m5 "", "" nvi"", "" opz"", "" pz "", "" sc-"", "" v/c"", "" xba"", "" ~ d"", ""! (k"", ""! hd"", ""! if"", ""! io"", ""!kyo"", ""!que"", ""\"" na"", ""\"": h"", ""\""gom"", ""\""kyl"", ""\""rak"", ""#3 h"", ""#goo"", ""#rob"", ""& 08"", ""&m/q"", ""&p p"", ""'/my"", ""'afy"", ""'buo"", ""'e j"", ""'gak"", ""'jia"", ""'sba"", ""'yin"", ""(26f"", ""(26h"", ""(aji"", ""(ove"", ""(yar"", "",99%"", ""- fd"", ""- fk"", ""-5 i"", ""-aav"", ""-atz"", ""-baq"", ""-dc "", ""-dn1"", ""-gy-"", ""-id "", ""-mop"", ""-uab"", ""-vg1"", ""-wg "", ""-wm."", ""-y t"", ""-yll"", "".goe"", "".j.t"", ""/007"", ""/14 "", ""/98'"", ""/ams"", ""/cep"", ""/d. "", ""/epm"", ""/f.u"", ""/g-u"", ""/koh"", ""/lex"", ""/mc "", ""/nen"", ""/o.c"", ""/pcu"", ""/s&m"", ""/syb"", ""/v a"", ""07 &"", ""1 pz"", ""129/"", ""13/d"", ""1c/s"", ""26f)"", ""26h)"", ""29/k"", ""2a: "", ""45-n"", ""52 g"", ""6f) "", ""710 "", ""8'/m"", ""9, j"", ""9/ka"", ""98'/"", ""99,9"", ""?/ga"", ""?/ok"", ""@ ce"", ""@mur"", ""@sie"", ""a\"" n"", ""a\"": "", ""a- j"", ""a-sm"", ""a. @"", ""a1c/"", ""a; l"", ""a?/d"", ""a?/o"", ""aaio"", ""aaoh"", ""adzt"", ""aerc"", ""afeb"", ""aji)"", ""alf!"", ""alpf"", ""an2g"", ""anll"", ""aohk"", ""at \"""", ""au/v"", ""auao"", ""aw/a"", ""aw/l"", ""b! i"", ""b-aq"", ""b-gy"", ""b? ("", ""baqa"", ""bi/o"", ""bis("", ""bopa"", ""bs @"", ""bs/i"", ""bs? "", ""bud!"", ""byoy"", ""c zv"", ""c-sp"", ""can2"", ""ch-5"", ""cicr"", ""cklt"", ""ckx-"", ""crao"", ""cta?"", ""ctge"", ""cu/w"", ""d hw"", ""d/10"", ""d/ia"", ""dby:"", ""dex/"", ""di/t"", ""dn10"", ""dpa!"", ""dzi."", ""e lf"", ""e m5"", ""e'sb"", ""e/00"", ""ebsb"", ""eckx"", ""egsy"", ""ei ."", ""ei!k"", ""ei/b"", ""ejuh"", ""emwi"", ""emyr"", ""ennn"", ""eod,"", ""epuk"", ""es'r"", ""ewoc"", ""ewpa"", ""ewuf"", ""ex/e"", ""f) w"", ""feak"", ""fgus"", ""fi ("", ""fkk "", ""fs/b"", ""fs/n"", ""fu/z"", ""g a/"", ""g-os"", ""g/o."", ""g10 "", ""gab,"", ""gab:"", ""gdo,"", ""ge ~"", ""ge-j"", ""gic-"", ""gju,"", ""gjuk"", ""gruu"", ""gs q"", ""gsts"", ""gsy,"", ""gukb"", ""gysl"", ""h ds"", ""h'on"", ""h-5 "", ""h-ty"", ""h/ms"", ""ha\"":"", ""hdak"", ""hexc"", ""hflu"", ""hgiv"", ""hrt-"", ""hwre"", ""hylp"", ""i -n"", ""i!ky"", ""i'sa"", ""i-ur"", ""iba)"", ""icpo"", ""idbj"", ""if/p"", ""ihi/"", ""ihn,"", ""ii/k"", ""ijdc"", ""iktr"", ""imh/"", ""ioih"", ""isys"", ""iv?/"", ""j hi"", ""ja/m"", ""jahv"", ""jdca"", ""jnam"", ""jo/9"", ""js -"", ""ju/l"", ""jukl"", ""jymy"", ""k 2n"", ""k' n"", ""k-ze"", ""k/f."", ""k3 k"", ""kay-"", ""kfax"", ""kh-m"", ""klti"", ""koo/"", ""ksep"", ""kx-n"", ""ky ~"", ""kycr"", ""l-id"", ""ld/1"", ""le/0"", ""lf/n"", ""lla\"""", ""lm/n"", ""lme@"", ""ln?!"", ""lpyr"", ""ltyr"", ""luoj"", ""lusr"", ""lv z"", ""lvo'"", ""ly?."", ""m gs"", ""m nv"", ""m p&"", ""m- b"", ""m/qu"", ""m5 b"", ""me@m"", ""mh/t"", ""ms/v"", ""my-y"", ""my/v"", ""n \""g"", ""n -u"", ""n bt"", ""n g/"", ""n-tt"", ""n/pc"", ""n104"", ""n?!!"", ""nd-z"", ""ndz!"", ""ne'l"", ""nlls"", ""nluj"", ""nnni"", ""nsa\"""", ""o/98"", ""ob-g"", ""obs."", ""oft!"", ""oild"", ""oju/"", ""omup"", ""on-3"", ""op.3"", ""opze"", ""os?:"", ""ouud"", ""p lt"", ""p' k"", ""p-77"", ""pcu/"", ""pftp"", ""pis:"", ""pls "", ""poht"", ""pouu"", ""pp/m"", ""ppt."", ""ppu/"", ""psek"", ""pt/i"", ""pu/r"", ""pymi"", ""pz s"", ""qnd "", ""qrda"", ""r-dn"", ""r/gw"", ""r2 c"", ""rb/b"", ""rbop"", ""rg! "", ""rgd "", ""rha\"""", ""rhej"", ""rkls"", ""rn/k"", ""rp-7"", ""rppo"", ""rpuo"", ""rqrd"", ""rr/m"", ""ruk!"", ""ruzc"", ""ryeh"", ""s&m/"", ""s/14"", ""s/ok"", ""s@si"", ""sa\"" "", ""sb-1"", ""sbb "", ""sbe!"", ""sfax"", ""shdt"", ""sivy"", ""six!"", ""sk/l"", ""smoj"", ""so/m"", ""sod'"", ""sspc"", ""ssu:"", ""str-"", ""stu-"", ""su/j"", ""syss"", ""t \""r"", ""t-ob"", ""temw"", ""tje-"", ""tr-d"", ""tu-m"", ""tv-q"", ""tzco"", ""tzme"", ""tzo'"", ""u 08"", ""u/le"", ""u/ve"", ""u/zu"", ""uabh"", ""uasu"", ""uf?!"", ""ufgu"", ""uhef"", ""uhn/"", ""uk-3"", ""ul-i"", ""uoss"", ""upaw"", ""upls"", ""uvoa"", ""uze,"", ""v-qu"", ""v?/t"", ""ve-z"", ""vg10"", ""vifs"", ""vl-v"", ""vsat"", ""vunm"", ""vyzr"", ""w ew"", ""w/as"", ""w/s&"", ""we/e"", ""wg -"", ""whob"", ""wm.."", ""wpac"", ""wpop"", ""wu 0"", ""wutp"", ""x-vg"", ""xba "", ""xin,"", ""xrp-"", ""y ls"", ""y v/"", ""y-iv"", ""y-yl"", ""y/g-"", ""y?.."", ""ya- "", ""yeh!"", ""yisy"", ""yk e"", ""yll-"", ""ymy-"", ""yrei"", ""yt &"", ""yulr"", ""yzra"", ""z/ke"", ""zcaf"", ""zey'"", ""zi. "", ""zkom"", ""zu-h"", ""zy!!"", ""~ de"", ""~ li""]",463,1,155,0.0064516129032258064
5,block_infix_fingerprint_v005.json,256,local_split_entropy_equivalence_classes,154,4,0.0,0.05,title,title,110," ""hi","["" \""hi"", "" $13"", "" $4."", "" 'x "", "" (bb"", "" (gy"", "" (nm"", "" (tn"", "" 1+1"", "" 13p"", "" 2/k"", "" 5/6"", "" 9-b"", "" 9-g"", "" 9-k"", "" bd7"", "" cx5"", "" d-o"", "" dws"", "" ed;"", "" g'm"", "" h w"", "" ke!"", "" lcb"", "" ls4"", "" m k"", "" q k"", "" t u"", "" yii"", ""! q "", ""! z "", ""!/gr"", ""\""hi\"""", ""#3 t"", ""$130"", ""& 06"", ""'; m"", ""'kif"", ""'s/a"", ""'uh/"", ""'x f"", ""(bbv"", ""(cop"", ""(gye"", ""(net"", ""(nm)"", ""(tn)"", ""(v1."", ""), o"", "")tus"", "")~!!"", "", 'k"", "", ck"", ""- 5/"", ""- m'"", ""-20-"", ""-555"", ""-ak "", ""-caw"", ""-d'u"", ""-d/m"", ""-hey"", ""-ihm"", ""-l a"", ""-v e"", ""-ve-"", ""-wro"", ""-yol"", "".01)"", ""/3 o"", ""/9.9"", ""/abi"", ""/ahh"", ""/anv"", ""/b.g"", ""/c+c"", ""/e.g"", ""/gad"", ""/mdl"", ""/ome"", ""/puc"", ""/sqo"", ""/t.j"", ""0 (c"", ""01):"", ""05 &"", ""0s. "", ""1 9-"", ""1-55"", ""11 9"", ""130,"", ""13pt"", ""2/e."", ""2/ki"", ""3pt "", ""4. -"", ""40s."", ""42/e"", ""43:1"", ""475:"", ""5 mr"", ""5-ve"", ""5/6 "", ""55-v"", ""6, v"", ""60-4"", ""68.9"", ""9 ds"", ""9-bu"", ""9-by"", ""9-ga"", ""; pi"", ""; te"", ""?!/t"", ""?/hu"", ""?/ip"", ""@ gw"", ""@tti"", ""a g'"", ""a)~!"", ""aa)~"", ""aa-j"", ""aa/d"", ""aag!"", ""adt."", ""af/o"", ""agzu"", ""aje."", ""amd "", ""aou/"", ""apsj"", ""aqq "", ""ark2"", ""awio"", ""axl,"", ""b dj"", ""b/ch"", ""b?/h"", ""baa)"", ""bbv)"", ""bik/"", ""biz?"", ""c-ca"", ""c/ke"", ""cawf"", ""caww"", ""cm u"", ""cte/"", ""d 9p"", ""d) f"", ""d./m"", ""d; r"", ""dde-"", ""dds;"", ""deii"", ""devn"", ""dey/"", ""dkee"", ""dr.d"", ""ds/9"", ""dwsa"", ""e $t"", ""e 7d"", ""e 8,"", ""e lc"", ""e ue"", ""e)tu"", ""e-d'"", ""e/ t"", ""eahc"", ""eaue"", ""eee-"", ""eef."", ""efuj"", ""egu,"", ""eke?"", ""em'h"", ""eniw"", ""ens;"", ""eu!?"", ""evnt"", ""f./s"", ""f/dr"", ""fpau"", ""fu. "", ""g hn"", ""g j,"", ""g'ma"", ""g-d/"", ""g; '"", ""ggpi"", ""gozb"", ""gpir"", ""gtsb"", ""gzuc"", ""h s,"", ""h; p"", ""hcim"", ""hdej"", ""hm.."", ""hn.c"", ""hnif"", ""hou)"", ""hyly"", ""i\"" s"", ""i-lh"", ""i-tt"", ""i?!/"", ""ic/k"", ""ich;"", ""idlu"", ""ig/i"", ""ik!'"", ""ik- "", ""ik/l"", ""ik/y"", ""inpf"", ""ip @"", ""ir/i"", ""isc9"", ""itu/"", ""iv):"", ""ixli"", ""ixx/"", ""j's/"", ""jem'"", ""ji?!"", ""jmah"", ""jnvl"", ""jr n"", ""k- o"", ""k-mi"", ""k/i'"", ""k2 t"", ""ka/n"", ""kdit"", ""ked)"", ""kje."", ""koaj"", ""koia"", ""kyy/"", ""l qm"", ""l/b."", ""l/ed"", ""lcbo"", ""le/ "", ""lpyn"", ""ls46"", ""luvc"", ""lvah"", ""lyo,"", ""m 3s"", ""m!/g"", ""md t"", ""md/t"", ""mdlt"", ""me-1"", ""n 1+"", ""n 8p"", ""n f1"", ""n l "", ""n/ah"", ""n/md"", ""nea'"", ""ni?-"", ""nm) "", ""nogb"", ""nt-x"", ""nu-p"", ""nui,"", ""nyll"", ""o \""h"", ""o'; "", ""o/wo"", ""oapl"", ""oapu"", ""obhe"", ""ogug"", ""omqu"", ""omyr"", ""on-4"", ""oomq"", ""orzn"", ""ouzp"", ""ox' "", ""p @ "", ""p p."", ""p' m"", ""p-15"", ""p-i-"", ""p/60"", ""pds?"", ""pekj"", ""pfpa"", ""ph/k"", ""pmd/"", ""pp/6"", ""pynt"", ""q hu"", ""q ku"", ""qmar"", ""qott"", ""qq o"", ""r tx"", ""r-v "", ""r/d'"", ""r/gn"", ""re'?"", ""re)t"", ""rerp"", ""rf/d"", ""rf/n"", ""rk2 "", ""rlym"", ""ro';"", ""ru/d"", ""ru/o"", ""s 8p"", ""s- c"", ""s/9."", ""s/b."", ""s460"", ""s; '"", ""s@tt"", ""sc10"", ""sck/"", ""seeo"", ""seg?"", ""sf-s"", ""sfn:"", ""sm/f"", ""sqot"", ""stzy"", ""sv b"", ""syju"", ""syo!"", ""t pm"", ""t xf"", ""t-mu"", ""t/tl"", ""t5: "", ""tacq"", ""tetj"", ""thm."", ""tkuh"", ""tmi-"", ""tn m"", ""tn) "", ""toap"", ""ttno"", ""tx w"", ""tyl!"", ""tzyn"", ""u 9-"", ""u/cr"", ""u/om"", ""uft:"", ""ufu."", ""uh/n"", ""ujr "", ""ukh,"", ""unnl"", ""uzpi"", ""v): "", ""v1.0"", ""vaa."", ""vcas"", ""vims"", ""vntu"", ""vute"", ""wa?/"", ""wal'"", ""wii/"", ""wion"", ""wk/o"", ""wl!?"", ""wn-e"", ""wonc"", ""wsar"", ""x-10"", ""x-l "", ""x/ar"", ""x/te"", ""xl, "", ""xor?"", ""xt! "", ""xwei"", ""xx/s"", ""xxth"", ""y-sw"", ""y/c+"", ""ya 4"", ""yczo"", ""ye +"", ""yiii"", ""yjuc"", ""ynyl"", ""yonv"", ""ystm"", ""yy/d"", ""yyka"", ""yyny"", ""zenq"", ""zig/"", ""zo'o"", ""zosz"", ""zu/c"", ""zziv""]",408,1,155,0.0064516129032258064
5,block_infix_fingerprint_v005.json,256,local_split_entropy_equivalence_classes,154,4,0.0,0.05,title,title,111," ""i ","["" \""i ""]",1,3,155,0.01935483870967742
5,block_infix_fingerprint_v005.json,256,local_split_entropy_equivalence_classes,154,4,0.0,0.05,title,title,112," ""in","["" \""in"", ""eepk""]",2,2,155,0.012903225806451613
5,block_infix_fingerprint_v005.json,256,local_split_entropy_equivalence_classes,154,4,0.0,0.05,title,title,113," ""ji","["" \""ji"", "" #05"", "" $23"", "" & \"""", "" '.0"", "" '1e"", "" 'ey"", "" 'gt"", "" 13g"", "" 15z"", "" 3co"", "" 738"", "" 75%"", "" 757"", "" 759"", "" 764"", "" 784"", "" 790"", "" 795"", "" 7a/"", "" 80)"", "" 803"", "" 812"", "" 817"", "" 818"", "" 836"", "" 842"", "" 844"", "" 858"", "" 868"", "" 874"", "" 878"", "" 892"", "" 899"", "" 938"", "" 952"", "" 975"", "" cph"", "" dy/"", "" g'b"", "" ia)"", "" k3!"", "" mwy"", "" s&p"", "" tpc"", "" v3s"", "" vm-"", "" wb2"", "" wr "", "" wrt"", ""! ep"", ""! ie"", ""! k-"", ""!/ab"", ""!nik"", ""\"" ap"", ""\""jim"", ""$.t."", ""$23."", ""% be"", ""& \""j"", ""& g'"", ""&b p"", ""&sol"", ""' 92"", ""'.07"", ""'/to"", ""'1e'"", ""'ett"", ""'eye"", ""'fiu"", ""'fot"", ""'gt-"", ""'jag"", ""'nol"", ""'tac"", ""'upo"", ""(elf"", ""(fig"", ""(gud"", ""(k)h"", ""(vil"", "")hau"", ""- 7a"", ""- n6"", ""-2.0"", ""-5 f"", ""-5 u"", ""-732"", ""-bij"", ""-heu"", ""-mab"", ""-r' "", ""-tzc"", ""-zoe"", "".$.t"", "".07%"", "".eug"", "".u.$"", ""/110"", ""/48."", ""/amr"", ""/arj"", ""/irw"", ""/lub"", ""/lyd"", ""0-gu"", ""0/th"", ""00/t"", ""07%'"", ""08-t"", ""136-"", ""13go"", ""14-i"", ""15zl"", ""173-"", ""178-"", ""1e' "", ""2-1/"", ""2-ma"", ""2-th"", ""2/fi"", ""2/he"", ""252-"", ""282-"", ""2wik"", ""3-ko"", ""3-pr"", ""30-7"", ""304:"", ""308-"", ""314-"", ""335-"", ""35-i"", ""36-g"", ""3com"", ""4 (e"", ""429:"", ""462/"", ""47-e"", ""492-"", ""5 18"", ""5 26"", ""5 uk"", ""5% b"", ""5-ir"", ""52-m"", ""6/9 "", ""62/1"", ""68-7"", ""7-ev"", ""73-p"", ""75% "", ""78-v"", ""7a/r"", ""8-75"", ""8-va"", ""8.5c"", ""82-t"", ""97/1"", ""9:12"", ""? 19"", ""? oi"", ""?! e"", ""@weg"", ""a ~ "", ""aaa'"", ""ai'r"", ""aiu!"", ""ajcz"", ""aktb"", ""anjl"", ""awp "", ""az'l"", ""b-ey"", ""b/ir"", ""b25 "", ""b2wi"", ""bai)"", ""baxi"", ""bc':"", ""bg &"", ""bia;"", ""bsah"", ""bu) "", ""c hq"", ""c/sp"", ""ced."", ""cfee"", ""ckoe"", ""ckz "", ""coa/"", ""cphp"", ""cue;"", ""cy $"", ""d cp"", ""d pn"", ""d sg"", ""d/em"", ""dcaa"", ""ddoh"", ""dnr:"", ""do':"", ""dor3"", ""dt- "", ""dtsh"", ""dttr"", ""dtvs"", ""dykl"", ""dysd"", ""e&so"", ""e-iv"", ""e.tr"", ""e/jm"", ""eb/i"", ""eedj"", ""eidd"", ""eimy"", ""eipy"", ""ek-r"", ""elkb"", ""eoib"", ""ep??"", ""epsd"", ""eu/h"", ""ez-k"", ""e~! "", ""f 84"", ""f dn"", ""f/ho"", ""fd z"", ""fft!"", ""fsaa"", ""ft.l"", ""fuup"", ""fwaa"", ""g q&"", ""g!/m"", ""g'by"", ""g4ce"", ""gafw"", ""gaz'"", ""gee."", ""geec"", ""gg-f"", ""ghi'"", ""gilj"", ""glyt"", ""gmab"", ""go'f"", ""gtot"", ""gwah"", ""h'fi"", ""h-vi"", ""hawp"", ""hc z"", ""he/n"", ""hieo"", ""higk"", ""hin@"", ""hpix"", ""hwi-"", ""hwya"", ""hwyl"", ""i'ol"", ""i-tz"", ""iai'"", ""iehg"", ""ifea"", ""igkr"", ""ii/p"", ""ijfl"", ""iku?"", ""im/g"", ""in@w"", ""ipyu"", ""is/u"", ""it'/"", ""iu! "", ""iu-s"", ""ix ~"", ""jamt"", ""jfli"", ""jjih"", ""jkva"", ""jo #"", ""k' 9"", ""k)ha"", ""k-2."", ""k/ea"", ""kbos"", ""ke&s"", ""keg!"", ""kla'"", ""koed"", ""kon."", ""ktbi"", ""kwa,"", ""kz f"", ""l? r"", ""lav,"", ""ld!)"", ""lf) "", ""lmwi"", ""lon\"""", ""loo."", ""lp/d"", ""lsdu"", ""lurv"", ""lygb"", ""m 3c"", ""m-sc"", ""m-ve"", ""m/cr"", ""m/ms"", ""ma'e"", ""mewn"", ""mipp"", ""mlow"", ""mnto"", ""mo!?"", ""mo-e"", ""msub"", ""mts."", ""mwyn"", ""n '."", ""n e,"", ""n\"" a"", ""n@we"", ""na ~"", ""nd'r"", ""ndsj"", ""ne?'"", ""njli"", ""nkiw"", ""nmax"", ""nokp"", ""nozn"", ""npao"", ""nsg'"", ""nulc"", ""nzru"", ""o k3"", ""o-eh"", ""o/48"", ""o/za"", ""oeib"", ""ofn "", ""oidb"", ""ojkv"", ""oke&"", ""optv"", ""orfz"", ""os25"", ""oz/b"", ""p f-"", ""p/ka"", ""p/sk"", ""pa'i"", ""padt"", ""pal!"", ""ph j"", ""phpi"", ""poip"", ""pox:"", ""psdy"", ""pu'o"", ""r hw"", ""r mw"", ""re~!"", ""rfze"", ""rghm"", ""rjoh"", ""rldf"", ""rrna"", ""rs.b"", ""rty5"", ""s vp"", ""s&p "", ""s. ?"", ""s.bl"", ""s136"", ""s173"", ""s178"", ""s252"", ""s282"", ""s3 l"", ""s308"", ""s314"", ""s335"", ""sdyn"", ""sh'f"", ""smiu"", ""sp z"", ""spa/"", ""sufe"", ""t tp"", ""t'/t"", ""t-30"", ""t-r'"", ""t/kl"", ""tcoc"", ""tdca"", ""the)"", ""tiu-"", ""tnbc"", ""toy?"", ""ty5 "", ""tyoe"", ""tz!n"", ""u bn"", ""u) r"", ""u.$."", ""ufko"", ""uh-v"", ""unzr"", ""ure~"", ""urf)"", ""uzo-"", ""va'o"", ""veak"", ""vm-g"", ""w! g"", ""w-we"", ""w.eu"", ""w/do"", ""w/ly"", ""wasj"", ""wb2w"", ""wi'n"", ""wik,"", ""wks!"", ""wosh"", ""wp b"", ""wrth"", ""wyai"", ""wyl "", ""xat "", ""xen?"", ""y $2"", ""y lb"", ""y5 s"", ""ya/r"", ""yaid"", ""ydeu"", ""yeen"", ""ygbi"", ""yo-f"", ""ysms"", ""ysz "", ""yvo "", ""z ov"", ""z!ni"", ""z'la"", ""zcen"", ""zkot"", ""zo/4"", ""zo/z"", ""zufk"", ""zy-h"", ""~! d"", ""~! p""]",462,1,155,0.0064516129032258064
5,block_infix_fingerprint_v005.json,256,local_split_entropy_equivalence_classes,154,4,0.0,0.05,title,title,114," ""kd","["" \""kd"", "" #2'"", "" $3 "", "" (yu"", "" 1!!"", "" 41,"", "" 4d'"", "" e55"", "" etj"", "" evk"", "" idn"", "" iup"", "" l h"", "" mkz"", "" o'q"", "" pi/"", "" u? "", "" w/t"", "" wc-"", "" xus"", "" z/z"", ""! oa"", ""!/fe"", ""\""cou"", ""\""exp"", ""\""kd\"""", ""\""tal"", ""#012"", ""#2':"", ""#tha"", ""$3 m"", ""' 24"", ""'-ng"", ""'/fr"", ""'81 "", ""': '"", ""'a'-"", ""'doy"", ""'ny'"", ""'reg"", ""(mao"", ""(na)"", ""(se)"", ""(yup"", "") 's"", "")mer"", "", 4/"", "", mb"", "", yt"", ""-165"", ""-30/"", ""-9/0"", ""-a-a"", ""-au/"", ""-bu!"", ""-kix"", ""-qum"", ""-ute"", "". 1!"", ""..us"", "".5. "", "".5.2"", "".h: "", "".us "", "".war"", ""/1 o"", ""/1 p"", ""/247"", ""0 8t"", ""0-gi"", ""0/00"", ""026:"", ""08s,"", ""0i g"", ""0z r"", ""2 rs"", ""2-re"", ""2.1."", ""246/"", ""25-k"", ""27ji"", ""3 ol"", ""3 u "", ""3.5."", ""30/0"", ""4 1s"", ""4 ub"", ""4/sw"", ""41, "", ""46/2"", ""4d c"", ""4d' "", ""5-ko"", ""5. -"", ""50i "", ""550i"", ""5son"", ""6/24"", ""642-"", ""656-"", ""70z "", ""7jik"", ""808s"", ""839-"", ""8s, "", "": \""c"", "": \""e"", "":mix"", "":sig"", ""<3 u"", ""= 2 "", ""= ic"", ""?/ea"", ""?/pu"", ""?: j"", ""@sch"", ""a'-n"", ""a)me"", ""a-16"", ""a-9/"", ""a-t?"", ""ac'h"", ""aji/"", ""ajsp"", ""akeq"", ""aq q"", ""arhv"", ""b ub"", ""bas/"", ""bb/k"", ""bcs/"", ""bekm"", ""bnob"", ""bo $"", ""bodw"", ""bowo"", ""btez"", ""butm"", ""c #9"", ""c!/f"", ""c-ry"", ""c/du"", ""c/iv"", ""c/lu"", ""ce!'"", ""cfis"", ""cio-"", ""ckzo"", ""cla2"", ""cloh"", ""cnd "", ""co2-"", ""czud"", ""d\"" d"", ""d/kr"", ""d:si"", ""ddum"", ""dp r"", ""dt/h"", ""dugl"", ""dymy"", ""dzyp"", ""e/1s"", ""e/og"", ""e550"", ""e:mi"", ""eac'"", ""eacq"", ""eaf!"", ""ed:s"", ""efey"", ""egi'"", ""egnv"", ""ei-a"", ""ejti"", ""ejvy"", ""elf\"""", ""epi?"", ""er22"", ""erc/"", ""erv'"", ""euf:"", ""ev/z"", ""evku"", ""ewtm"", ""eyrl"", ""ez) "", ""ezu/"", ""f! n"", ""f/hi"", ""fa-h"", ""fa/i"", ""ffa-"", ""ffos"", ""ffsw"", ""fir-"", ""fitb"", ""fm &"", ""fswo"", ""g \""t"", ""g?/l"", ""g?/s"", ""gan\"""", ""ggo/"", ""gh ."", ""gis'"", ""gmt "", ""gnve"", ""gry'"", ""gs!!"", ""gt2 "", ""gu!?"", ""gzap"", ""h 1a"", ""h rp"", ""h), "", ""h-gn"", ""haev"", ""hl? "", ""hmev"", ""hms?"", ""hom!"", ""i (y"", ""ic-r"", ""idke"", ""idy!"", ""iemv"", ""iepz"", ""ietv"", ""ifa/"", ""iigu"", ""ilf!"", ""in \"""", ""incc"", ""io-e"", ""ion@"", ""iutl"", ""izuw"", ""j o'"", ""ja/e"", ""jde!"", ""jeat"", ""ji/n"", ""ji/r"", ""jl c"", ""jobw"", ""jspo"", ""jsps"", ""jtic"", ""jvys"", ""ka/d"", ""kd\"" "", ""ke'!"", ""kequ"", ""kiei"", ""klyc"", ""kmam"", ""kop:"", ""kuep"", ""kuqu"", ""l' ("", ""letx"", ""lew'"", ""lgde"", ""lgua"", ""lheb"", ""loe!"", ""lor\"""", ""ltv "", ""lul?"", ""lvd:"", ""ly??"", ""m! u"", ""m108"", ""m2ni"", ""m?/p"", ""md o"", ""mi/r"", ""mlaf"", ""mobn"", ""moez"", ""muvm"", ""n \""k"", ""n rl"", ""n'/f"", ""n/1 "", ""n@sc"", ""na)m"", ""ncci"", ""ncth"", ""nea!"", ""ng \"""", ""nk ="", ""nry?"", ""nuzl"", ""nwoc"", ""o $3"", ""o m5"", ""o u?"", ""o z/"", ""o'em"", ""o/ru"", ""o2-r"", ""o?/a"", ""obwu"", ""oc!/"", ""oezu"", ""ofvi"", ""oh),"", ""oht?"", ""oizs"", ""ojid"", ""ok #"", ""ol-r"", ""om!?"", ""on@s"", ""ooh)"", ""opt:"", ""orvl"", ""ov/r"", ""oydm"", ""oyu/"", ""p. q"", ""pf 0"", ""pg p"", ""pi/f"", ""pic'"", ""pj o"", ""pkod"", ""pm2n"", ""pom/"", ""popv"", ""pp-a"", ""ppi/"", ""ppja"", ""pub."", ""pwn "", ""pyln"", ""pzee"", ""q qu"", ""q-kl"", ""qaga"", ""qi 1"", ""qua!"", ""quao"", ""qumi"", ""r 4-"", ""r/ig"", ""r/oi"", ""r226"", ""r5so"", ""r60 "", ""r?/e"", ""rc/l"", ""rek)"", ""rhva"", ""rjuv"", ""rl/h"", ""rn/y"", ""rpm2"", ""rsm,"", ""rss "", ""rth;"", ""s iu"", ""s-sw"", ""s.h:"", ""s/1 "", ""s/ee"", ""s7 g"", ""sev?"", ""sew!"", ""sk/q"", ""smi,"", ""so'e"", ""spd,"", ""spsk"", ""ss7 "", ""t! z"", ""t-sq"", ""t2 r"", ""ter2"", ""tez)"", ""tofv"", ""tov/"", ""tpow"", ""ts/1"", ""tuz,"", ""tv'."", ""txas"", ""typ?"", ""tzeg"", ""u? l"", ""ua!!"", ""udgw"", ""uemp"", ""ugnt"", ""uly?"", ""umsg"", ""us)!"", ""uxey"", ""v'. "", ""v/ri"", ""v/zh"", ""viz,"", ""vkag"", ""vkur"", ""w/ev"", ""wag?"", ""wc-s"", ""wde?"", ""wnoc"", ""wp t"", ""wp w"", ""wry'"", ""wtma"", ""x oa"", ""xey-"", ""xfri"", ""y k'"", ""y s1"", ""ya/g"", ""yah/"", ""yco:"", ""ydmi"", ""yss!"", ""yu/s"", ""yui,"", ""yysl"", ""z (f"", ""z e5"", ""z) f"", ""z/zo"", ""zshe"", ""zu/h"", ""zus)""]",435,1,155,0.0064516129032258064
5,block_infix_fingerprint_v005.json,256,local_split_entropy_equivalence_classes,154,4,0.0,0.05,title,title,115," ""ki","["" \""ki"", "" #4."", "" #7/"", "" 't-"", "" - \"""", "" 33n"", "" 35?"", "" 4-m"", "" 5-a"", "" 6-m"", "" c-/"", "" dl "", "" e.?"", "" hjs"", "" io-"", "" jl?"", "" k-m"", "" kjz"", "" mrb"", "" oan"", "" tw "", "" u-3"", "" v-j"", ""! cd"", ""!, f"", ""!/ye"", ""\""kib"", ""#7/e"", ""$2.2"", ""$hot"", ""& bj"", ""&b, "", ""'f l"", ""'fix"", ""'t-b"", ""(a.m"", ""(geo"", ""(psy"", "")/ch"", ""*o*s"", ""*s*t"", "", tj"", ""- \""t"", ""--je"", ""-/ba"", ""-06b"", ""-31 "", ""-5-4"", ""-bev"", ""-ect"", ""-iat"", ""-ruv"", "". k'"", "".2 m"", "".r, "", "".y.?"", ""/ em"", ""/ oa"", ""/c.p"", ""/caw"", ""/ewa"", ""/t f"", ""/wik"", ""0-ca"", ""1 (#"", ""105b"", ""114b"", ""116a"", ""116b"", ""121b"", ""122a"", ""123a"", ""127b"", ""130a"", ""18-5"", ""2 33"", ""2-ap"", ""2.2 "", ""202?"", ""2k, "", ""3/ep"", ""33nd"", ""348 "", ""3d!)"", ""4g/h"", ""4gof"", ""5-au"", ""6-ma"", ""60s?"", ""7/ep"", ""8 p."", ""8-5-"", ""890-"", ""894k"", ""901k"", ""902k"", ""903k"", ""90s,"", "": v-"", ""@ sa"", ""a tn"", ""al \"""", ""apox"", ""binv"", ""boz'"", ""c-/b"", ""c/ni"", ""ci/m"", ""clyb"", ""coka"", ""cwho"", ""cy/g"", ""d jl"", ""d lh"", ""d&b,"", ""d) -"", ""d/od"", ""dc o"", ""ddpe"", ""dlym"", ""dpet"", ""ds ~"", ""dtff"", ""dud/"", ""dvs "", ""dyps"", ""d~ p"", ""e--j"", ""eeet"", ""els&"", ""eul:"", ""ey $"", ""eygr"", ""eyyy"", ""ez)/"", ""f? 5"", ""fad/"", ""fld:"", ""gaup"", ""gdiy"", ""gh/z"", ""gh?'"", ""gilh"", ""glyv"", ""gu-r"", ""gyue"", ""h\"" o"", ""h-et"", ""he!)"", ""he/c"", ""hub'"", ""huy:"", ""i/ry"", ""io-w"", ""iz/u"", ""j j "", ""j/si"", ""je-r"", ""jimf"", ""jzz "", ""kfru"", ""kjzz"", ""koy4"", ""kuz-"", ""ky!/"", ""l \""s"", ""l u-"", ""l*o*"", ""l-ec"", ""lke-"", ""ls& "", ""ls)/"", ""ltwo"", ""ly-j"", ""m/mr"", ""mixy"", ""modf"", ""morw"", ""mrbb"", ""n'f "", ""n/k'"", ""n? l"", ""n?/j"", ""nc/d"", ""ne $"", ""ne--"", ""nniz"", ""ns'b"", ""nt +"", ""nx/m"", ""o*s*"", ""o/et"", ""oc-t"", ""od~ "", ""okyp"", ""oob/"", ""ood~"", ""orwh"", ""osh\"""", ""oy/o"", ""oy4g"", ""oy??"", ""p.r,"", ""p/c."", ""pez)"", ""po/n"", ""poxa"", ""psab"", ""pto,"", ""pwea"", ""py?'"", ""q fr"", ""r)/c"", ""r/t "", ""rag?"", ""re!,"", ""rktr"", ""rlz:"", ""rps/"", ""rr/b"", ""rt??"", ""rth\"""", ""rugc"", ""ruvy"", ""rvys"", ""ryl?"", ""s $2"", ""s nc"", ""s& m"", ""s)/b"", ""s- m"", ""sa?)"", ""sby\"""", ""sh\"" "", ""t 5-"", ""t./p"", ""t/ew"", ""t/k'"", ""tab/"", ""tax/"", ""tj e"", ""tl' "", ""tt/e"", ""ttl'"", ""tv/e"", ""tw h"", ""ty-u"", ""u-31"", ""ug-m"", ""ugco"", ""un/k"", ""una)"", ""ur/n"", ""uvu/"", ""ux/f"", ""uy/y"", ""uz-c"", ""v/ev"", ""v8 s"", ""vu/b"", ""w jr"", ""w/ o"", ""wd/e"", ""whas"", ""xaly"", ""xee "", ""y $h"", ""y 6-"", ""y!/y"", ""y-ea"", ""y-o-"", ""y-v-"", ""y2k,"", ""y4go"", ""ye/d"", ""ys/n"", ""ytip"", ""yyy?"", ""z' w"", ""z)/h"", ""z-co"", ""z/bl"", ""z/to"", ""z/va"", ""za/k"", ""zco'"", ""zcok"", ""zz/j"", ""~ pa""]",289,1,155,0.0064516129032258064
5,block_infix_fingerprint_v005.json,256,local_split_entropy_equivalence_classes,154,4,0.0,0.05,title,title,116," ""m""","["" \""m\"""", "" \""ou"", "" \""wo"", "" #6-"", "" &to"", "" (oe"", "" -vo"", "" 1-l"", "" 1:2"", "" 2/i"", "" 3\"" "", "" 3:4"", "" 63."", "" 77."", "" ax/"", "" bhl"", "" c'y"", "" e24"", "" ffr"", "" jbn"", "" m ("", "" o-h"", "" tbn"", "" usw"", "" wpk"", "" yu?"", "" zmu"", ""!/sy"", ""\"" bo"", ""\"" ma"", ""\""m\"" "", ""\""mag"", ""\""ouc"", ""\""toy"", ""\""wow"", ""#6-8"", ""$30k"", ""% mu"", ""&e t"", ""&tob"", ""'50/"", ""'53/"", ""'78?"", ""(50)"", ""(ask"", ""(ben"", ""(dep"", ""(hur"", ""(oeg"", ""(pet"", ""(vle"", ""(y c"", "") ok"", ""+500"", "", wp"", ""- 48"", ""- ft"", ""-262"", ""-7/t"", ""-73)"", ""-81)"", ""-hoa"", ""-l20"", ""-t i"", ""-teg"", ""-ult"", ""-urh"", ""-yo:"", "". hd"", "". ij"", "".!' "", "".'st"", ""..'s"", "".004"", "".3 r"", "".b.0"", "".di "", "".gar"", "".k.b"", ""//ta"", ""/19 "", ""/50'"", ""/50s"", ""/acq"", ""/ayl"", ""/gnu"", ""/pry"", ""/rej"", ""/s.i"", ""/tb/"", ""/usi"", ""/yem"", ""0' w"", ""0) g"", ""0/a "", ""0/ma"", ""03/s"", ""071-"", ""0vor"", ""1-l2"", ""1-nu"", ""1..2"", ""1/bl"", ""1/sk"", ""10vo"", ""12,0"", ""175:"", ""183 "", ""19/c"", ""1:2-"", ""2-an"", ""2..3"", ""2/i "", ""2/is"", ""20/a"", ""24in"", ""25i "", ""2k/s"", ""3\"" m"", ""3-81"", ""3-as"", ""3/to"", ""30k "", ""31 q"", ""31 w"", ""32/c"", ""3:4-"", ""3esk"", ""4 w/"", ""4-7/"", ""41/s"", ""42 l"", ""47 e"", ""4ins"", ""4mer"", ""4pop"", ""50) "", ""53/t"", ""5i o"", ""6 ue"", ""605b"", ""7-71"", ""71-n"", ""72 w"", ""820/"", ""83 b"", ""893-"", ""9 c."", ""9-to"", ""9. p"", ""9/ch"", ""90-8"", ""9ine"", "": km"", "":1-4"", "":2-6"", "":4-8"", ""= wi"", ""? fl"", ""? wt"", ""?/cl"", ""?/zi"", ""_por"", ""a 9t"", ""a qw"", ""a-t "", ""a_po"", ""aag)"", ""agdb"", ""ahfu"", ""ajn!"", ""anw:"", ""app?"", ""aua'"", ""ax/v"", ""axad"", ""b&bs"", ""b.00"", ""b/ci"", ""b/da"", ""bafi"", ""bbs?"", ""bfl7"", ""bh p"", ""boav"", ""boyp"", ""bq u"", ""brzd"", ""bsgc"", ""bskr"", ""bysv"", ""bz'e"", ""c'ye"", ""ca-8"", ""ch\"" "", ""chx!"", ""cniq"", ""cr -"", ""d @t"", ""dadl"", ""dhdt"", ""dopj"", ""dssu"", ""dzje"", ""e-26"", ""e/tb"", ""e4me"", ""ed)'"", ""edzj"", ""eezb"", ""elcz"", ""emdu"", ""emf'"", ""en/'"", ""eyic"", ""f bd"", ""f xl"", ""fauf"", ""ffth"", ""fim,"", ""fl11"", ""fl7:"", ""fs-t"", ""g bs"", ""g-ef"", ""g/gn"", ""g/zo"", ""g? i"", ""gaub"", ""gcas"", ""gd ("", ""gdbe"", ""gee/"", ""gem)"", ""ggi/"", ""gsbj"", ""gui'"", ""guun"", ""gyay"", ""h tb"", ""h\"" s"", ""h'ul"", ""h/s."", ""h2 q"", ""h? f"", ""hd/s"", ""hliy"", ""hlt'"", ""hms'"", ""hu #"", ""hx-1"", ""i'm,"", ""i/gi"", ""i/sm"", ""ia!/"", ""icy?"", ""ig-f"", ""igrr"", ""ijcy"", ""il+5"", ""io12"", ""je ="", ""jes-"", ""jp, "", ""k./n"", ""k.b."", ""k//t"", ""kow."", ""ku/w"", ""l 07"", ""l+50"", ""l./c"", ""l/sk"", ""l11:"", ""le!)"", ""ll/5"", ""lmi,"", ""lp/r"", ""lpim"", ""lsp "", ""lt.g"", ""lu-j"", ""luhb"", ""lz c"", ""m\"" b"", ""mbop"", ""md e"", ""mduh"", ""me-2"", ""memd"", ""mi/h"", ""mir/"", ""mirb"", ""mmi?"", ""mo/g"", ""moc,"", ""mur."", ""my \"""", ""n t,"", ""n'si"", ""n/'p"", ""n/b-"", ""ngh'"", ""nio1"", ""nt.c"", ""ntss"", ""nvac"", ""o-5 "", ""o12 "", ""ocru"", ""odix"", ""odsg"", ""oek)"", ""oelj"", ""ok/u"", ""ooob"", ""or/3"", ""or10"", ""ora_"", ""ots)"", ""ovsc"", ""oypr"", ""ozew"", ""p 1-"", ""p/od"", ""p105"", ""pc-7"", ""pcem"", ""pedh"", ""pk-t"", ""pm w"", ""psi'"", ""pt-t"", ""ptn'"", ""pu-u"", ""q un"", ""qwen"", ""r)/a"", ""r.di"", ""r/13"", ""r/3 "", ""r/eg"", ""ra/y"", ""ra_p"", ""radp"", ""rdt?"", ""reua"", ""rewz"", ""rfk:"", ""rkny"", ""rlo/"", ""rmmm"", ""rnty"", ""rof'"", ""rrmm"", ""rryg"", ""rsa/"", ""rul!"", ""rye,"", ""rzdy"", ""rzoi"", ""s/ay"", ""s/dw"", ""sduf"", ""sgca"", ""sh'u"", ""sh-g"", ""sil+"", ""sk-w"", ""skuz"", ""sp g"", ""ss/y"", ""stuw"", ""t ct"", ""t x!"", ""t!/u"", ""t.ga"", ""t/gy"", ""t?/z"", ""tb/d"", ""tchx"", ""tif'"", ""tje?"", ""tn's"", ""to-5"", ""tol;"", ""topj"", ""tutc"", ""tuwm"", ""txak"", ""tyxa"", ""tz-i"", ""u-ad"", ""u/ey"", ""u? u"", ""ua'i"", ""uch\"""", ""ue ."", ""ufs-"", ""uh y"", ""uhbi"", ""ui'm"", ""uiol"", ""ujje"", ""uk 5"", ""uk 6"", ""ul-o"", ""ula\"""", ""uswo"", ""ut !"", ""uwme"", ""uxep"", ""vdec"", ""vor1"", ""w. o"", ""wmee"", ""wow\"""", ""wpk-"", ""x ly"", ""x/vi"", ""xaku"", ""xi/f"", ""xn x"", ""xsce"", ""y \""o"", ""y 3\"""", ""yak."", ""yen/"", ""yna."", ""yo.\"""", ""yxai"", ""yzel"", ""z 25"", ""z ek"", ""z-iv"", ""zbo'"", ""zi/a"", ""zivc"", ""zte/"", ""zzun""]",440,1,155,0.0064516129032258064
5,block_infix_fingerprint_v005.json,256,local_split_entropy_equivalence_classes,154,4,0.0,0.05,title,title,117," ""me","["" \""me""]",1,3,155,0.01935483870967742
5,block_infix_fingerprint_v005.json,256,local_split_entropy_equivalence_classes,154,4,0.0,0.05,title,title,118," ""mi","["" \""mi""]",1,3,155,0.01935483870967742
5,block_infix_fingerprint_v005.json,256,local_split_entropy_equivalence_classes,154,4,0.0,0.05,title,title,119," ""mr","["" \""mr"", "" e.e"", ""unkg""]",3,2,155,0.012903225806451613
5,block_infix_fingerprint_v005.json,256,local_split_entropy_equivalence_classes,154,4,0.0,0.05,title,title,120," ""no","["" \""no""]",1,5,155,0.03225806451612903
5,block_infix_fingerprint_v005.json,256,local_split_entropy_equivalence_classes,154,4,0.0,0.05,title,title,121," ""ot","["" \""ot"", "" ~gr"", ""!/zo"", ""\""oth"", ""/30-"", ""67.3"", ""7 it"", ""9.0 "", ""az. "", ""en)/"", ""g!/z"", ""ii-o"", ""ine\"""", ""lso:"", ""n kc"", ""n)/a"", ""o ~g"", ""w x "", ""waz.""]",19,2,155,0.012903225806451613
5,block_infix_fingerprint_v005.json,256,local_split_entropy_equivalence_classes,154,4,0.0,0.05,title,title,122," ""oz","["" \""oz"", "" 'ut"", "" (33"", "" + q"", "" f./"", "" h1n"", "" hhi"", "" lyy"", "" mhk"", "" mj'"", "" o &"", "" p/m"", "" po/"", "" t/s"", "" tsj"", "" xeo"", ""\""oz "", ""#608"", ""#619"", ""' ok"", ""' xm"", ""'-ab"", ""'byo"", ""'d!/"", ""'fav"", ""'so-"", ""'tek"", ""'toq"", ""'uts"", ""(12)"", ""(33)"", ""(kai"", "")t d"", ""*res"", ""+ ot"", ""+ pc"", ""+ ps"", ""+ qu"", "", m "", "",20,"", "",21,"", ""--al"", ""--ke"", ""-egl"", ""-ko/"", ""-oxo"", ""-p/s"", ""-rav"", ""-rii"", ""-ty?"", ""./ok"", ""/ ji"", ""/6 j"", ""/69/"", ""/abz"", ""/acd"", ""/etw"", ""/kfz"", ""/kup"", ""/l'o"", ""/lez"", ""/m 2"", ""/ma-"", ""/obg"", ""/sa "", ""/t.d"", ""/txt"", ""/vv "", ""/wiw"", ""/woc"", ""/zur"", ""0 (3"", ""0,21"", ""0.ep"", ""0e n"", ""1,22"", ""19,2"", ""2 ok"", ""20,2"", ""21,2"", ""2d's"", ""2f-1"", ""3 t/"", ""30em"", ""390t"", ""40.e"", ""42.e"", ""49 n"", ""50-6"", ""5e c"", ""68/6"", ""774-"", ""778-"", ""8/69"", ""8t/h"", ""9,20"", "": vn"", ""?/ve"", ""_anz"", ""a-ox"", ""acdc"", ""ad'd"", ""aepf"", ""ag-f"", ""aguh"", ""ahze"", ""apza"", ""argw"", ""as(s"", ""aunv"", ""awgi"", ""azyf"", ""b/ja"", ""bcol"", ""bg/l"", ""bgyn"", ""bo/c"", ""bopy"", ""bq k"", ""bux,"", ""c! h"", ""c-an"", ""c/ra"", ""c/te"", ""ccoi"", ""cdc/"", ""clu!"", ""cmay"", ""cs/o"", ""csa-"", ""cx-7"", ""d \""o"", ""d v4"", ""d!/i"", ""d!/w"", ""d'd!"", ""dbez"", ""dc/a"", ""dfax"", ""die_"", ""dvi/"", ""e h1"", ""e'-a"", ""e--k"", ""e-p/"", ""e-ut"", ""e_an"", ""ebco"", ""eeg!"", ""efno"", ""eg/j"", ""ekrs"", ""en!."", ""eoad"", ""eqa'"", ""esn-"", ""et?!"", ""ettj"", ""eukv"", ""f./n"", ""f2f-"", ""faeb"", ""fah!"", ""flu'"", ""fne "", ""fnoe"", ""fsal"", ""ful\"""", ""fz-v"", ""g-ic"", ""g/kf"", ""g4 c"", ""ga +"", ""ghbs"", ""go/y"", ""h!/w"", ""h?/h"", ""has("", ""has?"", ""hhis"", ""hku/"", ""hl.."", ""hl/m"", ""hllo"", ""hlt/"", ""hlue"", ""hne-"", ""hnyu"", ""hok/"", ""i-ty"", ""ictw"", ""ie_a"", ""ieg-"", ""iesd"", ""ig?/"", ""ihi,"", ""ilj,"", ""in/6"", ""ipsl"", ""ivsc"", ""j-ci"", ""jeu."", ""jg t"", ""jkic"", ""jukc"", ""kai)"", ""kcop"", ""kd2a"", ""kemn"", ""kioo"", ""kli-"", ""kli/"", ""klm "", ""kmss"", ""kmtv"", ""kt20"", ""kt? "", ""kujy"", ""l lk"", ""l'eo"", ""le1f"", ""lf/k"", ""lj's"", ""lldh"", ""loi!"", ""lpbe"", ""lph?"", ""lqua"", ""ls-i"", ""lx l"", ""lyzh"", ""m 6/"", ""m2d'"", ""m8t/"", ""ma/k"", ""mik-"", ""mmt/"", ""ms-r"", ""msn "", ""mss "", ""mt/b"", ""mtma"", ""mu/t"", ""mujk"", ""mwuc"", ""n p/"", ""n--a"", ""n/6 "", ""n/gy"", ""n1 v"", ""naep"", ""nalq"", ""nd'c"", ""ne'-"", ""nho'"", ""noa!"", ""o m1"", ""o/l'"", ""o/ye"", ""o126"", ""o156"", ""o201"", ""o211"", ""o? j"", ""oaz "", ""obgy"", ""oefn"", ""oeiz"", ""og/k"", ""oolz"", ""oxyt"", ""p-er"", ""p/un"", ""pa/j"", ""patg"", ""pbeh"", ""peea"", ""ph?!"", ""po/o"", ""ppy;"", ""pro?"", ""pthe"", ""py; "", ""pytn"", ""pzan"", ""r 3p"", ""r g4"", ""r/tx"", ""rapz"", ""reao"", ""reoa"", ""rfsa"", ""rgwo"", ""rjeg"", ""rktu"", ""rl- "", ""ropw"", ""rp-e"", ""rpez"", ""rpij"", ""s hh"", ""s/ob"", ""s?/v"", ""sgec"", ""sio?"", ""sn-s"", ""stlj"", ""su)!"", ""sudz"", ""syvs"", ""t gd"", ""t p "", ""t20 "", ""te--"", ""thte"", ""thy;"", ""tljo"", ""tm8t"", ""tnyc"", ""ttju"", ""txtm"", ""u w9"", ""u' j"", ""udyk"", ""uhi!"", ""uhl/"", ""uhr/"", ""ukve"", ""ulpb"", ""uply"", ""urz/"", ""uual"", ""uutd"", ""uvi,"", ""v 02"", ""v 05"", ""v v2"", ""vlih"", ""w/am"", ""w/sc"", ""wa/l"", ""wacd"", ""wauj"", ""wel-"", ""wgiv"", ""wnci"", ""wou!"", ""woz'"", ""wsy:"", ""wwha"", ""x c."", ""xc a"", ""xska"", ""xta/"", ""xth?"", ""xtm8"", ""xxha"", ""xyto"", ""y fx"", ""y t/"", ""y zp"", ""y' x"", ""y) c"", ""y/vv"", ""yemr"", ""yfre"", ""yhut"", ""ytoc"", ""yuo "", ""yvso"", ""z'ad"", ""z/di"", ""z/sh"", ""zeok"", ""zict"", ""znem"", ""zz/u""]",377,1,155,0.0064516129032258064
5,block_infix_fingerprint_v005.json,256,local_split_entropy_equivalence_classes,154,4,0.0,0.05,title,title,123," ""pa","["" \""pa"", ""8345"", ""i) v"", ""jup ""]",4,2,155,0.012903225806451613
5,block_infix_fingerprint_v005.json,256,local_split_entropy_equivalence_classes,154,4,0.0,0.05,title,title,124," ""pe","["" \""pe"", "" 'iv"", "" (py"", "" (ug"", "" -1."", "" 1 @"", "" 2/b"", "" 36s"", "" 4.9"", "" 53%"", "" 6:3"", "" 84-"", "" @11"", "" a58"", "" ap:"", "" b-a"", "" bse"", "" cnc"", "" d-z"", "" d.m"", "" dld"", "" f-a"", "" g-h"", "" ghq"", "" gpx"", "" j/t"", "" mjr"", "" mn "", "" mnt"", "" ni~"", "" o'o"", "" q i"", "" ri'"", "" rv/"", "" s &"", "" tsd"", "" uuv"", "" v/n"", "" vd "", "" vub"", "" vyx"", "" ylt"", "" z.?"", "" z/h"", "" ~ o"", "" ~ai"", ""\"" ka"", ""\""pet"", ""$129"", ""& vy"", ""&d c"", ""' bm"", ""' s*"", ""'haq"", ""'ida"", ""'luo"", ""'nih"", ""'s/s"", ""'ska"", ""'z t"", ""(n)i"", ""(pye"", ""(sag"", ""(seo"", ""(ugh"", ""(vai"", ""(xbr"", "")/dr"", "")/ho"", "")ice"", ""+clg"", "", 9-"", "", s/"", ""- cd"", ""- np"", ""--so"", ""-1.4"", ""-3n "", ""-558"", ""-6 +"", ""-84x"", ""-9mm"", ""-ex-"", ""-jo,"", ""-m-i"", ""-o, "", ""-t-a"", ""-t/o"", ""-y d"", "". f4"", "".--s"", ""./fu"", ""./ic"", "".l.-"", "".t d"", ""/a z"", ""/aa "", ""/azr"", ""/bb."", ""/cbc"", ""/dmx"", ""/dwi"", ""/gap"", ""/hod"", ""/j-k"", ""/j.t"", ""/ked"", ""/kwa"", ""/kyz"", ""/l l"", ""/m.c"", ""/nis"", ""/nol"", ""/sct"", ""/t-c"", ""/ule"", ""/xxx"", ""0-de"", ""0-em"", ""007?"", ""04 1"", ""1 @ "", ""1)/d"", ""10/s"", ""129,"", ""15-b"", ""18h1"", ""2 's"", ""2/br"", ""3 as"", ""3% m"", ""3/sm"", ""31)/"", ""36st"", ""3n ("", ""4 1:"", ""4k t"", ""4x90"", ""5 ir"", ""53% "", ""745 "", ""774 "", ""780 "", ""84-i"", ""84x9"", ""8h10"", "": a5"", "": rr"", ""=zah"", ""@ oc"", ""@ re"", ""@11,"", ""_suj"", ""a @1"", ""a hc"", ""a-ck"", ""a-m-"", ""a-s-"", ""a./s"", ""a/bb"", ""a/ei"", ""a58,"", ""a?/n"", ""aa-c"", ""aagb"", ""aalz"", ""aaok"", ""abb'"", ""afmo"", ""afrk"", ""ag=z"", ""agbl"", ""ahop"", ""aky-"", ""akyj"", ""aoks"", ""aosm"", ""aosv"", ""ap:n"", ""apyy"", ""ar(t"", ""ar-5"", ""asgi"", ""ay ~"", ""b' t"", ""b-cr"", ""bbcs"", ""bosj"", ""br-8"", ""bse!"", ""c-ku"", ""c-o "", ""c./r"", ""c/a "", ""ca-r"", ""cazm"", ""ck/q"", ""clga"", ""cncr"", ""cq/p"", ""cy 8"", ""cz/t"", ""d_su"", ""dd/p"", ""dexy"", ""dl @"", ""dld0"", ""dp o"", ""dput"", ""duo)"", ""dy-e"", ""dynm"", ""e a2"", ""e/g."", ""e/l "", ""earu"", ""ee \"""", ""ehhe"", ""ehmh"", ""ehyp"", ""eiis"", ""ejf "", ""ejya"", ""em-1"", ""en @"", ""er)s"", ""er/5"", ""esyy"", ""eum."", ""euwd"", ""evr."", ""ewga"", ""ex-3"", ""ex-6"", ""f/ta"", ""fia?"", ""fic)"", ""figb"", ""fkor"", ""fomy"", ""fpot"", ""ftsu"", ""fuhi"", ""fyai"", ""g f-"", ""g rv"", ""g-9:"", ""g/av"", ""g/gw"", ""g=za"", ""gehj"", ""gehy"", ""gei,"", ""gh/e"", ""ghhh"", ""gicy"", ""gid'"", ""gij,"", ""gn! "", ""go/g"", ""goap"", ""gpx "", ""h 4k"", ""h hw"", ""h z'"", ""h!/r"", ""hblo"", ""hc ("", ""he!:"", ""hei'"", ""hex-"", ""hihn"", ""hixt"", ""hlsi"", ""ho'z"", ""hrok"", ""htoj"", ""hydn"", ""ia @"", ""ibej"", ""iesr"", ""ijmt"", ""ikoa"", ""ikt?"", ""ikzo"", ""ilex"", ""ilsw"", ""ion1"", ""ioop"", ""ip/a"", ""ivyt"", ""j/th"", ""jen/"", ""jeot"", ""ji/d"", ""jmt "", ""jr k"", ""jr/b"", ""jyaa"", ""k l "", ""k v/"", ""ka/j"", ""kahm"", ""kbo/"", ""khwe"", ""kilz"", ""kkkl"", ""kkky"", ""ko/f"", ""kokl"", ""koo,"", ""ktip"", ""ku/o"", ""kyns"", ""kyze"", ""l r&"", ""l'pr"", ""l'sa"", ""l.--"", ""l.e "", ""la'o"", ""ld0s"", ""ldpu"", ""lds!"", ""lgao"", ""ll.e"", ""locq"", ""logw"", ""lthf"", ""luxa"", ""lzit"", ""m3 &"", ""mdsc"", ""mehh"", ""meym"", ""mh p"", ""miu,"", ""mjr "", ""mmua"", ""mndi"", ""mnts"", ""mozv"", ""mp-9"", ""my/e"", ""n bs"", ""n lv"", ""n\"" k"", ""n)ic"", ""n/'n"", ""n/j-"", ""n? v"", ""nabn"", ""ncrt"", ""nd+1"", ""nnri"", ""nodb"", ""nonw"", ""np-t"", ""npox"", ""nrir"", ""ntrn"", ""o q "", ""o'hh"", ""o'z "", ""o/ai"", ""o/sm"", ""ocq/"", ""od_s"", ""oe't"", ""oep."", ""of?!"", ""ofdi"", ""olkg"", ""omuj"", ""on1:"", ""onn?"", ""oofp"", ""oui/"", ""owom"", ""p mn"", ""p-9m"", ""p-y "", ""p/az"", ""p/k "", ""p/xx"", ""pajy"", ""pcow"", ""pd d"", ""pe/k"", ""pf-e"", ""poeu"", ""pp-y"", ""ppep"", ""pt-i"", ""pu &"", ""puhr"", ""px s"", ""q/po"", ""qb b"", ""qutt"", ""r 65"", ""r xp"", ""r&d "", ""r(te"", ""r-55"", ""r-84"", ""r/50"", ""r/bj"", ""r/kw"", ""rb-c"", ""re-q"", ""rf/a"", ""rf/f"", ""rg-b"", ""rggg"", ""rib,"", ""rin\"""", ""rjuf"", ""rl/c"", ""rmds"", ""rn-w"", ""rpfi"", ""rrgg"", ""rri!"", ""rsys"", ""ru/u"", ""rufz"", ""rv/e"", ""ryx/"", ""s. ."", ""s/dm"", ""s3 g"", ""sazv"", ""sdl "", ""se ~"", ""seaa"", ""sgo,"", ""sh/u"", ""shs "", ""skyi"", ""smii"", ""sssi"", ""ssuu"", ""t -1"", ""t/ia"", ""tag="", ""teua"", ""teyt"", ""tgip"", ""tioo"", ""tjol"", ""tkot"", ""tmug"", ""tpog"", ""trnt"", ""tsdl"", ""ttyd"", ""tydo"", ""u/ok"", ""uatg"", ""ubo?"", ""ueft"", ""ugpi"", ""ui/p"", ""uikd"", ""uikz"", ""ukkk"", ""ukyb"", ""un-2"", ""und+"", ""uo/d"", ""up/x"", ""upa2"", ""upya"", ""uunu"", ""uwd "", ""v (x"", ""v/el"", ""va/a"", ""vi/f"", ""vkla"", ""vo-a"", ""vr. "", ""vsor"", ""vube"", ""vyxs"", ""vyy?"", ""w e-"", ""w, 9"", ""w/sa"", ""w3 s"", ""wd g"", ""wd h"", ""wkai"", ""wkol"", ""wkst"", ""wry,"", ""x! l"", ""x-3n"", ""x-6 "", ""x-ev"", ""x/sc"", ""xbr-"", ""xsin"", ""y #9"", ""y 84"", ""y k-"", ""y z/"", ""y ~a"", ""y-o,"", ""y/cb"", ""ya 6"", ""ya/o"", ""yap/"", ""ylti"", ""ypt-"", ""yu/j"", ""yvim"", ""yx/r"", ""yxsi"", ""yy j"", ""yyke"", ""ze x"", ""zicz"", ""zitp"", ""~ oa"", ""~ais""]",527,1,155,0.0064516129032258064
5,block_infix_fingerprint_v005.json,256,local_split_entropy_equivalence_classes,154,4,0.0,0.05,title,title,125," ""re","["" \""re""]",1,4,155,0.025806451612903226
5,block_infix_fingerprint_v005.json,256,local_split_entropy_equivalence_classes,154,4,0.0,0.05,title,title,126," ""se","["" \""se"", ""zsze""]",2,2,155,0.012903225806451613
5,block_infix_fingerprint_v005.json,256,local_split_entropy_equivalence_classes,154,4,0.0,0.05,title,title,127," ""wi","["" \""wi"", ""ffa'"", ""gy-w"", ""s s2""]",4,2,155,0.012903225806451613
5,block_infix_fingerprint_v005.json,256,local_split_entropy_equivalence_classes,154,4,0.0,0.05,title,title,128, # 5,"["" # 5""]",1,3,155,0.01935483870967742
5,block_infix_fingerprint_v005.json,256,local_split_entropy_equivalence_classes,154,4,0.0,0.05,title,title,129, # 6,"["" # 6"", ""eupr"", ""g uj"", ""ipda"", ""ztid""]",5,2,155,0.012903225806451613
5,block_infix_fingerprint_v005.json,256,local_split_entropy_equivalence_classes,154,4,0.0,0.05,title,title,130, # 8,"["" # 8"", "" *(n"", "" 8 j"", "" [p."", "" a(1"", "" azf"", "" bmf"", "" c-r"", "" djv"", "" g.?"", "" if:"", "" l-8"", "" m15"", "" mf "", "" n 9"", "" olz"", "" otg"", "" ovt"", "" oz!"", "" rty"", "" sfs"", "" snd"", "" st)"", "" tfu"", "" ttc"", "" tx?"", "" ugi"", "" ut."", "" vd:"", "" vmb"", "" vps"", "" {th"", ""! xx"", ""# 87"", ""#01:"", ""& ut"", ""& vp"", ""&vir"", ""'08-"", ""'anf"", ""'i e"", ""'lak"", ""'nas"", ""'nau"", ""'nav"", ""'t 6"", ""(1)l"", ""(bab"", ""(dem"", ""(i v"", ""(koy"", ""(n. "", ""(onl"", ""(peu"", ""(pin"", ""(qu'"", "")lin"", ""* *("", ""*(no"", ""+ oh"", ""+tim"", "", 7p"", "",' c"", "",20!"", ""-21:"", ""-234"", ""-6: "", ""-8-3"", ""-ayr"", ""-d! "", ""-fi/"", ""-jai"", ""-l'o"", ""-o' "", ""-tna"", "". 4t"", "". hb"", ""./12"", "".01 "", "".i.]"", "".j.b"", "".t.x"", ""/12."", ""0's)"", ""08- "", ""0lb."", ""1 'g"", ""1)li"", ""1./1"", ""10h1"", ""11./"", ""1a d"", ""2 ed"", ""2 ib"", ""234-"", ""26-g"", ""28-m"", ""2x p"", ""300l"", ""34-h"", ""351:"", ""4-hi"", ""44-g"", ""507:"", ""6-go"", ""7 (b"", ""7 bb"", ""8 (m"", ""8- a"", ""81,0"", ""847:"", ""8par"", ""90 o"", ""940/"", ""944?"", ""98 ("", "": l-"", "":0 i"", ""; o "", ""; tt"", ""?: l"", ""@ bu"", ""[p.i"", ""_bod"", ""`s h"", ""a(1)"", ""a-tn"", ""aas?"", ""aavd"", ""abi)"", ""abrc"", ""aesr"", ""agjo"", ""ank;"", ""apiq"", ""ar'k"", ""auzy"", ""ava)"", ""axaf"", ""ayc!"", ""azf "", ""b 04"", ""b m1"", ""bajm"", ""bawo"", ""bepi"", ""betb"", ""bib?"", ""bkot"", ""bmf "", ""bnou"", ""bol8"", ""boo?"", ""bru."", ""brzo"", ""bu(t"", ""byrl"", ""bzia"", ""c 2 "", ""c 27"", ""c 29"", ""c 42"", ""c 64"", ""c 84"", ""c-r-"", ""ces&"", ""cg s"", ""ckt:"", ""cle*"", ""ct; "", ""ctih"", ""cu.."", ""cuza"", ""cvan"", ""d fb"", ""d mf"", ""d o:"", ""d rf"", ""dal."", ""dcum"", ""ddju"", ""ddst"", ""de:0"", ""djva"", ""dkaf"", ""dkoh"", ""doi,"", ""dsz "", ""dtva"", ""du?!"", ""duc!"", ""dwho"", ""e k7"", ""e tf"", ""e#01"", ""e'la"", ""e(ne"", ""e+ti"", ""e:0 "", ""ed(e"", ""ed_b"", ""ee!:"", ""eedz"", ""efzi"", ""egii"", ""ehyr"", ""eje,"", ""ejo!"", ""ejrh"", ""eliw"", ""eljt"", ""els4"", ""emp."", ""emt'"", ""en3d"", ""ena;"", ""eoal"", ""eomc"", ""er`s"", ""ers}"", ""es&v"", ""eu) "", ""evuo"", ""exsy"", ""f nw"", ""f v'"", ""f-gi"", ""f? t"", ""fe+t"", ""filg"", ""fk/n"", ""fka?"", ""fs-m"", ""ftb "", ""furv"", ""gdow"", ""ged'"", ""gen3"", ""gh-z"", ""gig'"", ""giil"", ""gjus"", ""go50"", ""gsek"", ""gt &"", ""gubz"", ""gue#"", ""gym:"", ""h17:"", ""hco/"", ""hd s"", ""he-q"", ""he?:"", ""hefz"", ""her`"", ""hil:"", ""hixe"", ""hmt?"", ""hod!"", ""hovk"", ""hzoo"", ""ibe)"", ""ibu("", ""ict;"", ""iexu"", ""ife+"", ""igo5"", ""ihqu"", ""iimn"", ""iks."", ""im?)"", ""imuu"", ""insq"", ""iokr"", ""ion<"", ""ipu?"", ""ite("", ""itqm"", ""j uc"", ""ja-e"", ""jaoy"", ""jdyr"", ""jedj"", ""jibl"", ""jo- "", ""jrha"", ""jscu"", ""ju x"", ""k8pa"", ""kaez"", ""kew'"", ""khe?"", ""kht."", ""koee"", ""kowc"", ""l-8-"", ""lahv"", ""lcow"", ""lddj"", ""le()"", ""le**"", ""ljto"", ""lk +"", ""ln!!"", ""losq"", ""lowz"", ""lpuc"", ""lrih"", ""ls/1"", ""ls4l"", ""lse)"", ""lvte"", ""lyuy"", ""m bv"", ""m wz"", ""m-dr"", ""m-ic"", ""m.vc"", ""mae?"", ""mbko"", ""mcg "", ""mf 6"", ""mndu"", ""mnep"", ""mudz"", ""mya!"", ""n; e"", ""n? 6"", ""nck,"", ""ndwh"", ""nehy"", ""nfe "", ""nibr"", ""nii,"", ""nk; "", ""nodh"", ""ns-1"", ""ntiw"", ""nyvo"", ""nz-f"", ""o nk"", ""o- n"", ""o.ma"", ""o/tn"", ""o; f"", ""o?/w"", ""oao!"", ""ob 0"", ""oc? "", ""oel."", ""ojih"", ""okrs"", ""ol'h"", ""ol87"", ""olvt"", ""om.v"", ""ot-q"", ""oubn"", ""ovkr"", ""own;"", ""owz:"", ""oxhi"", ""oy 6"", ""oyd?"", ""oyek"", ""oykh"", ""oz! "", ""ozmu"", ""ozob"", ""p's:"", ""pac,"", ""papd"", ""pcli"", ""pdeb"", ""pdit"", ""ped("", ""pisf"", ""plno"", ""py' "", ""pyr:"", ""pyrd"", ""q! n"", ""q1-1"", ""qmis"", ""qt s"", ""r 7/"", ""r 86"", ""r jt"", ""r'ka"", ""r`s "", ""rfk/"", ""rfpi"", ""rizl"", ""rlla"", ""ropc"", ""rp-1"", ""rs {"", ""rs'l"", ""rt-5"", ""rt-6"", ""rt-9"", ""ruj."", ""ruoc"", ""rzo?"", ""rzop"", ""rzoz"", ""s 4p"", ""s a("", ""s {t"", ""s&vi"", ""s-16"", ""s-ay"", ""s. #"", ""s4li"", ""sbup"", ""sco;"", ""sed_"", ""sfs-"", ""sm x"", ""snd "", ""sot:"", ""spsa"", ""sua-"", ""t-15"", ""t-1:"", ""t-21"", ""t-5:"", ""t-6:"", ""t-9:"", ""t.x."", ""t2 -"", ""tb ("", ""te,'"", ""tfu "", ""tgov"", ""ti-y"", ""tia-"", ""tic("", ""tihq"", ""titq"", ""tjis"", ""tke)"", ""tke?"", ""tkva"", ""tloi"", ""tmi:"", ""tni?"", ""to-y"", ""togb"", ""togf"", ""toxh"", ""toyk"", ""tqmi"", ""trca"", ""treq"", ""trg "", ""tru!"", ""try;"", ""tsno"", ""ttc "", ""ttn,"", ""tuhy"", ""tumy"", ""tun."", ""tup-"", ""tut)"", ""tuuq"", ""tuzs"", ""tv4 "", ""twoy"", ""tx-t"", ""txtn"", ""ty?)"", ""tyft"", ""tyut"", ""tyvs"", ""u #7"", ""u '1"", ""u(te"", ""u) d"", ""u2 g"", ""ubep"", ""ubzi"", ""uczo"", ""udsz"", ""ue#0"", ""uhlo"", ""ui-p"", ""uj.."", ""ukm:"", ""ul-b"", ""um +"", ""umbk"", ""umlc"", ""unu,"", ""unu?"", ""up-i"", ""up?:"", ""upc "", ""uq! "", ""urfp"", ""usdp"", ""usps"", ""uued"", ""uuq!"", ""uzsu"", ""v 26"", ""v oi"", ""v-wo"", ""v.15"", ""v3: "", ""v4 s"", ""v614"", ""va-r"", ""vabn"", ""val;"", ""valq"", ""vau "", ""vcu "", ""ve'l"", ""ve/z"", ""vhag"", ""vid!"", ""vitg"", ""viun"", ""vj 3"", ""vkri"", ""vlef"", ""vlne"", ""vm-k"", ""vmbo"", ""vpne"", ""vpse"", ""vr b"", ""vrap"", ""vrgo"", ""vryk"", ""vsiv"", ""vskr"", ""vtec"", ""vtsy"", ""vul)"", ""vw-b"", ""vy q"", ""vyhe"", ""w-pi"", ""wahz"", ""wajm"", ""wbit"", ""wedr"", ""wef:"", ""wetr"", ""weyb"", ""whyl"", ""whys"", ""wmaj"", ""wn; "", ""wnan"", ""wpix"", ""wutt"", ""wwhi"", ""wyse"", ""wzgo"", ""x pp"", ""xafl"", ""xepr"", ""xiaj"", ""xlie"", ""xsym"", ""xtng"", ""xtwe"", ""y xc"", ""y z'"", ""y! x"", ""y* *"", ""y. 2"", ""y? 6"", ""yap,"", ""ydok"", ""yekt"", ""yevn"", ""yfag"", ""yfol"", ""yftb"", ""yin?"", ""ykht"", ""yld!"", ""ylra"", ""yod,"", ""yokj"", ""yotk"", ""ypy "", ""yrda"", ""yv z"", ""z (o"", ""z; l"", ""zadl"", ""zbaj"", ""zdez"", ""zf 1"", ""znok"", ""zoou"", ""zorm"", ""zuml"", ""zvoh"", ""zylr"", ""{the""]",607,1,155,0.0064516129032258064
5,block_infix_fingerprint_v005.json,256,local_split_entropy_equivalence_classes,154,4,0.0,0.05,title,title,131, # b,"["" # b"", "" #6)"", "" ' r"", "" 'bh"", "" 'hj"", "" (60"", "" (9)"", "" (h)"", "" (q)"", "" 15m"", "" 32a"", "" 34,"", "" 4-n"", "" 4-t"", "" 45?"", "" 6-f"", "" 7ei"", "" 81-"", "" 85/"", "" 9-f"", "" 96/"", "" af:"", "" ahf"", "" ajf"", "" aow"", "" b-4"", "" cu'"", "" en:"", "" f12"", "" g-7"", "" ir,"", "" jko"", "" jmg"", "" k 5"", "" kls"", "" l1-"", "" m/c"", "" mz."", "" na)"", "" o.q"", "" ozy"", "" ru-"", "" s'v"", "" t-9"", "" uid"", "" v-f"", "" xom"", "" yra"", "" z-6"", "" zaq"", ""! 4-"", ""!dra"", ""!mel"", ""# b-"", ""& o."", ""&b h"", ""'- d"", ""'aph"", ""'bhr"", ""'geo"", ""'hje"", ""'i p"", ""'ih "", ""'kho"", ""'lir"", ""'n 4"", ""'n 6"", ""'ngg"", ""'ofa"", ""'pip"", ""'set"", ""'utz"", ""'vde"", ""'wur"", ""(60)"", ""(i)r"", ""(kas"", ""(kev"", ""(noi"", ""(soa"", ""(syu"", ""(teo"", ""(yen"", ""), f"", "")/mu"", "")com"", "")rel"", ""**k)"", ""*hou"", ""+ dh"", ""+irw"", ""+ive"", ""+ret"", "", 2:"", "",232"", ""-128"", ""-2 c"", ""-482"", ""-486"", ""-646"", ""-672"", ""-abu"", ""-d2:"", ""-etk"", ""-f(i"", ""-h! "", ""-i-y"", ""-kwa"", ""-l.."", ""-miq"", ""-ow-"", ""-t-l"", ""-t12"", ""-zeu"", ""-zoa"", "". 6-"", "". 9-"", "". ez"", "".14 "", "".d q"", "".ex:"", "".p.v"", "".s c"", ""/c g"", ""/ey:"", ""/otc"", ""0 oc"", ""0. 8"", ""01-)"", ""1 u "", ""1' c"", ""1-3d"", ""1-86"", ""1-t1"", ""126:"", ""13-f"", ""130:"", ""19-f"", ""1m0n"", ""2 (k"", ""2 er"", ""2,23"", ""2-on"", ""21-3"", ""22-f"", ""25-f"", ""2a h"", ""2pc:"", ""2pid"", ""3 h "", ""32,2"", ""322:"", ""32a "", ""34, "", ""392 "", ""4 oc"", ""4-ts"", ""44 w"", ""486:"", ""4d w"", ""5 #6"", ""5 #9"", ""5-fo"", ""5/ta"", ""589 "", ""61 u"", ""672 "", ""707 "", ""72 e"", ""7eil"", ""81-8"", ""85/t"", ""852:"", ""855:"", ""87-2"", ""89 3"", ""89 d"", ""8her"", ""8r g"", ""9 34"", ""910."", ""9: 6"", "": v2"", "":per"", ""= ne"", ""= po"", ""= so"", ""@ st"", ""@war"", ""[go]"", ""[por"", ""[reg"", ""a 03"", ""a 6,"", ""a l-"", ""a'ga"", ""a'ih"", ""a+ir"", ""a-kw"", ""a.tx"", ""a113"", ""a88 "", ""a?!."", ""aaaw"", ""aaww"", ""abzi"", ""aepc"", ""afe*"", ""ahby"", ""aisg"", ""akkn"", ""alxa"", ""aohm"", ""apyc"", ""aqir"", ""ar-u"", ""auhm"", ""aujh"", ""avob"", ""axe)"", ""ayic"", ""azgv"", ""b 30"", ""b um"", ""b-48"", ""baf "", ""bbsf"", ""bdev"", ""beum"", ""bi-4"", ""bma "", ""bnok"", ""boa'"", ""bocn"", ""bojm"", ""bri,"", ""brst"", ""bsba"", ""byn:"", ""bzi "", ""c-em"", ""ca+1"", ""cajc"", ""ce:p"", ""ch:9"", ""cis-"", ""ck!."", ""coic"", ""cot-"", ""crw "", ""csfi"", ""ctuw"", ""cu 1"", ""cu y"", ""d 78"", ""d xy"", ""d120"", ""da+i"", ""dezj"", ""dezn"", ""dhah"", ""dkae"", ""dloj"", ""dlyo"", ""dm p"", ""dmez"", ""drco"", ""dw: "", ""e) ("", ""e*ho"", ""e.d "", ""e:pa"", ""e:pe"", ""eafg"", ""ealv"", ""eazo"", ""eca1"", ""ecox"", ""edrc"", ""eeh "", ""ega)"", ""egfl"", ""eghu"", ""ehpa"", ""ehsu"", ""eis)"", ""ekhf"", ""el'g"", ""elfh"", ""em+r"", ""emb."", ""emyt"", ""en'u"", ""enyd"", ""epcy"", ""eqte"", ""er!."", ""erjb"", ""ers5"", ""es'-"", ""euwv"", ""ev-x"", ""ex #"", ""ex+m"", ""exeo"", ""exyr"", ""eyk "", ""ezju"", ""ezsk"", ""f jm"", ""f r&"", ""f! l"", ""f(i)"", ""f-hy"", ""f12 "", ""f: ["", ""fa 6"", ""fa'i"", ""fe*h"", ""ffda"", ""ffho"", ""fggr"", ""fke,"", ""fkra"", ""fobj"", ""fs ("", ""g rw"", ""g*co"", ""g-ss"", ""gdiv"", ""gea:"", ""geaa"", ""gfax"", ""ggfa"", ""ggfu"", ""ggrr"", ""ggva"", ""gnue"", ""govs"", ""gupo"", ""gveb"", ""h jy"", ""h. ("", ""hfaa"", ""hfad"", ""hfff"", ""hfgg"", ""hibn"", ""hibp"", ""hihk"", ""hmy "", ""ho-f"", ""hohy"", ""hryg"", ""hs@w"", ""husr"", ""hwey"", ""i 32"", ""i 7e"", ""i [g"", ""i v-"", ""i)re"", ""i+iv"", ""i-90"", ""i-f("", ""i-ow"", ""iaaa"", ""iajm"", ""ibpa"", ""ien;"", ""ihdi"", ""iho:"", ""ijdp"", ""imbh"", ""ink_"", ""io:a"", ""iozh"", ""ipdr"", ""ipib"", ""iri)"", ""isp:"", ""ix 6"", ""ix++"", ""iyte"", ""iytz"", ""j'im"", ""jcan"", ""jdpe"", ""jepk"", ""jjad"", ""jk 1"", ""jkon"", ""jmg "", ""jmon"", ""jnag"", ""jofo"", ""jogd"", ""jokr"", ""jovk"", ""jsil"", ""jtun"", ""jyog"", ""jzok"", ""k ao"", ""k l1"", ""k! 7"", ""k!.."", ""k8he"", ""k8r "", ""k8rz"", ""k; e"", ""kawt"", ""kb f"", ""kdiv"", ""kekr"", ""kfon"", ""khec"", ""khs@"", ""klsd"", ""kmav"", ""kmil"", ""kom."", ""ksou"", ""kti:"", ""kup'"", ""kygu"", ""kywh"", ""l'ga"", ""l-il"", ""l.6:"", ""l.in"", ""l1-t"", ""l8n8"", ""lazm"", ""lboj"", ""le- "", ""lecm"", ""leu?"", ""lgrz"", ""lji:"", ""ljib"", ""ljov"", ""lo!d"", ""lo$$"", ""lofb"", ""lrum"", ""lsur"", ""lti:"", ""lult"", ""lumh"", ""lusv"", ""lxan"", ""lyoy"", ""lzy,"", ""m e?"", ""m tm"", ""m y'"", ""m+re"", ""m0ne"", ""ma ="", ""mam:"", ""mg l"", ""mmyv"", ""mnda"", ""mppl"", ""msoe"", ""mytn"", ""n ' "", ""n o:"", ""n'ba"", ""n'ki"", ""n(a)"", ""n(do"", ""n)/m"", ""n-2 "", ""n10,"", ""nazg"", ""nfiz"", ""ng*c"", ""nhic"", ""nk-i"", ""nk_d"", ""nkco"", ""nlyu"", ""nn'u"", ""nn-n"", ""nnve"", ""no!m"", ""nrop"", ""nsa)"", ""nyd!"", ""nydd"", ""nzhy"", ""o [r"", ""o d:"", ""o rr"", ""o v-"", ""o!dr"", ""o!me"", ""o.q."", ""o:ac"", ""oawd"", ""oazo"", ""obrs"", ""obs)"", ""oc 1"", ""oc'n"", ""ock;"", ""od 0"", ""od @"", ""odhm"", ""oesy"", ""ohm'"", ""oix."", ""oiz:"", ""oja-"", ""ojma"", ""ola;"", ""omnd"", ""omu-"", ""on(d"", ""on)/"", ""on-2"", ""on10"", ""onnv"", ""ooi:"", ""oovp"", ""op:1"", ""opuw"", ""osi+"", ""osrn"", ""ot)c"", ""otr'"", ""otrh"", ""otzf"", ""ouzb"", ""ovpu"", ""owyv"", ""oyaz"", ""oymu"", ""ozzn"", ""p 'w"", ""p 27"", ""p! 1"", ""p! 5"", ""pa88"", ""pdre"", ""pec."", ""peoj"", ""pfas"", ""pg o"", ""phoh"", ""pi-9"", ""pio;"", ""pl l"", ""pl.i"", ""pnol"", ""poaz"", ""poc,"", ""poym"", ""ppje"", ""pre/"", ""prrt"", ""przh"", ""pstc"", ""pt.e"", ""ptbs"", ""ptso"", ""puij"", ""pul'"", ""pum."", ""pun'"", ""punv"", ""puom"", ""pydh"", ""pyoo"", ""pyxi"", ""q (q"", ""q-ca"", ""qaos"", ""qaul"", ""qaww"", ""qays"", ""qaza"", ""qazz"", ""qb g"", ""qb-3"", ""qers"", ""qira"", ""qiuq"", ""qix+"", ""qohe"", ""qorb"", ""qro "", ""qtem"", ""qu j"", ""qur'"", ""qusu"", ""qwid"", ""r # "", ""r f1"", ""r rj"", ""r-cy"", ""r246"", ""r2ok"", ""r2pc"", ""raec"", ""raej"", ""raqe"", ""rarf"", ""rciy"", ""rda+"", ""rduk"", ""rev-"", ""rezb"", ""rf #"", ""rgmb"", ""rgup"", ""rh11"", ""rhfg"", ""rhla"", ""ricv"", ""rikm"", ""rip;"", ""riyt"", ""riz-"", ""rjbo"", ""roav"", ""roc."", ""rpl "", ""rrra"", ""rrt!"", ""rs-1"", ""rtn "", ""ru-4"", ""rw t"", ""rx/o"", ""s (9"", ""s m/"", ""s'- "", ""s'vd"", ""s-h!"", ""s.14"", ""s1m0"", ""s21-"", ""s2pi"", ""s@wa"", ""sa.t"", ""sazg"", ""scee"", ""scrw"", ""scw:"", ""sd12"", ""sdw:"", ""seaz"", ""seqt"", ""sev."", ""seww"", ""sex+"", ""sfuo"", ""shts"", ""shyc"", ""si+i"", ""si-z"", ""siw:"", ""sk8h"", ""sk8r"", ""sl8n"", ""so ["", ""so!:"", ""so-l"", ""son1"", ""spa8"", ""spem"", ""spi-"", ""srbs"", ""srnu"", ""st.2"", ""stcc"", ""syn'"", ""t g-"", ""t z-"", ""t)co"", ""t-l."", ""t.es"", ""t] -"", ""tagv"", ""tapy"", ""tcc "", ""te-2"", ""texo"", ""ti!:"", ""tie;"", ""tiij"", ""tiyi"", ""tn e"", ""tr' "", ""trzk"", ""tu'."", ""tuhs"", ""tup,"", ""tviz"", ""u'.."", ""u-48"", ""u-ab"", ""ubyu"", ""uca+"", ""udr "", ""uffh"", ""ufob"", ""ufot"", ""uggf"", ""uggv"", ""uizv"", ""uli:"", ""un'k"", ""un(a"", ""unnj"", ""uobs"", ""upi?"", ""upof"", ""uqiu"", ""ur'a"", ""uzbl"", ""v ab"", ""v ae"", ""v-67"", ""vebm"", ""vi ("", ""vigj"", ""vijc"", ""vnou"", ""vobe"", ""vovu"", ""voyk"", ""vpuu"", ""vriz"", ""vs '"", ""vvor"", ""w p."", ""wa-w"", ""wbod"", ""wdyc"", ""web'"", ""wecj"", ""weyk"", ""wigf"", ""wq s"", ""wrrr"", ""wstw"", ""wthi"", ""wwrr"", ""wwwr"", ""wyvi"", ""x 49"", ""x 99"", ""x+mo"", ""x-ep"", ""x-tw"", ""x/ot"", ""xelp"", ""xsal"", ""xsty"", ""xu w"", ""xxel"", ""xyre"", ""xz i"", ""y 86"", ""y-ak"", ""yd! "", ""ydd:"", ""ye 5"", ""yin."", ""yirl"", ""ykoz"", ""ykta"", ""ymug"", ""yodn"", ""yoow"", ""yow "", ""ys +"", ""ysyr"", ""yts:"", ""yugj"", ""yvaf"", ""yxid"", ""z, q"", ""z-64"", ""z-zo"", ""z. b"", ""zalx"", ""zam,"", ""zaqr"", ""zbeg"", ""zble"", ""zem+"", ""zeun"", ""zeut"", ""zgal"", ""zhi,"", ""znaw"", ""znjo"", ""znum"", ""zoaw"", ""zrij"", ""zspo"", ""zurg"", ""zwiz"", ""zznj"", ""zzwi""]",810,1,155,0.0064516129032258064
5,block_infix_fingerprint_v005.json,256,local_split_entropy_equivalence_classes,154,4,0.0,0.05,title,title,132, #&%,"["" #&%"", "" 'v "", "" ('t"", "" (*a"", "" 078"", "" 085"", "" 10f"", "" 3wa"", "" 7 5"", "" 8ft"", "" afx"", "" b-6"", "" cko"", "" d'q"", "" e.h"", "" emz"", "" ev'"", "" iad"", "" id4"", "" io."", "" ioh"", "" je-"", "" jo."", "" kvl"", "" l't"", "" li:"", "" lo?"", "" lve"", "" mdb"", "" mgw"", "" nhp"", "" nzh"", "" o-e"", "" os?"", "" pve"", "" qou"", "" sdr"", "" sm:"", "" tk-"", "" uau"", "" ubc"", "" uvc"", "" v'e"", "" x10"", "" y.r"", "" zn."", ""!jab"", ""#&%#"", ""$15 "", ""& n."", ""& ox"", ""& zn"", ""' 90"", ""' sf"", ""'10'"", ""'70:"", ""'a 2"", ""'ai."", ""'cks"", ""'fad"", ""'iva"", ""'mpo"", ""'nse"", ""'o e"", ""'pis"", ""'reh"", ""'ryb"", ""'se'"", ""'smo"", ""('th"", ""(*a "", ""(ad "", ""(bom"", ""(d)r"", ""(dag"", ""(gy)"", ""(het"", ""(o)o"", ""(pak"", ""): r"", "")ara"", "")evi"", "")od+"", "")rai"", ""*a c"", ""+ 12"", ""+ 18"", ""+ 24"", ""+ 29"", ""+ 33"", ""+(d)"", ""+lie"", ""-421"", ""-74)"", ""-8 ("", ""-afa"", ""-ako"", ""-bne"", ""-etm"", ""-fug"", ""-jej"", ""-qun"", ""-t: "", ""-vad"", ""-wo "", ""-z l"", "". 'r"", "".02."", "".11-"", "".5.n"", "".b.)"", "".kno"", "".n.1"", "".our"", "".v.f"", ""/hrw"", ""/lax"", ""/twa"", ""0 13"", ""0 16"", ""0 17"", ""0 22"", ""0.7."", ""000a"", ""00ad"", ""02.2"", ""078:"", ""1 ('"", ""10ft"", ""2) m"", ""2-33"", ""2-sa"", ""29-2"", ""2oh "", ""2shh"", ""3 aq"", ""3-51"", ""32-3"", ""33-5"", ""3d-u"", ""4 ei"", ""40 5"", ""40 7"", ""4lov"", ""5. y"", ""5.n."", ""51:3"", ""5th'"", ""6): "", ""6, u"", ""60.."", ""606:"", ""7 50"", ""73 ("", ""86-2"", ""86.1"", ""87.0"", ""8ft "", ""957."", ""96):"", ""986."", "": 3,"", "": ld"", "": q'"", "":198"", "":33-"", ""? jk"", ""@ ba"", ""@mid"", ""_equ"", ""`m j"", ""a pv"", ""a'ju"", ""a? w"", ""aayv"", ""acip"", ""ack3"", ""adu-"", ""aehw"", ""aemc"", ""aewe"", ""aexa"", ""afxe"", ""agg:"", ""aiiu"", ""ajre"", ""ak.c"", ""akk'"", ""albd"", ""alvd"", ""an:1"", ""ap'o"", ""api."", ""arcm"", ""arjj"", ""artq"", ""ate*"", ""ath_"", ""au2 "", ""aul+"", ""aups"", ""awji"", ""awmp"", ""ayns"", ""b mn"", ""b x-"", ""b'se"", ""b'si"", ""b'un"", ""b-23"", ""ba-v"", ""baqs"", ""bay)"", ""bbuh"", ""be.c"", ""bex:"", ""bieo"", ""bpfl"", ""c. y"", ""ccuf"", ""ck3d"", ""cm 2"", ""cmod"", ""cumo"", ""d 8-"", ""d)ev"", ""d)ra"", ""d+(d"", ""d4 i"", ""da-w"", ""db x"", ""ddut"", ""ddwy"", ""dhyr"", ""dj -"", ""dko?"", ""dmod"", ""dn 2"", ""dn r"", ""dni)"", ""do.d"", ""dom@"", ""dsax"", ""dtfi"", ""dtsj"", ""du-e"", ""duwr"", ""dwyd"", ""dyty"", ""e #&"", ""e jl"", ""e'iv"", ""e'of"", ""e* ("", ""e-t:"", ""e.dk"", ""e.in"", ""e; r"", ""eaap"", ""ee) "", ""eeum"", ""ehax"", ""eip "", ""ejpe"", ""ejts"", ""ekk-"", ""emd:"", ""emt?"", ""emtm"", ""endd"", ""epix"", ""epzi"", ""er4l"", ""erkb"", ""ers2"", ""et_x"", ""ev'r"", ""eweo"", ""exwr"", ""eya/"", ""ezyo"", ""f? y"", ""fae:"", ""faho"", ""fe!!"", ""fix!"", ""fk/h"", ""flep"", ""fogn"", ""fox1"", ""fru?"", ""fsi:"", ""fsk "", ""ft-a"", ""ftf:"", ""fudu"", ""fukr"", ""fun2"", ""fxen"", ""fyn'"", ""g'ol"", ""g(o)"", ""g) p"", ""g-yi"", ""g@me"", ""gadm"", ""gagc"", ""gajr"", ""gaoo"", ""gavu"", ""gbff"", ""ge':"", ""geej"", ""geh,"", ""geju"", ""gekh"", ""geo."", ""gex:"", ""gezh"", ""ggem"", ""ggik"", ""ghdr"", ""ghfa"", ""ghmk"", ""gipu"", ""glo*"", ""gmaj"", ""gmuh"", ""gocm"", ""goec"", ""gojr"", ""gp w"", ""gp50"", ""gpia"", ""gq j"", ""grdi"", ""grp "", ""gshy"", ""gsig"", ""gtd:"", ""gtr2"", ""gtu "", ""guhu"", ""gwla"", ""gwu'"", ""gxak"", ""gy)a"", ""gyea"", ""gymt"", ""gyub"", ""h'ra"", ""h.5."", ""h2no"", ""h420"", ""h: x"", ""h_eq"", ""ha'j"", ""haex"", ""haqz"", ""hawm"", ""haz:"", ""hb c"", ""hcw:"", ""hd u"", ""hdeh"", ""hepz"", ""hexw"", ""hezy"", ""hga "", ""hi!j"", ""hiiu"", ""hkq "", ""hlu "", ""hmku"", ""hoai"", ""hoys"", ""hpw "", ""hruw"", ""hrw/"", ""htef"", ""htkl"", ""hub-"", ""hucl"", ""hugm"", ""huii"", ""huog"", ""hy 9"", ""hyaz"", ""hyty"", ""i a!"", ""i jd"", ""i!ja"", ""i'mp"", ""i-94"", ""i-bn"", ""i.me"", ""i.wi"", ""i; o"", ""i`m "", ""iad'"", ""ian3"", ""iarb"", ""iavn"", ""ic +"", ""id4 "", ""ie @"", ""iey "", ""ifa'"", ""ihm:"", ""ihrl"", ""iiui"", ""iium"", ""ijsg"", ""ik-f"", ""ikdu"", ""ini;"", ""iouh"", ""ippw"", ""ir-g"", ""ir.c"", ""irc:"", ""irs."", ""ive0"", ""ivm "", ""iwid"", ""iwr:"", ""ix x"", ""ixja"", ""izvl"", ""j'in"", ""jad,"", ""jajs"", ""jamj"", ""jawl"", ""je-w"", ""jeej"", ""jeu-"", ""jf d"", ""jfet"", ""ji-j"", ""jifi"", ""jke,"", ""jnti"", ""jolm"", ""jpev"", ""jsah"", ""jsge"", ""jtsu"", ""juuo"", ""k t4"", ""k-16"", ""k-ts"", ""k/hr"", ""k3d-"", ""ka'o"", ""kao)"", ""kduk"", ""kem!"", ""kgyi"", ""kh-b"", ""kiap"", ""kijn"", ""kiz:"", ""kje)"", ""kk'd"", ""kk-l"", ""kn' "", ""knej"", ""kokm"", ""kpaa"", ""kq i"", ""kruj"", ""l! 5"", ""l! 6"", ""l! 9"", ""l'ah"", ""l'ck"", ""l'to"", ""l+li"", ""l-ob"", ""l. &"", ""l.kn"", ""lamz"", ""lbdr"", ""ldu?"", ""le-2"", ""lel'"", ""let;"", ""let_"", ""lfta"", ""lgwu"", ""lin;"", ""lirh"", ""ljke"", ""ll'c"", ""ll.k"", ""lmex"", ""lmi:"", ""lo*r"", ""lov."", ""lt-r"", ""luhh"", ""lvde"", ""lz 5"", ""m .4"", ""m@mi"", ""ma',"", ""mel."", ""mfam"", ""mipi"", ""mnoc"", ""mo-j"", ""mo@l"", ""mog."", ""moi-"", ""moyt"", ""mp 5"", ""mp 6"", ""mrab"", ""mtme"", ""n 8f"", ""n a*"", ""n(d)"", ""n.1."", ""n2sh"", ""n:19"", ""nafy"", ""ne.d"", ""nejp"", ""ngbj"", ""nggs"", ""ngxa"", ""ni; "", ""nis;"", ""nivm"", ""nkza"", ""nokm"", ""nolm"", ""nryv"", ""nvut"", ""nyki"", ""nyv "", ""nze'"", ""nzhd"", ""nzvo"", ""o)od"", ""o*ri"", ""o@lv"", ""ob'a"", ""oc 6"", ""ocme"", ""od+("", ""oeal"", ""oeb:"", ""oetn"", ""ofeg"", ""oinp"", ""ojiw"", ""okgi"", ""okh-"", ""okm "", ""om@m"", ""omo@"", ""oog:"", ""oshr"", ""osjo"", ""osks"", ""oup;"", ""ow.y"", ""ox11"", ""oxx'"", ""p ul"", ""p'oc"", ""p506"", ""pahr"", ""pap'"", ""phy!"", ""pm 4"", ""ppwo"", ""ppy)"", ""pvel"", ""pw o"", ""q vi"", ""qsha"", ""quns"", ""qzaa"", ""r 9."", ""r'ns"", ""r(gy"", ""r4lo"", ""rabp"", ""rasd"", ""rau2"", ""rcmo"", ""rd')"", ""rdke"", ""rdkn"", ""rdyi"", ""rdyr"", ""re.i"", ""rehz"", ""rekg"", ""rg?:"", ""ri*a"", ""rjit"", ""rjja"", ""rke!"", ""rkn'"", ""rrf:"", ""rs.o"", ""rsah"", ""rtqu"", ""ruwo"", ""rw/l"", ""rz-l"", ""s' 5"", ""s.ou"", ""s? r"", ""sdef"", ""sdij"", ""sh42"", ""shkq"", ""so-t"", ""sok?"", ""sriw"", ""ssyu"", ""sugs"", ""suu:"", ""t 8)"", ""t/ii"", ""t?!."", ""ta-i"", ""tam)"", ""td. "", ""te* "", ""tek'"", ""ter4"", ""tgea"", ""tgor"", ""th_e"", ""thih"", ""tk-4"", ""tr2:"", ""ttoe"", ""tyln"", ""tz 8"", ""tzt)"", ""u f:"", ""u hw"", ""u uo"", ""ub'u"", ""ubcp"", ""uc p"", ""uckj"", ""ughd"", ""ughf"", ""uhe."", ""uiii"", ""ujif"", ""uka."", ""ukjo"", ""ukk'"", ""uksd"", ""ukye"", ""ul+l"", ""uldd"", ""ulll"", ""un(d"", ""un-y"", ""un2s"", ""uoge"", ""uoi,"", ""uosu"", ""uoza"", ""upiv"", ""urgz"", ""us ."", ""uuh "", ""uuok"", ""uw n"", ""uyz "", ""v zv"", ""v'ec"", ""v'ry"", ""vaot"", ""ve09"", ""vehu"", ""vgyu"", ""vi/a"", ""vm n"", ""vnsh"", ""vunz"", ""vuut"", ""w. 2"", ""w.yo"", ""weod"", ""wg 2"", ""widj"", ""wiiv"", ""wixi"", ""wmps"", ""wnej"", ""wnwo"", ""wrab"", ""wydi"", ""wz 6"", ""x x1"", ""x! t"", ""x11 "", ""xcat"", ""xen:"", ""xitr"", ""xjan"", ""xwre"", ""xxur"", ""y 05"", ""y bk"", ""y ds"", ""y tk"", ""y z:"", ""y) n"", ""y)ar"", ""y-cu"", ""y.s."", ""yao!"", ""ybo'"", ""ydio"", ""yefr"", ""yime"", ""yl 2"", ""ylni"", ""ymta"", ""yok:"", ""yrav"", ""yrva"", ""yshr"", ""yub'"", ""yueo"", ""yugm"", ""yv -"", ""yv i"", ""yzok"", ""z 3w"", ""z 6 "", ""z 64"", ""z 88"", ""z o'"", ""z-e?"", ""z-ku"", ""zer("", ""zgon"", ""zhoj"", ""zi ."", ""zivv"", ""zo +"", ""zomn"", ""zt) "", ""ztam"", ""zyfa"", ""zza.""]",760,1,155,0.0064516129032258064
5,block_infix_fingerprint_v005.json,256,local_split_entropy_equivalence_classes,154,4,0.0,0.05,title,title,133, #02,"["" #02""]",1,6,155,0.03870967741935484
5,block_infix_fingerprint_v005.json,256,local_split_entropy_equivalence_classes,154,4,0.0,0.05,title,title,134, #1?,"["" #1?"", "" 071"", "" 20k"", "" e15"", "" e1n"", "" eex"", "" icm"", "" jmu"", "" l.k"", "" ps-"", "" py "", "" r$5"", "" rcn"", "" tca"", ""#24 "", ""#30:"", ""#51:"", ""#60:"", ""& pv"", ""& sr"", ""' 'v"", ""'hy-"", ""'moe"", ""'s/e"", ""'vir"", ""(env"", ""(fox"", ""(y i"", "")equ"", ""**k-"", ""*k-i"", ""-am-"", ""-err"", ""-zc-"", ""..uw"", "".3 -"", "".uwe"", ""/ sh"", ""/'hy"", ""/49b"", ""/a-j"", ""/ect"", ""/enf"", ""/jot"", ""/sip"", ""0n, "", ""1.1:"", ""1/am"", ""1nen"", ""1x02"", ""1x06"", ""1x07"", ""2.1:"", ""2k m"", ""3-ig"", ""3.1:"", ""31 l"", ""33-i"", ""36 a"", ""4 ep"", ""4get"", ""61th"", ""911?"", ""a y'"", ""a1 i"", ""aftf"", ""alb)"", ""auxs"", ""aweg"", ""axev"", ""ayzl"", ""b)tr"", ""b/bo"", ""ba/p"", ""ban."", ""boeb"", ""bpic"", ""byn."", ""c'am"", ""c-30"", ""c/ol"", ""caal"", ""cbug"", ""cit."", ""co 8"", ""col/"", ""cy +"", ""d-2'"", ""d?/p"", ""dfou"", ""dl f"", ""doj "", ""domj"", ""dsar"", ""e e1"", ""e f4"", ""e r$"", ""e$: "", ""e/49"", ""e15 "", ""e1ne"", ""eao:"", ""ebrz"", ""edl/"", ""eekc"", ""efe-"", ""efuv"", ""eghl"", ""egyr"", ""eje'"", ""eo/a"", ""erlc"", ""ew-r"", ""ew/2"", ""f o2"", ""f' -"", ""femv"", ""fm f"", ""fn h"", ""fnb "", ""fox6"", ""ftfi"", ""fuva"", ""g/of"", ""gdl "", ""go/l"", ""h (v"", ""h tc"", ""hne/"", ""hnwu"", ""ho-a"", ""hy-r"", ""ia-w"", ""ib/b"", ""ic'a"", ""ieek"", ""ife\"""", ""igsc"", ""im/a"", ""im/f"", ""innm"", ""iodl"", ""ip?'"", ""iwyc"", ""ja/f"", ""jmus"", ""jnve"", ""k 5-"", ""k-ee"", ""kkje"", ""ks/'"", ""kta-"", ""kth "", ""kygn"", ""lb)t"", ""le'm"", ""lid,"", ""lrow"", ""ltpi"", ""lus+"", ""lza'"", ""lzey"", ""m 1)"", ""ma'u"", ""mbpi"", ""mcpl"", ""mp.c"", ""mvam"", ""n)eq"", ""n-kl"", ""n-zc"", ""nb c"", ""nfem"", ""nieh"", ""niog"", ""o d2"", ""oa/m"", ""oamy"", ""oenv"", ""ofa-"", ""og/o"", ""opf'"", ""or.c"", ""orfw"", ""ou-e"", ""ou-y"", ""ow'n"", ""ox-y"", ""ox6 "", ""p tg"", ""pffi"", ""pizs"", ""plyb"", ""ps-k"", ""ptob"", ""ptpr"", ""r e1"", ""r jm"", ""r$5 "", ""r-yo"", ""r/a-"", ""r0n,"", ""rgu,"", ""rha?"", ""rilv"", ""rkzo"", ""rxei"", ""ryft"", ""s \""r"", ""s 2)"", ""s x'"", ""s'88"", ""s/'h"", ""sak?"", ""se/4"", ""so ="", ""ss'8"", ""sw t"", ""sz! "", ""t nc"", ""t-os"", ""t.3 "", ""tew-"", ""ttu)"", ""u-es"", ""udpa"", ""uim/"", ""ukkj"", ""un)e"", ""uptp"", ""us-6"", ""usro"", ""utzw"", ""ux/e"", ""vc o"", ""ve$:"", ""ve??"", ""vooo"", ""vro:"", ""w (f"", ""w zd"", ""w'n "", ""w-ro"", ""w/20"", ""wd/s"", ""wehm"", ""wiod"", ""wo-i"", ""x 3,"", ""x j."", ""x' o"", ""x-pu"", ""x/en"", ""x07 "", ""x6 n"", ""xirg"", ""y +4"", ""y fn"", ""y'av"", ""yn.."", ""ypaj"", ""ypik"", ""ysof"", ""yzle"", ""yzx "", ""za-z"", ""zc-3"", ""zd-2"", ""zlys"", ""znid"", ""zx r""]",271,1,155,0.0064516129032258064
5,block_infix_fingerprint_v005.json,256,local_split_entropy_equivalence_classes,154,4,0.0,0.05,title,title,135, #2),"["" #2)""]",1,2,155,0.012903225806451613
5,block_infix_fingerprint_v005.json,256,local_split_entropy_equivalence_classes,154,4,0.0,0.05,title,title,136, #2.,"["" #2."", ""s./f"", ""yo-m""]",3,2,155,0.012903225806451613
5,block_infix_fingerprint_v005.json,256,local_split_entropy_equivalence_classes,154,4,0.0,0.05,title,title,137," #3,","["" #3,"", "" ($2"", "" 073"", "" 4x8"", "" 51t"", "" 5h5"", "" 7-f"", "" 7/1"", "" 7ve"", "" 97/"", "" ab-"", "" bks"", "" bwi"", "" c+c"", "" crw"", "" csr"", "" dcc"", "" ddi"", "" djb"", "" eb "", "" ebv"", "" f b"", "" f!v"", "" gm'"", "" h- "", "" h-o"", "" ius"", "" j h"", "" ju."", "" o'y"", "" of-"", "" okw"", "" ozr"", "" p-p"", "" pgr"", "" s-c"", "" s19"", "" t ("", "" ww3"", "" z-8"", ""#1 n"", ""#3, "", ""$8 a"", ""& 70"", ""&sou"", ""' + "", ""':.."", ""'d 4"", ""'i'i"", ""'igo"", ""'l v"", ""'n 7"", ""'ory"", ""'s-o"", ""'sit"", ""'soc"", ""'ute"", ""'zie"", ""($25"", ""(12c"", ""(14)"", ""(deb"", ""(es)"", ""(ini"", ""(kup"", ""(lib"", ""(nag"", ""(r)v"", "") 06"", "")vic"", ""**nc"", "", n'"", "", pj"", ""- 78"", ""- sd"", ""- xy"", ""-- '"", ""-5 k"", ""-> ("", ""-ake"", ""-e 5"", ""-e! "", ""-iha"", ""-k c"", ""-nda"", ""-oxl"", ""-q n"", ""-qab"", ""-r-s"", ""-sas"", ""-soj"", ""-u.s"", "". (1"", "". wc"", ""., v"", ""..ut"", "".g.y"", "".go."", "".he."", "".m.h"", "".pa."", "".pat"", "".r: "", "".utt"", ""0) b"", ""0-pu"", ""1-56"", ""11-f"", ""12cm"", ""181:"", ""2 os"", ""23 ."", ""24-f"", ""2bme"", ""2cm/"", ""2jdg"", ""3.3."", ""30-k"", ""31-5"", ""38 b"", ""3_sa"", ""4 3d"", ""5 #8"", ""51th"", ""5h55"", ""64 3"", ""73_s"", ""7ven"", ""8, r"", ""9' d"", ""910!"", ""973_"", ""98.7"", ""99' "", ""999'"", "":st."", ""> (i"", ""[rek"", ""_san"", ""a ->"", ""a rr"", ""a ww"", ""a**n"", ""a-nd"", ""a.pa"", ""ac 7"", ""ac 8"", ""ad; "", ""adjr"", ""adss"", ""aeik"", ""aev,"", ""ahoc"", ""aht!"", ""aiz."", ""akng"", ""ame;"", ""anjp"", ""aq e"", ""aqib"", ""arqo"", ""asyk"", ""atrp"", ""aukb"", ""avho"", ""avoe"", ""awlz"", ""awnn"", ""b '9"", ""b 4 "", ""b hr"", ""b'l "", ""baqi"", ""bbsi"", ""bed;"", ""bjat"", ""bks "", ""bl n"", ""bv p"", ""byam"", ""byny"", ""c fc"", ""c'th"", ""c-u."", ""cb b"", ""ceju"", ""ckph"", ""cm/s"", ""cr b"", ""crwn"", ""cseg"", ""cy!)"", ""d 'x"", ""d ww"", ""d-ab"", ""d197"", ""d203"", ""djbu"", ""djre"", ""dmo "", ""dt 7"", ""dup!"", ""e ($"", ""e 5h"", ""e px"", ""e.it"", ""e.r:"", ""e[re"", ""ead;"", ""eb '"", ""ebv "", ""ec-u"", ""eet&"", ""ef 5"", ""efez"", ""ehlj"", ""ejbl"", ""ekye"", ""elvt"", ""em8e"", ""eou-"", ""eppk"", ""er+o"", ""er-7"", ""erm."", ""escd"", ""et&s"", ""eub'"", ""evzo"", ""exgu"", ""exra"", ""exro"", ""ey@2"", ""eys'"", ""f 54"", ""f bw"", ""f c'"", ""f mw"", ""f!ve"", ""fagd"", ""fel)"", ""fic."", ""fts."", ""g 7t"", ""g c+"", ""g) o"", ""g- b"", ""g.y."", ""gad-"", ""gb ("", ""gb c"", ""gchr"", ""gd f"", ""ger+"", ""ghew"", ""ghgi"", ""ghup"", ""gidj"", ""gjow"", ""gkub"", ""gmej"", ""gmio"", ""gnfy"", ""go.p"", ""go1:"", ""gsa!"", ""h) m"", ""h- b"", ""haei"", ""hbek"", ""he.h"", ""he.i"", ""hevg"", ""hihr"", ""hkay"", ""hot;"", ""hoyn"", ""hpal"", ""hrsn"", ""hrur"", ""hsaz"", ""hua)"", ""hudc"", ""hyy "", ""i sg"", ""i'i'"", ""ie)'"", ""ieh:"", ""iem("", ""ignf"", ""ihru"", ""ijse"", ""ik2j"", ""imlu"", ""ipo'"", ""irph"", ""it.a"", ""itr-"", ""itu,"", ""iv-b"", ""iv-l"", ""ive+"", ""ivu!"", ""ivzu"", ""j-k "", ""jbl "", ""jbut"", ""jsow"", ""jtoz"", ""ju.."", ""k vn"", ""k! 9"", ""k-be"", ""k-un"", ""k2jd"", ""k8 l"", ""ka**"", ""kam]"", ""kbod"", ""kkyv"", ""kng "", ""knun"", ""kpha"", ""ktif"", ""ku-z"", ""kud!"", ""kuuz"", ""ky:s"", ""kyav"", ""l 7v"", ""l lh"", ""l- p"", ""l.vi"", ""la-n"", ""lbc:"", ""lkky"", ""ll.v"", ""lmwa"", ""lpst"", ""lufb"", ""lumg"", ""lvta"", ""m s1"", ""m! ("", ""m'i "", ""mb-l"", ""mco'"", ""mctr"", ""md19"", ""mkau"", ""mloi"", ""mmmi"", ""mnjo"", ""mpfw"", ""msna"", ""mucr"", ""mukd"", ""mya-"", ""n b1"", ""n lg"", ""n v/"", ""n x6"", ""n' +"", ""n- w"", ""n-q "", ""ncyb"", ""ney@"", ""nfy'"", ""nhka"", ""nibj"", ""njpe"", ""nkif"", ""nny;"", ""nsyu"", ""nwut"", ""o'ed"", ""o.go"", ""o.pa"", ""o1: "", ""obhu"", ""ofa:"", ""oix:"", ""oohy"", ""oojy"", ""oss("", ""ot'e"", ""oz ("", ""p 48"", ""p! 9"", ""pa.g"", ""pasg"", ""pazl"", ""pejb"", ""pew:"", ""pgr3"", ""phek"", ""pke."", ""plul"", ""pm ("", ""po'h"", ""pom,"", ""posb"", ""prz-"", ""ptw:"", ""pub,"", ""pwu/"", ""px-1"", ""qa: "", ""qafa"", ""qami"", ""qass"", ""qik2"", ""qirm"", ""qius"", ""qos "", ""qurp"", ""r 7c"", ""r r-"", ""r) m"", ""r)vi"", ""r+on"", ""r-s-"", ""r2 y"", ""rax-"", ""relr"", ""rh a"", ""rks;"", ""ro.g"", ""rod-"", ""rqa:"", ""rqos"", ""rs-v"", ""rsc "", ""rt?)"", ""rtf*"", ""rtgr"", ""rtl-"", ""ruj!"", ""ryaa"", ""s'ka"", ""s'mu"", ""s(es"", ""s-e!"", ""s-ox"", ""sae."", ""sasb"", ""sauy"", ""scdz"", ""se(r"", ""sexq"", ""sf n"", ""sgeo"", ""shci"", ""skez"", ""smav"", ""smd1"", ""solq"", ""sosl"", ""soxt"", ""sp 7"", ""squr"", ""srbo"", ""ssp "", ""ssyv"", ""sszk"", ""su; "", ""sumk"", ""susw"", ""sutp"", ""suvo"", ""sux2"", ""suy."", ""suyl"", ""syb'"", ""syd2"", ""syec"", ""syvr"", ""syvy"", ""t iu"", ""t v8"", ""t&so"", ""t'ik"", ""t'od"", ""t) c"", ""t. 9"", ""t4-2"", ""ta'z"", ""tadg"", ""tamh"", ""tcb "", ""te[r"", ""tem8"", ""teuw"", ""tevd"", ""tf*c"", ""tgo1"", ""th) "", ""titj"", ""tjev"", ""tl- "", ""tnu "", ""tos;"", ""tr-3"", ""trmo"", ""trpo"", ""tsu;"", ""ttu,"", ""tudv"", ""tyi,"", ""u '9"", ""u':."", ""u-zu"", ""u.b!"", ""u/dr"", ""u; d"", ""uc f"", ""uhrc"", ""uijs"", ""uix-"", ""ukbe"", ""umgl"", ""undx"", ""uni/"", ""uqur"", ""us-y"", ""uu- "", ""uvip"", ""ux2b"", ""uyla"", ""v uh"", ""v-be"", ""ve!,"", ""vec!"", ""vet-"", ""vhob"", ""vik-"", ""vl c"", ""vni:"", ""vnul"", ""vogh"", ""vos)"", ""vzur"", ""w 4:"", ""wanf"", ""waq "", ""wlor"", ""wly/"", ""wnni"", ""ww3:"", ""wwaq"", ""x 39"", ""x 48"", ""x ot"", ""x-80"", ""x-ot"", ""x-z "", ""x2bm"", ""xesp"", ""xikw"", ""xqua"", ""xrau"", ""xrol"", ""xtam"", ""xx-8"", ""xxti"", ""y) 0"", ""y- a"", ""y:st"", ""y; m"", ""y@20"", ""yarq"", ""yb'l"", ""yd20"", ""ydey"", ""yef "", ""ygij"", ""ygoy"", ""yiku"", ""ykoe"", ""yooj"", ""ytam"", ""yu 1"", ""yu 5"", ""yuil"", ""yvap"", ""yvro"", ""yvye"", ""zad-"", ""zeju"", ""zexr"", ""zivz""]",591,1,155,0.0064516129032258064
5,block_infix_fingerprint_v005.json,256,local_split_entropy_equivalence_classes,154,4,0.0,0.05,title,title,138, #4),"["" #4)""]",1,3,155,0.01935483870967742
5,block_infix_fingerprint_v005.json,256,local_split_entropy_equivalence_classes,154,4,0.0,0.05,title,title,139, #5.,"["" #5."", ""ag/r"", ""s?/f""]",3,2,155,0.012903225806451613
5,block_infix_fingerprint_v005.json,256,local_split_entropy_equivalence_classes,154,4,0.0,0.05,title,title,140, #57,"["" #57""]",1,7,155,0.04516129032258064
5,block_infix_fingerprint_v005.json,256,local_split_entropy_equivalence_classes,154,4,0.0,0.05,title,title,141, #5c,"["" #5c"", "" $37"", "" $el"", "" ' ("", "" 'o."", "" (96"", "" +: "", "" 0 ("", "" 0 0"", "" 00 "", "" 043"", "" 1b "", "" 44s"", "" 5te"", "" 8-9"", "" 96,"", "" = k"", "" [16"", "" [ap"", "" a1 "", "" acb"", "" adw"", "" av."", "" cr@"", "" dgg"", "" foq"", "" i/i"", "" j-d"", "" m@x"", "" mg."", "" mhu"", "" om?"", "" ox'"", "" s/s"", "" sv "", "" tlk"", "" u -"", "" ukw"", "" xca"", "" xy?"", "" z'e"", ""!+ h"", ""!?.."", ""!alo"", ""#90:"", ""#shi"", ""#sto"", ""$37."", ""$6 m"", ""$9.5"", ""$fre"", ""$h 2"", ""$win"", ""% (w"", ""% co"", ""% do"", ""% je"", ""% ly"", ""% ne"", ""% ny"", ""% ou"", ""% po"", ""% yi"", ""& 1s"", ""& 23"", ""& pm"", ""& ss"", ""&4ev"", ""&ben"", ""&m r"", ""' 'w"", ""''qu"", ""', u"", ""'/an"", ""'49-"", ""'8m/"", ""': x"", ""'an!"", ""'cud"", ""'g'/"", ""'gav"", ""'k v"", ""'l. "", ""'lsd"", ""'ltd"", ""'nec"", ""'nst"", ""'o.c"", ""'oh!"", ""'onk"", ""'oop"", ""'r g"", ""'rha"", ""'t ["", ""'v':"", ""'yur"", ""(4 p"", ""(965"", ""(bey"", ""(eig"", ""(ohn"", ""(ps1"", ""(r.i"", ""(s)h"", ""(su "", ""(t)e"", "") as"", "") bl"", "")cyc"", "")err"", "")hit"", "")mod"", "")tor"", ""*bat"", ""*big"", ""*rep"", ""+ ex"", ""+2 ="", ""+: d"", "", rg"", "",1 f"", "",420"", "",800"", "",830"", "",9 a"", ""- 04"", ""- 89"", ""-'17"", ""-1-7"", ""-1-m"", ""-2pm"", ""-56 "", ""-63:"", ""-68 "", ""-: t"", ""-aan"", ""-asf"", ""-d's"", ""-daj"", ""-dci"", ""-i &"", ""-iyi"", ""-kuz"", ""-mu'"", ""-n-i"", ""-oor"", ""-tyn"", ""-yaw"", ""-z3r"", ""-zn "", "". gd"", "". pf"", "".' '"", "".' 2"", "".) n"", ""...2"", ""...3"", ""...4"", ""..1 "", ""..2 "", ""..4 "", ""..du"", ""..ti"", "".01."", "".1 ."", "".2 ."", "".3 ."", "".3 o"", "".4 ."", "".6 a"", "".a l"", "".a y"", "".aby"", "".ani"", "".can"", "".d.3"", "".dal"", "".daw"", "".dur"", "".e s"", "".est"", "".heu"", "".hof"", "".i w"", "".i.)"", "".j's"", "".kon"", "".nes"", "".no "", "".nun"", "".tic"", "".umi"", "".uns"", "".va "", "".y h"", "".yi "", ""//ak"", ""/1 e"", ""/2 8"", ""/2 p"", ""/4 d"", ""/50:"", ""/62:"", ""/7 i"", ""/78 "", ""/aku"", ""/s c"", ""0 (b"", ""0 (z"", ""0 +:"", ""0 0 "", ""0 cy"", ""0 dm"", ""0 ww"", ""0 yi"", ""0% ("", ""0% y"", ""0' v"", ""0,42"", ""0,9 "", ""0-d'"", ""0-sp"", ""00 $"", ""00!!"", ""006/"", ""00mg"", ""01.0"", ""029 "", ""03 3"", ""03 e"", ""03:0"", ""04.4"", ""066:"", ""07 8"", ""076 "", ""077,"", ""0:lo"", ""0a s"", ""0k a"", ""0kmh"", ""0mg "", ""0ter"", ""0xx:"", ""1 .."", ""1 0 "", ""1 00"", ""1 24"", ""1 27"", ""1 ea"", ""1 ev"", ""1 iy"", ""1 kr"", ""1 kv"", ""1 m "", ""1 sy"", ""1 wu"", ""1 ww"", ""1 yr"", ""1+2 "", ""1,83"", ""1-75"", ""1-mu"", ""1.6 "", ""10-s"", ""103."", ""11,8"", ""12x9"", ""134."", ""13:d"", ""144,"", ""144k"", ""15' "", ""15/6"", ""160,"", ""16:5"", ""17 e"", ""173,"", ""177."", ""18 e"", ""18/6"", ""187."", ""1:1 "", ""1:1."", ""1:36"", ""1=11"", ""1b o"", ""1mc:"", ""1st&"", ""2 .."", ""2 28"", ""2 ab"", ""2 bb"", ""2 es"", ""2 fn"", ""2 ie"", ""2 im"", ""2 xy"", ""2' u"", ""2,20"", ""2,8 "", ""2,80"", ""2-63"", ""2-: "", ""2-dd"", ""202."", ""204."", ""20a "", ""21 1"", ""21 x"", ""211."", ""22-6"", ""22-:"", ""222."", ""227:"", ""23 r"", ""23-z"", ""24o0"", ""24we"", ""25-5"", ""28 1"", ""28b "", ""29 i"", ""29 t"", ""29 u"", ""296 "", ""29bg"", ""29o "", ""2am-"", ""2bob"", ""2bpe"", ""2m 9"", ""2n c"", ""2n: "", ""2o d"", ""2o t"", ""2tow"", ""3 --"", ""3 3d"", ""3 il"", ""3 mc"", ""3 tz"", ""3 wy"", ""3-y "", ""3-zn"", ""30,4"", ""304."", ""31 f"", ""31 i"", ""31-j"", ""31-n"", ""32 c"", ""32 x"", ""33 a"", ""33-n"", ""33b7"", ""33x "", ""34 j"", ""35 0"", ""35 d"", ""35o5"", ""36 v"", ""365/"", ""37pm"", ""38 w"", ""38-p"", ""380."", ""39/4"", ""39/8"", ""3:05"", ""3:18"", ""3:33"", ""3:de"", ""3azi"", ""3b7:"", ""3g o"", ""3s3,"", ""3vie"", ""3x a"", ""4 .."", ""4' f"", ""4' g"", ""4, o"", ""4-68"", ""40-h"", ""40:l"", ""41 k"", ""42-d"", ""420:"", ""435 "", ""44,0"", ""442n"", ""45 d"", ""45 k"", ""47])"", ""48 m"", ""49- "", ""49-'"", ""49je"", ""4o05"", ""4wee"", ""5 gy"", ""5' a"", ""5' z"", ""5+5+"", ""5-56"", ""5/62"", ""5/67"", ""50 +"", ""500m"", ""511,"", ""52 d"", ""53 c"", ""53 r"", ""54-6"", ""55 o"", ""57 r"", ""5am "", ""5fil"", ""5h30"", ""5ny "", ""5o50"", ""5tet"", ""6 rm"", ""6 sm"", ""6 vu"", ""6-wi"", ""600t"", ""61 b"", ""61 o"", ""616:"", ""623-"", ""638 "", ""647]"", ""65/6"", ""674."", ""68 r"", ""69 g"", ""6:06"", ""6:18"", ""6:3,"", ""6:38"", ""6:50"", ""6ft "", ""6o e"", ""7 33"", ""7 35"", ""7 80"", ""7 cm"", ""7-ga"", ""70 r"", ""71 y"", ""74 i"", ""74.2"", ""75 d"", ""75 v"", ""76 v"", ""76-w"", ""77 o"", ""79 m"", ""79.9"", ""790:"", ""798 "", ""7:05"", ""7:35"", ""8 (d"", ""8 fu"", ""8 hu"", ""8 mh"", ""8 pm"", ""8 ul"", ""8 ww"", ""8% l"", ""8-9,"", ""8-or"", ""8-pu"", ""8-ye"", ""8/64"", ""8/68"", ""80-a"", ""800k"", ""80km"", ""81 e"", ""812."", ""83 m"", ""830,"", ""85.1"", ""86.4"", ""88 y"", ""88-a"", ""88-o"", ""88ne"", ""8:01"", ""8:46"", ""8b c"", ""8cht"", ""8daz"", ""8m/s"", ""8mai"", ""8nen"", ""9 aa"", ""9 it"", ""9 ru"", ""9 sl"", ""9 td"", ""9'8m"", ""9- 1"", ""9.09"", ""9/78"", ""9/81"", ""90-l"", ""900."", ""91 v"", ""92 d"", ""92,8"", ""926,"", ""93rd"", ""945a"", ""95 o"", ""95 y"", ""98 h"", ""988n"", ""9:03"", ""9bg8"", ""9o a"", ""9o f"", "": 5d"", "":00:"", "":03:"", "":1 t"", "":1.6"", "":11a"", "":18 "", "":3, "", "":37p"", "":38:"", "":: t"", "":de "", ""; ti"", ""<: l"", ""= ki"", ""= pi"", ""><: "", ""?' '"", ""?may"", ""[164"", ""[apo"", ""]act"", ""a -7"", ""a 1s"", ""a gg"", ""a)to"", ""a, 7"", ""a1: "", ""a7 s"", ""aaff"", ""ac!:"", ""adm "", ""adm:"", ""aegr"", ""afnr"", ""ahuy"", ""ai.t"", ""ais1"", ""aj-d"", ""akcn"", ""akm "", ""akp:"", ""am ="", ""am''"", ""am-2"", ""anrw"", ""aode"", ""aqva"", ""ar',"", ""ark;"", ""asc-"", ""asgj"", ""au-i"", ""ayl'"", ""az':"", ""azy)"", ""b-i "", ""b7: "", ""bim:"", ""bip-"", ""bisf"", ""bizl"", ""bkoc"", ""bper"", ""bsci"", ""bum("", ""bwe'"", ""by 7"", ""bzy/"", ""c (l"", ""caqz"", ""ccaq"", ""ceea"", ""ci! "", ""cik?"", ""ck-y"", ""co'd"", ""cyle"", ""czuw"", ""d ej"", ""d gt"", ""d uj"", ""d' ."", ""d.3 "", ""dan5"", ""ddo,"", ""df h"", ""dggb"", ""dhbu"", ""dop "", ""dtil"", ""dtlo"", ""dusj"", ""dvai"", ""dwax"", ""e m@"", ""e t]"", ""e)cy"", ""e.99"", ""e]ac"", ""ecyl"", ""edt?"", ""ee.9"", ""eeog"", ""eext"", ""efe?"", ""egbu"", ""eih-"", ""eim?"", ""ej ("", ""ejby"", ""eq y"", ""er't"", ""et2g"", ""etuf"", ""eu'."", ""ex $"", ""ey':"", ""f) f"", ""fiok"", ""fnre"", ""foq "", ""fpo:"", ""fspa"", ""fugt"", ""fuhy"", ""fuul"", ""g'/a"", ""g: 6"", ""gau-"", ""gbuv"", ""gcah"", ""gedt"", ""get2"", ""ggb "", ""glsa"", ""go?'"", ""golw"", ""gpha"", ""gs 0"", ""h 2'"", ""h uc"", ""h'ye"", ""h30 "", ""hd! "", ""hdod"", ""hhie"", ""hkuh"", ""hl/u"", ""hlva"", ""ho!'"", ""hodb"", ""hr',"", ""hrzc"", ""ht) "", ""huaq"", ""hz -"", ""hzuc"", ""i 75"", ""i'ah"", ""i'yi"", ""i-iy"", ""i.ca"", ""i.ce"", ""i.tv"", ""ia':"", ""iboh"", ""idfl"", ""iepu"", ""ih'y"", ""ih-m"", ""ii-p"", ""ijto"", ""imoe"", ""in)m"", ""iohm"", ""ise*"", ""isr:"", ""iv-t"", ""ix *"", ""izee"", ""j (c"", ""j (h"", ""j np"", ""j-de"", ""j-du"", ""jafn"", ""jaod"", ""jby/"", ""jtoe"", ""k 3)"", ""k j-"", ""k' o"", ""k-ya"", ""k//a"", ""ke'l"", ""keeo"", ""kjau"", ""km f"", ""kozv"", ""kp: "", ""kpet"", ""kra-"", ""krmp"", ""kruy"", ""kszy"", ""ku ~"", ""ku-a"", ""l ' "", ""l/uf"", ""laeb"", ""laee"", ""laqz"", ""lci!"", ""lfad"", ""lgyk"", ""li.c"", ""lji?"", ""lkyo"", ""lo!a"", ""lo'w"", ""lo?!"", ""lopb"", ""lp 1"", ""lroh"", ""lsd'"", ""lsts"", ""lsuv"", ""lukp"", ""lvo)"", ""m 4a"", ""m = "", ""m cc"", ""m eb"", ""m-2p"", ""m120"", ""maj-"", ""mg o"", ""mirp"", ""mmuc"", ""mok."", ""moo'"", ""mu'a"", ""muas"", ""mus'"", ""mx-z"", ""n (9"", ""n dg"", ""n sg"", ""n; a"", ""nag'"", ""nbaf"", ""nbay"", ""ncjo"", ""ndzn"", ""new)"", ""ng.'"", ""nh r"", ""njhe"", ""nljo"", ""nmeu"", ""nnao"", ""nnu'"", ""no ="", ""noat"", ""npab"", ""nrws"", ""nu '"", ""nug,"", ""nwyl"", ""ny?'"", ""o 1b"", ""o 4?"", ""o!':"", ""o!/f"", ""o!al"", ""o' ("", ""o/sk"", ""o05'"", ""o50'"", ""o?' "", ""oczo"", ""ogau"", ""oh!."", ""ona+"", ""opo?"", ""oqq."", ""oua,"", ""oua-"", ""ozbr"", ""p 5t"", ""p. y"", ""pbam"", ""pbob"", ""pkep"", ""pkha"", ""pp 5"", ""prif"", ""ps1)"", ""pt/p"", ""q ye"", ""q..."", ""qabr"", ""qq.."", ""qzam"", ""r 8-"", ""r xy"", ""r'th"", ""r.j'"", ""r; p"", ""rchc"", ""rcog"", ""re)c"", ""re]a"", ""rejj"", ""rgo."", ""rhac"", ""rir:"", ""rj p"", ""rk; "", ""rnlj"", ""rny:"", ""rrof"", ""rtsb"", ""rtyj"", ""rwst"", ""s c/"", ""s)hi"", ""s3, "", ""sasf"", ""sb h"", ""sc-d"", ""sd':"", ""sdas"", ""sdis"", ""se-j"", ""seq "", ""sfiy"", ""sfod"", ""sit;"", ""sivh"", ""sl p"", ""soef"", ""st&4"", ""st',"", ""suuc"", ""sv c"", ""svn "", ""svrb"", ""t $3"", ""t mx"", ""t&4e"", ""t&be"", ""t)er"", ""t-aa"", ""t.' "", ""t2ge"", ""taw:"", ""td.'"", ""te ["", ""te.n"", ""teeb"", ""texv"", ""tf b"", ""tl -"", ""tlol"", ""tlyh"", ""toqq"", ""tseq"", ""tszd"", ""tt&b"", ""tt':"", ""tuf?"", ""tul'"", ""tupc"", ""tyj "", ""tyr;"", ""u 65"", ""u 7-"", ""u e5"", ""u mb"", ""u ~ "", ""u!?."", ""u'as"", ""u-ak"", ""ua-o"", ""uelh"", ""ugls"", ""uhe?"", ""uidf"", ""ukpe"", ""um(s"", ""ur ."", ""uroq"", ""ut.'"", ""utyj"", ""utz'"", ""uuet"", ""ux::"", ""v dz"", ""v': "", ""v652"", ""ve/v"", ""vejb"", ""vhau"", ""vn 7"", ""voj,"", ""vzar"", ""w zj"", ""wf l"", ""widl"", ""wim!"", ""wmea"", ""wn-f"", ""woh?"", ""wopb"", ""wsvn"", ""wthr"", ""wwam"", ""wwl "", ""wyly"", ""x $e"", ""x 'k"", ""x *r"", ""x-z3"", ""x.f."", ""x4 c"", ""x4 o"", ""x:: "", ""xa &"", ""xipt"", ""xqno"", ""xver"", ""xyla"", ""y 79"", ""y pp"", ""y' &"", ""y? e"", ""yaaf"", ""yazl"", ""yer;"", ""yih'"", ""yko,"", ""ylyd"", ""yniq"", ""yomd"", ""yr; "", ""z'en"", ""z-an"", ""z-fu"", ""zea:"", ""zjed"", ""zwob"", ""zz-f""]",979,1,155,0.0064516129032258064
5,block_infix_fingerprint_v005.json,256,local_split_entropy_equivalence_classes,154,4,0.0,0.05,title,title,142, #63,"["" #63""]",1,7,155,0.04516129032258064
5,block_infix_fingerprint_v005.json,256,local_split_entropy_equivalence_classes,154,4,0.0,0.05,title,title,143, #64,"["" #64""]",1,7,155,0.04516129032258064
5,block_infix_fingerprint_v005.json,256,local_split_entropy_equivalence_classes,154,4,0.0,0.05,title,title,144, #68,"["" #68""]",1,6,155,0.03870967741935484
5,block_infix_fingerprint_v005.json,256,local_split_entropy_equivalence_classes,154,4,0.0,0.05,title,title,145, #72,"["" #72""]",1,6,155,0.03870967741935484
5,block_infix_fingerprint_v005.json,256,local_split_entropy_equivalence_classes,154,4,0.0,0.05,title,title,146, #74,"["" #74""]",1,6,155,0.03870967741935484
5,block_infix_fingerprint_v005.json,256,local_split_entropy_equivalence_classes,154,4,0.0,0.05,title,title,147, #75,"["" #75""]",1,5,155,0.03225806451612903
5,block_infix_fingerprint_v005.json,256,local_split_entropy_equivalence_classes,154,4,0.0,0.05,title,title,148, #94,"["" #94""]",1,7,155,0.04516129032258064
5,block_infix_fingerprint_v005.json,256,local_split_entropy_equivalence_classes,154,4,0.0,0.05,title,title,149, $#!,"["" $#!"", "" 986"", ""soow""]",3,2,155,0.012903225806451613
5,block_infix_fingerprint_v005.json,256,local_split_entropy_equivalence_classes,154,4,0.0,0.05,title,title,150, $24,"["" $24"", "" 'lw"", "" 'mg"", "" (qa"", "" *%^"", "" -da"", "" 3/f"", "" a *"", "" bnp"", "" brt"", "" cmj"", "" dy:"", "" nbr"", "" quf"", "" t t"", "" tg4"", "" ut-"", "" vr/"", "" xov"", ""%^$#"", ""& dv"", ""' cz"", ""'/aa"", ""'/co"", ""'/pi"", ""'bot"", ""'iag"", ""'kor"", ""'lwi"", ""'me'"", ""'mga"", ""(ex-"", ""(no3"", ""(qai"", ""*%^$"", "", 00"", "", xm"", ""- 41"", ""-4-n"", ""-es?"", ""-kug"", ""-opi"", ""-sob"", ""-stk"", ""-to:"", ""-upm"", "". 2d"", "". 3/"", "".! y"", "".-es"", ""./na"", "".g.v"", "".h.k"", "".k n"", "".wak"", ""/ahe"", ""/alz"", ""/buo"", ""/coi"", ""/erg"", ""/iss"", ""/izc"", ""/koa"", ""/mt "", ""/oco"", ""/rer"", ""/rna"", ""0, 0"", ""02-m"", ""1 (?"", ""1=1 "", ""2 ih"", ""2-me"", ""27-n"", ""3+1="", ""3/fi"", ""39 b"", ""3h5("", ""5(no"", ""5-y "", ""5.-e"", ""7-ne"", ""8 cu"", ""854-"", "": vs"", "":s m"", ""=1 ("", ""?!' "", ""a *%"", ""a t "", ""a, 0"", ""a./n"", ""a?!'"", ""aczl"", ""af-c"", ""agy,"", ""ajdl"", ""amdu"", ""aobh"", ""ar'?"", ""ayu-"", ""az 7"", ""b/ea"", ""bbo-"", ""bu/p"", ""c-gr"", ""c/tu"", ""c2 -"", ""c3h5"", ""cbf "", ""ccsi"", ""ci/j"", ""cmx "", ""cob?"", ""cs/i"", ""cyza"", ""cza'"", ""czli"", ""d 2)"", ""d g "", ""dah?"", ""dbyg"", ""di/r"", ""dik?"", ""docz"", ""duw?"", ""dux/"", ""dy:s"", ""dyir"", ""eaer"", ""eaf-"", ""eai?"", ""ejtu"", ""em!."", ""erl!"", ""eryq"", ""eugj"", ""evow"", ""ewop"", ""ewyb"", ""eydu"", ""ezoa"", ""fam-"", ""fhak"", ""fl u"", ""fo 3"", ""fos?"", ""ft-1"", ""g ox"", ""g.v."", ""g/ur"", ""gduk"", ""ge.2"", ""ge/u"", ""gnto"", ""h.k "", ""h/ce"", ""h/ll"", ""h5(n"", ""hl2n"", ""hlu!"", ""hmyg"", ""hq c"", ""hrsb"", ""hsa "", ""hses"", ""htdo"", ""hte?"", ""hujd"", ""hy-v"", ""ijoy"", ""imht"", ""iqo "", ""irc-"", ""iu 2"", ""izuf"", ""izuj"", ""j et"", ""j eu"", ""ja/d"", ""jde."", ""jdlu"", ""jdo "", ""ji '"", ""ji-w"", ""ji/b"", ""ji/c"", ""jka?"", ""jkfe"", ""jnek"", ""joyt"", ""juu?"", ""k 'j"", ""k c'"", ""k oj"", ""k/ah"", ""k?!?"", ""kkew"", ""kkuo"", ""kue?"", ""kuhr"", ""kutg"", ""l2ni"", ""lb/c"", ""le?:"", ""leow"", ""lghl"", ""llgh"", ""locn"", ""lu/h"", ""lwia"", ""m/ol"", ""mb/e"", ""mc2 "", ""mhth"", ""migk"", ""mmiq"", ""mmp "", ""mni:"", ""motv"", ""mra,"", ""mx -"", ""myfo"", ""mywi"", ""mzaa"", ""n-cs"", ""n/vu"", ""nbr "", ""ncbf"", ""nggl"", ""nhl2"", ""niqo"", ""nji/"", ""nkce"", ""no3)"", ""nsax"", ""o 9-"", ""o mj"", ""o/i'"", ""o2be"", ""o3)3"", ""oh-r"", ""oiau"", ""olsg"", ""ombc"", ""oo/i"", ""owaf"", ""oxy?"", ""p (4"", ""p/'l"", ""p? n"", ""pokc"", ""pt? "", ""q oc"", ""qo i"", ""quff"", ""r/ag"", ""r/iz"", ""r/ot"", ""ra/q"", ""rc-g"", ""rcyz"", ""rdgl"", ""rja,"", ""rm/i"", ""rmpj"", ""ryqu"", ""rztw"", ""s -d"", ""s 1!"", ""s dc"", ""s m "", ""s/mt"", ""s/rn"", ""s/x-"", ""sacz"", ""scyp"", ""semv"", ""smyf"", ""soi?"", ""spta"", ""sut)"", ""syn?"", ""szy-"", ""t 'y"", ""t tg"", ""t'ia"", ""t'sa"", ""t? n"", ""t?/n"", ""taob"", ""tird"", ""tisq"", ""ts/x"", ""tse'"", ""tyfy"", ""tzdr"", ""u &."", ""u-dd"", ""u? ."", ""u? j"", ""uboz"", ""uex,"", ""ufoe"", ""uigs"", ""ulb/"", ""up/'"", ""upo!"", ""ups)"", ""us/z"", ""uspt"", ""uutk"", ""ux/m"", ""v ec"", ""vac/"", ""veac"", ""vix "", ""vnss"", ""vowo"", ""vr/r"", ""w yi"", ""w-mo"", ""weea"", ""wegb"", ""whib"", ""wk n"", ""wysk"", ""x: 5"", ""xeit"", ""xove"", ""xskl"", ""y 'v"", ""y mb"", ""y/ep"", ""y:s "", ""ydun"", ""yeir"", ""yemm"", ""yfyi"", ""ygee"", ""yjas"", ""yoia"", ""yx g"", ""z 70"", ""z om"", ""zced"", ""zka'"", ""zufu"", ""zy-s""]",349,1,155,0.0064516129032258064
5,block_infix_fingerprint_v005.json,256,local_split_entropy_equivalence_classes,154,4,0.0,0.05,title,title,151, %@#,"["" %@#"", "" ('9"", "" 24s"", "" 4-p"", "" 58/"", "" 94,"", "" ae'"", "" awb"", "" c+m"", "" co@"", "" d.k"", "" df:"", "" e/m"", "" eew"", "" ejo"", "" etv"", "" f(x"", "" gr8"", "" h b"", "" kg "", "" lsr"", "" m4 "", "" msr"", "" na:"", "" npc"", "" o.a"", "" oe "", "" oel"", "" ofd"", "" p.z"", "" pkb"", "" qki"", "" rgb"", "" s 8"", "" se:"", "" tvx"", "" vi!"", "" vkl"", "" xhu"", "" y'd"", "" ylh"", "" ytv"", "" zi."", ""! cm"", ""! o'"", ""# 2 "", ""#..."", ""#dis"", ""#wet"", ""$ po"", ""% - "", ""% da"", ""% on"", ""% vo"", ""%@#."", ""& 7t"", ""&e i"", ""&ise"", ""' ae"", ""' xi"", ""''01"", ""'01 "", ""'09'"", ""'79 "", ""'92)"", ""'93 "", ""'ahr"", ""'b':"", ""'cof"", ""'een"", ""'el."", ""'faw"", ""'ho!"", ""'huk"", ""'jar"", ""'kei"", ""'ler"", ""'lu "", ""'o r"", ""'r x"", ""'sid"", ""'sre"", ""'tap"", ""'tzo"", ""('92"", ""(3 w"", ""(___"", ""(a(h"", ""(alt"", ""(an)"", ""(g)r"", ""(h1n"", ""(hat"", ""(hun"", ""(kid"", ""(nuv"", ""(o i"", ""(t)t"", ""(v.)"", ""(wer"", ""(wol"", ""(yom"", "") (d"", ""), g"", "")abl"", "")con"", "")enc"", "")esi"", "")loc"", "")noc"", "")rev"", "")sis"", "")tem"", ""+ 2:"", ""+1=4"", ""+1=a"", ""+m+b"", "", 0 "", "", 8t"", "",80 "", ""- 3-"", ""- 72"", ""--->"", ""-0 p"", ""-07 "", ""-2-0"", ""-2-2"", ""-2-9"", ""-50."", ""-54 "", ""-6-6"", ""-69 "", ""-7 e"", ""-7 o"", ""-9-8"", ""-abr"", ""-d h"", ""-dof"", ""-ok!"", ""-pfe"", ""-qid"", ""-s. "", ""-tyv"", ""-y! "", ""-yaz"", "". 2c"", "". e4"", "".' e"", "".) t"", ""..ak"", ""..ar"", ""..tu"", "".02:"", "".07."", "".1.1"", "".1.4"", "".2/b"", "".35:"", "".4.h"", "".48 "", "".9. "", "".a b"", "".aka"", "".aro"", "".bes"", "".bor"", "".det"", "".ebo"", "".enf"", "".g.r"", "".go "", "".let"", "".mod"", "".pia"", "".po "", "".rec"", "".tan"", "".tu "", "".um "", "".z.h"", ""//os"", ""//sh"", ""/365"", ""/4/0"", ""/6 0"", ""/7 5"", ""/71:"", ""/hao"", ""/hux"", ""/hyb"", ""/ose"", ""0 (d"", ""0 hz"", ""0% -"", ""0+ a"", ""0,39"", ""0-54"", ""0-e-"", ""0-fa"", ""0-mo"", ""0-te"", ""0. y"", ""0.5:"", ""0.6."", ""00dn"", ""00m "", ""01.3"", ""01.4"", ""012."", ""02:3"", ""03:5"", ""04:1"", ""05-i"", ""07.9"", ""071 "", ""079:"", ""08 5"", ""086:"", ""09''"", ""091 "", ""0cha"", ""0dni"", ""1 np"", ""1 wr"", ""1$ p"", ""1% o"", ""1'09"", ""1) s"", ""1, 0"", ""1-0 "", ""1-s."", ""1.02"", ""1.1."", ""1.4."", ""1/36"", ""1/4/"", ""1/60"", ""10-5"", ""10-e"", ""100d"", ""10ml"", ""11'0"", ""115t"", ""12-4"", ""12.."", ""122 "", ""13 ="", ""13di"", ""13wo"", ""140c"", ""15:2"", ""15x2"", ""16/6"", ""16:3"", ""18'l"", ""18,0"", ""18-8"", ""184."", ""18b "", ""191."", ""193."", ""199."", ""1=10"", ""1=ad"", ""1er."", ""1n1)"", ""2 g."", ""2 il"", ""2 yt"", ""2-2-"", ""2-46"", ""2-lo"", ""2/15"", ""2/60"", ""20mg"", ""21 r"", ""212."", ""216."", ""22 w"", ""22we"", ""24sa"", ""25:1"", ""25x3"", ""25x5"", ""26 &"", ""26/7"", ""2:06"", ""2:09"", ""2:32"", ""2:37"", ""2el'"", ""2ldk"", ""2m 2"", ""2m 5"", ""2mer"", ""2os "", ""2pic"", ""2rei"", ""2wee"", ""2x2="", ""3 bb"", ""3 er"", ""3 hr"", ""3 it"", ""3 mn"", ""3 tv"", ""3, v"", ""3-fo"", ""3.pi"", ""305-"", ""30:0"", ""31 g"", ""32 g"", ""32 k"", ""320:"", ""32:0"", ""34x2"", ""35 u"", ""39 1"", ""39, "", ""3:1 "", ""3:45"", ""3:77"", ""3_9_"", ""3d-c"", ""3dei"", ""3dic"", ""3ich"", ""3jah"", ""3par"", ""3wol"", ""4 bh"", ""4 ke"", ""4 ny"", ""4 ut"", ""401 "", ""40ch"", ""411."", ""42 o"", ""43o "", ""458."", ""459."", ""463."", ""47o "", ""482-"", ""49 ("", ""4:0 "", ""4:15"", ""4cha"", ""4h i"", ""4h m"", ""4sai"", ""4x25"", ""5 gl"", ""5 nh"", ""5 up"", ""5 wr"", ""5,80"", ""5-il"", ""5-pf"", ""5.07"", ""5.6 "", ""50-m"", ""505g"", ""51o "", ""54 i"", ""54 k"", ""55 e"", ""55 j"", ""56 e"", ""58/4"", ""5lbs"", ""5o i"", ""5te "", ""5x20"", ""5x36"", ""5x5:"", ""6 02"", ""6 2:"", ""6 df"", ""6 dt"", ""6 ha"", ""6 le"", ""6, w"", ""6-6-"", ""6-66"", ""6-7 "", ""6/71"", ""6/a9"", ""627 "", ""628 "", ""639."", ""64 r"", ""641 "", ""645 "", ""647 "", ""66 2"", ""664:"", ""66go"", ""67 e"", ""68 p"", ""69 d"", ""69:a"", ""69bi"", ""6:31"", ""6:66"", ""6dan"", ""6dis"", ""6god"", ""6gun"", ""7 26"", ""7 29"", ""7 34"", ""7 37"", ""7 51"", ""7 ec"", ""7 gm"", ""7 gw"", ""7 lb"", ""7 my"", ""7 oh"", ""7 qi"", ""7 sf"", ""7+1="", ""7.co"", ""70 0"", ""70-t"", ""708 "", ""711:"", ""713 "", ""719 "", ""73 o"", ""77 i"", ""77 l"", ""77.c"", ""78 f"", ""79 h"", ""79 l"", ""79 t"", ""7and"", ""7is."", ""7o e"", ""7sin"", ""8 -n"", ""8 50"", ""8 cl"", ""8 kn"", ""8 mm"", ""8 ty"", ""8'le"", ""8, w"", ""8-80"", ""8. 1"", ""8. y"", ""8.2/"", ""81 g"", ""82 g"", ""82-l"", ""826 "", ""84 b"", ""84 o"", ""86 d"", ""88 i"", ""884:"", ""8:05"", ""8b j"", ""8cho"", ""8th:"", ""9 (f"", ""9 s "", ""9 ts"", ""9''0"", ""9-81"", ""9-9-"", ""9. u"", ""9/64"", ""900t"", ""91 p"", ""91st"", ""92 v"", ""93 j"", ""931:"", ""939,"", ""94 r"", ""946,"", ""96 e"", ""966,"", ""97 e"", ""97 l"", ""97 q"", ""977."", ""99 +"", ""99 j"", ""9:an"", ""9bit"", ""9ilu"", "": m4"", "": nh"", "":1 a"", "":30:"", "":32:"", "":58:"", "":66 "", "":an,"", "":vs "", ""<---"", ""= 28"", ""= in"", ""=100"", ""=adf"", ""@#*!"", ""@#.."", ""@bau"", ""@k b"", ""@urf"", ""] sm"", ""_9_0"", ""___)"", ""a e/"", ""a've"", ""a(h1"", ""a-ty"", ""a.1."", ""a6-1"", ""a6/a"", ""a66g"", ""a; t"", ""aa'e"", ""abca"", ""aby;"", ""ac17"", ""act2"", ""adf "", ""adn:"", ""ae/a"", ""aerz"", ""aet-"", ""aevd"", ""af-l"", ""afkl"", ""afza"", ""aiyn"", ""akk-"", ""akmy"", ""aknj"", ""amkr"", ""amyl"", ""an)o"", ""an?'"", ""ana3"", ""ana6"", ""anb "", ""and7"", ""anu)"", ""any;"", ""anyd"", ""aoik"", ""apbe"", ""apt2"", ""aqop"", ""arff"", ""as:v"", ""asgy"", ""ate3"", ""awju"", ""aykh"", ""b c'"", ""b': "", ""baqo"", ""bbi-"", ""bbuz"", ""bbyp"", ""bcak"", ""bs #"", ""buzt"", ""by; "", ""bypi"", ""c ik"", ""c+m+"", ""c.de"", ""c/as"", ""ccud"", ""cegn"", ""ch&i"", ""ch-j"", ""chk "", ""cidl"", ""ck.0"", ""cm o"", ""cm z"", ""cmap"", ""co@k"", ""ct2r"", ""d rd"", ""d'ns"", ""d) ("", ""d-ug"", ""d.' "", ""d.k."", ""d/2 "", ""d7is"", ""da'd"", ""daf-"", ""dajy"", ""dd' "", ""dd-o"", ""dexe"", ""df 9"", ""df z"", ""df: "", ""df@b"", ""do!)"", ""dszi"", ""dtul"", ""dusp"", ""duul"", ""dx p"", ""e %@"", ""e qk"", ""e'es"", ""e, 8"", ""e3de"", ""eb q"", ""ec.d"", ""eca!"", ""ed.'"", ""ejax"", ""elk?"", ""en!'"", ""en)t"", ""en.e"", ""esh)"", ""eurp"", ""evdh"", ""ex ="", ""ex)a"", ""eyul"", ""ezup"", ""f 47"", ""f(x)"", ""f.de"", ""f197"", ""f@ba"", ""fa ("", ""fab."", ""fajd"", ""fan?"", ""ff.d"", ""fla)"", ""fleq"", ""fmag"", ""ftcr"", ""ftcu"", ""fucc"", ""fupm"", ""fwah"", ""fy 4"", ""fzal"", ""g' x"", ""g)re"", ""g. 3"", ""gaky"", ""gb #"", ""gd/2"", ""getv"", ""gjyu"", ""glo'"", ""glwi"", ""gmap"", ""gocu"", ""godr"", ""gs/9"", ""gto/"", ""gut'"", ""h 1 "", ""h 5,"", ""h f("", ""h&is"", ""h'e "", ""he %"", ""hhaa"", ""hk a"", ""hkuf"", ""hluw"", ""hseg"", ""huce"", ""hucr"", ""i 99"", ""i cb"", ""i' y"", ""i.in"", ""ibi?"", ""idjo"", ""idsz"", ""ieh!"", ""iez)"", ""ifoh"", ""imsv"", ""ioe,"", ""iozu"", ""iq b"", ""iq g"", ""is)c"", ""iss)"", ""itt)"", ""ivr "", ""ixe;"", ""izje"", ""izuy"", ""j (p"", ""j jh"", ""jahl"", ""jav "", ""jbro"", ""jd f"", ""jdon"", ""jem."", ""jepl"", ""jlaw"", ""jleh"", ""jul/"", ""k.00"", ""k//o"", ""kc n"", ""kg o"", ""kh j"", ""kidj"", ""kk-m"", ""km b"", ""kms/"", ""knja"", ""ksai"", ""ksfr"", ""kshr"", ""kuf "", ""lawj"", ""lce:"", ""lch'"", ""lexz"", ""lg ("", ""lhuc"", ""lih,"", ""ljur"", ""lkuf"", ""llke"", ""llt?"", ""lm/p"", ""lo'r"", ""loaz"", ""loim"", ""lrel"", ""lsr "", ""lthr"", ""lwyb"", ""ly!/"", ""lyop"", ""lzab"", ""lzum"", ""m zg"", ""m' v"", ""m-sm"", ""m4 -"", ""mchy"", ""mdok"", ""meg!"", ""mf c"", ""mg d"", ""mi ."", ""mlef"", ""mnei"", ""mob-"", ""mol!"", ""mpuy"", ""msro"", ""my':"", ""mz 3"", ""mz/d"", ""n c+"", ""n)ot"", ""n)si"", ""n)te"", ""n- f"", ""n- i"", ""n-ug"", ""n.es"", ""n1))"", ""n?':"", ""na66"", ""nacb"", ""nb y"", ""ncsn"", ""ncsu"", ""nd7i"", ""ndh'"", ""ndu!"", ""ng.:"", ""ngcl"", ""nglw"", ""nguv"", ""nig-"", ""nje."", ""no'l"", ""noh!"", ""npc "", ""ny!?"", ""nycs"", ""nydr"", ""nz y"", ""o zs"", ""o'r "", ""o, 8"", ""o/hy"", ""o@k "", ""ob-d"", ""oeoe"", ""oesq"", ""oimm"", ""ols)"", ""ooy "", ""os-6"", ""ou',"", ""ove7"", ""owk@"", ""p oa"", ""p wu"", ""p' o"", ""p-63"", ""p.z."", ""pc 5"", ""pexy"", ""pft:"", ""phak"", ""phex"", ""pne:"", ""ps),"", ""pt20"", ""puav"", ""pxt "", ""qes "", ""qidd"", ""qiva"", ""qki "", ""qoph"", ""r i/"", ""rbuz"", ""rca?"", ""rch&"", ""reoj"", ""rgoz"", ""rhiv"", ""rldr"", ""rm-p"", ""rnsu"", ""ro!/"", ""ro30"", ""rpsc"", ""rqiv"", ""rrh,"", ""rruh"", ""rruk"", ""rsy-"", ""rsyl"", ""rzuq"", ""s' @"", ""s'ee"", ""s) u"", ""s)co"", ""s)lo"", ""s-69"", ""s/99"", ""s:vs"", ""saxs"", ""sci:"", ""sh'm"", ""sl r"", ""soeo"", ""sof1"", ""sp/m"", ""sr c"", ""st?!"", ""sve!"", ""sy-v"", ""syr-"", ""t 1!"", ""t 6e"", ""t e!"", ""t!?!"", ""t)te"", ""t-a)"", ""t/wu"", ""t203"", ""t2re"", ""talz"", ""te3d"", ""tfaj"", ""thng"", ""tl y"", ""tokf"", ""totc"", ""tulz"", ""tvxq"", ""tyik"", ""u 'z"", ""u ct"", ""u', "", ""uayp"", ""udtu"", ""udyc"", ""ufi:"", ""ugs)"", ""uha,"", ""ui.i"", ""uieh"", ""ujap"", ""ulod"", ""un)s"", ""upo,"", ""uqan"", ""uqes"", ""uskh"", ""usu'"", ""usy)"", ""uwo "", ""uztu"", ""v.) "", ""v/ni"", ""v] s"", ""vdhe"", ""vgay"", ""vr a"", ""vtag"", ""vvu,"", ""w-tr"", ""wowt"", ""wpc "", ""wpxt"", ""wra."", ""ws'e"", ""wsaz"", ""wt c"", ""x)ab"", ""x25x"", ""x2=5"", ""xail"", ""xao,"", ""xe; "", ""xeps"", ""xerp"", ""xhuv"", ""xm u"", ""xmix"", ""xo ("", ""xsi "", ""xy. "", ""xz j"", ""y 5i"", ""y'di"", ""yaee"", ""ycsa"", ""yioi"", ""ylha"", ""yma,"", ""yn ("", ""yn- "", ""ynoj"", ""yogs"", ""ypau"", ""yr-d"", ""yri,"", ""yue-"", ""yutm"", ""yyaf"", ""yys'"", ""z, y"", ""zabh"", ""zayy"", ""zdf@"", ""zeaz"", ""zefo"", ""zi-y"", ""ziry"", ""zrda"", ""zti "", ""ztua"", ""zulp"", ""zuog"", ""zupr"", ""zut!"", ""zvok"", ""zy!:"", ""zyk:"", ""zze!""]",992,1,155,0.0064516129032258064
5,block_infix_fingerprint_v005.json,256,local_split_entropy_equivalence_classes,154,4,0.0,0.05,title,title,152, '02,"["" '02""]",1,6,155,0.03870967741935484
5,block_infix_fingerprint_v005.json,256,local_split_entropy_equivalence_classes,154,4,0.0,0.05,title,title,153, 'a#,"["" 'a#"", "" 'jf"", "" (')"", "" (ns"", "" +55"", "" -7o"", "" 035"", "" 24i"", "" 3:3"", "" 52-"", "" 6 x"", "" 6.2"", "" 63%"", "" 63-"", "" 9.s"", "" : a"", "" [aa"", "" ayv"", "" bby"", "" brv"", "" dcm"", "" e5:"", "" efb"", "" h&c"", "" itj"", "" k36"", "" my?"", "" nhu"", "" s -"", "" t.f"", "" uig"", "" ukn"", "" v-1"", "" vby"", "" vmf"", "" w.w"", ""$hi "", ""$hin"", ""% tr"", ""%kbl"", ""' 16"", ""' j-"", ""')/o"", ""'800"", ""'a#1"", ""'ah "", ""'d. "", ""'fuk"", ""'jfk"", ""'lab"", ""'mix"", ""'yee"", ""(')/"", ""(agu"", ""(gos"", ""(nik"", ""(nsf"", ""(pus"", ""(uso"", "") #4"", "") [h"", "")/ov"", ""*008"", ""*anc"", ""*i*y"", ""*tri"", ""+com"", "", gj"", "", i-"", "", tq"", ""- 57"", ""- fx"", ""- j."", ""- tj"", ""-451"", ""-b b"", ""-c: "", ""-cev"", ""-ciu"", ""-eh "", ""-gaj"", ""-gav"", ""-iep"", ""-irl"", ""-kvi"", ""-l'h"", ""-oud"", ""-rej"", ""-rge"", ""-zy,"", "".'s,"", "".bip"", "".flo"", "".j.w"", "".m l"", "".o e"", "".rol"", "".s b"", "".z.y"", ""/cun"", ""/pov"", ""/w r"", ""01mm"", ""0s 2"", ""1 bb"", ""101m"", ""1mmx"", ""2' s"", ""276,"", ""2:28"", ""2a e"", ""2b g"", ""3% t"", ""34pm"", ""360a"", ""37 e"", ""403."", ""49-7"", ""4pm."", ""52-y"", ""58 d"", ""5: q"", ""6-po"", ""63% "", ""63-2"", ""662:"", ""7 ex"", ""75 j"", ""7o f"", ""8 32"", ""8 34"", ""8 36"", ""8 41"", ""9 f'"", ""9-77"", ""9.s "", ""905,"", "": (h"", "":34p"", "":sna"", ""; bo"", ""; ko"", ""; yo"", ""? 1 "", ""?coa"", ""[aaj"", ""_eti"", ""a jj"", ""a mw"", ""a#1 "", ""a$hi"", ""a_et"", ""ab-o"", ""acpl"", ""acsn"", ""aem?"", ""aety"", ""aewi"", ""ah-g"", ""an?c"", ""atld"", ""auik"", ""awbs"", ""awd "", ""awqa"", ""azjo"", ""b-b "", ""b/si"", ""b: y"", ""babj"", ""bacp"", ""baiq"", ""bajz"", ""bawb"", ""baz?"", ""bazd"", ""bazj"", ""bbik"", ""bcuz"", ""bdzh"", ""bejl"", ""bemv"", ""bgfa"", ""bh: "", ""bhah"", ""bi.b"", ""bid,"", ""biit"", ""bijh"", ""bikv"", ""birz"", ""bizg"", ""bjur"", ""bkbk"", ""bljz"", ""blyb"", ""bogh"", ""bomg"", ""bovr"", ""brvn"", ""bs-b"", ""bukc"", ""bumf"", ""bur:"", ""burv"", ""buzl"", ""bv-0"", ""bw o"", ""bxtv"", ""bygi"", ""bylt"", ""c+ j"", ""c-l-"", ""c64 "", ""caac"", ""camg"", ""catp"", ""cauf"", ""cavk"", ""cbc'"", ""cc: "", ""cfq:"", ""cgi-"", ""ch'h"", ""ck[s"", ""clej"", ""clox"", ""cm10"", ""cn k"", ""coii"", ""con*"", ""cor'"", ""cpnh"", ""cry-"", ""csao"", ""cty:"", ""cuoy"", ""cusw"", ""cver"", ""cw ("", ""cwcw"", ""cwe:"", ""cyxo"", ""d' k"", ""d'gi"", ""d(ed"", ""d) a"", ""d*i*"", ""d-c:"", ""d-l'"", ""d-o "", ""dacn"", ""dadh"", ""dbib"", ""ddua"", ""de +"", ""dhoi"", ""dhti"", ""djiw"", ""dohw"", ""dosq"", ""dosv"", ""doxu"", ""dx 6"", ""dx 8"", ""dx 9"", ""dyog"", ""e 0:"", ""e e5"", ""e vb"", ""e-rg"", ""e-zy"", ""e.so"", ""e5: "", ""ecfo"", ""egrl"", ""eh?!"", ""ejiu"", ""eko]"", ""el ."", ""el(s"", ""ele;"", ""em!'"", ""ena)"", ""enoq"", ""eo 0"", ""et(s"", ""et3d"", ""eu's"", ""ew) "", ""eyye"", ""f 8t"", ""f! b"", ""f-45"", ""f840"", ""faqa"", ""ffo!"", ""ffsn"", ""fhos"", ""fim!"", ""fk':"", ""fo! "", ""fq: "", ""fshn"", ""fsno"", ""ftiq"", ""g 6-"", ""g xe"", ""g'an"", ""gco:"", ""gja-"", ""gn 5"", ""gnyb"", ""gpih"", ""gur."", ""gvaj"", ""h 69"", ""h 87"", ""h h&"", ""h vn"", ""h-ly"", ""h.1 "", ""h?!?"", ""hasq"", ""hbiy"", ""hbub"", ""he-v"", ""hetq"", ""hgn "", ""hh 4"", ""hki?"", ""hloy"", ""hof:"", ""hogn"", ""hok-"", ""hsoa"", ""hupj"", ""i qo"", ""i.bi"", ""i:sn"", ""i; y"", ""icsl"", ""iel("", ""igym"", ""ik 4"", ""ik-2"", ""imfu"", ""injy"", ""ir!!"", ""irzh"", ""isxo"", ""it-6"", ""itcr"", ""iuen"", ""iunu"", ""iv*a"", ""iz ("", ""j'la"", ""jah-"", ""jebr"", ""jiak"", ""jok-"", ""jsk "", ""jweu"", ""jyds"", ""jz 3"", ""k eh"", ""k ms"", ""k-22"", ""k-cr"", ""k-dr"", ""k? a"", ""k[s]"", ""kae'"", ""kbkb"", ""ke'a"", ""kepk"", ""kgez"", ""khih"", ""khug"", ""kkfa"", ""kkye"", ""ksky"", ""kuh:"", ""kuln"", ""kyah"", ""l-72"", ""l-kv"", ""lagm"", ""lceb"", ""ldo."", ""li? "", ""ligy"", ""lit."", ""ljz "", ""lla;"", ""lsaj"", ""lt+c"", ""luys"", ""lxxv"", ""lz b"", ""m 'c"", ""m v:"", ""m-b-"", ""m-ea"", ""m-gy"", ""m-tw"", ""mbh:"", ""mbu!"", ""mcaa"", ""mduc"", ""met("", ""mf-4"", ""mfys"", ""mihu"", ""mjwe"", ""mkeg"", ""mlum"", ""mlxx"", ""mskh"", ""mtav"", ""mtul"", ""mvin"", ""mxi "", ""n 2b"", ""n k3"", ""n sd"", ""n*tr"", ""n?co"", ""naub"", ""nct'"", ""nd(e"", ""ndyj"", ""ne'y"", ""nevu"", ""neyy"", ""nf r"", ""ng'a"", ""ng'r"", ""nhgn"", ""njij"", ""nktv"", ""nmui"", ""nov/"", ""nsz "", ""nx-b"", ""nz-e"", ""o f8"", ""o%kb"", ""o'al"", ""o'ku"", ""o-er"", ""o-s-"", ""o-zy"", ""oadz"", ""oc 3"", ""oc?'"", ""ock["", ""ocoi"", ""odx3"", ""oem-"", ""ofud"", ""oghz"", ""oisx"", ""oitp"", ""ojhe"", ""ol-7"", ""omjw"", ""oms)"", ""on*t"", ""onx-"", ""oodx"", ""ool;"", ""oos)"", ""oot)"", ""ooyi"", ""opuc"", ""os- "", ""osvl"", ""ot ["", ""otnu"", ""oul;"", ""ov/c"", ""ovsi"", ""ovu?"", ""owd?"", ""owwe"", ""oxt!"", ""oxti"", ""oxus"", ""oyi-"", ""p 2'"", ""p 99"", ""p' ("", ""p.o "", ""pas'"", ""pecf"", ""piuc"", ""pm.."", ""pnhg"", ""pspe"", ""ptch"", ""pyop"", ""q mu"", ""qabu"", ""qayi"", ""qiue"", ""qoro"", ""r ct"", ""r' '"", ""r' z"", ""r'i "", ""r-r3"", ""r.1 "", ""raeh"", ""raqt"", ""raw3"", ""rbi3"", ""re.s"", ""ree*"", ""rgby"", ""rgda"", ""riv*"", ""riys"", ""rk'e"", ""rli!"", ""rnzy"", ""rpi,"", ""rs.r"", ""rst*"", ""rtgl"", ""rvao"", ""rwau"", ""rzo,"", ""s (5"", ""s- n"", ""s.fl"", ""s.ro"", ""se.)"", ""se.5"", ""sem:"", ""set3"", ""sfeg"", ""sfw)"", ""shso"", ""shtg"", ""si:s"", ""skhm"", ""sol)"", ""sov:"", ""spyo"", ""ss.f"", ""st*0"", ""st.n"", ""su-z"", ""sxod"", ""syd-"", ""t! 8"", ""t*00"", ""t-66"", ""t./s"", ""tcer"", ""tcru"", ""tf 2"", ""tf 3"", ""tia)"", ""tiv,"", ""tj d"", ""tjeb"", ""tl ("", ""tldy"", ""tnec"", ""tno,"", ""tnun"", ""tpae"", ""tt-z"", ""ttr "", ""tvo-"", ""two1"", ""tybe"", ""tzzu"", ""u d."", ""u-zo"", ""ud'l"", ""uei:"", ""ueln"", ""ueo,"", ""ueo:"", ""ufzi"", ""uglo"", ""uil."", ""ul; "", ""uluc"", ""und("", ""unz-"", ""upja"", ""urnz"", ""urvj"", ""ute;"", ""uwe."", ""v uc"", ""v*an"", ""v-01"", ""v: y"", ""var)"", ""vbyv"", ""vetj"", ""vey;"", ""vjav"", ""vmf-"", ""vno!"", ""vo-j"", ""voyl"", ""vsin"", ""vsum"", ""vu 4"", ""vudy"", ""w aa"", ""w) ["", ""w-mi"", ""wakg"", ""wat,"", ""wcai"", ""we-d"", ""wim-"", ""wks'"", ""wmot"", ""wo16"", ""wqat"", ""wwee"", ""x 6t"", ""x 8t"", ""x 9t"", ""xork"", ""xpie"", ""xtav"", ""y o,"", ""y-eh"", ""yc e"", ""ydsk"", ""yed;"", ""yeer"", ""yho'"", ""yi-e"", ""yksd"", ""ylta"", ""yogr"", ""yoob"", ""yopt"", ""yurb"", ""yyoo"", ""z ss"", ""z! q"", ""z!: "", ""z-ey"", ""z-ki"", ""z. g"", ""z.m "", ""z.y."", ""zedr"", ""zi-e"", ""zjoo"", ""zt 3"", ""zuyl"", ""zw a"", ""zw r"", ""zyad"", ""zz!:"", ""zzeg""]",669,1,155,0.0064516129032258064
